"Data";"Hora (UTC)";"Temp. Ins. (C)";"Temp. Max. (C)";"Temp. Min. (C)";"Umi. Ins. (%)";"Umi. Max. (%)";"Umi. Min. (%)";"Pto Orvalho Ins. (C)";"Pto Orvalho Max. (C)";"Pto Orvalho Min. (C)";"Pressao Ins. (hPa)";"Pressao Max. (hPa)";"Pressao Min. (hPa)";"Vel. Vento (m/s)";"Dir. Vento (m/s)";"Raj. Vento (m/s)";"Radiacao (KJ/m²)";"Chuva (mm)"
"20/10/2025";"0000";"17,9";"18,0";"17,8";"87,0";"90,0";"87,0";"15,7";"16,1";"15,7";"1017,8";"1017,8";"1017,5";"3,3";"213,0";"9,2";"";"0,0"
"20/10/2025";"0100";"17,8";"18,3";"17,8";"85,0";"87,0";"83,0";"15,2";"15,7";"15,2";"1018,1";"1018,2";"1017,8";"5,0";"217,0";"10,8";"";"0,0"
"20/10/2025";"0200";"17,5";"17,9";"17,4";"84,0";"85,0";"80,0";"14,7";"15,1";"14,2";"1018,0";"1018,2";"1018,0";"2,7";"228,0";"8,9";"";"0,0"
"20/10/2025";"0300";"17,9";"18,2";"17,5";"81,0";"84,0";"80,0";"14,7";"14,8";"14,6";"1017,8";"1018,0";"1017,8";"4,7";"222,0";"8,8";"";"0,0"
"20/10/2025";"0400";"17,5";"17,9";"17,5";"81,0";"82,0";"80,0";"14,2";"14,7";"14,1";"1017,6";"1017,8";"1017,6";"4,1";"223,0";"8,3";"";"0,0"
"20/10/2025";"0500";"17,9";"18,1";"17,5";"78,0";"81,0";"78,0";"14,1";"14,2";"14,1";"1016,7";"1017,6";"1016,7";"4,9";"210,0";"9,4";"";"0,0"
"20/10/2025";"0600";"17,4";"18,0";"17,4";"81,0";"81,0";"78,0";"14,0";"14,1";"14,0";"1017,0";"1017,0";"1016,6";"5,6";"220,0";"9,6";"";"0,0"
"20/10/2025";"0700";"16,6";"17,4";"16,6";"80,0";"83,0";"80,0";"13,2";"14,1";"13,2";"1017,8";"1017,8";"1017,0";"3,6";"220,0";"9,5";"";"0,0"
"20/10/2025";"0800";"16,5";"16,8";"15,9";"83,0";"83,0";"80,0";"13,6";"13,6";"13,0";"1018,6";"1018,6";"1017,8";"4,1";"225,0";"7,0";"";"0,0"
"20/10/2025";"0900";"17,2";"17,2";"16,3";"82,0";"85,0";"82,0";"14,0";"14,0";"13,6";"1019,1";"1019,2";"1018,6";"4,0";"215,0";"6,9";"145,80";"0,0"
"20/10/2025";"1000";"19,6";"19,7";"17,2";"71,0";"82,0";"71,0";"14,2";"14,7";"14,0";"1020,4";"1020,4";"1019,1";"4,5";"217,0";"8,6";"874,20";"0,0"
"20/10/2025";"1100";"21,3";"21,3";"19,3";"65,0";"73,0";"64,0";"14,5";"15,1";"14,1";"1020,8";"1020,8";"1020,4";"5,0";"210,0";"10,2";"1616,40";"0,0"
"20/10/2025";"1200";"18,2";"22,3";"18,2";"77,0";"77,0";"59,0";"14,2";"14,6";"13,2";"1021,6";"1021,6";"1020,8";"6,7";"205,0";"14,2";"2053,40";"0,0"
"20/10/2025";"1300";"21,4";"22,2";"17,7";"65,0";"85,0";"64,0";"14,7";"16,7";"14,4";"1021,5";"1021,8";"1021,5";"5,0";"196,0";"14,2";"2072,10";"0,0"
"20/10/2025";"1400";"22,3";"23,1";"21,1";"53,0";"65,0";"51,0";"12,4";"15,4";"11,9";"1021,3";"1021,6";"1021,3";"3,1";"196,0";"10,3";"2060,50";"0,0"
"20/10/2025";"1500";"22,3";"23,5";"22,1";"51,0";"57,0";"50,0";"11,8";"13,7";"11,8";"1021,2";"1021,4";"1021,2";"4,0";"192,0";"11,3";"1956,30";"0,0"
"20/10/2025";"1600";"23,4";"23,6";"22,2";"53,0";"56,0";"49,0";"13,3";"13,6";"11,5";"1020,7";"1021,3";"1020,7";"4,1";"195,0";"9,9";"2258,40";"0,0"
"20/10/2025";"1700";"21,7";"24,2";"21,7";"53,0";"56,0";"50,0";"11,7";"14,4";"11,7";"1020,6";"1020,7";"1020,5";"3,9";"185,0";"11,2";"2151,30";"0,0"
"20/10/2025";"1800";"21,2";"21,7";"21,1";"57,0";"62,0";"52,0";"12,4";"13,9";"11,3";"1020,7";"1020,7";"1020,5";"3,5";"185,0";"11,1";"952,80";"0,0"
"20/10/2025";"1900";"20,8";"21,2";"19,5";"58,0";"73,0";"54,0";"12,3";"14,6";"11,6";"1020,9";"1020,9";"1020,7";"3,7";"180,0";"10,8";"857,50";"0,0"
"20/10/2025";"2000";"20,8";"20,8";"20,4";"61,0";"63,0";"58,0";"13,1";"13,2";"12,2";"1021,3";"1021,3";"1020,9";"4,1";"161,0";"9,5";"507,90";"0,0"
"20/10/2025";"2100";"17,1";"20,8";"17,0";"86,0";"86,0";"61,0";"14,8";"14,8";"12,9";"1022,3";"1022,3";"1021,3";"3,6";"223,0";"11,0";"109,30";"0,2"
"20/10/2025";"2200";"17,4";"17,5";"17,1";"85,0";"88,0";"85,0";"14,9";"15,2";"14,8";"1022,7";"1022,7";"1022,3";"4,4";"212,0";"6,9";"";"0,0"
"20/10/2025";"2300";"16,9";"17,4";"16,9";"85,0";"86,0";"85,0";"14,4";"14,9";"14,4";"1023,3";"1023,3";"1022,7";"4,2";"216,0";"7,5";"";"0,0"
"21/10/2025";"0000";"16,6";"17,0";"16,6";"83,0";"86,0";"83,0";"13,7";"14,4";"13,7";"1024,0";"1024,0";"1023,3";"4,2";"215,0";"7,0";"";"0,0"
"21/10/2025";"0100";"15,9";"16,7";"15,9";"84,0";"84,0";"82,0";"13,2";"13,7";"13,2";"1024,2";"1024,2";"1023,9";"3,2";"224,0";"6,8";"";"0,0"
"21/10/2025";"0200";"15,4";"15,9";"15,4";"85,0";"85,0";"84,0";"12,9";"13,2";"12,9";"1023,9";"1024,2";"1023,9";"2,4";"226,0";"4,7";"";"0,0"
"21/10/2025";"0300";"17,1";"17,4";"15,4";"77,0";"85,0";"76,0";"13,1";"13,1";"13,0";"1023,6";"1024,0";"1023,6";"3,2";"209,0";"6,9";"";"0,0"
"21/10/2025";"0400";"16,6";"17,3";"16,6";"80,0";"80,0";"77,0";"13,1";"13,2";"13,0";"1022,9";"1023,6";"1022,9";"2,6";"208,0";"5,8";"";"0,0"
"21/10/2025";"0500";"16,5";"16,8";"16,4";"78,0";"80,0";"78,0";"12,7";"13,2";"12,7";"1022,4";"1022,9";"1022,4";"2,5";"219,0";"4,8";"";"0,0"
"21/10/2025";"0600";"16,5";"16,5";"16,0";"77,0";"80,0";"77,0";"12,4";"12,7";"12,4";"1022,0";"1022,4";"1022,0";"3,5";"216,0";"6,0";"";"0,0"
"21/10/2025";"0700";"16,7";"16,9";"16,4";"76,0";"77,0";"75,0";"12,5";"12,5";"12,3";"1022,4";"1022,4";"1022,0";"2,9";"206,0";"6,0";"";"0,0"
"21/10/2025";"0800";"16,5";"17,3";"16,4";"77,0";"77,0";"72,0";"12,4";"12,7";"12,2";"1022,9";"1022,9";"1022,4";"2,4";"228,0";"6,0";"";"0,0"
"21/10/2025";"0900";"16,3";"16,5";"15,5";"77,0";"82,0";"76,0";"12,2";"12,6";"12,0";"1023,9";"1023,9";"1022,9";"3,1";"206,0";"5,9";"108,40";"0,0"
"21/10/2025";"1000";"17,9";"18,2";"16,1";"73,0";"78,0";"72,0";"13,0";"13,8";"12,2";"1024,5";"1024,5";"1023,9";"3,5";"213,0";"7,2";"738,30";"0,0"
"21/10/2025";"1100";"20,8";"21,1";"17,9";"67,0";"74,0";"65,0";"14,4";"15,1";"12,9";"1024,8";"1024,8";"1024,5";"2,3";"204,0";"6,4";"1801,00";"0,0"
"21/10/2025";"1200";"20,8";"21,3";"19,5";"75,0";"76,0";"64,0";"16,2";"16,3";"13,6";"1025,4";"1025,6";"1024,8";"3,4";"195,0";"7,8";"2064,80";"0,0"
"21/10/2025";"1300";"22,4";"22,4";"19,9";"68,0";"76,0";"67,0";"16,2";"16,4";"14,3";"1025,3";"1025,6";"1025,3";"3,8";"204,0";"9,1";"2934,00";"0,0"
"21/10/2025";"1400";"19,1";"22,4";"18,5";"80,0";"83,0";"64,0";"15,6";"15,7";"14,1";"1025,4";"1025,6";"1025,3";"1,7";"166,0";"8,1";"1551,70";"0,0"
"21/10/2025";"1500";"22,3";"22,3";"19,1";"71,0";"81,0";"70,0";"16,8";"17,0";"15,0";"1024,7";"1025,4";"1024,7";"3,8";"205,0";"7,6";"3010,90";"0,0"
"21/10/2025";"1600";"19,6";"22,2";"19,6";"76,0";"78,0";"68,0";"15,2";"16,6";"15,0";"1024,2";"1024,7";"1024,2";"2,5";"134,0";"7,6";"1669,60";"0,0"
"21/10/2025";"1700";"22,2";"22,3";"19,1";"69,0";"81,0";"68,0";"16,1";"17,0";"14,6";"1023,4";"1024,2";"1023,4";"2,7";"193,0";"7,8";"1497,20";"0,0"
"21/10/2025";"1800";"21,0";"23,0";"21,0";"61,0";"71,0";"57,0";"13,3";"16,8";"12,5";"1023,3";"1023,4";"1023,2";"4,2";"138,0";"8,4";"1568,60";"0,0"
"21/10/2025";"1900";"20,7";"21,1";"19,8";"62,0";"70,0";"58,0";"13,2";"14,2";"12,6";"1023,3";"1023,4";"1023,1";"3,2";"140,0";"7,9";"353,90";"0,0"
"21/10/2025";"2000";"20,7";"20,9";"20,1";"57,0";"66,0";"55,0";"12,0";"13,6";"11,5";"1023,5";"1023,5";"1023,3";"2,3";"161,0";"6,8";"121,00";"0,0"
"21/10/2025";"2100";"18,4";"20,7";"18,4";"79,0";"80,0";"57,0";"14,7";"15,5";"11,9";"1024,0";"1024,0";"1023,5";"2,7";"224,0";"5,5";"50,50";"0,0"
"21/10/2025";"2200";"17,9";"18,4";"17,9";"80,0";"80,0";"79,0";"14,4";"14,8";"14,4";"1024,3";"1024,3";"1024,0";"1,8";"213,0";"4,3";"";"0,0"
"21/10/2025";"2300";"17,8";"18,0";"17,7";"79,0";"81,0";"78,0";"14,1";"14,4";"13,9";"1025,0";"1025,0";"1024,3";"1,7";"214,0";"3,4";"";"0,0"
"22/10/2025";"0000";"17,0";"18,0";"17,0";"81,0";"81,0";"78,0";"13,8";"14,3";"13,7";"1025,3";"1025,3";"1024,9";"2,2";"212,0";"3,3";"";"0,0"
"22/10/2025";"0100";"17,6";"17,8";"17,0";"82,0";"82,0";"77,0";"14,4";"14,4";"13,7";"1025,4";"1025,6";"1025,3";"0,7";"144,0";"5,4";"";"0,0"
"22/10/2025";"0200";"16,8";"17,6";"16,7";"88,0";"89,0";"82,0";"14,8";"14,9";"14,4";"1024,8";"1025,4";"1024,8";"1,0";"281,0";"2,2";"";"0,0"
"22/10/2025";"0300";"15,8";"16,8";"15,8";"89,0";"90,0";"88,0";"14,0";"14,8";"14,0";"1024,4";"1024,8";"1024,4";"2,5";"220,0";"3,8";"";"0,0"
"22/10/2025";"0400";"15,4";"15,9";"15,3";"90,0";"90,0";"88,0";"13,8";"14,0";"13,4";"1023,7";"1024,4";"1023,7";"2,4";"222,0";"4,0";"";"0,0"
"22/10/2025";"0500";"16,0";"16,0";"15,2";"88,0";"91,0";"88,0";"14,0";"14,1";"13,5";"1023,3";"1023,7";"1023,3";"2,7";"223,0";"4,3";"";"0,0"
"22/10/2025";"0600";"16,1";"16,1";"15,9";"88,0";"89,0";"88,0";"14,2";"14,2";"13,9";"1023,0";"1023,3";"1023,0";"0,9";"197,0";"4,3";"";"0,0"
"22/10/2025";"0700";"16,3";"16,3";"16,0";"88,0";"89,0";"87,0";"14,2";"14,4";"14,1";"1023,1";"1023,1";"1023,0";"2,8";"206,0";"5,1";"";"0,0"
"22/10/2025";"0800";"15,3";"16,3";"15,1";"91,0";"91,0";"87,0";"13,9";"14,2";"13,5";"1023,6";"1023,6";"1023,1";"0,7";"204,0";"5,1";"";"0,0"
"22/10/2025";"0900";"16,6";"16,6";"15,0";"91,0";"92,0";"91,0";"15,2";"15,2";"13,5";"1024,3";"1024,3";"1023,6";"0,8";"203,0";"2,5";"104,70";"0,0"
"22/10/2025";"1000";"17,8";"18,4";"16,6";"81,0";"91,0";"81,0";"14,6";"16,2";"14,4";"1025,0";"1025,0";"1024,3";"1,8";"193,0";"3,8";"518,20";"0,0"
"22/10/2025";"1100";"20,0";"20,0";"17,8";"73,0";"83,0";"72,0";"15,0";"15,5";"14,4";"1025,6";"1025,6";"1025,0";"3,5";"206,0";"7,0";"1363,30";"0,0"
"22/10/2025";"1200";"21,3";"21,7";"19,8";"66,0";"73,0";"66,0";"14,7";"15,5";"14,4";"1025,8";"1025,9";"1025,6";"3,1";"213,0";"7,7";"1705,60";"0,0"
"22/10/2025";"1300";"21,1";"22,7";"21,1";"61,0";"66,0";"60,0";"13,4";"15,6";"13,2";"1025,8";"1025,8";"1025,7";"2,4";"160,0";"5,8";"1525,00";"0,0"
"22/10/2025";"1400";"20,3";"21,1";"18,9";"84,0";"85,0";"62,0";"17,5";"17,5";"13,6";"1025,5";"1025,9";"1025,5";"2,4";"5,0";"6,7";"1034,90";"0,6"
"22/10/2025";"1500";"20,3";"23,8";"20,3";"73,0";"84,0";"57,0";"15,3";"17,5";"14,1";"1024,8";"1025,5";"1024,8";"2,0";"57,0";"4,5";"2547,20";"0,0"
"22/10/2025";"1600";"22,2";"22,2";"20,3";"67,0";"78,0";"66,0";"15,8";"17,4";"14,9";"1024,2";"1024,8";"1024,2";"0,8";"69,0";"4,6";"720,20";"0,2"
"22/10/2025";"1700";"23,2";"24,2";"22,2";"51,0";"67,0";"42,0";"12,4";"15,4";"10,5";"1023,6";"1024,2";"1023,6";"4,2";"123,0";"9,0";"1980,50";"0,0"
"22/10/2025";"1800";"22,8";"23,2";"22,6";"51,0";"54,0";"47,0";"12,0";"13,0";"11,3";"1023,4";"1023,6";"1023,4";"3,7";"130,0";"8,5";"919,80";"0,0"
"22/10/2025";"1900";"22,0";"23,8";"22,0";"58,0";"59,0";"50,0";"13,4";"13,9";"11,9";"1023,4";"1023,4";"1023,3";"4,5";"122,0";"8,0";"1322,10";"0,0"
"22/10/2025";"2000";"21,5";"22,5";"21,5";"63,0";"63,0";"57,0";"14,1";"14,2";"13,1";"1023,7";"1023,7";"1023,3";"3,6";"121,0";"7,8";"576,40";"0,0"
"22/10/2025";"2100";"20,6";"21,5";"20,6";"64,0";"64,0";"61,0";"13,6";"14,0";"13,4";"1024,2";"1024,2";"1023,7";"3,2";"124,0";"8,0";"108,10";"0,0"
"22/10/2025";"2200";"19,9";"20,6";"19,9";"70,0";"73,0";"64,0";"14,2";"14,9";"13,6";"1024,6";"1024,6";"1024,2";"3,1";"136,0";"6,7";"";"0,0"
"22/10/2025";"2300";"19,4";"19,9";"19,3";"73,0";"74,0";"69,0";"14,5";"14,5";"14,1";"1025,3";"1025,3";"1024,6";"1,9";"146,0";"6,2";"";"0,0"
"23/10/2025";"0000";"18,1";"19,7";"17,8";"81,0";"84,0";"73,0";"14,9";"15,1";"14,4";"1025,6";"1025,6";"1025,3";"2,8";"139,0";"8,6";"";"0,0"
"23/10/2025";"0100";"17,3";"19,1";"17,3";"86,0";"86,0";"74,0";"15,1";"15,1";"14,3";"1025,9";"1026,0";"1025,6";"3,1";"149,0";"8,3";"";"0,2"
"23/10/2025";"0200";"17,9";"18,0";"17,3";"84,0";"87,0";"83,0";"15,1";"15,3";"14,9";"1025,1";"1025,9";"1025,1";"1,3";"80,0";"6,4";"";"0,4"
"23/10/2025";"0300";"17,4";"18,0";"17,3";"89,0";"89,0";"84,0";"15,5";"15,5";"15,1";"1024,8";"1025,1";"1024,8";"1,2";"285,0";"4,1";"";"0,0"
"23/10/2025";"0400";"17,0";"17,4";"17,0";"92,0";"92,0";"89,0";"15,6";"15,8";"15,5";"1024,1";"1024,8";"1024,1";"1,7";"230,0";"4,4";"";"0,0"
"23/10/2025";"0500";"17,0";"17,0";"16,8";"92,0";"92,0";"92,0";"15,7";"15,7";"15,5";"1023,6";"1024,2";"1023,6";"1,2";"270,0";"4,2";"";"0,0"
"23/10/2025";"0600";"16,7";"17,0";"16,7";"92,0";"92,0";"92,0";"15,4";"15,7";"15,4";"1023,2";"1023,6";"1023,2";"1,7";"251,0";"3,2";"";"0,0"
"23/10/2025";"0700";"16,3";"16,7";"16,3";"93,0";"93,0";"92,0";"15,2";"15,4";"15,1";"1023,2";"1023,2";"1023,1";"1,3";"242,0";"2,9";"";"0,0"
"23/10/2025";"0800";"15,9";"16,3";"15,8";"93,0";"93,0";"93,0";"14,8";"15,1";"14,7";"1023,4";"1023,4";"1023,1";"0,4";"297,0";"2,5";"";"0,0"
"23/10/2025";"0900";"17,0";"17,0";"15,7";"93,0";"94,0";"93,0";"16,0";"16,0";"14,6";"1023,9";"1023,9";"1023,4";"0,8";"223,0";"2,0";"194,40";"0,0"
"23/10/2025";"1000";"19,5";"19,5";"17,0";"79,0";"93,0";"79,0";"15,8";"16,7";"15,8";"1024,2";"1024,2";"1023,9";"2,4";"211,0";"3,7";"992,10";"0,0"
"23/10/2025";"1100";"21,9";"22,1";"19,5";"64,0";"80,0";"62,0";"14,7";"16,3";"14,2";"1024,4";"1024,5";"1024,2";"2,0";"197,0";"4,9";"1873,90";"0,0"
"23/10/2025";"1200";"22,6";"23,4";"21,8";"61,0";"65,0";"60,0";"14,8";"15,7";"13,8";"1024,6";"1024,7";"1024,4";"2,5";"118,0";"5,9";"2568,00";"0,0"
"23/10/2025";"1300";"23,5";"24,4";"22,3";"54,0";"63,0";"51,0";"13,8";"15,7";"12,7";"1024,3";"1024,7";"1024,3";"2,5";"125,0";"5,4";"2191,90";"0,0"
"23/10/2025";"1400";"22,5";"23,7";"22,4";"61,0";"61,0";"49,0";"14,6";"15,1";"12,0";"1024,1";"1024,3";"1024,0";"4,0";"122,0";"7,2";"1949,90";"0,0"
"23/10/2025";"1500";"25,0";"25,6";"22,2";"46,0";"62,0";"45,0";"12,5";"14,7";"12,5";"1023,3";"1024,1";"1023,3";"3,0";"82,0";"7,6";"2923,90";"0,0"
"23/10/2025";"1600";"25,8";"26,0";"24,2";"43,0";"49,0";"42,0";"12,1";"13,7";"11,4";"1022,3";"1023,3";"1022,3";"2,7";"77,0";"6,4";"4121,50";"0,0"
"23/10/2025";"1700";"23,9";"26,2";"23,6";"53,0";"54,0";"42,0";"13,7";"14,6";"12,0";"1021,7";"1022,3";"1021,6";"3,7";"100,0";"9,1";"1768,20";"0,0"
"23/10/2025";"1800";"23,9";"24,8";"23,2";"55,0";"58,0";"53,0";"14,4";"15,2";"13,9";"1021,3";"1021,7";"1021,3";"4,0";"94,0";"9,6";"1555,00";"0,0"
"23/10/2025";"1900";"22,8";"24,3";"22,7";"57,0";"59,0";"53,0";"13,9";"15,2";"13,8";"1021,6";"1021,6";"1021,2";"3,5";"105,0";"9,5";"1474,80";"0,0"
"23/10/2025";"2000";"22,3";"23,0";"22,3";"58,0";"59,0";"56,0";"13,7";"14,3";"13,3";"1022,1";"1022,2";"1021,6";"4,8";"81,0";"8,6";"711,50";"0,0"
"23/10/2025";"2100";"21,4";"22,3";"21,3";"63,0";"63,0";"58,0";"14,1";"14,1";"13,6";"1022,7";"1022,7";"1022,1";"3,4";"94,0";"8,6";"189,30";"0,0"
"23/10/2025";"2200";"20,3";"21,4";"20,3";"68,0";"68,0";"63,0";"14,2";"14,5";"14,1";"1023,1";"1023,1";"1022,7";"1,8";"109,0";"6,4";"";"0,0"
"23/10/2025";"2300";"19,3";"20,3";"19,3";"73,0";"74,0";"68,0";"14,2";"14,5";"14,1";"1023,7";"1023,7";"1023,1";"1,1";"130,0";"3,6";"";"0,0"
"24/10/2025";"0000";"18,9";"19,6";"18,8";"73,0";"74,0";"71,0";"14,0";"14,4";"13,9";"1024,3";"1024,3";"1023,7";"1,2";"141,0";"2,8";"";"0,0"
"24/10/2025";"0100";"19,0";"19,1";"18,8";"73,0";"74,0";"73,0";"14,0";"14,2";"13,9";"1024,4";"1024,5";"1024,3";"1,5";"169,0";"2,0";"";"0,0"
"24/10/2025";"0200";"18,4";"19,0";"18,1";"76,0";"80,0";"73,0";"14,2";"14,7";"14,1";"1024,0";"1024,5";"1023,9";"1,1";"158,0";"2,2";"";"0,0"
"24/10/2025";"0300";"17,5";"18,7";"17,4";"84,0";"85,0";"76,0";"14,8";"15,2";"14,0";"1023,4";"1024,0";"1023,4";"1,2";"195,0";"1,8";"";"0,0"
"24/10/2025";"0400";"16,4";"17,5";"16,3";"87,0";"87,0";"83,0";"14,3";"14,9";"14,0";"1023,0";"1023,5";"1023,0";"1,6";"238,0";"1,9";"";"0,0"
"24/10/2025";"0500";"15,8";"16,4";"15,8";"89,0";"90,0";"87,0";"14,0";"14,5";"14,0";"1022,2";"1023,0";"1022,2";"1,6";"219,0";"2,0";"";"0,0"
"24/10/2025";"0600";"15,7";"15,8";"15,3";"89,0";"91,0";"89,0";"13,9";"14,1";"13,8";"1021,6";"1022,2";"1021,6";"1,4";"210,0";"2,4";"";"0,0"
"24/10/2025";"0700";"15,0";"15,8";"15,0";"90,0";"91,0";"88,0";"13,4";"14,0";"13,4";"1021,7";"1021,7";"1021,6";"1,8";"233,0";"2,6";"";"0,0"
"24/10/2025";"0800";"15,1";"15,2";"14,8";"92,0";"93,0";"90,0";"13,9";"14,0";"13,2";"1022,2";"1022,2";"1021,7";"0,9";"238,0";"2,5";"";"0,0"
"24/10/2025";"0900";"16,5";"16,5";"15,0";"93,0";"94,0";"92,0";"15,3";"15,3";"13,8";"1022,8";"1022,8";"1022,2";"1,4";"228,0";"1,7";"165,30";"0,0"
"24/10/2025";"1000";"20,0";"20,0";"16,5";"82,0";"93,0";"81,0";"16,7";"16,7";"15,4";"1023,3";"1023,3";"1022,8";"1,2";"215,0";"2,1";"795,60";"0,0"
"24/10/2025";"1100";"22,4";"22,8";"20,0";"70,0";"82,0";"68,0";"16,7";"17,1";"15,9";"1023,7";"1023,7";"1023,3";"2,0";"171,0";"4,8";"1818,70";"0,0"
"24/10/2025";"1200";"22,0";"23,5";"22,0";"73,0";"73,0";"65,0";"16,9";"17,3";"15,9";"1023,8";"1023,8";"1023,6";"3,9";"146,0";"6,4";"2155,70";"0,0"
"24/10/2025";"1300";"23,9";"24,2";"20,9";"63,0";"74,0";"63,0";"16,4";"17,7";"15,5";"1023,5";"1023,9";"1023,5";"2,1";"166,0";"7,1";"2907,00";"0,0"
"24/10/2025";"1400";"23,7";"24,5";"23,0";"66,0";"68,0";"60,0";"17,0";"17,4";"15,5";"1022,7";"1023,5";"1022,7";"3,1";"147,0";"6,0";"2601,50";"0,0"
"24/10/2025";"1500";"24,4";"24,8";"23,5";"58,0";"69,0";"57,0";"15,6";"17,9";"15,6";"1021,8";"1022,7";"1021,8";"3,4";"96,0";"7,2";"2456,00";"0,0"
"24/10/2025";"1600";"24,9";"27,1";"24,4";"56,0";"58,0";"47,0";"15,6";"16,2";"13,0";"1021,0";"1021,8";"1021,0";"4,4";"79,0";"8,7";"2555,80";"0,0"
"24/10/2025";"1700";"24,9";"25,7";"24,4";"56,0";"59,0";"53,0";"15,4";"16,3";"14,4";"1020,3";"1021,0";"1020,3";"4,3";"84,0";"9,0";"2421,90";"0,0"
"24/10/2025";"1800";"24,6";"25,2";"24,0";"56,0";"59,0";"55,0";"15,2";"16,0";"15,2";"1019,8";"1020,3";"1019,8";"5,6";"74,0";"9,6";"1960,20";"0,0"
"24/10/2025";"1900";"23,8";"25,2";"23,8";"58,0";"60,0";"55,0";"15,2";"16,0";"15,0";"1019,4";"1019,8";"1019,4";"4,9";"77,0";"9,6";"1900,60";"0,0"
"24/10/2025";"2000";"22,8";"24,2";"22,8";"63,0";"63,0";"58,0";"15,5";"15,7";"15,0";"1019,5";"1019,5";"1019,3";"4,8";"66,0";"8,9";"1105,80";"0,0"
"24/10/2025";"2100";"21,3";"22,8";"21,3";"70,0";"70,0";"63,0";"15,5";"15,8";"15,3";"1019,9";"1020,0";"1019,5";"3,2";"75,0";"8,3";"172,00";"0,0"
"24/10/2025";"2200";"20,1";"21,3";"20,0";"78,0";"78,0";"70,0";"16,0";"16,0";"15,5";"1020,5";"1020,5";"1019,9";"1,6";"80,0";"5,4";"";"0,0"
"24/10/2025";"2300";"20,7";"20,7";"20,1";"75,0";"78,0";"75,0";"16,0";"16,2";"16,0";"1020,8";"1020,9";"1020,5";"2,3";"80,0";"3,9";"";"0,0"
"25/10/2025";"0000";"21,1";"21,3";"20,7";"72,0";"75,0";"71,0";"15,9";"16,1";"15,8";"1020,9";"1020,9";"1020,7";"2,8";"84,0";"6,2";"";"0,0"
"25/10/2025";"0100";"20,4";"21,1";"20,1";"77,0";"78,0";"72,0";"16,3";"16,3";"15,9";"1021,1";"1021,1";"1020,8";"1,1";"72,0";"5,6";"";"0,0"
"25/10/2025";"0200";"20,6";"20,7";"20,4";"77,0";"78,0";"77,0";"16,4";"16,6";"16,2";"1020,6";"1021,1";"1020,6";"0,9";"63,0";"1,8";"";"0,0"
"25/10/2025";"0300";"20,3";"20,6";"20,3";"81,0";"81,0";"77,0";"16,9";"16,9";"16,3";"1020,0";"1020,6";"1020,0";"0,8";"96,0";"1,9";"";"0,0"
"25/10/2025";"0400";"20,6";"20,8";"20,3";"78,0";"81,0";"78,0";"16,6";"17,0";"16,6";"1019,7";"1020,0";"1019,7";"1,2";"61,0";"3,3";"";"0,0"
"25/10/2025";"0500";"20,8";"20,8";"20,2";"77,0";"81,0";"77,0";"16,5";"16,8";"16,5";"1019,1";"1019,8";"1019,1";"1,0";"113,0";"2,4";"";"0,0"
"25/10/2025";"0600";"20,1";"20,9";"20,1";"79,0";"79,0";"75,0";"16,3";"16,5";"16,2";"1018,4";"1019,1";"1018,4";"1,0";"68,0";"2,7";"";"0,0"
"25/10/2025";"0700";"18,6";"20,1";"18,6";"90,0";"90,0";"79,0";"16,9";"17,0";"16,3";"1018,0";"1018,4";"1018,0";"1,3";"258,0";"3,0";"";"0,0"
"25/10/2025";"0800";"18,2";"18,6";"18,1";"91,0";"91,0";"90,0";"16,7";"16,9";"16,6";"1018,0";"1018,0";"1017,8";"1,6";"249,0";"2,0";"";"0,0"
"25/10/2025";"0900";"18,9";"18,9";"18,1";"92,0";"93,0";"91,0";"17,7";"17,7";"16,6";"1018,2";"1018,2";"1017,8";"1,6";"218,0";"2,3";"136,30";"0,0"
"25/10/2025";"1000";"22,1";"22,1";"18,9";"78,0";"92,0";"78,0";"18,1";"18,5";"17,7";"1018,4";"1018,4";"1018,1";"0,6";"233,0";"2,5";"631,30";"0,0"
"25/10/2025";"1100";"23,0";"23,2";"22,1";"74,0";"78,0";"73,0";"18,1";"18,4";"17,7";"1018,7";"1018,7";"1018,4";"1,7";"296,0";"2,9";"1171,00";"0,0"
"25/10/2025";"1200";"22,2";"23,3";"21,0";"87,0";"89,0";"73,0";"20,0";"20,0";"18,0";"1019,4";"1019,4";"1018,7";"0,6";"55,0";"4,3";"839,60";"2,4"
"25/10/2025";"1300";"22,9";"23,3";"21,9";"81,0";"88,0";"79,0";"19,4";"20,3";"19,0";"1019,5";"1019,8";"1019,4";"1,8";"104,0";"4,9";"1356,60";"0,4"
"25/10/2025";"1400";"21,6";"23,7";"21,1";"89,0";"90,0";"78,0";"19,7";"20,3";"18,1";"1019,5";"1019,6";"1019,4";"2,9";"5,0";"9,7";"1036,40";"1,8"
"25/10/2025";"1500";"23,4";"23,4";"21,6";"78,0";"90,0";"78,0";"19,3";"21,2";"19,3";"1018,9";"1019,5";"1018,9";"3,9";"71,0";"7,7";"1586,50";"1,0"
"25/10/2025";"1600";"24,9";"24,9";"23,3";"71,0";"79,0";"71,0";"19,3";"20,2";"18,6";"1018,0";"1018,9";"1018,0";"3,3";"72,0";"7,7";"1988,40";"0,0"
"25/10/2025";"1700";"24,9";"25,5";"24,4";"68,0";"73,0";"68,0";"18,7";"19,9";"18,7";"1017,2";"1018,0";"1017,1";"5,5";"77,0";"9,3";"1494,50";"0,0"
"25/10/2025";"1800";"24,2";"25,8";"24,2";"74,0";"75,0";"66,0";"19,4";"19,5";"18,2";"1016,7";"1017,2";"1016,7";"4,2";"72,0";"9,3";"1021,40";"0,0"
"25/10/2025";"1900";"23,7";"24,6";"23,7";"78,0";"78,0";"72,0";"19,7";"19,9";"19,1";"1016,4";"1016,7";"1016,2";"3,9";"60,0";"8,9";"636,50";"0,0"
"25/10/2025";"2000";"23,1";"23,7";"22,9";"80,0";"84,0";"78,0";"19,5";"20,2";"19,2";"1016,6";"1016,6";"1016,3";"4,2";"61,0";"7,8";"338,10";"0,0"
"25/10/2025";"2100";"22,1";"23,1";"22,1";"78,0";"80,0";"76,0";"18,0";"19,6";"18,0";"1016,4";"1016,8";"1016,4";"3,4";"51,0";"9,9";"126,10";"0,0"
"25/10/2025";"2200";"21,1";"22,1";"21,1";"85,0";"85,0";"78,0";"18,4";"18,5";"18,0";"1016,3";"1016,5";"1016,2";"1,9";"37,0";"6,5";"";"0,0"
"25/10/2025";"2300";"20,0";"21,1";"20,0";"89,0";"89,0";"85,0";"18,2";"18,5";"18,2";"1016,4";"1016,5";"1016,2";"1,0";"30,0";"3,8";"";"0,0"
"26/10/2025";"0000";"20,1";"20,1";"19,7";"92,0";"92,0";"89,0";"18,7";"18,7";"18,1";"1017,2";"1017,2";"1016,4";"0,9";"69,0";"1,5";"";"0,0"
"26/10/2025";"0100";"19,8";"20,1";"19,3";"93,0";"93,0";"92,0";"18,6";"18,7";"18,0";"1017,3";"1017,4";"1017,2";"0,3";"168,0";"1,9";"";"0,0"
"26/10/2025";"0200";"19,0";"20,0";"18,9";"94,0";"94,0";"92,0";"17,9";"18,9";"17,8";"1016,3";"1017,3";"1016,3";"1,1";"287,0";"2,0";"";"0,0"
"26/10/2025";"0300";"18,6";"19,3";"18,6";"94,0";"94,0";"93,0";"17,6";"18,3";"17,6";"1015,6";"1016,3";"1015,6";"0,7";"8,0";"2,0";"";"0,0"
"26/10/2025";"0400";"18,4";"18,7";"17,9";"95,0";"95,0";"94,0";"17,5";"17,8";"16,9";"1014,6";"1015,6";"1014,6";"1,1";"31,0";"3,1";"";"0,0"
"26/10/2025";"0500";"18,4";"18,9";"18,2";"95,0";"95,0";"95,0";"17,6";"18,1";"17,3";"1013,8";"1014,6";"1013,8";"1,1";"332,0";"2,4";"";"0,0"
"26/10/2025";"0600";"18,2";"18,6";"18,2";"95,0";"95,0";"95,0";"17,4";"17,8";"17,4";"1013,2";"1013,8";"1013,2";"2,1";"10,0";"2,8";"";"0,0"
"26/10/2025";"0700";"18,4";"18,6";"18,2";"95,0";"95,0";"95,0";"17,6";"17,8";"17,4";"1013,7";"1013,7";"1013,2";"1,7";"24,0";"2,8";"";"0,2"
"26/10/2025";"0800";"18,3";"18,5";"18,2";"96,0";"96,0";"95,0";"17,5";"17,7";"17,4";"1014,2";"1014,2";"1013,7";"2,2";"6,0";"3,2";"";"0,0"
"26/10/2025";"0900";"19,4";"19,4";"18,1";"95,0";"96,0";"95,0";"18,6";"18,6";"17,4";"1014,5";"1014,5";"1014,2";"2,8";"22,0";"4,3";"185,00";"0,0"
"26/10/2025";"1000";"22,6";"22,6";"19,4";"88,0";"95,0";"88,0";"20,4";"20,6";"18,7";"1015,0";"1015,0";"1014,5";"3,2";"26,0";"5,9";"955,10";"0,0"
"26/10/2025";"1100";"24,5";"24,5";"22,6";"72,0";"88,0";"72,0";"19,1";"20,4";"19,0";"1015,1";"1015,2";"1014,9";"4,6";"27,0";"7,5";"1852,60";"0,0"
"26/10/2025";"1200";"26,4";"26,5";"24,5";"63,0";"73,0";"61,0";"18,8";"19,9";"18,1";"1015,0";"1015,3";"1015,0";"4,2";"37,0";"7,6";"2664,00";"0,0"
"26/10/2025";"1300";"27,8";"28,2";"26,2";"57,0";"64,0";"55,0";"18,5";"19,4";"17,4";"1014,2";"1015,0";"1014,2";"4,0";"35,0";"7,4";"3259,00";"0,0"
"26/10/2025";"1400";"28,6";"29,1";"27,5";"53,0";"58,0";"50,0";"18,2";"19,3";"17,2";"1013,1";"1014,2";"1013,1";"4,4";"52,0";"8,0";"3637,30";"0,0"
"26/10/2025";"1500";"28,3";"29,2";"28,2";"56,0";"58,0";"52,0";"18,6";"19,4";"18,1";"1012,0";"1013,0";"1012,0";"5,5";"66,0";"9,9";"3774,80";"0,0"
"26/10/2025";"1600";"28,3";"28,6";"27,7";"56,0";"58,0";"55,0";"18,7";"19,4";"18,0";"1011,3";"1012,0";"1011,3";"6,2";"58,0";"10,9";"3695,00";"0,0"
"26/10/2025";"1700";"28,4";"28,8";"27,7";"55,0";"58,0";"54,0";"18,4";"19,2";"17,8";"1010,4";"1011,3";"1010,4";"5,8";"57,0";"11,1";"3380,40";"0,0"
"26/10/2025";"1800";"28,2";"28,9";"27,9";"56,0";"57,0";"53,0";"18,6";"18,9";"17,5";"1010,0";"1010,4";"1010,0";"5,6";"59,0";"11,2";"2765,30";"0,0"
"26/10/2025";"1900";"27,2";"28,2";"27,0";"62,0";"63,0";"54,0";"19,2";"19,6";"17,8";"1009,8";"1010,0";"1009,7";"5,7";"55,0";"11,0";"1938,20";"0,0"
"26/10/2025";"2000";"24,9";"27,2";"24,9";"73,0";"73,0";"62,0";"19,8";"19,8";"19,0";"1010,3";"1010,3";"1009,8";"7,1";"53,0";"14,6";"1044,50";"0,0"
"26/10/2025";"2100";"23,6";"24,9";"23,6";"79,0";"79,0";"73,0";"19,7";"20,0";"19,6";"1011,2";"1011,2";"1010,3";"5,5";"56,0";"14,6";"217,50";"0,0"
"26/10/2025";"2200";"23,1";"23,6";"23,1";"82,0";"82,0";"79,0";"19,9";"20,0";"19,7";"1011,4";"1011,5";"1011,2";"4,6";"50,0";"9,4";"";"0,0"
"26/10/2025";"2300";"23,1";"23,2";"23,0";"82,0";"83,0";"81,0";"19,9";"20,0";"19,7";"1011,8";"1011,8";"1011,4";"3,8";"49,0";"8,5";"";"0,0"
"27/10/2025";"0000";"22,6";"23,1";"22,6";"86,0";"86,0";"82,0";"20,1";"20,2";"19,9";"1012,4";"1012,4";"1011,8";"2,9";"48,0";"7,8";"";"0,0"
"27/10/2025";"0100";"22,2";"22,7";"22,1";"89,0";"89,0";"86,0";"20,2";"20,2";"19,9";"1012,6";"1012,7";"1012,4";"3,0";"52,0";"5,5";"";"0,0"
"27/10/2025";"0200";"22,1";"22,3";"21,9";"89,0";"90,0";"89,0";"20,3";"20,4";"20,0";"1012,6";"1012,7";"1012,5";"2,9";"34,0";"5,1";"";"0,0"
"27/10/2025";"0300";"21,9";"22,2";"21,9";"90,0";"90,0";"89,0";"20,1";"20,4";"20,1";"1012,3";"1012,6";"1012,3";"2,1";"47,0";"5,1";"";"0,0"
"27/10/2025";"0400";"21,5";"22,0";"21,4";"91,0";"91,0";"90,0";"20,0";"20,3";"19,9";"1012,0";"1012,3";"1012,0";"2,0";"47,0";"4,9";"";"0,0"
"27/10/2025";"0500";"20,8";"21,5";"20,8";"92,0";"92,0";"91,0";"19,4";"20,0";"19,4";"1011,8";"1012,0";"1011,7";"1,9";"46,0";"3,1";"";"0,0"
"27/10/2025";"0600";"20,5";"21,0";"20,5";"92,0";"92,0";"92,0";"19,2";"19,7";"19,2";"1011,7";"1011,9";"1011,6";"2,5";"38,0";"4,9";"";"0,0"
"27/10/2025";"0700";"20,4";"20,8";"20,4";"92,0";"93,0";"92,0";"19,1";"19,4";"19,1";"1012,2";"1012,2";"1011,7";"2,7";"31,0";"5,1";"";"0,0"
"27/10/2025";"0800";"20,5";"20,5";"20,3";"91,0";"92,0";"91,0";"19,0";"19,2";"18,9";"1012,5";"1012,5";"1012,2";"2,8";"25,0";"4,9";"";"0,0"
"27/10/2025";"0900";"21,6";"21,6";"20,4";"86,0";"91,0";"86,0";"19,2";"19,2";"18,8";"1013,2";"1013,2";"1012,5";"2,9";"16,0";"5,0";"175,70";"0,0"
"27/10/2025";"1000";"24,0";"24,1";"21,6";"75,0";"86,0";"75,0";"19,3";"19,7";"19,2";"1013,7";"1013,7";"1013,2";"4,5";"33,0";"6,9";"931,60";"0,0"
"27/10/2025";"1100";"26,5";"26,6";"24,0";"65,0";"76,0";"65,0";"19,3";"20,1";"19,2";"1014,2";"1014,3";"1013,7";"3,9";"27,0";"6,7";"1832,60";"0,0"
"27/10/2025";"1200";"29,0";"29,0";"26,5";"56,0";"65,0";"56,0";"19,4";"20,0";"18,9";"1014,1";"1014,3";"1014,1";"4,3";"22,0";"7,2";"2644,50";"0,0"
"27/10/2025";"1300";"30,6";"30,7";"29,1";"49,0";"56,0";"49,0";"18,7";"19,3";"18,1";"1013,8";"1014,1";"1013,7";"4,1";"15,0";"8,6";"3280,90";"0,0"
"27/10/2025";"1400";"31,7";"31,9";"30,3";"45,0";"50,0";"45,0";"18,3";"19,3";"17,8";"1013,2";"1013,8";"1013,2";"4,4";"22,0";"8,5";"3688,50";"0,0"
"27/10/2025";"1500";"30,8";"32,7";"30,3";"51,0";"54,0";"42,0";"19,6";"20,4";"17,5";"1012,6";"1013,2";"1012,6";"6,1";"68,0";"10,6";"3835,10";"0,0"
"27/10/2025";"1600";"29,7";"31,4";"29,7";"53,0";"55,0";"51,0";"19,2";"20,5";"19,0";"1011,9";"1012,6";"1011,8";"6,7";"65,0";"11,9";"3721,20";"0,0"
"27/10/2025";"1700";"29,8";"30,6";"29,5";"56,0";"57,0";"51,0";"20,0";"20,5";"19,0";"1011,5";"1011,9";"1011,5";"5,7";"56,0";"12,9";"3339,10";"0,0"
"27/10/2025";"1800";"28,6";"30,2";"28,6";"59,0";"60,0";"54,0";"19,8";"20,6";"19,3";"1011,2";"1011,5";"1011,1";"6,4";"53,0";"12,8";"2730,10";"0,0"
"27/10/2025";"1900";"27,3";"28,9";"27,3";"63,0";"63,0";"59,0";"19,7";"20,7";"19,6";"1010,9";"1011,2";"1010,8";"7,2";"60,0";"13,5";"1902,50";"0,0"
"27/10/2025";"2000";"25,7";"27,3";"25,7";"71,0";"71,0";"63,0";"20,0";"20,2";"19,7";"1011,5";"1011,5";"1010,8";"6,2";"53,0";"13,5";"897,00";"0,0"
"27/10/2025";"2100";"24,6";"25,7";"24,5";"74,0";"74,0";"71,0";"19,7";"20,1";"19,7";"1012,0";"1012,0";"1011,5";"5,6";"55,0";"11,5";"165,10";"0,0"
"27/10/2025";"2200";"24,0";"24,6";"24,0";"76,0";"76,0";"74,0";"19,6";"19,7";"19,5";"1012,6";"1012,6";"1012,0";"5,2";"53,0";"10,7";"";"0,0"
"27/10/2025";"2300";"23,5";"24,1";"23,5";"79,0";"79,0";"76,0";"19,7";"19,8";"19,6";"1013,7";"1013,7";"1012,6";"2,9";"45,0";"9,8";"";"0,0"
"28/10/2025";"0000";"23,5";"23,7";"23,4";"83,0";"83,0";"79,0";"20,5";"20,5";"19,7";"1015,5";"1015,5";"1013,7";"0,8";"179,0";"7,0";"";"0,0"
"28/10/2025";"0100";"24,2";"24,3";"23,5";"80,0";"83,0";"79,0";"20,5";"20,6";"20,4";"1015,9";"1015,9";"1015,5";"2,2";"151,0";"4,2";"";"0,0"
"28/10/2025";"0200";"22,4";"24,2";"22,4";"87,0";"87,0";"80,0";"20,1";"20,5";"19,9";"1015,9";"1016,1";"1015,9";"3,1";"196,0";"7,4";"";"0,0"
"28/10/2025";"0300";"22,0";"22,5";"22,0";"89,0";"89,0";"86,0";"20,1";"20,1";"19,9";"1015,7";"1015,9";"1015,6";"3,7";"205,0";"8,4";"";"0,0"
"28/10/2025";"0400";"21,2";"22,0";"21,2";"93,0";"93,0";"89,0";"19,9";"20,1";"19,9";"1015,4";"1015,7";"1015,4";"4,0";"210,0";"8,6";"";"0,0"
"28/10/2025";"0500";"21,1";"21,3";"21,1";"93,0";"93,0";"93,0";"19,9";"20,1";"19,9";"1015,0";"1015,4";"1014,9";"4,0";"214,0";"8,6";"";"0,0"
"28/10/2025";"0600";"20,8";"21,1";"20,8";"93,0";"93,0";"93,0";"19,6";"19,9";"19,6";"1014,7";"1015,0";"1014,6";"3,1";"188,0";"8,3";"";"0,0"
"28/10/2025";"0700";"20,8";"20,8";"20,8";"93,0";"93,0";"93,0";"19,6";"19,6";"19,6";"1014,9";"1015,0";"1014,6";"3,5";"218,0";"7,9";"";"0,0"
"28/10/2025";"0800";"20,7";"20,9";"20,7";"93,0";"93,0";"93,0";"19,5";"19,7";"19,5";"1015,1";"1015,1";"1014,9";"2,5";"209,0";"5,9";"";"0,0"
"28/10/2025";"0900";"21,1";"21,1";"20,6";"93,0";"93,0";"93,0";"20,0";"20,0";"19,4";"1015,8";"1015,8";"1015,1";"1,5";"205,0";"4,9";"94,60";"0,0"
"28/10/2025";"1000";"23,3";"23,3";"21,1";"85,0";"93,0";"85,0";"20,5";"20,9";"19,9";"1016,5";"1016,5";"1015,8";"0,9";"214,0";"2,7";"614,90";"0,0"
"28/10/2025";"1100";"25,6";"25,7";"23,2";"72,0";"85,0";"72,0";"20,0";"20,8";"19,6";"1017,0";"1017,1";"1016,5";"2,0";"30,0";"4,4";"1849,10";"0,0"
"28/10/2025";"1200";"27,6";"27,8";"25,4";"64,0";"73,0";"63,0";"20,2";"20,9";"19,5";"1016,6";"1017,1";"1016,6";"3,3";"31,0";"6,1";"2798,50";"0,0"
"28/10/2025";"1300";"29,2";"29,4";"27,1";"56,0";"64,0";"56,0";"19,7";"20,5";"19,1";"1016,0";"1016,6";"1016,0";"4,1";"18,0";"7,1";"3376,50";"0,0"
"28/10/2025";"1400";"30,3";"30,6";"28,7";"52,0";"57,0";"50,0";"19,3";"20,2";"18,3";"1015,4";"1016,0";"1015,4";"3,8";"47,0";"7,7";"3814,10";"0,0"
"28/10/2025";"1500";"29,3";"30,4";"28,6";"54,0";"57,0";"50,0";"19,0";"20,3";"18,0";"1014,6";"1015,4";"1014,6";"4,5";"63,0";"8,3";"3417,00";"0,0"
"28/10/2025";"1600";"29,2";"30,0";"29,0";"57,0";"59,0";"54,0";"19,8";"20,9";"18,9";"1014,0";"1014,6";"1014,0";"4,8";"72,0";"9,5";"3734,40";"0,0"
"28/10/2025";"1700";"28,6";"29,7";"28,4";"60,0";"61,0";"57,0";"20,1";"20,8";"19,5";"1013,4";"1014,0";"1013,4";"6,2";"80,0";"10,9";"3363,40";"0,0"
"28/10/2025";"1800";"26,8";"29,0";"26,8";"66,0";"66,0";"58,0";"19,9";"20,4";"19,2";"1013,4";"1013,4";"1013,3";"6,8";"71,0";"11,8";"1754,10";"0,0"
"28/10/2025";"1900";"25,7";"26,8";"25,7";"72,0";"72,0";"66,0";"20,3";"20,5";"19,8";"1013,7";"1013,7";"1013,4";"7,0";"63,0";"12,8";"1067,60";"0,0"
"28/10/2025";"2000";"25,0";"25,9";"25,0";"76,0";"76,0";"72,0";"20,4";"20,8";"20,2";"1014,3";"1014,3";"1013,7";"6,8";"58,0";"13,9";"645,30";"0,0"
"28/10/2025";"2100";"24,3";"25,0";"24,3";"79,0";"79,0";"75,0";"20,4";"20,5";"20,3";"1014,7";"1014,7";"1014,2";"5,8";"60,0";"13,9";"113,60";"0,0"
"28/10/2025";"2200";"24,0";"24,3";"24,0";"82,0";"83,0";"79,0";"20,8";"20,9";"20,4";"1015,1";"1015,2";"1014,7";"4,9";"59,0";"11,0";"";"0,0"
"28/10/2025";"2300";"24,1";"24,1";"24,0";"83,0";"83,0";"82,0";"20,9";"21,0";"20,8";"1015,6";"1015,6";"1015,0";"5,7";"56,0";"10,8";"";"0,0"
"29/10/2025";"0000";"24,0";"24,1";"24,0";"83,0";"83,0";"82,0";"20,9";"20,9";"20,9";"1015,9";"1015,9";"1015,5";"6,0";"55,0";"12,1";"";"0,0"
"29/10/2025";"0100";"23,9";"24,0";"23,9";"83,0";"84,0";"83,0";"20,9";"21,0";"20,9";"1015,8";"1016,1";"1015,8";"5,5";"55,0";"12,1";"";"0,0"
"29/10/2025";"0200";"23,7";"23,9";"23,7";"84,0";"84,0";"83,0";"20,7";"20,9";"20,7";"1015,1";"1015,8";"1015,1";"5,7";"58,0";"10,4";"";"0,0"
"29/10/2025";"0300";"23,3";"23,7";"23,1";"84,0";"85,0";"84,0";"20,4";"20,7";"20,4";"1014,6";"1015,1";"1014,6";"4,2";"50,0";"10,9";"";"0,0"
"29/10/2025";"0400";"22,6";"23,3";"22,6";"86,0";"86,0";"84,0";"20,1";"20,4";"20,1";"1013,7";"1014,6";"1013,7";"2,8";"47,0";"8,2";"";"0,0"
"29/10/2025";"0500";"22,2";"22,7";"22,2";"87,0";"87,0";"86,0";"20,0";"20,2";"20,0";"1013,1";"1013,7";"1013,1";"2,2";"50,0";"4,9";"";"0,0"
"29/10/2025";"0600";"21,5";"22,2";"21,5";"90,0";"90,0";"87,0";"19,8";"20,0";"19,7";"1013,0";"1013,1";"1012,9";"1,6";"13,0";"4,2";"";"0,0"
"29/10/2025";"0700";"21,2";"21,5";"21,2";"91,0";"91,0";"90,0";"19,7";"20,0";"19,6";"1012,8";"1013,2";"1012,8";"2,1";"41,0";"3,6";"";"0,0"
"29/10/2025";"0800";"21,1";"21,2";"20,9";"92,0";"92,0";"91,0";"19,7";"19,8";"19,5";"1013,2";"1013,2";"1012,8";"2,2";"47,0";"3,9";"";"0,0"
"29/10/2025";"0900";"22,4";"22,4";"21,0";"90,0";"92,0";"90,0";"20,6";"20,6";"19,6";"1013,8";"1013,8";"1013,2";"1,5";"32,0";"3,4";"185,50";"0,0"
"29/10/2025";"1000";"24,6";"24,6";"22,4";"79,0";"90,0";"78,0";"20,7";"20,7";"20,2";"1014,0";"1014,1";"1013,8";"3,8";"37,0";"6,8";"879,40";"0,0"
"29/10/2025";"1100";"26,9";"26,9";"24,6";"66,0";"79,0";"66,0";"20,1";"21,0";"19,7";"1014,0";"1014,1";"1014,0";"4,3";"25,0";"7,6";"1792,10";"0,0"
"29/10/2025";"1200";"28,7";"28,7";"26,8";"57,0";"66,0";"55,0";"19,2";"20,2";"18,7";"1013,6";"1014,0";"1013,6";"4,3";"7,0";"7,6";"2595,90";"0,0"
"29/10/2025";"1300";"30,3";"30,4";"28,5";"51,0";"57,0";"51,0";"19,1";"19,7";"18,3";"1013,1";"1013,6";"1013,1";"4,3";"6,0";"7,9";"3216,90";"0,0"
"29/10/2025";"1400";"31,6";"31,6";"29,9";"47,0";"53,0";"47,0";"19,0";"19,8";"18,5";"1012,3";"1013,1";"1012,2";"3,5";"352,0";"8,1";"3604,50";"0,0"
"29/10/2025";"1500";"32,9";"32,9";"31,1";"44,0";"49,0";"42,0";"19,2";"19,5";"17,5";"1011,2";"1012,3";"1011,2";"3,8";"20,0";"7,8";"3784,90";"0,0"
"29/10/2025";"1600";"30,1";"33,2";"30,0";"55,0";"56,0";"40,0";"20,2";"21,2";"17,8";"1010,3";"1011,2";"1010,3";"6,9";"72,0";"10,7";"3783,10";"0,0"
"29/10/2025";"1700";"29,2";"30,4";"29,1";"59,0";"60,0";"55,0";"20,4";"21,0";"20,0";"1009,9";"1010,3";"1009,8";"5,6";"72,0";"10,7";"2652,00";"0,0"
"29/10/2025";"1800";"27,8";"30,0";"27,3";"66,0";"67,0";"57,0";"20,9";"21,1";"20,0";"1009,1";"1009,9";"1009,1";"5,8";"61,0";"9,8";"1449,30";"0,0"
"29/10/2025";"1900";"27,6";"28,5";"27,6";"64,0";"66,0";"63,0";"20,3";"21,2";"20,3";"1008,6";"1009,1";"1008,6";"6,1";"60,0";"10,6";"1712,90";"0,0"
"29/10/2025";"2000";"25,8";"27,7";"25,8";"74,0";"74,0";"64,0";"20,7";"20,8";"20,2";"1009,2";"1009,4";"1008,4";"4,2";"67,0";"9,7";"369,10";"0,0"
"29/10/2025";"2100";"24,8";"25,8";"24,8";"77,0";"77,0";"73,0";"20,5";"20,7";"20,3";"1009,6";"1009,6";"1009,2";"4,3";"54,0";"9,4";"46,80";"0,0"
"29/10/2025";"2200";"24,3";"24,8";"24,3";"81,0";"81,0";"77,0";"20,9";"20,9";"20,6";"1010,1";"1010,1";"1009,6";"3,5";"56,0";"7,6";"";"0,0"
"29/10/2025";"2300";"24,0";"24,3";"24,0";"82,0";"82,0";"81,0";"20,9";"20,9";"20,7";"1010,5";"1010,5";"1010,1";"3,4";"53,0";"7,2";"";"0,0"
"30/10/2025";"0000";"23,9";"24,2";"23,9";"84,0";"84,0";"82,0";"20,9";"21,0";"20,9";"1010,7";"1010,8";"1010,5";"3,5";"52,0";"6,9";"";"0,0"
"30/10/2025";"0100";"23,7";"23,9";"23,7";"85,0";"85,0";"84,0";"21,0";"21,1";"20,9";"1010,8";"1011,0";"1010,7";"1,8";"56,0";"6,9";"";"0,0"
"30/10/2025";"0200";"23,4";"23,7";"23,4";"87,0";"87,0";"85,0";"21,1";"21,2";"21,0";"1010,6";"1010,9";"1010,6";"0,3";"137,0";"3,4";"";"0,0"
"30/10/2025";"0300";"23,8";"23,9";"23,2";"86,0";"88,0";"86,0";"21,3";"21,6";"21,0";"1011,2";"1011,2";"1010,5";"3,6";"210,0";"6,3";"";"0,0"
"30/10/2025";"0400";"23,1";"23,8";"23,1";"90,0";"90,0";"86,0";"21,4";"21,6";"21,3";"1010,7";"1011,3";"1010,7";"1,3";"184,0";"7,2";"";"0,0"
"30/10/2025";"0500";"23,1";"23,2";"23,0";"91,0";"91,0";"90,0";"21,5";"21,5";"21,4";"1010,7";"1010,8";"1010,5";"2,4";"201,0";"4,9";"";"0,0"
"30/10/2025";"0600";"22,9";"23,3";"22,9";"86,0";"91,0";"85,0";"20,4";"21,7";"20,4";"1010,6";"1010,7";"1010,5";"3,2";"178,0";"8,0";"";"0,0"
"30/10/2025";"0700";"22,5";"22,9";"22,5";"85,0";"86,0";"85,0";"19,9";"20,4";"19,9";"1011,0";"1011,0";"1010,6";"3,3";"158,0";"7,0";"";"0,0"
"30/10/2025";"0800";"22,4";"22,5";"22,4";"86,0";"86,0";"85,0";"19,8";"20,0";"19,8";"1011,8";"1011,8";"1011,0";"2,5";"177,0";"7,6";"";"0,0"
"30/10/2025";"0900";"22,6";"22,6";"22,3";"85,0";"86,0";"85,0";"19,9";"19,9";"19,8";"1012,7";"1012,7";"1011,6";"3,1";"159,0";"7,9";"110,70";"0,0"
"30/10/2025";"1000";"23,1";"23,1";"22,6";"82,0";"85,0";"82,0";"19,9";"20,0";"19,8";"1013,2";"1013,2";"1012,6";"3,7";"157,0";"8,0";"550,20";"0,0"
"30/10/2025";"1100";"25,1";"25,1";"23,1";"77,0";"82,0";"76,0";"20,7";"20,7";"19,7";"1013,9";"1013,9";"1013,2";"2,3";"171,0";"7,9";"1144,70";"0,0"
"30/10/2025";"1200";"25,4";"25,9";"24,5";"71,0";"77,0";"70,0";"19,8";"20,7";"19,5";"1014,1";"1014,1";"1013,8";"3,1";"180,0";"8,6";"1962,20";"0,0"
"30/10/2025";"1300";"25,9";"26,3";"25,0";"70,0";"74,0";"68,0";"20,1";"20,5";"19,4";"1014,2";"1014,2";"1014,0";"3,7";"182,0";"8,9";"2495,00";"0,0"
"30/10/2025";"1400";"28,0";"28,0";"25,5";"63,0";"72,0";"63,0";"20,3";"21,0";"19,7";"1013,9";"1014,2";"1013,9";"3,5";"194,0";"8,9";"3334,00";"0,0"
"30/10/2025";"1500";"27,5";"28,9";"27,2";"61,0";"65,0";"58,0";"19,4";"20,5";"19,1";"1013,7";"1014,0";"1013,7";"4,0";"185,0";"9,3";"3358,10";"0,0"
"30/10/2025";"1600";"27,7";"28,3";"27,0";"62,0";"63,0";"58,0";"19,7";"20,1";"18,5";"1013,3";"1013,8";"1013,2";"4,2";"193,0";"12,0";"3405,80";"0,0"
"30/10/2025";"1700";"26,7";"27,7";"25,9";"65,0";"66,0";"60,0";"19,7";"19,8";"18,6";"1013,0";"1013,3";"1012,9";"5,4";"195,0";"13,7";"2528,80";"0,0"
"30/10/2025";"1800";"24,1";"27,0";"23,8";"72,0";"72,0";"62,0";"18,8";"19,7";"18,0";"1012,9";"1013,1";"1012,8";"5,7";"196,0";"14,3";"1451,20";"0,0"
"30/10/2025";"1900";"21,3";"24,1";"21,3";"87,0";"87,0";"72,0";"19,1";"19,1";"18,5";"1013,5";"1013,6";"1012,9";"5,0";"197,0";"13,1";"367,20";"0,2"
"30/10/2025";"2000";"20,6";"21,4";"20,6";"91,0";"91,0";"86,0";"19,1";"19,1";"18,7";"1013,7";"1013,8";"1013,5";"4,2";"200,0";"12,3";"35,20";"0,8"
"30/10/2025";"2100";"20,1";"20,6";"20,1";"94,0";"94,0";"91,0";"19,1";"19,2";"19,0";"1015,0";"1015,0";"1013,7";"4,7";"216,0";"10,2";"3,30";"10,4"
"30/10/2025";"2200";"19,9";"20,1";"19,9";"94,0";"94,0";"94,0";"19,0";"19,1";"18,9";"1015,9";"1016,0";"1015,0";"3,6";"202,0";"10,5";"";"8,8"
"30/10/2025";"2300";"19,7";"19,9";"19,7";"95,0";"95,0";"94,0";"18,8";"19,0";"18,8";"1016,2";"1016,6";"1015,9";"2,9";"205,0";"8,5";"";"6,4"
"31/10/2025";"0000";"19,8";"19,8";"19,6";"95,0";"95,0";"95,0";"18,9";"18,9";"18,7";"1016,6";"1016,6";"1016,1";"2,6";"200,0";"9,3";"";"2,2"
"31/10/2025";"0100";"19,9";"19,9";"19,8";"94,0";"95,0";"94,0";"18,9";"18,9";"18,9";"1017,0";"1017,0";"1016,6";"3,0";"206,0";"6,1";"";"0,0"
"31/10/2025";"0200";"19,8";"19,9";"19,8";"94,0";"94,0";"94,0";"18,8";"19,0";"18,8";"1016,4";"1017,0";"1016,4";"3,2";"213,0";"6,4";"";"0,4"
"31/10/2025";"0300";"19,6";"19,8";"19,6";"94,0";"94,0";"94,0";"18,6";"18,8";"18,6";"1015,3";"1016,4";"1015,3";"3,3";"215,0";"6,4";"";"0,0"
"31/10/2025";"0400";"19,6";"19,7";"19,6";"94,0";"94,0";"94,0";"18,6";"18,7";"18,6";"1014,7";"1015,3";"1014,7";"2,3";"209,0";"6,1";"";"0,0"
"31/10/2025";"0500";"19,5";"19,6";"19,5";"93,0";"94,0";"93,0";"18,4";"18,6";"18,4";"1014,2";"1014,7";"1014,2";"2,6";"218,0";"5,1";"";"0,0"
"31/10/2025";"0600";"19,4";"19,5";"19,4";"93,0";"94,0";"93,0";"18,3";"18,4";"18,3";"1014,0";"1014,3";"1013,9";"1,5";"210,0";"4,4";"";"0,0"
"31/10/2025";"0700";"19,6";"19,6";"19,4";"93,0";"93,0";"93,0";"18,4";"18,4";"18,3";"1014,4";"1014,4";"1014,0";"1,4";"212,0";"3,5";"0,20";"0,0"
"31/10/2025";"0800";"19,7";"19,8";"19,6";"92,0";"93,0";"91,0";"18,3";"18,4";"18,2";"1014,6";"1014,8";"1014,4";"2,0";"206,0";"3,3";"0,10";"0,0"
"31/10/2025";"0900";"19,9";"19,9";"19,7";"90,0";"92,0";"90,0";"18,2";"18,3";"18,2";"1014,9";"1014,9";"1014,6";"1,3";"218,0";"4,3";"35,10";"0,0"
"31/10/2025";"1000";"20,6";"20,6";"19,9";"87,0";"90,0";"87,0";"18,4";"18,5";"18,3";"1015,8";"1015,8";"1014,9";"2,3";"220,0";"3,8";"205,80";"0,0"
"31/10/2025";"1100";"21,4";"21,6";"20,6";"82,0";"87,0";"80,0";"18,1";"18,6";"17,9";"1015,9";"1016,1";"1015,8";"2,5";"218,0";"4,0";"569,90";"0,0"
"31/10/2025";"1200";"21,9";"22,0";"21,4";"78,0";"82,0";"77,0";"17,9";"18,5";"17,7";"1016,3";"1016,3";"1015,9";"1,5";"190,0";"4,5";"536,50";"0,0"
"31/10/2025";"1300";"23,0";"23,4";"22,0";"75,0";"79,0";"72,0";"18,4";"19,0";"17,9";"1015,9";"1016,3";"1015,9";"1,4";"195,0";"3,8";"1283,00";"0,0"
"31/10/2025";"1400";"23,0";"23,3";"22,7";"76,0";"78,0";"74,0";"18,5";"19,0";"18,0";"1015,7";"1016,0";"1015,7";"1,4";"186,0";"3,6";"954,10";"0,0"
"31/10/2025";"1500";"22,7";"23,3";"22,6";"79,0";"79,0";"74,0";"18,8";"19,0";"18,3";"1015,3";"1015,7";"1015,3";"2,6";"214,0";"4,1";"787,00";"0,0"
"31/10/2025";"1600";"24,1";"24,3";"22,7";"69,0";"79,0";"69,0";"18,2";"19,2";"18,2";"1014,4";"1015,3";"1014,4";"1,1";"186,0";"4,1";"1175,90";"0,0"
"31/10/2025";"1700";"23,5";"24,9";"23,5";"75,0";"75,0";"68,0";"18,9";"19,2";"18,0";"1013,5";"1014,4";"1013,5";"1,2";"122,0";"4,3";"1775,60";"0,0"
"31/10/2025";"1800";"23,0";"23,5";"22,5";"77,0";"81,0";"76,0";"18,8";"19,2";"18,7";"1012,9";"1013,5";"1012,9";"1,6";"115,0";"4,3";"397,20";"0,0"
"31/10/2025";"1900";"23,6";"23,8";"23,0";"77,0";"78,0";"75,0";"19,3";"19,3";"18,6";"1013,0";"1013,1";"1012,5";"1,4";"172,0";"3,0";"462,60";"0,0"
"31/10/2025";"2000";"21,7";"23,6";"21,7";"82,0";"82,0";"76,0";"18,6";"19,4";"18,6";"1014,0";"1014,0";"1013,0";"4,0";"203,0";"10,1";"37,90";"0,0"
"31/10/2025";"2100";"20,5";"21,7";"20,5";"93,0";"93,0";"82,0";"19,3";"19,5";"18,6";"1013,7";"1014,1";"1013,3";"2,9";"134,0";"10,1";"5,20";"2,2"
"31/10/2025";"2200";"20,2";"20,6";"20,2";"93,0";"93,0";"92,0";"19,0";"19,4";"19,0";"1014,4";"1014,5";"1013,6";"1,0";"48,0";"5,5";"";"0,4"
"31/10/2025";"2300";"20,3";"20,4";"20,2";"93,0";"93,0";"93,0";"19,2";"19,3";"18,9";"1015,0";"1015,4";"1014,4";"1,3";"43,0";"2,5";"";"0,6"
"01/11/2025";"0000";"20,3";"20,3";"20,2";"94,0";"94,0";"93,0";"19,2";"19,3";"19,1";"1016,2";"1016,2";"1015,0";"1,0";"279,0";"2,9";"";"4,2"
"01/11/2025";"0100";"20,1";"20,3";"20,0";"94,0";"94,0";"94,0";"19,2";"19,2";"19,0";"1015,6";"1016,3";"1015,6";"1,4";"103,0";"3,1";"";"2,8"
"01/11/2025";"0200";"20,1";"20,2";"20,0";"94,0";"94,0";"94,0";"19,1";"19,2";"19,1";"1014,8";"1015,6";"1014,7";"1,3";"52,0";"5,1";"";"1,4"
"01/11/2025";"0300";"20,2";"20,2";"20,0";"94,0";"94,0";"94,0";"19,2";"19,2";"19,1";"1014,5";"1014,8";"1014,2";"0,4";"290,0";"2,3";"";"0,0"
"01/11/2025";"0400";"20,2";"20,2";"20,1";"94,0";"94,0";"94,0";"19,2";"19,3";"19,1";"1013,8";"1014,5";"1013,8";"0,6";"189,0";"1,4";"";"0,0"
"01/11/2025";"0500";"20,0";"20,2";"20,0";"94,0";"94,0";"94,0";"19,1";"19,3";"19,1";"1013,3";"1014,0";"1013,3";"0,3";"240,0";"1,2";"";"0,2"
"01/11/2025";"0600";"19,2";"20,0";"19,2";"95,0";"95,0";"94,0";"18,3";"19,0";"18,3";"1013,4";"1013,4";"1013,1";"0,7";"347,0";"1,5";"";"0,0"
"01/11/2025";"0700";"19,8";"19,8";"19,2";"95,0";"95,0";"95,0";"18,9";"18,9";"18,3";"1013,6";"1013,6";"1013,2";"0,8";"329,0";"1,8";"";"0,0"
"01/11/2025";"0800";"19,5";"19,8";"19,5";"95,0";"95,0";"95,0";"18,7";"18,9";"18,7";"1013,5";"1013,7";"1013,4";"0,7";"232,0";"1,7";"";"0,0"
"01/11/2025";"0900";"20,1";"20,1";"19,4";"95,0";"95,0";"95,0";"19,3";"19,3";"18,5";"1014,4";"1014,4";"1013,4";"0,9";"209,0";"1,5";"186,70";"0,0"
"01/11/2025";"1000";"20,5";"20,6";"20,1";"94,0";"95,0";"94,0";"19,6";"19,7";"19,2";"1014,9";"1014,9";"1014,3";"0,9";"198,0";"2,6";"472,90";"0,0"
"01/11/2025";"1100";"21,5";"21,6";"20,5";"90,0";"94,0";"89,0";"19,8";"19,9";"19,5";"1015,2";"1015,2";"1014,9";"0,8";"86,0";"2,1";"720,80";"0,0"
"01/11/2025";"1200";"22,9";"24,0";"21,2";"79,0";"90,0";"77,0";"19,1";"20,5";"19,1";"1015,2";"1015,4";"1015,1";"1,6";"19,0";"3,6";"1823,10";"0,0"
"01/11/2025";"1300";"25,3";"25,4";"22,7";"72,0";"82,0";"72,0";"20,0";"20,5";"19,0";"1015,1";"1015,3";"1015,1";"1,6";"69,0";"3,6";"2738,70";"0,0"
"01/11/2025";"1400";"25,7";"26,2";"24,2";"71,0";"75,0";"68,0";"20,1";"20,8";"19,2";"1014,5";"1015,1";"1014,5";"1,9";"133,0";"3,5";"2925,60";"0,0"
"01/11/2025";"1500";"27,4";"27,8";"25,7";"66,0";"72,0";"62,0";"20,4";"20,7";"19,3";"1013,8";"1014,5";"1013,8";"1,7";"119,0";"4,0";"3684,60";"0,0"
"01/11/2025";"1600";"28,1";"28,4";"26,9";"59,0";"68,0";"59,0";"19,3";"21,2";"19,1";"1012,8";"1013,8";"1012,8";"1,1";"94,0";"4,0";"3330,70";"0,0"
"01/11/2025";"1700";"27,1";"29,1";"27,0";"68,0";"69,0";"58,0";"20,6";"21,2";"19,2";"1012,2";"1012,8";"1012,2";"3,7";"72,0";"7,8";"2299,00";"0,0"
"01/11/2025";"1800";"26,3";"27,8";"26,3";"69,0";"70,0";"65,0";"20,2";"21,2";"19,9";"1012,0";"1012,2";"1012,0";"4,2";"76,0";"7,7";"2115,70";"0,0"
"01/11/2025";"1900";"26,1";"27,2";"25,8";"69,0";"70,0";"66,0";"20,1";"20,9";"19,5";"1012,0";"1012,1";"1011,9";"4,3";"80,0";"7,7";"1601,80";"0,0"
"01/11/2025";"2000";"24,6";"26,7";"24,6";"75,0";"75,0";"68,0";"19,9";"20,5";"19,6";"1012,1";"1012,2";"1012,0";"4,4";"81,0";"8,3";"469,60";"0,0"
"01/11/2025";"2100";"23,4";"24,6";"23,4";"82,0";"82,0";"75,0";"20,1";"20,1";"19,9";"1012,6";"1012,6";"1012,1";"3,1";"80,0";"7,1";"94,20";"0,0"
"01/11/2025";"2200";"22,6";"23,4";"22,6";"87,0";"87,0";"82,0";"20,3";"20,3";"20,1";"1013,4";"1013,4";"1012,6";"2,0";"73,0";"6,1";"";"0,0"
"01/11/2025";"2300";"22,4";"22,6";"22,4";"90,0";"90,0";"87,0";"20,8";"20,8";"20,3";"1013,9";"1014,0";"1013,3";"1,7";"87,0";"4,2";"";"0,0"
"02/11/2025";"0000";"23,0";"23,0";"22,4";"90,0";"91,0";"90,0";"21,2";"21,2";"20,7";"1014,3";"1014,6";"1013,8";"1,8";"97,0";"3,8";"";"0,0"
"02/11/2025";"0100";"22,7";"23,0";"22,7";"90,0";"90,0";"89,0";"21,0";"21,2";"21,0";"1014,8";"1015,0";"1014,3";"1,4";"86,0";"3,7";"";"0,0"
"02/11/2025";"0200";"22,4";"22,7";"22,4";"92,0";"92,0";"90,0";"20,9";"21,0";"20,8";"1013,9";"1014,8";"1013,9";"0,5";"151,0";"2,9";"";"0,0"
"02/11/2025";"0300";"22,6";"22,6";"22,3";"93,0";"93,0";"92,0";"21,3";"21,3";"20,9";"1012,9";"1014,0";"1012,9";"0,6";"117,0";"1,1";"";"0,0"
"02/11/2025";"0400";"23,0";"23,0";"22,6";"92,0";"93,0";"92,0";"21,7";"21,7";"21,3";"1012,0";"1013,0";"1012,0";"1,1";"117,0";"2,1";"";"0,0"
"02/11/2025";"0500";"23,1";"23,1";"23,0";"92,0";"92,0";"91,0";"21,6";"21,7";"21,6";"1011,9";"1012,1";"1011,9";"1,2";"70,0";"3,0";"";"0,0"
"02/11/2025";"0600";"23,2";"23,2";"23,1";"92,0";"92,0";"92,0";"21,8";"21,8";"21,6";"1011,7";"1012,1";"1011,7";"1,1";"74,0";"2,8";"";"0,0"
"02/11/2025";"0700";"23,1";"23,2";"23,1";"91,0";"92,0";"91,0";"21,6";"21,8";"21,6";"1011,5";"1011,8";"1011,3";"2,4";"52,0";"4,3";"";"0,0"
"02/11/2025";"0800";"22,7";"23,1";"22,7";"91,0";"91,0";"91,0";"21,3";"21,7";"21,3";"1011,6";"1011,6";"1011,5";"2,2";"49,0";"4,9";"";"0,0"
"02/11/2025";"0900";"23,2";"23,2";"22,7";"92,0";"92,0";"91,0";"21,7";"21,8";"21,3";"1012,3";"1012,4";"1011,6";"2,2";"43,0";"4,8";"135,10";"0,0"
"02/11/2025";"1000";"24,7";"24,7";"23,2";"84,0";"92,0";"84,0";"21,7";"22,0";"21,3";"1012,8";"1012,8";"1012,3";"3,1";"38,0";"6,2";"848,90";"0,0"
"02/11/2025";"1100";"26,3";"26,6";"24,6";"75,0";"84,0";"74,0";"21,5";"22,2";"21,2";"1012,8";"1013,0";"1012,7";"3,1";"12,0";"6,0";"1658,40";"0,0"
"02/11/2025";"1200";"28,1";"28,4";"26,4";"67,0";"76,0";"65,0";"21,5";"22,1";"20,9";"1012,4";"1012,8";"1012,1";"3,9";"27,0";"7,0";"2591,60";"0,0"
"02/11/2025";"1300";"29,7";"29,8";"28,0";"61,0";"68,0";"60,0";"21,3";"21,8";"20,5";"1011,9";"1012,4";"1011,9";"3,0";"25,0";"6,9";"3118,50";"0,0"
"02/11/2025";"1400";"29,8";"30,2";"29,3";"59,0";"62,0";"57,0";"20,9";"21,7";"20,4";"1011,2";"1011,9";"1011,2";"3,6";"18,0";"7,4";"2520,30";"0,0"
"02/11/2025";"1500";"29,0";"31,3";"29,0";"65,0";"66,0";"55,0";"21,9";"22,7";"20,6";"1010,8";"1011,2";"1010,8";"4,0";"66,0";"7,1";"2654,60";"0,0"
"02/11/2025";"1600";"30,4";"30,5";"29,0";"62,0";"67,0";"62,0";"22,1";"22,9";"21,6";"1009,6";"1010,8";"1009,6";"3,8";"60,0";"8,4";"2852,60";"0,0"
"02/11/2025";"1700";"29,4";"30,3";"28,9";"63,0";"66,0";"61,0";"21,7";"22,5";"21,1";"1008,8";"1009,6";"1008,8";"5,3";"76,0";"8,9";"2978,20";"0,0"
"02/11/2025";"1800";"28,7";"29,7";"28,4";"65,0";"65,0";"62,0";"21,5";"21,9";"20,8";"1008,4";"1008,8";"1008,4";"5,1";"70,0";"9,2";"2307,60";"0,0"
"02/11/2025";"1900";"26,3";"28,8";"26,3";"73,0";"73,0";"63,0";"21,0";"21,5";"20,7";"1008,9";"1008,9";"1008,3";"5,0";"61,0";"9,9";"1109,80";"0,0"
"02/11/2025";"2000";"25,0";"26,4";"25,0";"78,0";"78,0";"73,0";"20,8";"21,2";"20,8";"1009,4";"1009,4";"1008,9";"5,6";"63,0";"10,2";"223,30";"0,0"
"02/11/2025";"2100";"24,5";"25,0";"24,5";"80,0";"80,0";"78,0";"20,8";"20,8";"20,6";"1010,0";"1010,0";"1009,1";"4,8";"56,0";"9,9";"28,90";"0,0"
"02/11/2025";"2200";"23,3";"24,5";"23,3";"90,0";"90,0";"80,0";"21,5";"21,5";"20,8";"1011,6";"1011,6";"1010,0";"4,1";"250,0";"9,4";"";"1,0"
"02/11/2025";"2300";"22,0";"23,3";"21,7";"94,0";"94,0";"89,0";"21,0";"21,5";"20,4";"1011,3";"1011,8";"1011,3";"2,9";"84,0";"9,6";"";"24,0"
"03/11/2025";"0000";"22,7";"22,7";"22,0";"94,0";"94,0";"94,0";"21,7";"21,7";"21,0";"1011,0";"1011,4";"1010,9";"4,1";"82,0";"6,9";"";"0,0"
"03/11/2025";"0100";"23,2";"23,2";"22,7";"93,0";"94,0";"93,0";"21,9";"22,0";"21,7";"1010,5";"1011,0";"1010,5";"3,5";"71,0";"7,3";"0,70";"0,0"
"03/11/2025";"0200";"23,2";"23,3";"23,2";"92,0";"93,0";"92,0";"21,8";"22,0";"21,8";"1009,2";"1010,5";"1009,2";"3,5";"54,0";"6,9";"1,90";"0,0"
"03/11/2025";"0300";"23,1";"23,2";"23,1";"92,0";"92,0";"92,0";"21,8";"21,8";"21,7";"1008,6";"1009,2";"1008,6";"2,7";"30,0";"6,6";"0,70";"0,0"
"03/11/2025";"0400";"23,1";"23,1";"23,0";"93,0";"93,0";"92,0";"21,9";"21,9";"21,8";"1008,1";"1008,6";"1008,1";"2,7";"1,0";"4,8";"0,20";"0,0"
"03/11/2025";"0500";"22,9";"23,1";"22,9";"93,0";"93,0";"93,0";"21,7";"21,9";"21,7";"1007,9";"1008,2";"1007,8";"2,3";"25,0";"4,6";"";"0,0"
"03/11/2025";"0600";"22,9";"22,9";"22,8";"93,0";"93,0";"93,0";"21,7";"21,7";"21,6";"1007,8";"1008,0";"1007,7";"1,9";"55,0";"4,1";"";"0,0"
"03/11/2025";"0700";"22,8";"22,9";"22,8";"93,0";"93,0";"93,0";"21,7";"21,7";"21,6";"1008,2";"1008,2";"1007,8";"2,3";"58,0";"5,2";"";"0,0"
"03/11/2025";"0800";"22,7";"22,8";"22,7";"94,0";"94,0";"93,0";"21,6";"21,7";"21,6";"1008,5";"1008,5";"1008,0";"2,0";"38,0";"5,4";"";"0,0"
"03/11/2025";"0900";"23,1";"23,1";"22,7";"93,0";"94,0";"93,0";"21,9";"21,9";"21,6";"1008,8";"1008,9";"1008,5";"2,2";"45,0";"5,3";"59,30";"0,0"
"03/11/2025";"1000";"24,0";"24,0";"23,1";"91,0";"93,0";"91,0";"22,4";"22,5";"21,9";"1009,4";"1009,4";"1008,8";"2,9";"45,0";"4,4";"354,80";"0,0"
"03/11/2025";"1100";"24,9";"24,9";"24,0";"85,0";"91,0";"85,0";"22,2";"22,5";"22,2";"1010,0";"1010,0";"1009,4";"3,7";"18,0";"5,7";"702,80";"0,0"
"03/11/2025";"1200";"26,2";"26,2";"24,9";"81,0";"86,0";"81,0";"22,6";"23,0";"22,3";"1010,3";"1010,4";"1010,0";"3,4";"12,0";"5,7";"1061,40";"0,0"
"03/11/2025";"1300";"27,7";"27,7";"26,2";"74,0";"81,0";"74,0";"22,6";"23,1";"22,1";"1009,9";"1010,5";"1009,9";"4,0";"358,0";"6,1";"1660,90";"0,0"
"03/11/2025";"1400";"30,2";"30,2";"27,7";"64,0";"74,0";"64,0";"22,6";"23,4";"22,2";"1009,0";"1009,9";"1009,0";"3,0";"359,0";"6,5";"3315,50";"0,0"
"03/11/2025";"1500";"30,0";"30,6";"28,9";"60,0";"66,0";"59,0";"21,4";"23,0";"21,3";"1008,4";"1009,0";"1008,4";"3,6";"335,0";"7,5";"2964,40";"0,0"
"03/11/2025";"1600";"31,1";"31,3";"29,9";"58,0";"63,0";"57,0";"22,0";"22,5";"21,0";"1007,6";"1008,4";"1007,6";"4,9";"10,0";"7,4";"2499,40";"0,2"
"03/11/2025";"1700";"31,7";"31,8";"30,7";"58,0";"62,0";"57,0";"22,4";"22,9";"21,6";"1007,0";"1007,6";"1007,0";"2,8";"14,0";"7,4";"2116,50";"0,0"
"03/11/2025";"1800";"29,0";"32,0";"29,0";"65,0";"67,0";"56,0";"21,8";"23,2";"21,6";"1006,6";"1007,0";"1006,6";"4,6";"72,0";"7,1";"1515,30";"0,0"
"03/11/2025";"1900";"29,0";"29,6";"28,7";"63,0";"67,0";"63,0";"21,3";"22,6";"21,3";"1006,4";"1006,7";"1006,4";"3,5";"48,0";"6,9";"1216,50";"0,0"
"03/11/2025";"2000";"26,9";"29,0";"26,9";"71,0";"72,0";"63,0";"21,3";"21,6";"21,2";"1006,9";"1006,9";"1006,4";"3,0";"57,0";"6,4";"494,20";"0,0"
"03/11/2025";"2100";"25,9";"27,0";"25,9";"74,0";"74,0";"69,0";"20,8";"21,2";"20,7";"1007,5";"1007,5";"1006,9";"3,0";"49,0";"6,3";"45,70";"0,0"
"03/11/2025";"2200";"25,0";"25,9";"24,9";"79,0";"79,0";"74,0";"21,1";"21,1";"20,9";"1008,5";"1008,6";"1007,3";"1,4";"196,0";"6,6";"";"0,0"
"03/11/2025";"2300";"24,6";"25,5";"24,6";"78,0";"81,0";"75,0";"20,4";"21,4";"20,3";"1009,7";"1009,8";"1008,5";"3,6";"205,0";"8,7";"";"0,0"
"04/11/2025";"0000";"23,3";"24,6";"23,2";"89,0";"89,0";"78,0";"21,5";"21,5";"20,5";"1009,7";"1009,7";"1009,2";"2,0";"195,0";"7,7";"";"2,2"
"04/11/2025";"0100";"23,7";"23,7";"23,2";"89,0";"91,0";"89,0";"21,8";"21,8";"21,5";"1009,7";"1009,8";"1009,5";"1,9";"144,0";"5,2";"";"0,0"
"04/11/2025";"0200";"23,1";"23,7";"23,1";"91,0";"91,0";"89,0";"21,5";"21,8";"21,5";"1009,7";"1009,8";"1009,6";"2,5";"215,0";"6,0";"";"0,0"
"04/11/2025";"0300";"22,9";"23,1";"22,9";"93,0";"93,0";"91,0";"21,6";"21,8";"21,5";"1009,2";"1009,9";"1009,2";"1,4";"174,0";"4,3";"";"0,8"
"04/11/2025";"0400";"22,8";"23,0";"22,8";"92,0";"93,0";"92,0";"21,5";"21,7";"21,5";"1008,6";"1009,2";"1008,6";"0,9";"160,0";"4,1";"";"0,4"
"04/11/2025";"0500";"22,7";"22,9";"22,6";"93,0";"93,0";"92,0";"21,5";"21,5";"21,4";"1007,8";"1008,6";"1007,7";"1,0";"216,0";"1,5";"";"0,0"
"04/11/2025";"0600";"22,6";"22,7";"22,6";"94,0";"94,0";"93,0";"21,5";"21,5";"21,4";"1007,8";"1008,0";"1007,8";"0,7";"170,0";"1,9";"";"0,0"
"04/11/2025";"0700";"22,5";"22,7";"22,5";"94,0";"94,0";"94,0";"21,5";"21,6";"21,4";"1008,2";"1008,3";"1007,7";"0,6";"134,0";"1,5";"";"0,0"
"04/11/2025";"0800";"22,5";"22,6";"22,4";"93,0";"94,0";"93,0";"21,4";"21,5";"21,3";"1008,6";"1008,6";"1008,2";"0,7";"126,0";"2,2";"";"0,0"
"04/11/2025";"0900";"22,9";"22,9";"22,3";"93,0";"93,0";"93,0";"21,7";"21,7";"21,2";"1009,2";"1009,2";"1008,6";"0,7";"96,0";"2,0";"109,80";"0,0"
"04/11/2025";"1000";"23,6";"23,6";"22,9";"91,0";"93,0";"91,0";"22,1";"22,2";"21,6";"1010,0";"1010,0";"1009,2";"1,3";"57,0";"2,2";"445,50";"0,0"
"04/11/2025";"1100";"24,6";"24,7";"23,5";"86,0";"91,0";"86,0";"22,2";"22,5";"21,8";"1010,6";"1010,6";"1010,0";"2,0";"11,0";"2,9";"854,40";"0,0"
"04/11/2025";"1200";"26,9";"27,0";"24,6";"77,0";"86,0";"77,0";"22,4";"23,0";"21,7";"1011,0";"1011,0";"1010,6";"2,6";"4,0";"5,1";"1674,70";"0,0"
"04/11/2025";"1300";"27,9";"28,3";"26,5";"67,0";"77,0";"66,0";"21,2";"23,4";"20,8";"1011,2";"1011,2";"1010,9";"0,9";"297,0";"4,9";"2212,70";"0,0"
"04/11/2025";"1400";"29,4";"29,8";"27,9";"64,0";"71,0";"62,0";"22,0";"22,8";"20,9";"1010,9";"1011,3";"1010,9";"1,3";"184,0";"3,5";"3028,10";"0,2"
"04/11/2025";"1500";"29,9";"30,9";"28,7";"65,0";"68,0";"62,0";"22,6";"24,0";"20,9";"1010,1";"1010,9";"1010,1";"2,3";"199,0";"5,0";"3073,80";"0,0"
"04/11/2025";"1600";"29,7";"31,0";"29,7";"64,0";"68,0";"61,0";"22,2";"23,7";"21,8";"1009,4";"1010,1";"1009,4";"2,7";"180,0";"7,2";"3457,90";"0,0"
"04/11/2025";"1700";"28,9";"31,0";"28,7";"66,0";"67,0";"60,0";"22,0";"23,6";"21,5";"1009,2";"1009,4";"1009,0";"4,1";"191,0";"9,1";"3220,80";"0,0"
"04/11/2025";"1800";"25,8";"29,0";"25,8";"69,0";"69,0";"66,0";"19,6";"22,2";"19,6";"1009,7";"1009,7";"1009,1";"4,1";"195,0";"9,1";"1060,50";"0,0"
"04/11/2025";"1900";"24,5";"25,9";"24,5";"79,0";"79,0";"69,0";"20,7";"20,7";"19,7";"1010,1";"1010,5";"1009,7";"2,2";"187,0";"8,9";"215,90";"0,0"
"04/11/2025";"2000";"23,4";"24,5";"23,4";"85,0";"85,0";"79,0";"20,8";"20,8";"20,6";"1010,7";"1010,7";"1009,3";"2,1";"184,0";"7,5";"31,50";"0,0"
"04/11/2025";"2100";"23,6";"23,6";"23,3";"84,0";"86,0";"84,0";"20,7";"20,9";"20,7";"1011,3";"1011,3";"1010,3";"0,6";"119,0";"5,7";"4,70";"0,0"
"04/11/2025";"2200";"23,4";"23,6";"23,2";"87,0";"87,0";"84,0";"21,2";"21,2";"20,6";"1011,6";"1011,8";"1011,2";"0,4";"45,0";"3,0";"";"0,0"
"04/11/2025";"2300";"22,9";"23,4";"22,9";"90,0";"91,0";"87,0";"21,2";"21,4";"21,1";"1012,2";"1012,4";"1011,6";"0,6";"49,0";"1,8";"";"0,0"
"05/11/2025";"0000";"22,5";"22,9";"22,5";"91,0";"91,0";"90,0";"20,9";"21,2";"20,8";"1012,7";"1012,7";"1012,2";"1,3";"270,0";"2,3";"";"0,0"
"05/11/2025";"0100";"22,2";"22,5";"22,2";"92,0";"92,0";"91,0";"20,8";"21,0";"20,7";"1013,2";"1013,4";"1012,7";"1,6";"223,0";"2,7";"";"0,0"
"05/11/2025";"0200";"21,9";"22,2";"21,9";"93,0";"93,0";"92,0";"20,7";"20,9";"20,7";"1012,4";"1013,2";"1012,4";"1,3";"253,0";"2,6";"";"0,0"
"05/11/2025";"0300";"21,6";"21,9";"21,5";"94,0";"94,0";"93,0";"20,6";"20,8";"20,4";"1011,8";"1012,4";"1011,7";"1,0";"5,0";"1,9";"";"0,0"
"05/11/2025";"0400";"21,6";"21,7";"21,4";"94,0";"94,0";"94,0";"20,6";"20,7";"20,3";"1011,6";"1012,0";"1011,6";"1,4";"343,0";"2,1";"";"0,0"
"05/11/2025";"0500";"21,4";"21,7";"21,4";"94,0";"94,0";"94,0";"20,4";"20,7";"20,4";"1010,6";"1011,6";"1010,6";"1,7";"4,0";"2,6";"";"0,0"
"05/11/2025";"0600";"21,3";"21,6";"21,3";"94,0";"94,0";"94,0";"20,3";"20,7";"20,3";"1010,9";"1010,9";"1010,4";"1,0";"310,0";"3,9";"";"0,0"
"05/11/2025";"0700";"21,2";"21,3";"21,1";"94,0";"94,0";"94,0";"20,3";"20,4";"20,2";"1010,4";"1010,9";"1010,3";"1,9";"351,0";"3,0";"";"0,0"
"05/11/2025";"0800";"21,2";"21,4";"21,1";"94,0";"94,0";"94,0";"20,3";"20,4";"20,2";"1010,3";"1010,7";"1010,3";"3,3";"359,0";"5,4";"";"0,0"
"05/11/2025";"0900";"22,2";"22,2";"21,2";"93,0";"94,0";"93,0";"21,0";"21,0";"20,3";"1010,4";"1010,5";"1010,3";"4,2";"2,0";"6,6";"178,70";"0,0"
"05/11/2025";"1000";"24,0";"24,1";"22,2";"84,0";"93,0";"84,0";"21,2";"21,3";"20,9";"1010,6";"1010,8";"1010,4";"5,0";"357,0";"8,9";"1063,90";"0,0"
"05/11/2025";"1100";"25,8";"25,8";"24,0";"76,0";"84,0";"75,0";"21,2";"21,6";"20,9";"1010,1";"1010,6";"1009,9";"5,9";"358,0";"9,8";"1788,00";"0,0"
"05/11/2025";"1200";"27,7";"27,7";"25,8";"71,0";"76,0";"70,0";"22,1";"22,1";"21,0";"1009,5";"1010,1";"1009,5";"5,3";"3,0";"9,5";"2467,70";"0,0"
"05/11/2025";"1300";"29,0";"29,3";"27,8";"63,0";"71,0";"63,0";"21,3";"22,3";"21,3";"1008,8";"1009,5";"1008,8";"5,4";"2,0";"8,7";"3071,70";"0,0"
"05/11/2025";"1400";"30,9";"30,9";"29,0";"59,0";"64,0";"57,0";"22,0";"22,0";"20,8";"1008,2";"1008,8";"1008,1";"5,2";"1,0";"9,4";"3369,60";"0,0"
"05/11/2025";"1500";"31,8";"32,4";"30,9";"52,0";"60,0";"50,0";"20,7";"22,1";"20,5";"1007,4";"1008,2";"1007,3";"4,4";"360,0";"8,0";"3760,80";"0,0"
"05/11/2025";"1600";"33,0";"33,0";"31,6";"51,0";"55,0";"49,0";"21,6";"22,1";"20,4";"1006,7";"1007,4";"1006,7";"4,0";"5,0";"8,3";"3628,70";"0,0"
"05/11/2025";"1700";"33,9";"34,0";"32,9";"48,0";"52,0";"48,0";"21,4";"22,2";"20,5";"1005,5";"1006,7";"1005,5";"4,4";"10,0";"7,7";"3372,00";"0,0"
"05/11/2025";"1800";"33,6";"34,1";"33,1";"48,0";"51,0";"47,0";"21,2";"22,1";"20,8";"1004,3";"1005,5";"1004,3";"4,7";"13,0";"8,0";"2500,50";"0,0"
"05/11/2025";"1900";"30,6";"34,2";"30,3";"63,0";"64,0";"47,0";"22,8";"23,1";"20,9";"1004,4";"1004,5";"1004,1";"3,6";"72,0";"7,8";"1930,90";"0,0"
"05/11/2025";"2000";"28,4";"30,8";"28,4";"69,0";"69,0";"62,0";"22,0";"23,2";"21,9";"1004,8";"1004,8";"1004,3";"3,6";"56,0";"7,8";"766,40";"0,0"
"05/11/2025";"2100";"27,0";"28,4";"27,0";"72,0";"72,0";"68,0";"21,5";"22,1";"21,5";"1005,6";"1005,6";"1004,8";"2,8";"71,0";"6,4";"63,60";"0,0"
"05/11/2025";"2200";"26,0";"27,1";"25,9";"82,0";"83,0";"71,0";"22,8";"22,8";"21,4";"1006,6";"1006,6";"1005,6";"2,7";"90,0";"4,9";"";"0,0"
"05/11/2025";"2300";"25,3";"26,0";"25,3";"86,0";"86,0";"82,0";"22,9";"22,9";"22,6";"1006,9";"1007,0";"1006,5";"1,2";"72,0";"5,0";"";"0,0"
"06/11/2025";"0000";"25,5";"25,5";"25,0";"87,0";"88,0";"86,0";"23,1";"23,1";"22,8";"1007,1";"1007,6";"1006,9";"2,3";"93,0";"4,3";"";"0,0"
"06/11/2025";"0100";"24,7";"25,5";"24,7";"89,0";"89,0";"86,0";"22,9";"23,1";"22,8";"1007,7";"1007,8";"1007,1";"0,6";"47,0";"4,3";"";"0,0"
"06/11/2025";"0200";"24,4";"24,8";"24,3";"91,0";"91,0";"89,0";"22,9";"23,0";"22,7";"1007,3";"1007,7";"1007,3";"1,1";"42,0";"2,5";"";"0,0"
"06/11/2025";"0300";"24,4";"24,5";"24,3";"92,0";"92,0";"91,0";"23,0";"23,0";"22,8";"1006,8";"1007,5";"1006,8";"0,5";"342,0";"2,0";"";"0,0"
"06/11/2025";"0400";"24,3";"24,6";"24,1";"92,0";"92,0";"92,0";"22,9";"23,2";"22,7";"1006,5";"1006,8";"1006,5";"1,3";"187,0";"2,4";"";"0,0"
"06/11/2025";"0500";"24,7";"24,9";"24,3";"92,0";"92,0";"92,0";"23,3";"23,5";"22,9";"1006,3";"1006,5";"1006,0";"2,1";"205,0";"3,6";"";"0,0"
"06/11/2025";"0600";"24,6";"24,8";"24,5";"91,0";"92,0";"91,0";"23,0";"23,3";"22,9";"1006,5";"1006,5";"1006,0";"1,9";"201,0";"4,4";"";"0,0"
"06/11/2025";"0700";"24,5";"24,6";"24,5";"91,0";"91,0";"91,0";"22,9";"23,0";"22,9";"1006,8";"1006,8";"1006,2";"3,2";"221,0";"6,0";"";"0,0"
"06/11/2025";"0800";"24,6";"24,6";"24,3";"86,0";"91,0";"86,0";"22,1";"22,9";"22,1";"1007,1";"1007,1";"1006,7";"3,0";"206,0";"6,7";"";"0,0"
"06/11/2025";"0900";"24,8";"24,8";"24,5";"84,0";"86,0";"84,0";"22,0";"22,0";"21,9";"1007,9";"1007,9";"1007,1";"2,8";"200,0";"6,5";"108,30";"0,0"
"06/11/2025";"1000";"25,4";"25,4";"24,8";"79,0";"84,0";"79,0";"21,5";"22,0";"21,5";"1009,1";"1009,2";"1007,9";"5,3";"203,0";"10,1";"258,90";"0,0"
"06/11/2025";"1100";"25,0";"25,4";"24,6";"82,0";"82,0";"78,0";"21,7";"21,7";"21,1";"1010,2";"1010,2";"1009,1";"4,9";"208,0";"11,5";"534,70";"0,0"
"06/11/2025";"1200";"27,1";"27,2";"25,0";"72,0";"84,0";"72,0";"21,7";"22,3";"21,2";"1010,8";"1010,9";"1010,1";"4,0";"201,0";"11,0";"1498,50";"0,0"
"06/11/2025";"1300";"25,4";"27,4";"25,4";"72,0";"75,0";"69,0";"19,9";"21,7";"19,9";"1011,1";"1011,2";"1010,8";"6,8";"205,0";"16,4";"1828,90";"0,0"
"06/11/2025";"1400";"24,3";"25,5";"24,3";"77,0";"77,0";"72,0";"20,0";"20,7";"19,7";"1011,2";"1011,3";"1011,1";"6,8";"208,0";"16,4";"726,90";"0,0"
"06/11/2025";"1500";"26,3";"27,4";"24,3";"68,0";"77,0";"62,0";"19,9";"20,3";"19,1";"1010,9";"1011,2";"1010,8";"5,2";"196,0";"13,0";"1929,80";"0,0"
"06/11/2025";"1600";"26,0";"26,6";"26,0";"63,0";"70,0";"63,0";"18,3";"20,3";"18,3";"1010,2";"1010,9";"1010,2";"5,3";"195,0";"13,9";"1224,80";"0,0"
"06/11/2025";"1700";"24,1";"25,9";"23,6";"78,0";"79,0";"60,0";"20,1";"20,1";"17,4";"1010,0";"1010,3";"1010,0";"5,1";"195,0";"14,0";"737,50";"0,0"
"06/11/2025";"1800";"24,6";"25,0";"24,1";"69,0";"78,0";"67,0";"18,6";"20,0";"18,4";"1010,0";"1010,2";"1009,9";"5,8";"195,0";"15,8";"681,50";"0,0"
"06/11/2025";"1900";"23,6";"25,0";"23,5";"64,0";"72,0";"64,0";"16,5";"19,0";"16,3";"1010,2";"1010,3";"1009,9";"7,8";"199,0";"18,5";"945,10";"0,0"
"06/11/2025";"2000";"23,4";"23,6";"23,3";"68,0";"71,0";"64,0";"17,2";"17,6";"16,6";"1010,9";"1010,9";"1010,2";"6,0";"194,0";"16,2";"299,00";"0,0"
"06/11/2025";"2100";"23,1";"23,4";"23,1";"72,0";"72,0";"68,0";"17,7";"17,7";"17,1";"1011,5";"1011,5";"1010,9";"5,1";"194,0";"14,4";"120,10";"0,0"
"06/11/2025";"2200";"22,4";"23,1";"22,4";"73,0";"73,0";"70,0";"17,3";"17,8";"17,0";"1012,4";"1012,4";"1011,5";"5,5";"200,0";"14,1";"";"0,0"
"06/11/2025";"2300";"22,1";"22,5";"22,0";"75,0";"75,0";"72,0";"17,3";"17,3";"17,1";"1013,2";"1013,2";"1012,4";"3,8";"205,0";"11,7";"";"0,0"
"07/11/2025";"0000";"21,8";"22,1";"21,8";"75,0";"75,0";"74,0";"17,0";"17,4";"17,0";"1013,6";"1013,6";"1013,2";"3,9";"203,0";"9,6";"";"0,0"
"07/11/2025";"0100";"21,6";"21,8";"21,5";"74,0";"75,0";"74,0";"16,7";"17,0";"16,7";"1013,7";"1013,7";"1013,6";"4,2";"205,0";"8,0";"";"0,0"
"07/11/2025";"0200";"21,4";"21,6";"21,3";"73,0";"74,0";"72,0";"16,3";"16,7";"16,3";"1013,8";"1014,1";"1013,7";"3,0";"201,0";"8,0";"";"0,0"
"07/11/2025";"0300";"21,2";"21,4";"21,1";"75,0";"75,0";"73,0";"16,5";"16,5";"16,3";"1013,5";"1013,8";"1013,5";"2,4";"193,0";"6,1";"";"0,0"
"07/11/2025";"0400";"19,7";"21,2";"19,7";"87,0";"87,0";"75,0";"17,5";"17,6";"16,6";"1013,3";"1013,6";"1013,3";"2,4";"183,0";"7,0";"";"0,0"
"07/11/2025";"0500";"19,5";"19,7";"19,1";"87,0";"90,0";"87,0";"17,3";"17,5";"17,3";"1012,7";"1013,3";"1012,7";"2,4";"210,0";"7,0";"";"0,0"
"07/11/2025";"0600";"19,3";"19,8";"19,3";"87,0";"87,0";"84,0";"17,1";"17,3";"17,0";"1012,6";"1012,7";"1012,5";"3,6";"207,0";"7,0";"";"0,0"
"07/11/2025";"0700";"19,3";"19,4";"19,1";"89,0";"89,0";"87,0";"17,4";"17,4";"17,1";"1012,5";"1012,6";"1012,4";"3,8";"210,0";"6,9";"";"0,0"
"07/11/2025";"0800";"18,9";"19,4";"18,7";"90,0";"90,0";"88,0";"17,1";"17,4";"17,0";"1013,0";"1013,0";"1012,5";"2,3";"223,0";"6,9";"";"0,0"
"07/11/2025";"0900";"19,2";"19,2";"18,8";"90,0";"90,0";"90,0";"17,5";"17,5";"17,1";"1013,3";"1013,3";"1013,0";"2,2";"237,0";"4,5";"72,20";"0,0"
"07/11/2025";"1000";"20,0";"20,0";"19,2";"87,0";"90,0";"87,0";"17,8";"17,9";"17,5";"1013,5";"1013,7";"1013,3";"2,6";"222,0";"4,7";"248,60";"0,0"
"07/11/2025";"1100";"21,1";"21,1";"20,0";"80,0";"87,0";"80,0";"17,5";"18,0";"17,5";"1014,5";"1014,5";"1013,5";"2,2";"229,0";"4,3";"553,80";"0,0"
"07/11/2025";"1200";"21,9";"22,0";"21,1";"76,0";"80,0";"75,0";"17,5";"17,7";"16,7";"1014,7";"1014,8";"1014,5";"2,2";"222,0";"4,8";"905,50";"0,0"
"07/11/2025";"1300";"21,1";"22,0";"21,1";"80,0";"80,0";"75,0";"17,4";"17,7";"17,2";"1014,5";"1014,7";"1014,5";"2,1";"202,0";"5,3";"787,80";"0,0"
"07/11/2025";"1400";"22,5";"22,5";"20,7";"76,0";"85,0";"75,0";"18,0";"18,7";"17,3";"1013,7";"1014,5";"1013,7";"1,3";"197,0";"5,6";"1151,50";"0,0"
"07/11/2025";"1500";"21,8";"22,7";"21,6";"72,0";"76,0";"70,0";"16,6";"17,6";"16,3";"1013,0";"1013,7";"1013,0";"2,9";"107,0";"7,0";"852,40";"0,0"
"07/11/2025";"1600";"22,4";"22,5";"21,6";"69,0";"73,0";"69,0";"16,5";"16,8";"16,2";"1012,2";"1013,0";"1012,2";"2,2";"61,0";"5,3";"739,30";"0,0"
"07/11/2025";"1700";"22,4";"22,8";"22,4";"68,0";"71,0";"67,0";"16,1";"17,1";"16,1";"1011,3";"1012,2";"1011,3";"2,7";"40,0";"5,0";"809,40";"0,0"
"07/11/2025";"1800";"22,3";"22,4";"22,2";"67,0";"70,0";"66,0";"15,8";"16,6";"15,7";"1010,4";"1011,3";"1010,4";"2,6";"71,0";"5,0";"353,60";"0,0"
"07/11/2025";"1900";"22,2";"22,4";"22,2";"66,0";"68,0";"64,0";"15,6";"16,1";"15,1";"1010,3";"1010,5";"1010,2";"2,2";"80,0";"5,3";"314,00";"0,0"
"07/11/2025";"2000";"22,3";"22,3";"22,1";"65,0";"68,0";"64,0";"15,4";"15,9";"15,2";"1010,1";"1010,3";"1010,0";"2,3";"53,0";"5,1";"357,40";"0,0"
"07/11/2025";"2100";"21,8";"22,3";"21,7";"68,0";"69,0";"64,0";"15,6";"15,7";"15,2";"1010,5";"1010,6";"1010,1";"2,4";"54,0";"4,9";"69,90";"0,0"
"07/11/2025";"2200";"21,3";"21,8";"21,3";"71,0";"71,0";"68,0";"15,9";"15,9";"15,6";"1010,5";"1010,6";"1010,4";"2,7";"38,0";"4,8";"";"0,0"
"07/11/2025";"2300";"20,7";"21,3";"20,7";"78,0";"78,0";"71,0";"16,7";"16,7";"15,9";"1010,4";"1010,5";"1010,3";"3,2";"31,0";"5,6";"";"0,0"
"08/11/2025";"0000";"20,1";"20,6";"20,1";"84,0";"84,0";"78,0";"17,2";"17,2";"16,7";"1010,3";"1010,6";"1010,2";"2,9";"33,0";"5,4";"";"0,0"
"08/11/2025";"0100";"19,8";"20,1";"19,8";"87,0";"87,0";"84,0";"17,5";"17,5";"17,2";"1010,2";"1010,6";"1010,0";"2,8";"30,0";"5,6";"";"0,0"
"08/11/2025";"0200";"20,1";"20,1";"19,7";"88,0";"88,0";"87,0";"18,0";"18,1";"17,5";"1009,5";"1010,3";"1009,5";"3,4";"32,0";"6,5";"";"0,0"
"08/11/2025";"0300";"20,0";"20,2";"20,0";"89,0";"89,0";"88,0";"18,2";"18,3";"18,0";"1008,4";"1009,5";"1008,3";"2,1";"43,0";"6,9";"";"0,0"
"08/11/2025";"0400";"20,4";"20,4";"20,0";"89,0";"90,0";"89,0";"18,5";"18,6";"18,2";"1007,4";"1008,4";"1007,4";"2,3";"34,0";"4,1";"";"0,0"
"08/11/2025";"0500";"20,0";"20,4";"20,0";"90,0";"90,0";"89,0";"18,3";"18,5";"18,3";"1006,1";"1007,4";"1006,0";"3,2";"17,0";"5,3";"";"0,0"
"08/11/2025";"0600";"19,4";"20,0";"19,4";"92,0";"92,0";"90,0";"18,1";"18,4";"18,1";"1005,8";"1006,1";"1005,7";"3,9";"4,0";"6,3";"";"0,0"
"08/11/2025";"0700";"19,6";"19,9";"19,4";"89,0";"92,0";"89,0";"17,8";"18,2";"17,8";"1005,2";"1006,1";"1005,2";"4,0";"356,0";"6,5";"";"0,0"
"08/11/2025";"0800";"19,8";"19,9";"19,6";"88,0";"89,0";"88,0";"17,7";"18,0";"17,7";"1005,2";"1005,9";"1004,8";"2,4";"47,0";"7,2";"";"0,0"
"08/11/2025";"0900";"20,5";"20,5";"19,7";"85,0";"89,0";"85,0";"17,9";"17,9";"17,7";"1004,7";"1005,3";"1004,3";"1,8";"37,0";"7,1";"79,30";"0,0"
"08/11/2025";"1000";"21,2";"21,4";"20,2";"83,0";"87,0";"82,0";"18,2";"18,5";"17,9";"1004,2";"1004,8";"1003,9";"5,1";"22,0";"8,5";"434,10";"0,0"
"08/11/2025";"1100";"21,8";"22,1";"21,2";"80,0";"83,0";"78,0";"18,1";"18,5";"17,8";"1005,9";"1005,9";"1004,2";"3,3";"16,0";"8,3";"327,20";"0,0"
"08/11/2025";"1200";"23,2";"23,2";"21,8";"77,0";"80,0";"77,0";"18,9";"18,9";"18,1";"1007,3";"1007,6";"1005,8";"1,6";"305,0";"5,3";"281,80";"0,0"
"08/11/2025";"1300";"23,7";"23,9";"23,1";"82,0";"83,0";"74,0";"20,5";"20,6";"18,7";"1007,7";"1008,2";"1007,2";"1,9";"302,0";"4,6";"397,80";"0,4"
"08/11/2025";"1400";"23,0";"23,8";"22,9";"84,0";"85,0";"82,0";"20,1";"20,8";"19,9";"1006,4";"1007,7";"1006,3";"1,9";"266,0";"5,9";"336,90";"0,8"
"08/11/2025";"1500";"22,4";"23,4";"22,2";"88,0";"88,0";"82,0";"20,4";"20,4";"20,0";"1005,5";"1006,4";"1005,2";"2,7";"345,0";"7,7";"523,40";"0,2"
"08/11/2025";"1600";"23,0";"23,2";"22,4";"86,0";"88,0";"83,0";"20,5";"20,6";"20,0";"1003,1";"1005,5";"1003,1";"4,5";"10,0";"7,3";"633,00";"0,0"
"08/11/2025";"1700";"23,8";"24,2";"23,0";"82,0";"86,0";"81,0";"20,5";"20,8";"20,3";"1002,6";"1003,1";"1002,5";"4,5";"13,0";"8,2";"650,80";"0,0"
"08/11/2025";"1800";"24,6";"24,6";"23,8";"80,0";"83,0";"80,0";"20,8";"21,2";"20,5";"1002,3";"1002,8";"1002,2";"6,1";"356,0";"10,0";"702,60";"0,0"
"08/11/2025";"1900";"25,5";"25,5";"24,6";"77,0";"80,0";"77,0";"21,2";"21,3";"20,9";"1001,8";"1002,5";"1001,8";"4,6";"349,0";"10,0";"878,10";"0,0"
"08/11/2025";"2000";"25,2";"25,5";"25,2";"78,0";"78,0";"77,0";"21,0";"21,4";"21,0";"1001,8";"1002,4";"1001,7";"3,5";"5,0";"8,5";"431,90";"0,0"
"08/11/2025";"2100";"26,4";"26,4";"25,0";"71,0";"78,0";"71,0";"20,7";"21,0";"20,7";"1001,9";"1002,1";"1001,6";"6,3";"324,0";"11,4";"67,30";"0,0"
"08/11/2025";"2200";"24,1";"26,4";"24,1";"85,0";"85,0";"71,0";"21,4";"21,4";"20,6";"1000,8";"1002,1";"1000,8";"5,4";"351,0";"12,5";"";"0,8"
"08/11/2025";"2300";"25,3";"25,6";"24,0";"76,0";"86,0";"75,0";"20,8";"21,6";"20,8";"1001,9";"1001,9";"1000,6";"4,7";"311,0";"9,9";"";"0,0"
"09/11/2025";"0000";"25,9";"26,4";"25,1";"67,0";"76,0";"65,0";"19,2";"20,8";"19,0";"1004,1";"1004,1";"1001,9";"2,7";"231,0";"9,1";"";"0,0"
"09/11/2025";"0100";"24,5";"26,6";"24,4";"69,0";"69,0";"65,0";"18,3";"19,5";"18,3";"1005,2";"1005,3";"1004,1";"6,0";"203,0";"12,5";"";"0,0"
"09/11/2025";"0200";"23,5";"24,5";"23,5";"70,0";"71,0";"68,0";"17,8";"18,4";"17,8";"1005,9";"1005,9";"1005,3";"3,8";"201,0";"12,4";"";"0,0"
"09/11/2025";"0300";"22,6";"23,6";"22,6";"74,0";"74,0";"70,0";"17,8";"17,9";"17,8";"1006,2";"1006,3";"1005,9";"1,8";"242,0";"8,7";"";"0,0"
"09/11/2025";"0400";"22,8";"22,9";"22,4";"72,0";"75,0";"72,0";"17,6";"17,9";"17,6";"1006,1";"1006,4";"1006,1";"1,8";"187,0";"4,3";"";"0,0"
"09/11/2025";"0500";"22,9";"23,1";"22,7";"68,0";"73,0";"67,0";"16,7";"17,6";"16,6";"1006,0";"1006,3";"1005,9";"1,7";"195,0";"5,3";"";"0,0"
"09/11/2025";"0600";"22,8";"23,1";"22,7";"68,0";"69,0";"66,0";"16,5";"16,8";"16,4";"1006,7";"1006,7";"1006,0";"2,9";"219,0";"5,3";"";"0,0"
"09/11/2025";"0700";"22,3";"22,9";"22,3";"71,0";"71,0";"67,0";"16,8";"16,8";"16,4";"1007,7";"1007,7";"1006,7";"2,2";"243,0";"5,5";"";"0,0"
"09/11/2025";"0800";"22,9";"22,9";"22,3";"68,0";"71,0";"68,0";"16,6";"16,9";"16,5";"1009,0";"1009,1";"1007,8";"4,3";"214,0";"8,2";"";"0,0"
"09/11/2025";"0900";"22,4";"23,3";"22,4";"68,0";"69,0";"66,0";"16,3";"16,6";"16,2";"1010,4";"1010,4";"1009,0";"6,8";"202,0";"14,3";"37,80";"0,0"
"09/11/2025";"1000";"22,1";"22,4";"21,9";"69,0";"70,0";"68,0";"16,1";"16,3";"15,9";"1011,6";"1011,6";"1010,3";"7,0";"205,0";"14,9";"185,30";"0,0"
"09/11/2025";"1100";"23,1";"23,4";"22,0";"66,0";"70,0";"66,0";"16,4";"16,8";"16,0";"1012,5";"1012,6";"1011,6";"6,6";"201,0";"15,6";"871,10";"0,0"
"09/11/2025";"1200";"23,7";"23,8";"23,1";"65,0";"67,0";"64,0";"16,8";"17,2";"16,3";"1013,3";"1013,3";"1012,5";"5,3";"200,0";"15,4";"1561,00";"0,0"
"09/11/2025";"1300";"23,7";"25,0";"23,2";"68,0";"70,0";"62,0";"17,4";"17,9";"16,6";"1013,4";"1013,5";"1013,2";"4,1";"189,0";"10,9";"1858,90";"0,0"
"09/11/2025";"1400";"24,7";"24,9";"23,7";"62,0";"68,0";"61,0";"16,9";"18,1";"16,5";"1013,5";"1013,7";"1013,4";"3,8";"179,0";"11,5";"2101,80";"0,0"
"09/11/2025";"1500";"24,6";"25,2";"23,8";"61,0";"65,0";"60,0";"16,6";"17,9";"16,1";"1013,4";"1013,5";"1013,3";"4,3";"170,0";"10,2";"2104,80";"0,0"
"09/11/2025";"1600";"23,6";"24,7";"23,6";"64,0";"67,0";"61,0";"16,5";"17,3";"16,4";"1013,2";"1013,4";"1013,0";"4,1";"175,0";"11,7";"1432,00";"0,0"
"09/11/2025";"1700";"23,0";"23,7";"23,0";"67,0";"68,0";"64,0";"16,6";"17,1";"16,2";"1013,3";"1013,3";"1013,1";"3,9";"185,0";"9,9";"783,80";"0,0"
"09/11/2025";"1800";"22,3";"23,1";"22,3";"72,0";"72,0";"65,0";"17,1";"17,1";"16,1";"1013,3";"1013,3";"1013,1";"3,7";"188,0";"11,8";"626,00";"0,0"
"09/11/2025";"1900";"21,8";"22,3";"21,8";"74,0";"74,0";"69,0";"16,9";"17,1";"16,4";"1013,8";"1013,8";"1013,3";"4,2";"196,0";"11,9";"452,40";"0,0"
"09/11/2025";"2000";"21,4";"21,8";"21,4";"75,0";"77,0";"73,0";"16,9";"17,2";"16,7";"1014,4";"1014,5";"1013,8";"3,6";"196,0";"11,9";"183,90";"0,0"
"09/11/2025";"2100";"20,9";"21,4";"20,8";"78,0";"79,0";"76,0";"17,0";"17,0";"16,9";"1014,9";"1014,9";"1014,4";"4,4";"205,0";"9,3";"92,20";"0,0"
"09/11/2025";"2200";"20,8";"20,9";"20,8";"80,0";"80,0";"78,0";"17,2";"17,2";"16,9";"1015,7";"1015,7";"1014,9";"3,7";"208,0";"8,4";"";"0,0"
"09/11/2025";"2300";"19,5";"20,8";"19,4";"89,0";"89,0";"80,0";"17,6";"17,6";"17,1";"1016,5";"1016,5";"1015,7";"2,8";"222,0";"7,1";"";"0,0"
"10/11/2025";"0000";"19,0";"19,6";"19,0";"92,0";"92,0";"89,0";"17,8";"17,8";"17,6";"1017,1";"1017,1";"1016,5";"2,3";"217,0";"8,1";"";"0,0"
"10/11/2025";"0100";"19,1";"19,1";"19,0";"93,0";"93,0";"92,0";"17,9";"17,9";"17,7";"1017,5";"1017,5";"1017,1";"2,5";"214,0";"4,5";"";"0,0"
"10/11/2025";"0200";"19,1";"19,1";"18,9";"91,0";"93,0";"91,0";"17,5";"17,9";"17,5";"1017,3";"1017,6";"1017,3";"3,9";"214,0";"7,0";"";"0,0"
"10/11/2025";"0300";"18,6";"19,1";"18,6";"91,0";"92,0";"91,0";"17,1";"17,5";"17,1";"1017,0";"1017,3";"1017,0";"3,0";"222,0";"6,3";"";"0,0"
"10/11/2025";"0400";"18,0";"18,6";"17,9";"92,0";"92,0";"91,0";"16,6";"17,1";"16,6";"1016,4";"1017,0";"1016,4";"2,2";"224,0";"5,1";"";"0,0"
"10/11/2025";"0500";"17,5";"18,0";"17,3";"93,0";"93,0";"92,0";"16,2";"16,7";"16,0";"1016,3";"1016,4";"1016,1";"1,0";"315,0";"3,2";"";"0,0"
"10/11/2025";"0600";"17,5";"17,8";"17,5";"91,0";"93,0";"91,0";"16,1";"16,6";"16,1";"1016,4";"1016,4";"1016,2";"1,5";"229,0";"2,5";"";"0,0"
"10/11/2025";"0700";"16,8";"17,6";"16,5";"93,0";"93,0";"91,0";"15,7";"16,2";"15,2";"1016,4";"1016,4";"1016,2";"2,0";"214,0";"2,4";"";"0,0"
"10/11/2025";"0800";"17,2";"17,4";"16,5";"92,0";"94,0";"92,0";"15,8";"16,1";"15,3";"1016,8";"1016,9";"1016,3";"1,3";"243,0";"3,3";"";"0,0"
"10/11/2025";"0900";"18,6";"18,6";"16,5";"90,0";"93,0";"90,0";"17,0";"17,0";"15,2";"1017,7";"1017,7";"1016,8";"1,6";"227,0";"2,8";"250,50";"0,0"
"10/11/2025";"1000";"20,8";"20,9";"18,6";"81,0";"90,0";"81,0";"17,5";"17,8";"17,0";"1018,2";"1018,2";"1017,7";"2,3";"215,0";"3,9";"1067,30";"0,0"
"10/11/2025";"1100";"22,1";"22,7";"20,8";"70,0";"83,0";"70,0";"16,4";"18,1";"16,3";"1018,4";"1018,4";"1018,1";"1,9";"171,0";"6,1";"1839,40";"0,0"
"10/11/2025";"1200";"22,8";"23,6";"21,6";"67,0";"74,0";"64,0";"16,3";"17,9";"15,7";"1018,4";"1018,5";"1018,4";"2,5";"189,0";"5,4";"2122,40";"0,0"
"10/11/2025";"1300";"23,4";"24,8";"22,5";"63,0";"69,0";"57,0";"15,9";"17,0";"15,2";"1018,2";"1018,5";"1018,2";"3,1";"209,0";"6,3";"1892,70";"0,0"
"10/11/2025";"1400";"24,8";"25,4";"22,5";"58,0";"66,0";"55,0";"15,9";"17,3";"14,9";"1018,1";"1018,4";"1018,1";"3,7";"204,0";"7,5";"2514,30";"0,0"
"10/11/2025";"1500";"25,3";"25,9";"24,2";"56,0";"60,0";"51,0";"15,8";"16,6";"14,6";"1017,5";"1018,1";"1017,5";"2,4";"170,0";"7,2";"3374,10";"0,0"
"10/11/2025";"1600";"26,2";"26,8";"24,4";"50,0";"58,0";"50,0";"15,0";"16,7";"14,3";"1017,0";"1017,5";"1016,9";"3,7";"196,0";"7,7";"2683,80";"0,0"
"10/11/2025";"1700";"23,7";"26,3";"23,7";"56,0";"58,0";"50,0";"14,3";"16,4";"14,3";"1016,8";"1017,0";"1016,8";"2,8";"178,0";"8,4";"1791,00";"0,0"
"10/11/2025";"1800";"23,7";"23,9";"23,0";"59,0";"59,0";"56,0";"15,2";"15,3";"14,0";"1016,6";"1016,8";"1016,6";"3,6";"166,0";"8,3";"1101,10";"0,0"
"10/11/2025";"1900";"22,9";"25,0";"22,9";"55,0";"59,0";"52,0";"13,4";"15,4";"13,1";"1016,8";"1016,8";"1016,5";"2,4";"180,0";"8,3";"1747,70";"0,0"
"10/11/2025";"2000";"21,8";"22,9";"21,7";"59,0";"61,0";"53,0";"13,5";"13,8";"12,7";"1017,4";"1017,4";"1016,8";"2,9";"178,0";"8,8";"393,80";"0,0"
"10/11/2025";"2100";"21,3";"21,8";"21,2";"65,0";"66,0";"59,0";"14,5";"14,5";"13,4";"1018,0";"1018,0";"1017,4";"1,7";"188,0";"6,9";"80,00";"0,0"
"10/11/2025";"2200";"20,9";"21,3";"20,9";"68,0";"69,0";"65,0";"14,7";"14,8";"14,4";"1018,3";"1018,3";"1018,0";"1,2";"184,0";"4,3";"";"0,0"
"10/11/2025";"2300";"19,1";"20,9";"19,1";"78,0";"78,0";"68,0";"15,1";"15,1";"14,7";"1018,7";"1018,7";"1018,3";"1,8";"243,0";"4,7";"";"0,0"
"11/11/2025";"0000";"18,9";"19,1";"18,6";"80,0";"81,0";"78,0";"15,4";"15,4";"15,1";"1019,1";"1019,1";"1018,7";"1,8";"221,0";"2,8";"";"0,0"
"11/11/2025";"0100";"18,0";"19,0";"18,0";"84,0";"84,0";"79,0";"15,2";"15,4";"15,2";"1019,2";"1019,3";"1019,1";"1,8";"222,0";"2,9";"";"0,0"
"11/11/2025";"0200";"16,8";"18,0";"16,8";"88,0";"88,0";"84,0";"14,8";"15,4";"14,6";"1019,0";"1019,2";"1018,9";"1,4";"207,0";"2,7";"";"0,0"
"11/11/2025";"0300";"16,9";"17,4";"16,8";"89,0";"90,0";"88,0";"15,1";"15,6";"14,9";"1018,2";"1019,0";"1018,2";"1,3";"194,0";"2,0";"";"0,0"
"11/11/2025";"0400";"18,5";"18,5";"16,9";"83,0";"89,0";"83,0";"15,5";"15,8";"15,1";"1017,5";"1018,2";"1017,5";"1,3";"202,0";"2,8";"";"0,0"
"11/11/2025";"0500";"18,2";"18,5";"18,2";"85,0";"85,0";"82,0";"15,6";"15,6";"15,3";"1017,2";"1017,5";"1017,2";"2,5";"222,0";"5,0";"";"0,0"
"11/11/2025";"0600";"18,3";"18,3";"18,1";"86,0";"87,0";"85,0";"15,9";"16,0";"15,6";"1017,1";"1017,3";"1017,1";"2,2";"224,0";"3,6";"";"0,0"
"11/11/2025";"0700";"18,3";"18,3";"18,0";"85,0";"88,0";"85,0";"15,8";"16,0";"15,8";"1017,4";"1017,4";"1017,0";"2,5";"212,0";"3,5";"";"0,0"
"11/11/2025";"0800";"18,3";"18,5";"18,3";"80,0";"85,0";"80,0";"14,7";"15,8";"14,7";"1017,9";"1017,9";"1017,3";"2,4";"206,0";"4,6";"";"0,0"
"11/11/2025";"0900";"19,5";"19,5";"18,3";"76,0";"80,0";"76,0";"15,1";"15,3";"14,7";"1018,6";"1018,6";"1017,9";"1,9";"222,0";"3,9";"277,20";"0,0"
"11/11/2025";"1000";"21,6";"21,6";"19,5";"67,0";"76,0";"67,0";"15,3";"15,9";"15,1";"1019,0";"1019,0";"1018,6";"2,7";"214,0";"4,6";"1106,40";"0,0"
"11/11/2025";"1100";"22,5";"23,6";"21,5";"61,0";"68,0";"60,0";"14,6";"16,4";"14,6";"1019,4";"1019,4";"1019,0";"2,1";"175,0";"5,9";"1926,10";"0,0"
"11/11/2025";"1200";"23,7";"24,3";"22,5";"55,0";"64,0";"52,0";"14,0";"15,9";"13,3";"1019,5";"1019,7";"1019,4";"3,0";"217,0";"5,4";"2759,60";"0,0"
"11/11/2025";"1300";"23,7";"25,2";"23,6";"57,0";"58,0";"50,0";"14,8";"15,5";"13,4";"1019,3";"1019,5";"1019,3";"2,9";"208,0";"6,1";"2752,50";"0,0"
"11/11/2025";"1400";"24,7";"25,6";"23,7";"53,0";"60,0";"50,0";"14,4";"16,1";"13,5";"1018,8";"1019,4";"1018,8";"2,6";"196,0";"6,6";"3847,00";"0,0"
"11/11/2025";"1500";"25,9";"26,2";"24,6";"46,0";"57,0";"46,0";"13,5";"15,8";"13,3";"1018,1";"1018,8";"1018,1";"2,8";"228,0";"6,1";"3960,90";"0,0"
"11/11/2025";"1600";"25,2";"26,1";"24,6";"50,0";"54,0";"46,0";"14,1";"14,8";"13,0";"1017,4";"1018,1";"1017,4";"2,4";"183,0";"5,9";"1895,80";"0,0"
"11/11/2025";"1700";"25,2";"25,8";"25,0";"49,0";"53,0";"46,0";"13,7";"15,0";"13,2";"1016,9";"1017,4";"1016,8";"2,3";"189,0";"5,1";"1792,40";"0,0"
"11/11/2025";"1800";"25,0";"25,7";"24,9";"49,0";"53,0";"47,0";"13,6";"15,0";"13,4";"1016,6";"1016,9";"1016,5";"2,4";"192,0";"6,4";"1614,70";"0,0"
"11/11/2025";"1900";"24,2";"25,0";"24,2";"47,0";"51,0";"46,0";"12,2";"13,9";"12,0";"1016,9";"1016,9";"1016,5";"2,3";"169,0";"6,3";"1007,80";"0,0"
"11/11/2025";"2000";"23,2";"24,2";"23,1";"46,0";"50,0";"46,0";"10,9";"12,8";"10,9";"1017,5";"1017,5";"1016,8";"2,5";"177,0";"6,5";"507,20";"0,0"
"11/11/2025";"2100";"22,6";"23,2";"22,6";"47,0";"47,0";"42,0";"10,8";"11,0";"9,4";"1018,2";"1018,2";"1017,5";"3,1";"136,0";"6,2";"70,10";"0,0"
"11/11/2025";"2200";"22,1";"22,6";"22,1";"56,0";"57,0";"47,0";"13,0";"13,0";"10,9";"1018,8";"1018,8";"1018,2";"2,5";"132,0";"5,7";"";"0,0"
"11/11/2025";"2300";"21,8";"22,1";"21,5";"59,0";"61,0";"56,0";"13,5";"13,7";"12,9";"1019,1";"1019,1";"1018,7";"2,4";"142,0";"4,0";"";"0,0"
"12/11/2025";"0000";"21,2";"21,8";"21,2";"65,0";"65,0";"59,0";"14,3";"14,3";"13,5";"1019,6";"1019,6";"1019,1";"1,2";"173,0";"5,2";"";"0,0"
"12/11/2025";"0100";"19,1";"21,2";"19,1";"76,0";"76,0";"65,0";"14,7";"14,7";"14,2";"1019,6";"1019,7";"1019,6";"1,7";"242,0";"3,1";"";"0,0"
"12/11/2025";"0200";"18,0";"19,2";"18,0";"80,0";"81,0";"76,0";"14,6";"15,1";"14,6";"1019,1";"1019,6";"1019,1";"1,6";"214,0";"3,2";"";"0,0"
"12/11/2025";"0300";"17,6";"18,3";"17,4";"83,0";"84,0";"80,0";"14,7";"15,0";"14,3";"1018,6";"1019,1";"1018,6";"1,2";"230,0";"2,2";"";"0,0"
"12/11/2025";"0400";"17,0";"17,8";"17,0";"88,0";"88,0";"83,0";"15,0";"15,4";"14,5";"1018,0";"1018,6";"1018,0";"0,7";"268,0";"1,6";"";"0,0"
"12/11/2025";"0500";"16,5";"17,0";"16,3";"88,0";"89,0";"87,0";"14,4";"15,0";"14,3";"1017,3";"1018,0";"1017,3";"1,3";"224,0";"1,5";"";"0,0"
"12/11/2025";"0600";"16,2";"16,7";"16,2";"87,0";"88,0";"85,0";"14,1";"14,6";"13,9";"1017,1";"1017,3";"1017,1";"1,1";"252,0";"1,5";"";"0,0"
"12/11/2025";"0700";"16,1";"16,3";"15,9";"89,0";"89,0";"87,0";"14,3";"14,4";"13,9";"1017,1";"1017,2";"1017,0";"1,0";"270,0";"1,3";"";"0,0"
"12/11/2025";"0800";"15,3";"16,1";"15,3";"91,0";"91,0";"89,0";"13,8";"14,3";"13,8";"1017,3";"1017,3";"1017,1";"1,5";"271,0";"1,9";"";"0,0"
"12/11/2025";"0900";"16,7";"17,0";"15,2";"90,0";"91,0";"90,0";"15,0";"15,5";"13,8";"1017,8";"1017,8";"1017,3";"1,2";"278,0";"2,0";"261,80";"0,0"
"12/11/2025";"1000";"20,0";"20,0";"16,7";"80,0";"91,0";"80,0";"16,4";"16,7";"15,0";"1018,4";"1018,4";"1017,8";"1,5";"283,0";"2,5";"977,30";"0,0"
"12/11/2025";"1100";"23,2";"23,4";"20,0";"61,0";"80,0";"60,0";"15,2";"16,7";"15,1";"1018,3";"1018,4";"1018,2";"2,9";"9,0";"5,2";"1974,90";"0,0"
"12/11/2025";"1200";"24,9";"25,2";"23,1";"55,0";"63,0";"53,0";"15,4";"15,9";"14,4";"1018,0";"1018,3";"1018,0";"3,8";"32,0";"6,6";"2776,10";"0,0"
"12/11/2025";"1300";"26,1";"26,6";"24,5";"51,0";"57,0";"49,0";"15,2";"16,2";"14,3";"1017,4";"1018,0";"1017,4";"3,3";"61,0";"7,7";"3438,50";"0,0"
"12/11/2025";"1400";"26,5";"27,0";"25,4";"48,0";"52,0";"47,0";"14,6";"15,8";"13,7";"1016,8";"1017,4";"1016,8";"3,9";"37,0";"7,3";"3049,10";"0,0"
"12/11/2025";"1500";"27,0";"27,6";"25,8";"43,0";"51,0";"43,0";"13,3";"16,1";"13,1";"1016,5";"1016,8";"1016,4";"4,3";"60,0";"8,6";"3234,50";"0,0"
"12/11/2025";"1600";"26,9";"27,2";"25,7";"38,0";"47,0";"38,0";"11,4";"14,0";"11,4";"1015,9";"1016,5";"1015,8";"4,5";"63,0";"10,1";"3190,20";"0,0"
"12/11/2025";"1700";"27,1";"27,4";"26,1";"42,0";"43,0";"38,0";"12,9";"13,2";"11,4";"1015,6";"1015,9";"1015,6";"4,4";"62,0";"8,8";"3156,50";"0,0"
"12/11/2025";"1800";"26,3";"27,2";"26,1";"44,0";"45,0";"38,0";"13,1";"13,5";"11,1";"1015,1";"1015,6";"1015,1";"5,3";"81,0";"9,7";"2950,90";"0,0"
"12/11/2025";"1900";"25,2";"26,4";"25,2";"48,0";"49,0";"42,0";"13,3";"13,9";"12,4";"1015,0";"1015,1";"1015,0";"6,0";"64,0";"10,7";"2160,50";"0,0"
"12/11/2025";"2000";"24,0";"25,4";"24,0";"58,0";"59,0";"47,0";"15,3";"15,4";"12,9";"1015,1";"1015,2";"1014,9";"5,7";"61,0";"10,8";"1243,00";"0,0"
"12/11/2025";"2100";"22,7";"24,0";"22,7";"63,0";"65,0";"58,0";"15,3";"16,1";"15,2";"1015,6";"1015,6";"1015,1";"4,3";"65,0";"10,4";"340,90";"0,0"
"12/11/2025";"2200";"21,5";"22,7";"21,5";"71,0";"71,0";"63,0";"16,0";"16,1";"15,4";"1015,8";"1015,9";"1015,6";"2,6";"62,0";"8,1";"";"0,0"
"12/11/2025";"2300";"20,6";"21,6";"20,6";"78,0";"78,0";"71,0";"16,7";"16,7";"16,1";"1015,8";"1016,0";"1015,8";"2,3";"65,0";"5,5";"";"0,0"
"13/11/2025";"0000";"20,6";"20,8";"20,5";"78,0";"79,0";"77,0";"16,6";"16,8";"16,5";"1016,2";"1016,2";"1015,8";"2,5";"57,0";"4,8";"";"0,0"
"13/11/2025";"0100";"20,6";"20,7";"20,4";"79,0";"79,0";"78,0";"16,8";"16,9";"16,6";"1016,1";"1016,2";"1016,0";"2,8";"54,0";"4,5";"";"0,0"
"13/11/2025";"0200";"20,7";"20,8";"20,5";"78,0";"79,0";"78,0";"16,8";"16,9";"16,6";"1015,2";"1016,1";"1015,2";"3,1";"54,0";"4,8";"";"0,0"
"13/11/2025";"0300";"20,1";"20,8";"20,1";"79,0";"79,0";"77,0";"16,3";"16,8";"16,3";"1014,7";"1015,2";"1014,7";"2,3";"44,0";"5,4";"";"0,0"
"13/11/2025";"0400";"19,2";"20,1";"19,2";"81,0";"81,0";"79,0";"15,8";"16,3";"15,8";"1014,0";"1014,7";"1014,0";"2,2";"39,0";"4,3";"";"0,0"
"13/11/2025";"0500";"18,5";"19,2";"18,5";"80,0";"83,0";"79,0";"14,9";"16,1";"14,9";"1013,8";"1014,0";"1013,7";"1,9";"12,0";"4,3";"";"0,0"
"13/11/2025";"0600";"17,4";"18,5";"17,4";"82,0";"82,0";"80,0";"14,3";"14,9";"14,3";"1013,7";"1013,8";"1013,6";"2,2";"5,0";"3,4";"";"0,0"
"13/11/2025";"0700";"17,1";"17,4";"16,9";"83,0";"84,0";"82,0";"14,2";"14,4";"14,1";"1013,9";"1014,0";"1013,5";"2,4";"7,0";"4,6";"";"0,0"
"13/11/2025";"0800";"16,8";"17,1";"16,4";"85,0";"87,0";"83,0";"14,3";"14,4";"14,0";"1014,4";"1014,4";"1013,9";"2,5";"10,0";"3,7";"";"0,0"
"13/11/2025";"0900";"19,5";"19,5";"16,8";"74,0";"85,0";"74,0";"14,8";"14,9";"14,3";"1015,2";"1015,2";"1014,4";"2,6";"9,0";"4,3";"255,60";"0,0"
"13/11/2025";"1000";"22,3";"22,3";"19,5";"65,0";"75,0";"65,0";"15,5";"15,5";"14,7";"1015,6";"1015,6";"1015,1";"4,0";"22,0";"6,2";"1058,00";"0,0"
"13/11/2025";"1100";"24,5";"24,6";"22,2";"57,0";"65,0";"56,0";"15,4";"15,8";"14,8";"1016,0";"1016,1";"1015,6";"4,1";"24,0";"6,7";"1960,00";"0,0"
"13/11/2025";"1200";"26,5";"26,5";"24,5";"53,0";"58,0";"51,0";"16,1";"16,5";"15,3";"1015,9";"1016,0";"1015,9";"4,6";"20,0";"7,6";"2777,40";"0,0"
"13/11/2025";"1300";"27,6";"27,8";"26,2";"49,0";"54,0";"47,0";"15,8";"16,4";"15,1";"1015,5";"1015,9";"1015,5";"4,8";"26,0";"8,8";"3420,20";"0,0"
"13/11/2025";"1400";"29,4";"29,8";"27,6";"43,0";"50,0";"42,0";"15,6";"16,8";"15,1";"1014,8";"1015,5";"1014,8";"3,9";"12,0";"8,8";"3835,20";"0,0"
"13/11/2025";"1500";"29,8";"30,4";"28,8";"42,0";"45,0";"40,0";"15,6";"16,8";"14,6";"1013,8";"1014,8";"1013,8";"5,0";"16,0";"8,5";"4003,50";"0,0"
"13/11/2025";"1600";"28,8";"30,7";"28,8";"49,0";"50,0";"39,0";"16,9";"17,8";"15,0";"1013,1";"1013,8";"1013,1";"5,1";"68,0";"10,0";"3890,90";"0,0"
"13/11/2025";"1700";"28,7";"29,0";"28,1";"52,0";"53,0";"49,0";"17,8";"18,3";"16,9";"1012,6";"1013,1";"1012,6";"5,1";"58,0";"10,1";"3521,20";"0,0"
"13/11/2025";"1800";"27,2";"28,6";"27,0";"56,0";"57,0";"51,0";"17,5";"18,1";"17,2";"1012,4";"1012,6";"1012,3";"6,6";"65,0";"11,8";"2925,70";"0,0"
"13/11/2025";"1900";"26,3";"27,6";"26,3";"61,0";"61,0";"54,0";"18,2";"18,5";"17,2";"1012,4";"1012,5";"1012,3";"6,4";"50,0";"12,2";"2136,70";"0,0"
"13/11/2025";"2000";"24,9";"26,4";"24,9";"66,0";"66,0";"61,0";"18,1";"18,5";"18,0";"1012,6";"1012,6";"1012,4";"5,9";"59,0";"12,3";"1197,50";"0,0"
"13/11/2025";"2100";"23,5";"24,9";"23,5";"73,0";"73,0";"66,0";"18,3";"18,4";"18,1";"1013,3";"1013,3";"1012,6";"6,2";"52,0";"12,3";"319,80";"0,0"
"13/11/2025";"2200";"22,7";"23,5";"22,6";"78,0";"78,0";"73,0";"18,7";"18,8";"18,3";"1014,1";"1014,1";"1013,3";"3,7";"55,0";"10,8";"";"0,0"
"13/11/2025";"2300";"22,4";"22,7";"22,3";"79,0";"79,0";"78,0";"18,6";"18,8";"18,5";"1015,0";"1015,0";"1014,1";"3,3";"58,0";"7,3";"";"0,0"
"14/11/2025";"0000";"22,1";"22,5";"22,1";"80,0";"80,0";"79,0";"18,5";"18,6";"18,4";"1015,4";"1015,4";"1015,0";"3,2";"55,0";"6,2";"";"0,0"
"14/11/2025";"0100";"21,9";"22,2";"21,9";"82,0";"82,0";"80,0";"18,7";"18,7";"18,5";"1015,7";"1015,7";"1015,4";"2,5";"56,0";"5,7";"";"0,0"
"14/11/2025";"0200";"21,8";"22,0";"21,8";"84,0";"84,0";"82,0";"19,1";"19,1";"18,7";"1015,2";"1015,7";"1015,2";"2,0";"53,0";"4,7";"";"0,0"
"14/11/2025";"0300";"21,3";"21,8";"21,2";"88,0";"88,0";"84,0";"19,3";"19,3";"19,0";"1014,5";"1015,2";"1014,5";"2,0";"61,0";"3,5";"";"0,0"
"14/11/2025";"0400";"20,7";"21,4";"20,7";"90,0";"90,0";"88,0";"18,9";"19,5";"18,9";"1013,8";"1014,5";"1013,8";"1,7";"40,0";"4,1";"";"0,0"
"14/11/2025";"0500";"20,3";"20,7";"20,1";"93,0";"93,0";"90,0";"19,0";"19,2";"18,7";"1013,2";"1013,8";"1013,2";"1,3";"244,0";"2,6";"";"0,0"
"14/11/2025";"0600";"19,7";"20,4";"19,7";"94,0";"94,0";"93,0";"18,6";"19,2";"18,6";"1013,2";"1013,3";"1012,9";"1,7";"227,0";"2,5";"";"0,0"
"14/11/2025";"0700";"20,3";"20,3";"19,4";"94,0";"94,0";"93,0";"19,3";"19,3";"18,4";"1013,4";"1013,4";"1013,2";"1,0";"175,0";"2,5";"";"0,0"
"14/11/2025";"0800";"18,8";"20,4";"18,8";"94,0";"94,0";"93,0";"17,9";"19,4";"17,8";"1013,8";"1013,8";"1013,3";"1,8";"301,0";"2,9";"";"0,0"
"14/11/2025";"0900";"19,9";"20,0";"18,7";"95,0";"95,0";"94,0";"19,0";"19,1";"17,8";"1014,4";"1014,4";"1013,8";"0,7";"298,0";"2,6";"237,60";"0,0"
"14/11/2025";"1000";"22,9";"22,9";"19,9";"85,0";"95,0";"85,0";"20,1";"21,0";"19,0";"1015,1";"1015,1";"1014,4";"0,7";"343,0";"2,1";"1044,00";"0,0"
"14/11/2025";"1100";"25,7";"25,7";"22,8";"72,0";"85,0";"72,0";"20,3";"20,6";"19,6";"1015,0";"1015,1";"1014,9";"1,6";"25,0";"3,9";"1843,00";"0,0"
"14/11/2025";"1200";"27,8";"28,2";"25,6";"60,0";"72,0";"59,0";"19,3";"20,5";"18,9";"1015,5";"1015,5";"1015,0";"1,4";"36,0";"4,4";"2699,10";"0,0"
"14/11/2025";"1300";"29,7";"29,7";"27,6";"55,0";"62,0";"52,0";"19,8";"19,8";"18,3";"1014,9";"1015,5";"1014,9";"1,1";"282,0";"4,8";"3317,00";"0,0"
"14/11/2025";"1400";"30,7";"30,7";"29,1";"49,0";"55,0";"47,0";"18,7";"20,0";"17,6";"1014,7";"1014,9";"1014,7";"1,3";"255,0";"4,5";"3752,20";"0,0"
"14/11/2025";"1500";"31,5";"31,9";"30,5";"46,0";"52,0";"43,0";"18,3";"20,1";"16,9";"1014,0";"1014,7";"1014,0";"1,5";"297,0";"4,7";"4043,10";"0,0"
"14/11/2025";"1600";"31,7";"32,0";"30,9";"50,0";"52,0";"40,0";"19,9";"20,5";"16,3";"1013,3";"1014,0";"1013,3";"2,7";"200,0";"5,5";"3542,30";"0,0"
"14/11/2025";"1700";"30,0";"32,0";"28,9";"52,0";"57,0";"49,0";"19,0";"20,6";"19,0";"1013,0";"1013,3";"1012,9";"4,1";"79,0";"8,6";"2411,60";"0,0"
"14/11/2025";"1800";"28,9";"30,4";"28,4";"59,0";"60,0";"52,0";"20,1";"21,0";"19,2";"1013,0";"1013,1";"1012,9";"4,5";"67,0";"8,6";"2445,00";"0,0"
"14/11/2025";"1900";"27,1";"29,1";"27,1";"64,0";"65,0";"57,0";"19,6";"20,2";"19,4";"1013,7";"1013,7";"1013,0";"3,2";"80,0";"7,5";"1160,70";"0,0"
"14/11/2025";"2000";"26,1";"27,0";"26,1";"73,0";"73,0";"64,0";"20,8";"20,8";"19,5";"1014,0";"1014,0";"1013,7";"3,0";"89,0";"5,9";"349,10";"0,0"
"14/11/2025";"2100";"24,9";"26,1";"24,9";"78,0";"78,0";"73,0";"20,8";"21,0";"20,8";"1014,4";"1014,4";"1014,0";"3,0";"93,0";"5,9";"156,30";"0,0"
"14/11/2025";"2200";"24,4";"24,9";"24,4";"83,0";"83,0";"78,0";"21,4";"21,4";"20,8";"1015,2";"1015,2";"1014,4";"2,1";"87,0";"5,2";"";"0,0"
"14/11/2025";"2300";"24,5";"24,5";"24,4";"84,0";"84,0";"83,0";"21,6";"21,6";"21,4";"1015,8";"1015,8";"1015,2";"1,8";"93,0";"4,0";"";"0,0"
"15/11/2025";"0000";"24,4";"24,5";"24,4";"84,0";"85,0";"84,0";"21,6";"21,7";"21,6";"1016,4";"1016,4";"1015,8";"0,9";"74,0";"3,7";"";"0,0"
"15/11/2025";"0100";"24,4";"24,5";"24,4";"83,0";"84,0";"83,0";"21,4";"21,6";"21,4";"1016,4";"1016,5";"1016,3";"1,0";"137,0";"3,1";"";"0,0"
"15/11/2025";"0200";"23,5";"24,4";"23,5";"87,0";"87,0";"83,0";"21,3";"21,4";"21,0";"1016,0";"1016,5";"1016,0";"0,8";"209,0";"3,3";"";"0,0"
"15/11/2025";"0300";"23,2";"23,5";"23,1";"88,0";"88,0";"87,0";"21,0";"21,4";"20,9";"1015,4";"1016,0";"1015,3";"0,9";"210,0";"3,5";"";"0,0"
"15/11/2025";"0400";"22,9";"23,2";"22,9";"86,0";"88,0";"86,0";"20,4";"21,0";"20,4";"1014,5";"1015,4";"1014,5";"2,1";"221,0";"3,2";"";"0,0"
"15/11/2025";"0500";"22,7";"23,1";"22,7";"85,0";"86,0";"84,0";"20,1";"20,4";"20,1";"1014,0";"1014,5";"1013,9";"1,0";"204,0";"3,9";"";"0,0"
"15/11/2025";"0600";"23,0";"23,1";"22,6";"82,0";"86,0";"82,0";"19,7";"20,3";"19,7";"1013,8";"1014,0";"1013,8";"1,8";"202,0";"5,1";"";"0,0"
"15/11/2025";"0700";"22,5";"23,0";"22,5";"85,0";"85,0";"82,0";"19,9";"19,9";"19,6";"1013,6";"1013,9";"1013,6";"2,4";"204,0";"5,3";"";"0,0"
"15/11/2025";"0800";"22,3";"22,4";"22,2";"88,0";"88,0";"86,0";"20,2";"20,2";"19,9";"1013,9";"1013,9";"1013,6";"2,3";"205,0";"5,5";"";"0,0"
"15/11/2025";"0900";"22,5";"22,5";"22,1";"89,0";"90,0";"88,0";"20,7";"20,7";"20,2";"1014,3";"1014,4";"1013,9";"1,3";"193,0";"5,2";"125,70";"0,0"
"15/11/2025";"1000";"23,5";"23,9";"22,5";"84,0";"90,0";"84,0";"20,7";"21,2";"20,6";"1014,9";"1014,9";"1014,3";"2,9";"203,0";"7,2";"847,20";"0,0"
"15/11/2025";"1100";"24,5";"25,0";"23,5";"80,0";"85,0";"79,0";"20,9";"21,5";"20,6";"1015,4";"1015,4";"1014,9";"3,6";"214,0";"7,1";"1183,50";"0,0"
"15/11/2025";"1200";"26,4";"26,4";"24,4";"73,0";"81,0";"73,0";"21,3";"21,7";"20,8";"1015,6";"1015,6";"1015,4";"2,7";"198,0";"6,3";"2173,90";"0,0"
"15/11/2025";"1300";"26,6";"27,7";"26,4";"70,0";"75,0";"67,0";"20,7";"22,3";"20,5";"1015,1";"1015,6";"1015,1";"3,5";"204,0";"7,8";"2959,10";"0,0"
"15/11/2025";"1400";"28,0";"28,6";"26,2";"68,0";"74,0";"64,0";"21,5";"22,5";"20,4";"1014,6";"1015,1";"1014,6";"3,1";"195,0";"8,2";"2872,70";"0,0"
"15/11/2025";"1500";"29,3";"29,3";"28,0";"61,0";"68,0";"59,0";"21,0";"21,5";"20,1";"1013,9";"1014,6";"1013,9";"3,3";"191,0";"7,3";"3555,90";"0,0"
"15/11/2025";"1600";"27,3";"29,4";"27,3";"67,0";"67,0";"59,0";"20,5";"20,9";"19,7";"1013,3";"1013,9";"1013,3";"2,0";"193,0";"7,3";"1667,90";"0,0"
"15/11/2025";"1700";"26,1";"27,5";"26,0";"70,0";"72,0";"64,0";"20,1";"20,6";"20,1";"1012,8";"1013,3";"1012,7";"2,1";"321,0";"5,0";"511,20";"0,0"
"15/11/2025";"1800";"25,6";"26,1";"25,1";"78,0";"80,0";"70,0";"21,5";"21,6";"20,2";"1012,3";"1012,8";"1012,3";"1,9";"345,0";"4,7";"473,70";"0,0"
"15/11/2025";"1900";"24,4";"25,7";"23,9";"84,0";"87,0";"78,0";"21,6";"21,8";"20,9";"1012,2";"1012,3";"1012,2";"1,3";"24,0";"4,4";"318,20";"0,8"
"15/11/2025";"2000";"24,2";"24,5";"23,6";"89,0";"90,0";"84,0";"22,3";"22,3";"21,1";"1012,4";"1012,4";"1012,2";"1,7";"13,0";"4,4";"198,30";"2,4"
"15/11/2025";"2100";"24,5";"25,1";"24,2";"76,0";"89,0";"74,0";"19,9";"22,5";"19,9";"1012,8";"1012,8";"1012,3";"1,8";"111,0";"4,3";"124,20";"0,0"
"15/11/2025";"2200";"23,5";"24,5";"23,3";"81,0";"85,0";"76,0";"20,0";"20,7";"20,0";"1013,7";"1013,7";"1012,8";"2,3";"109,0";"4,9";"";"0,0"
"15/11/2025";"2300";"23,2";"23,6";"23,2";"83,0";"83,0";"80,0";"20,1";"20,1";"19,8";"1014,3";"1014,4";"1013,7";"2,3";"113,0";"5,6";"";"0,0"
"16/11/2025";"0000";"22,5";"23,2";"22,5";"87,0";"87,0";"83,0";"20,2";"20,4";"20,0";"1014,8";"1014,9";"1014,3";"1,6";"124,0";"3,8";"";"0,0"
"16/11/2025";"0100";"22,5";"22,7";"22,4";"88,0";"89,0";"87,0";"20,5";"20,5";"20,2";"1014,8";"1014,8";"1014,7";"1,5";"132,0";"3,8";"";"0,0"
"16/11/2025";"0200";"22,1";"22,5";"22,0";"90,0";"90,0";"88,0";"20,4";"20,5";"20,2";"1014,2";"1014,8";"1014,2";"0,9";"148,0";"2,9";"";"0,0"
"16/11/2025";"0300";"21,2";"22,2";"21,2";"91,0";"92,0";"89,0";"19,8";"20,5";"19,8";"1013,5";"1014,2";"1013,5";"0,7";"169,0";"1,9";"";"0,0"
"16/11/2025";"0400";"21,3";"21,5";"21,2";"93,0";"93,0";"91,0";"20,1";"20,2";"19,8";"1013,1";"1013,5";"1013,1";"1,4";"231,0";"1,8";"";"0,0"
"16/11/2025";"0500";"21,3";"21,4";"21,2";"93,0";"93,0";"93,0";"20,1";"20,3";"20,0";"1012,2";"1013,1";"1012,1";"0,9";"215,0";"1,8";"";"0,0"
"16/11/2025";"0600";"21,3";"21,5";"21,3";"93,0";"93,0";"93,0";"20,2";"20,4";"20,1";"1012,2";"1012,3";"1012,0";"1,5";"223,0";"2,0";"";"0,0"
"16/11/2025";"0700";"21,5";"21,6";"21,2";"93,0";"93,0";"93,0";"20,3";"20,4";"20,1";"1011,9";"1012,2";"1011,8";"1,1";"275,0";"2,1";"";"0,0"
"16/11/2025";"0800";"21,5";"21,6";"21,3";"93,0";"93,0";"93,0";"20,4";"20,4";"20,2";"1011,9";"1012,0";"1011,6";"0,8";"204,0";"1,5";"";"0,0"
"16/11/2025";"0900";"22,5";"22,5";"21,5";"93,0";"93,0";"93,0";"21,3";"21,3";"20,4";"1012,5";"1012,5";"1011,9";"0,4";"86,0";"1,8";"143,20";"0,0"
"16/11/2025";"1000";"23,8";"24,1";"22,5";"89,0";"93,0";"89,0";"21,9";"22,6";"21,3";"1012,5";"1012,6";"1012,4";"1,1";"57,0";"2,0";"683,90";"0,0"
"16/11/2025";"1100";"24,4";"24,4";"23,6";"85,0";"89,0";"85,0";"21,7";"22,0";"21,5";"1013,0";"1013,0";"1012,4";"1,8";"89,0";"3,0";"760,30";"0,0"
"16/11/2025";"1200";"25,7";"26,3";"24,4";"77,0";"85,0";"76,0";"21,4";"22,5";"21,0";"1012,8";"1013,2";"1012,8";"2,1";"32,0";"4,5";"1503,40";"0,0"
"16/11/2025";"1300";"26,3";"27,3";"25,7";"70,0";"78,0";"67,0";"20,3";"22,3";"19,9";"1012,9";"1012,9";"1012,5";"2,1";"28,0";"5,6";"1342,20";"0,0"
"16/11/2025";"1400";"29,6";"29,6";"26,3";"61,0";"70,0";"57,0";"21,4";"21,7";"19,1";"1012,0";"1012,9";"1012,0";"3,1";"57,0";"7,5";"3065,80";"0,0"
"16/11/2025";"1500";"28,6";"29,9";"28,1";"56,0";"61,0";"55,0";"19,1";"20,7";"18,5";"1011,5";"1012,1";"1011,5";"3,4";"70,0";"7,1";"2432,20";"0,0"
"16/11/2025";"1600";"27,7";"28,7";"27,7";"53,0";"57,0";"50,0";"17,4";"19,1";"16,5";"1010,9";"1011,5";"1010,9";"5,3";"66,0";"9,0";"1924,50";"0,0"
"16/11/2025";"1700";"26,2";"27,8";"26,2";"69,0";"70,0";"53,0";"20,1";"20,5";"17,5";"1010,4";"1010,9";"1010,3";"4,4";"49,0";"9,0";"1099,00";"0,0"
"16/11/2025";"1800";"25,7";"26,5";"25,6";"74,0";"75,0";"69,0";"20,6";"21,4";"20,0";"1010,1";"1010,4";"1010,1";"4,2";"57,0";"8,0";"967,60";"0,0"
"16/11/2025";"1900";"25,3";"25,9";"25,3";"77,0";"77,0";"74,0";"20,9";"21,4";"20,7";"1010,0";"1010,1";"1009,8";"3,7";"59,0";"7,3";"588,00";"0,0"
"16/11/2025";"2000";"24,9";"25,3";"24,8";"80,0";"80,0";"76,0";"21,3";"21,3";"20,8";"1009,8";"1010,2";"1009,8";"3,9";"68,0";"6,7";"244,00";"0,0"
"16/11/2025";"2100";"24,6";"24,9";"24,5";"82,0";"83,0";"80,0";"21,4";"21,4";"21,2";"1010,4";"1010,4";"1009,7";"3,5";"50,0";"8,0";"90,50";"0,0"
"16/11/2025";"2200";"24,4";"24,6";"24,4";"84,0";"84,0";"82,0";"21,5";"21,5";"21,4";"1011,4";"1011,4";"1010,4";"2,3";"46,0";"6,6";"";"0,0"
"16/11/2025";"2300";"24,0";"24,4";"23,9";"87,0";"87,0";"84,0";"21,7";"21,7";"21,5";"1011,8";"1011,8";"1011,4";"2,2";"29,0";"4,0";"";"0,0"
"17/11/2025";"0000";"23,4";"24,0";"23,4";"91,0";"91,0";"87,0";"21,9";"21,9";"21,7";"1011,9";"1011,9";"1011,8";"2,4";"37,0";"4,1";"";"0,6"
"17/11/2025";"0100";"23,3";"23,4";"23,3";"93,0";"93,0";"91,0";"22,0";"22,1";"21,9";"1011,6";"1011,9";"1011,4";"2,7";"29,0";"4,7";"";"0,4"
"17/11/2025";"0200";"23,3";"23,3";"23,3";"93,0";"93,0";"93,0";"22,1";"22,1";"22,0";"1010,8";"1011,6";"1010,8";"2,8";"36,0";"5,1";"";"0,0"
"17/11/2025";"0300";"23,1";"23,3";"23,1";"93,0";"93,0";"93,0";"22,0";"22,1";"22,0";"1009,6";"1010,8";"1009,6";"3,5";"35,0";"6,0";"";"0,2"
"17/11/2025";"0400";"23,1";"23,1";"23,0";"93,0";"93,0";"93,0";"22,0";"22,0";"21,9";"1009,4";"1009,6";"1009,1";"2,5";"13,0";"6,0";"";"0,0"
"17/11/2025";"0500";"23,0";"23,1";"23,0";"93,0";"93,0";"93,0";"21,9";"22,0";"21,9";"1009,0";"1009,4";"1009,0";"2,1";"45,0";"4,4";"";"0,0"
"17/11/2025";"0600";"22,9";"23,0";"22,9";"94,0";"94,0";"93,0";"21,8";"21,9";"21,8";"1008,5";"1009,0";"1008,5";"3,0";"33,0";"4,7";"";"0,0"
"17/11/2025";"0700";"23,0";"23,0";"22,9";"94,0";"94,0";"94,0";"22,0";"22,0";"21,8";"1008,3";"1008,7";"1008,3";"2,4";"15,0";"5,2";"";"0,0"
"17/11/2025";"0800";"23,2";"23,2";"23,0";"93,0";"94,0";"93,0";"22,0";"22,1";"22,0";"1008,0";"1008,3";"1007,9";"3,3";"8,0";"6,3";"0,90";"0,0"
"17/11/2025";"0900";"23,9";"23,9";"23,2";"88,0";"93,0";"88,0";"21,7";"22,0";"21,7";"1008,1";"1008,3";"1008,0";"4,3";"8,0";"7,2";"146,10";"0,0"
"17/11/2025";"1000";"24,7";"24,8";"23,8";"87,0";"90,0";"87,0";"22,4";"22,5";"21,7";"1008,5";"1008,5";"1008,0";"3,0";"29,0";"6,8";"501,90";"0,0"
"17/11/2025";"1100";"26,0";"26,0";"24,6";"81,0";"88,0";"80,0";"22,4";"22,8";"22,2";"1008,6";"1008,6";"1008,3";"3,2";"4,0";"5,8";"805,40";"0,0"
"17/11/2025";"1200";"28,6";"29,0";"26,0";"65,0";"81,0";"63,0";"21,4";"22,8";"21,2";"1008,6";"1008,7";"1008,5";"4,9";"356,0";"8,0";"2321,00";"0,0"
"17/11/2025";"1300";"30,0";"30,0";"28,6";"58,0";"67,0";"58,0";"20,9";"22,5";"20,2";"1008,3";"1008,6";"1008,3";"5,4";"308,0";"10,2";"2826,00";"0,0"
"17/11/2025";"1400";"31,1";"31,1";"29,4";"57,0";"62,0";"56,0";"21,7";"21,7";"20,1";"1008,0";"1008,3";"1008,0";"6,1";"316,0";"10,7";"3946,40";"0,0"
"17/11/2025";"1500";"32,0";"32,1";"29,8";"52,0";"60,0";"50,0";"20,8";"21,9";"20,2";"1007,6";"1008,0";"1007,6";"5,1";"305,0";"10,7";"3674,70";"0,0"
"17/11/2025";"1600";"32,8";"33,4";"31,8";"47,0";"52,0";"46,0";"20,0";"21,4";"20,0";"1006,8";"1007,6";"1006,8";"5,7";"298,0";"10,9";"3855,40";"0,0"
"17/11/2025";"1700";"33,3";"34,3";"32,7";"46,0";"49,0";"43,0";"20,2";"21,2";"19,3";"1006,3";"1006,8";"1006,2";"5,6";"306,0";"10,9";"3635,70";"0,0"
"17/11/2025";"1800";"33,2";"33,5";"31,9";"46,0";"50,0";"44,0";"20,0";"21,3";"19,2";"1005,8";"1006,3";"1005,8";"5,2";"303,0";"10,9";"2507,60";"0,0"
"17/11/2025";"1900";"31,1";"33,2";"31,1";"53,0";"53,0";"45,0";"20,5";"20,5";"19,3";"1005,6";"1005,9";"1005,6";"3,9";"307,0";"10,6";"1509,10";"0,0"
"17/11/2025";"2000";"31,4";"32,0";"30,7";"51,0";"56,0";"50,0";"20,2";"20,8";"19,9";"1005,9";"1005,9";"1005,6";"2,7";"290,0";"7,5";"618,80";"0,0"
"17/11/2025";"2100";"29,6";"31,4";"29,6";"59,0";"59,0";"51,0";"20,8";"21,1";"20,1";"1006,4";"1006,4";"1005,9";"1,7";"234,0";"4,9";"209,90";"0,0"
"17/11/2025";"2200";"27,6";"29,6";"27,1";"73,0";"75,0";"59,0";"22,4";"22,4";"20,6";"1006,8";"1006,8";"1006,4";"2,0";"118,0";"4,5";"";"0,0"
"17/11/2025";"2300";"25,8";"27,6";"25,8";"80,0";"80,0";"73,0";"22,1";"22,3";"21,8";"1007,6";"1007,6";"1006,8";"2,3";"74,0";"4,9";"";"0,0"
"18/11/2025";"0000";"24,9";"25,8";"24,9";"84,0";"85,0";"80,0";"22,1";"22,3";"22,1";"1008,5";"1008,5";"1007,6";"2,5";"58,0";"4,9";"";"0,0"
"18/11/2025";"0100";"24,9";"25,1";"24,9";"85,0";"85,0";"84,0";"22,2";"22,3";"22,1";"1009,0";"1009,0";"1008,5";"1,5";"59,0";"4,0";"";"0,0"
"18/11/2025";"0200";"24,2";"24,9";"24,2";"88,0";"88,0";"85,0";"22,1";"22,3";"22,0";"1008,3";"1009,0";"1008,3";"1,8";"69,0";"2,6";"";"0,0"
"18/11/2025";"0300";"23,9";"24,3";"23,9";"89,0";"89,0";"88,0";"22,1";"22,2";"21,9";"1007,6";"1008,3";"1007,6";"1,9";"76,0";"2,9";"";"0,0"
"18/11/2025";"0400";"23,4";"23,9";"23,4";"91,0";"91,0";"89,0";"21,8";"22,1";"21,8";"1006,8";"1007,6";"1006,8";"0,6";"41,0";"2,5";"";"0,0"
"18/11/2025";"0500";"23,5";"23,6";"23,3";"92,0";"92,0";"91,0";"22,1";"22,2";"21,9";"1006,1";"1006,8";"1006,1";"1,3";"64,0";"2,4";"";"0,0"
"18/11/2025";"0600";"23,5";"23,6";"23,3";"91,0";"92,0";"91,0";"21,9";"22,2";"21,8";"1006,3";"1006,3";"1005,9";"0,7";"177,0";"2,7";"";"0,0"
"18/11/2025";"0700";"24,2";"24,8";"23,5";"81,0";"91,0";"79,0";"20,6";"22,2";"20,6";"1006,2";"1006,3";"1006,2";"2,1";"10,0";"3,0";"";"0,0"
"18/11/2025";"0800";"24,1";"24,2";"24,1";"81,0";"82,0";"81,0";"20,6";"21,0";"20,5";"1006,5";"1006,5";"1006,1";"2,7";"349,0";"4,3";"1,10";"0,0"
"18/11/2025";"0900";"25,9";"25,9";"24,1";"76,0";"81,0";"75,0";"21,4";"21,5";"20,6";"1007,0";"1007,0";"1006,4";"1,2";"8,0";"3,9";"264,10";"0,0"
"18/11/2025";"1000";"28,1";"28,3";"25,9";"66,0";"77,0";"66,0";"21,3";"21,9";"21,1";"1007,2";"1007,2";"1007,0";"3,0";"7,0";"4,4";"1065,30";"0,0"
"18/11/2025";"1100";"30,1";"30,2";"28,0";"55,0";"67,0";"55,0";"20,2";"21,8";"20,2";"1007,4";"1007,5";"1007,1";"2,6";"342,0";"5,1";"1634,80";"0,0"
"18/11/2025";"1200";"31,8";"32,0";"29,9";"51,0";"58,0";"50,0";"20,4";"21,3";"20,1";"1007,1";"1007,4";"1007,0";"2,9";"18,0";"5,2";"2646,10";"0,0"
"18/11/2025";"1300";"32,4";"33,3";"31,7";"47,0";"53,0";"45,0";"19,7";"21,3";"19,3";"1006,4";"1007,1";"1006,4";"3,3";"330,0";"6,2";"3160,30";"0,0"
"18/11/2025";"1400";"34,4";"34,4";"32,1";"44,0";"50,0";"43,0";"20,5";"20,9";"19,4";"1005,5";"1006,4";"1005,5";"3,2";"3,0";"6,1";"3093,50";"0,0"
"18/11/2025";"1500";"34,9";"35,5";"33,7";"41,0";"46,0";"39,0";"19,7";"21,2";"18,5";"1004,4";"1005,5";"1004,4";"3,3";"27,0";"6,1";"3787,80";"0,0"
"18/11/2025";"1600";"33,0";"35,3";"33,0";"48,0";"50,0";"40,0";"20,7";"22,2";"19,7";"1003,6";"1004,4";"1003,6";"5,0";"66,0";"9,6";"3658,10";"0,0"
"18/11/2025";"1700";"32,9";"33,9";"32,7";"50,0";"51,0";"47,0";"20,9";"21,8";"20,7";"1002,5";"1003,6";"1002,5";"5,2";"66,0";"9,6";"3468,30";"0,0"
"18/11/2025";"1800";"32,5";"33,0";"32,0";"48,0";"53,0";"47,0";"20,2";"21,7";"19,8";"1002,3";"1002,5";"1002,2";"5,6";"56,0";"10,8";"2844,40";"0,0"
"18/11/2025";"1900";"29,4";"32,5";"29,4";"60,0";"63,0";"48,0";"20,9";"22,1";"20,2";"1001,3";"1002,3";"1001,3";"4,4";"56,0";"10,8";"974,40";"0,0"
"18/11/2025";"2000";"28,0";"29,6";"28,0";"71,0";"71,0";"60,0";"22,3";"23,0";"20,6";"1001,5";"1001,5";"1001,1";"4,8";"52,0";"9,6";"965,10";"0,0"
"18/11/2025";"2100";"26,8";"28,0";"26,8";"76,0";"76,0";"71,0";"22,2";"22,5";"22,2";"1002,1";"1002,1";"1001,5";"5,0";"45,0";"9,0";"155,60";"0,0"
"18/11/2025";"2200";"26,0";"26,8";"26,0";"80,0";"80,0";"76,0";"22,3";"22,3";"22,1";"1002,2";"1002,9";"1002,1";"3,0";"64,0";"9,0";"";"0,0"
"18/11/2025";"2300";"25,1";"26,0";"25,1";"84,0";"84,0";"80,0";"22,2";"22,3";"22,1";"1002,3";"1002,4";"1001,9";"2,6";"57,0";"6,0";"";"0,0"
"19/11/2025";"0000";"25,0";"25,1";"25,0";"86,0";"86,0";"84,0";"22,5";"22,5";"22,2";"1003,0";"1003,0";"1002,3";"2,6";"55,0";"5,0";"";"0,0"
"19/11/2025";"0100";"24,8";"25,0";"24,7";"86,0";"88,0";"86,0";"22,4";"22,6";"22,4";"1003,4";"1003,5";"1003,0";"2,4";"51,0";"4,6";"";"0,0"
"19/11/2025";"0200";"24,7";"24,8";"24,6";"86,0";"86,0";"85,0";"22,2";"22,3";"22,1";"1002,9";"1003,4";"1002,7";"1,2";"34,0";"4,2";"";"0,0"
"19/11/2025";"0300";"24,8";"25,0";"24,6";"89,0";"89,0";"86,0";"22,9";"23,1";"22,1";"1001,1";"1003,1";"1001,1";"1,8";"48,0";"6,5";"";"0,0"
"19/11/2025";"0400";"24,3";"24,8";"24,3";"92,0";"92,0";"89,0";"22,9";"23,0";"22,8";"1000,3";"1001,1";"1000,3";"0,4";"267,0";"3,6";"";"0,0"
"19/11/2025";"0500";"24,7";"24,7";"24,3";"92,0";"92,0";"92,0";"23,3";"23,3";"22,9";"1000,3";"1000,5";"1000,1";"1,5";"318,0";"2,9";"";"0,0"
"19/11/2025";"0600";"24,3";"24,9";"24,3";"91,0";"92,0";"91,0";"22,7";"23,4";"22,7";"1002,1";"1002,1";"1000,3";"3,1";"247,0";"7,8";"";"3,2"
"19/11/2025";"0700";"22,3";"24,3";"22,0";"94,0";"94,0";"90,0";"21,3";"22,8";"21,0";"1002,2";"1002,4";"1001,9";"2,9";"41,0";"8,8";"";"18,0"
"19/11/2025";"0800";"22,4";"22,5";"22,3";"94,0";"94,0";"94,0";"21,4";"21,5";"21,3";"1002,6";"1002,6";"1002,2";"1,0";"246,0";"4,9";"0,20";"0,0"
"19/11/2025";"0900";"22,9";"22,9";"22,4";"93,0";"94,0";"93,0";"21,8";"21,8";"21,3";"1003,7";"1003,7";"1002,6";"2,1";"229,0";"3,8";"90,30";"0,0"
"19/11/2025";"1000";"24,2";"24,2";"22,9";"92,0";"93,0";"92,0";"22,8";"22,9";"21,8";"1004,7";"1004,7";"1003,7";"0,8";"265,0";"3,0";"430,00";"0,0"
"19/11/2025";"1100";"26,5";"26,7";"24,2";"79,0";"92,0";"79,0";"22,5";"24,3";"22,5";"1005,1";"1005,1";"1004,7";"0,8";"230,0";"2,5";"1617,40";"0,0"
"19/11/2025";"1200";"28,2";"28,2";"26,4";"70,0";"80,0";"69,0";"22,3";"23,2";"21,7";"1005,5";"1005,6";"1005,1";"1,0";"130,0";"3,1";"2142,70";"0,2"
"19/11/2025";"1300";"30,0";"30,3";"27,9";"49,0";"70,0";"49,0";"18,2";"22,8";"18,2";"1005,1";"1005,5";"1005,0";"3,4";"291,0";"6,2";"2729,30";"0,0"
"19/11/2025";"1400";"28,2";"31,4";"28,2";"61,0";"61,0";"43,0";"20,0";"20,1";"17,1";"1005,3";"1005,3";"1004,9";"3,0";"255,0";"9,9";"2973,60";"0,0"
"19/11/2025";"1500";"29,3";"29,5";"26,3";"59,0";"67,0";"57,0";"20,4";"21,3";"18,5";"1005,3";"1005,5";"1005,3";"3,2";"194,0";"11,6";"3541,10";"0,0"
"19/11/2025";"1600";"29,6";"29,7";"28,2";"51,0";"59,0";"51,0";"18,4";"20,2";"18,3";"1004,9";"1005,3";"1004,8";"3,7";"197,0";"9,6";"3920,10";"0,0"
"19/11/2025";"1700";"27,5";"29,8";"27,5";"55,0";"58,0";"50,0";"17,7";"19,7";"17,2";"1005,1";"1005,1";"1004,8";"4,0";"185,0";"10,6";"2481,10";"0,0"
"19/11/2025";"1800";"28,2";"28,2";"27,1";"56,0";"58,0";"54,0";"18,5";"18,8";"17,5";"1005,1";"1005,3";"1005,0";"4,6";"185,0";"12,8";"1840,10";"0,0"
"19/11/2025";"1900";"26,4";"28,2";"26,2";"61,0";"62,0";"55,0";"18,4";"18,8";"17,8";"1005,5";"1005,5";"1005,1";"4,1";"190,0";"12,5";"890,40";"0,0"
"19/11/2025";"2000";"25,6";"26,8";"25,6";"61,0";"64,0";"60,0";"17,5";"18,7";"17,5";"1006,0";"1006,0";"1005,5";"4,2";"183,0";"12,5";"796,80";"0,0"
"19/11/2025";"2100";"24,0";"25,8";"24,0";"65,0";"65,0";"60,0";"17,0";"17,7";"17,0";"1006,7";"1006,7";"1006,0";"4,3";"190,0";"12,6";"353,00";"0,0"
"19/11/2025";"2200";"23,1";"24,0";"23,1";"69,0";"69,0";"65,0";"17,1";"17,3";"17,0";"1007,9";"1007,9";"1006,7";"5,3";"192,0";"13,9";"3,40";"0,0"
"19/11/2025";"2300";"22,8";"23,2";"22,7";"69,0";"70,0";"69,0";"16,8";"17,2";"16,8";"1009,1";"1009,1";"1007,8";"6,0";"203,0";"13,1";"";"0,0"
"20/11/2025";"0000";"21,9";"22,8";"21,9";"77,0";"77,0";"69,0";"17,6";"17,7";"16,7";"1010,5";"1010,5";"1009,1";"5,7";"207,0";"13,7";"";"0,0"
"20/11/2025";"0100";"21,3";"21,9";"21,3";"80,0";"80,0";"77,0";"17,7";"17,9";"17,6";"1011,4";"1011,4";"1010,5";"3,9";"216,0";"11,4";"";"0,0"
"20/11/2025";"0200";"20,6";"21,3";"20,1";"80,0";"82,0";"79,0";"17,0";"17,7";"16,8";"1011,8";"1011,8";"1011,4";"3,3";"226,0";"9,6";"";"0,0"
"20/11/2025";"0300";"20,0";"20,9";"20,0";"78,0";"80,0";"76,0";"16,1";"16,9";"16,1";"1011,5";"1011,8";"1011,5";"3,0";"207,0";"7,7";"";"0,0"
"20/11/2025";"0400";"19,2";"20,1";"19,2";"80,0";"81,0";"78,0";"15,6";"16,1";"15,6";"1011,1";"1011,5";"1011,0";"2,4";"204,0";"5,5";"";"0,0"
"20/11/2025";"0500";"18,8";"19,2";"18,0";"83,0";"85,0";"80,0";"15,9";"16,0";"15,2";"1010,6";"1011,1";"1010,6";"1,1";"182,0";"3,9";"";"0,0"
"20/11/2025";"0600";"18,6";"19,8";"18,3";"81,0";"83,0";"77,0";"15,3";"16,0";"14,9";"1010,3";"1010,6";"1010,3";"2,2";"202,0";"4,1";"";"0,0"
"20/11/2025";"0700";"17,6";"19,1";"17,6";"86,0";"86,0";"78,0";"15,2";"15,5";"15,0";"1010,5";"1010,5";"1010,3";"2,6";"228,0";"4,2";"";"0,0"
"20/11/2025";"0800";"17,1";"17,6";"17,0";"89,0";"89,0";"86,0";"15,4";"15,5";"15,1";"1010,9";"1010,9";"1010,5";"1,9";"227,0";"3,8";"";"0,0"
"20/11/2025";"0900";"19,1";"19,1";"16,8";"87,0";"91,0";"87,0";"16,9";"16,9";"15,1";"1011,9";"1011,9";"1010,9";"1,0";"325,0";"3,1";"270,60";"0,0"
"20/11/2025";"1000";"22,1";"22,1";"19,1";"68,0";"87,0";"68,0";"15,9";"17,1";"15,6";"1012,5";"1012,5";"1011,9";"1,2";"228,0";"3,0";"1075,70";"0,0"
"20/11/2025";"1100";"24,4";"24,4";"22,1";"55,0";"69,0";"54,0";"14,9";"16,2";"14,5";"1013,0";"1013,0";"1012,5";"6,7";"218,0";"11,6";"1974,50";"0,0"
"20/11/2025";"1200";"24,8";"25,6";"24,4";"60,0";"60,0";"54,0";"16,4";"16,8";"14,7";"1013,5";"1013,5";"1013,0";"5,8";"211,0";"12,8";"2674,30";"0,0"
"20/11/2025";"1300";"25,7";"26,2";"24,6";"60,0";"64,0";"59,0";"17,3";"18,3";"16,6";"1013,7";"1013,7";"1013,4";"4,7";"202,0";"12,6";"2081,90";"0,0"
"20/11/2025";"1400";"26,0";"26,3";"25,5";"59,0";"62,0";"58,0";"17,4";"18,1";"17,1";"1014,0";"1014,0";"1013,8";"4,1";"181,0";"12,0";"3296,80";"0,0"
"20/11/2025";"1500";"26,2";"26,7";"25,3";"57,0";"62,0";"55,0";"17,1";"18,2";"16,3";"1013,8";"1014,0";"1013,7";"4,3";"183,0";"12,3";"3812,50";"0,0"
"20/11/2025";"1600";"26,5";"27,0";"25,2";"55,0";"60,0";"52,0";"16,6";"18,1";"15,9";"1013,5";"1013,8";"1013,5";"4,4";"186,0";"10,9";"3599,20";"0,0"
"20/11/2025";"1700";"25,4";"26,8";"24,8";"57,0";"57,0";"52,0";"16,2";"17,2";"15,5";"1013,2";"1013,6";"1013,1";"4,8";"171,0";"10,6";"3303,00";"0,0"
"20/11/2025";"1800";"25,3";"26,6";"25,2";"52,0";"58,0";"51,0";"14,6";"17,2";"14,5";"1013,1";"1013,2";"1013,0";"4,5";"176,0";"10,1";"2883,20";"0,0"
"20/11/2025";"1900";"24,5";"25,8";"24,5";"55,0";"55,0";"50,0";"14,8";"15,7";"14,3";"1012,9";"1013,1";"1012,9";"4,5";"170,0";"11,2";"2111,40";"0,0"
"20/11/2025";"2000";"24,0";"25,1";"23,9";"53,0";"56,0";"51,0";"13,7";"15,6";"13,5";"1013,3";"1013,3";"1012,9";"3,6";"176,0";"9,7";"1201,80";"0,0"
"20/11/2025";"2100";"22,3";"24,0";"22,3";"63,0";"63,0";"52,0";"15,1";"15,1";"13,3";"1013,8";"1013,8";"1013,3";"2,8";"161,0";"9,1";"272,70";"0,0"
"20/11/2025";"2200";"21,6";"22,4";"21,6";"70,0";"70,0";"63,0";"15,8";"15,8";"15,1";"1014,5";"1014,5";"1013,8";"1,5";"175,0";"7,3";"0,50";"0,0"
"20/11/2025";"2300";"21,9";"22,0";"21,5";"71,0";"72,0";"70,0";"16,5";"16,6";"15,9";"1015,1";"1015,1";"1014,5";"1,4";"165,0";"5,4";"";"0,0"
"21/11/2025";"0000";"21,7";"22,1";"21,7";"70,0";"71,0";"67,0";"15,9";"16,5";"15,7";"1015,6";"1015,6";"1015,1";"1,6";"167,0";"5,2";"";"0,0"
"21/11/2025";"0100";"21,3";"21,7";"21,1";"68,0";"73,0";"68,0";"15,2";"16,1";"15,2";"1016,0";"1016,1";"1015,6";"2,4";"159,0";"4,6";"";"0,0"
"21/11/2025";"0200";"19,3";"21,3";"19,3";"79,0";"79,0";"68,0";"15,5";"15,6";"14,8";"1015,7";"1016,0";"1015,7";"0,9";"220,0";"4,8";"";"0,0"
"21/11/2025";"0300";"18,3";"19,3";"18,3";"85,0";"85,0";"79,0";"15,7";"15,9";"15,6";"1015,0";"1015,7";"1015,0";"1,6";"226,0";"2,2";"";"0,0"
"21/11/2025";"0400";"18,2";"18,6";"17,9";"85,0";"86,0";"83,0";"15,6";"15,9";"15,4";"1014,1";"1015,0";"1014,1";"1,2";"227,0";"2,2";"";"0,0"
"21/11/2025";"0500";"17,5";"18,2";"17,5";"90,0";"90,0";"85,0";"15,8";"16,0";"15,4";"1013,6";"1014,1";"1013,6";"1,5";"218,0";"2,0";"";"0,0"
"21/11/2025";"0600";"17,2";"17,7";"16,8";"90,0";"92,0";"89,0";"15,7";"16,1";"15,3";"1013,4";"1013,6";"1013,4";"1,3";"291,0";"2,1";"";"0,0"
"21/11/2025";"0700";"17,1";"17,3";"17,0";"92,0";"93,0";"90,0";"15,8";"16,0";"15,7";"1013,5";"1013,5";"1013,4";"0,8";"277,0";"1,6";"";"0,0"
"21/11/2025";"0800";"16,7";"17,1";"16,4";"94,0";"94,0";"92,0";"15,7";"15,7";"15,2";"1014,1";"1014,1";"1013,5";"1,7";"314,0";"2,0";"";"0,0"
"21/11/2025";"0900";"18,0";"18,0";"16,6";"94,0";"94,0";"94,0";"17,0";"17,0";"15,7";"1014,8";"1014,8";"1014,1";"0,9";"271,0";"1,9";"250,10";"0,0"
"21/11/2025";"1000";"21,0";"21,0";"18,1";"78,0";"94,0";"78,0";"17,1";"17,9";"16,9";"1015,2";"1015,2";"1014,8";"1,1";"282,0";"1,9";"1072,50";"0,0"
"21/11/2025";"1100";"23,8";"23,8";"21,0";"59,0";"79,0";"59,0";"15,2";"17,5";"14,1";"1015,7";"1015,7";"1015,2";"0,8";"113,0";"2,4";"1960,40";"0,0"
"21/11/2025";"1200";"24,6";"24,9";"23,2";"53,0";"59,0";"52,0";"14,4";"15,5";"13,6";"1015,8";"1015,8";"1015,7";"1,8";"43,0";"4,8";"2783,60";"0,0"
"21/11/2025";"1300";"26,0";"26,1";"24,4";"47,0";"56,0";"44,0";"13,7";"15,3";"12,4";"1015,5";"1015,8";"1015,5";"3,0";"3,0";"5,2";"3413,10";"0,0"
"21/11/2025";"1400";"27,0";"27,1";"25,9";"46,0";"50,0";"43,0";"14,2";"15,2";"13,2";"1014,9";"1015,5";"1014,9";"2,2";"20,0";"6,6";"3835,80";"0,0"
"21/11/2025";"1500";"27,1";"28,4";"26,8";"45,0";"49,0";"42,0";"14,2";"15,8";"13,6";"1013,9";"1014,9";"1013,9";"2,4";"111,0";"5,9";"3987,80";"0,0"
"21/11/2025";"1600";"27,8";"28,6";"27,1";"45,0";"51,0";"42,0";"14,7";"17,1";"13,7";"1013,4";"1013,9";"1013,4";"3,0";"59,0";"6,4";"3883,00";"0,0"
"21/11/2025";"1700";"27,8";"28,2";"27,3";"49,0";"51,0";"45,0";"16,2";"16,7";"14,7";"1013,0";"1013,4";"1013,0";"3,8";"85,0";"7,3";"3529,70";"0,0"
"21/11/2025";"1800";"26,8";"27,8";"26,7";"54,0";"54,0";"47,0";"16,7";"16,8";"15,2";"1012,5";"1013,0";"1012,4";"4,6";"78,0";"9,1";"2934,10";"0,0"
"21/11/2025";"1900";"25,4";"27,0";"25,4";"56,0";"58,0";"53,0";"15,9";"17,0";"15,9";"1012,3";"1012,5";"1012,3";"5,2";"82,0";"9,5";"2160,80";"0,0"
"21/11/2025";"2000";"24,4";"25,6";"24,4";"63,0";"63,0";"56,0";"16,8";"17,1";"16,2";"1012,5";"1012,5";"1012,2";"5,0";"73,0";"10,0";"1254,30";"0,0"
"21/11/2025";"2100";"22,8";"24,4";"22,8";"70,0";"70,0";"63,0";"17,1";"17,4";"16,9";"1012,7";"1012,7";"1012,5";"3,6";"68,0";"8,3";"366,70";"0,0"
"21/11/2025";"2200";"21,4";"22,8";"21,4";"79,0";"79,0";"70,0";"17,6";"17,6";"17,2";"1013,1";"1013,1";"1012,7";"2,2";"62,0";"6,1";"2,30";"0,0"
"21/11/2025";"2300";"21,0";"21,5";"21,0";"83,0";"83,0";"79,0";"17,9";"18,1";"17,7";"1013,1";"1013,2";"1013,1";"1,9";"63,0";"4,0";"";"0,0"
"22/11/2025";"0000";"20,5";"21,0";"20,5";"86,0";"86,0";"83,0";"18,1";"18,3";"17,9";"1013,2";"1013,2";"1013,0";"1,9";"53,0";"3,3";"";"0,0"
"22/11/2025";"0100";"20,3";"20,5";"20,0";"90,0";"90,0";"86,0";"18,6";"18,6";"18,1";"1013,5";"1013,5";"1013,2";"0,6";"341,0";"2,7";"";"0,0"
"22/11/2025";"0200";"20,3";"20,6";"20,2";"90,0";"90,0";"89,0";"18,6";"18,9";"18,4";"1013,1";"1013,5";"1013,1";"1,3";"247,0";"1,7";"";"0,0"
"22/11/2025";"0300";"20,0";"20,4";"19,9";"92,0";"92,0";"90,0";"18,6";"18,8";"18,4";"1012,5";"1013,1";"1012,5";"0,9";"244,0";"1,7";"";"0,0"
"22/11/2025";"0400";"19,7";"20,4";"19,7";"93,0";"93,0";"91,0";"18,4";"19,1";"18,4";"1011,9";"1012,6";"1011,9";"1,6";"300,0";"1,9";"";"0,0"
"22/11/2025";"0500";"19,3";"19,8";"19,3";"93,0";"93,0";"93,0";"18,2";"18,5";"18,2";"1011,2";"1011,9";"1011,2";"1,2";"303,0";"1,9";"";"0,0"
"22/11/2025";"0600";"19,6";"19,6";"19,2";"94,0";"94,0";"93,0";"18,6";"18,6";"18,1";"1011,0";"1011,2";"1011,0";"2,0";"316,0";"2,4";"";"0,0"
"22/11/2025";"0700";"19,3";"19,6";"19,2";"94,0";"94,0";"94,0";"18,4";"18,6";"18,2";"1010,5";"1011,0";"1010,5";"1,6";"353,0";"2,7";"";"0,0"
"22/11/2025";"0800";"19,7";"19,8";"19,3";"92,0";"94,0";"92,0";"18,4";"18,8";"18,4";"1010,7";"1010,7";"1010,2";"2,4";"344,0";"4,3";"";"0,0"
"22/11/2025";"0900";"21,3";"21,3";"19,4";"90,0";"92,0";"90,0";"19,6";"19,7";"18,1";"1010,9";"1010,9";"1010,6";"2,7";"356,0";"4,4";"238,00";"0,0"
"22/11/2025";"1000";"23,2";"23,2";"21,3";"82,0";"90,0";"82,0";"20,0";"20,1";"19,5";"1011,1";"1011,1";"1010,8";"3,9";"5,0";"5,8";"1014,50";"0,0"
"22/11/2025";"1100";"25,6";"25,6";"23,3";"71,0";"82,0";"70,0";"19,9";"20,4";"19,3";"1011,2";"1011,2";"1011,1";"4,9";"6,0";"7,4";"1906,80";"0,0"
"22/11/2025";"1200";"28,2";"28,2";"25,6";"60,0";"71,0";"58,0";"19,8";"20,4";"19,0";"1010,8";"1011,2";"1010,8";"4,1";"354,0";"8,3";"2717,50";"0,0"
"22/11/2025";"1300";"30,2";"30,2";"28,2";"52,0";"60,0";"51,0";"19,3";"19,8";"18,6";"1010,5";"1010,8";"1010,5";"4,4";"352,0";"8,1";"3358,40";"0,0"
"22/11/2025";"1400";"31,9";"31,9";"30,0";"47,0";"53,0";"46,0";"19,3";"20,2";"18,6";"1010,2";"1010,6";"1010,2";"4,0";"357,0";"8,1";"3773,70";"0,0"
"22/11/2025";"1500";"32,9";"33,3";"31,7";"42,0";"48,0";"39,0";"18,1";"19,7";"17,3";"1009,5";"1010,2";"1009,5";"3,8";"349,0";"7,6";"3943,80";"0,0"
"22/11/2025";"1600";"33,2";"34,0";"32,9";"37,0";"45,0";"37,0";"16,6";"19,7";"16,6";"1008,8";"1009,5";"1008,8";"3,2";"339,0";"8,5";"3839,60";"0,0"
"22/11/2025";"1700";"34,2";"34,5";"33,2";"33,0";"41,0";"33,0";"15,8";"19,0";"15,8";"1008,2";"1008,8";"1008,2";"3,1";"31,0";"7,1";"3511,30";"0,0"
"22/11/2025";"1800";"32,2";"34,8";"32,2";"48,0";"49,0";"33,0";"19,8";"21,0";"15,8";"1007,7";"1008,2";"1007,7";"4,3";"53,0";"7,7";"2904,80";"0,0"
"22/11/2025";"1900";"29,7";"32,2";"29,7";"55,0";"55,0";"48,0";"19,7";"20,2";"19,3";"1007,9";"1007,9";"1007,6";"4,6";"69,0";"8,2";"1689,60";"0,0"
"22/11/2025";"2000";"28,3";"29,7";"28,3";"54,0";"57,0";"54,0";"18,1";"20,1";"18,1";"1007,7";"1007,9";"1007,7";"4,8";"59,0";"9,0";"1201,40";"0,0"
"22/11/2025";"2100";"25,6";"28,3";"25,6";"68,0";"68,0";"52,0";"19,2";"19,2";"17,2";"1008,3";"1008,3";"1007,6";"4,2";"81,0";"9,0";"343,10";"0,0"
"22/11/2025";"2200";"24,1";"25,6";"24,1";"77,0";"77,0";"68,0";"19,9";"19,9";"19,2";"1009,0";"1009,1";"1008,4";"3,7";"71,0";"7,3";"0,10";"0,0"
"22/11/2025";"2300";"23,5";"24,1";"23,5";"82,0";"82,0";"77,0";"20,3";"20,4";"19,8";"1009,4";"1009,4";"1008,9";"3,7";"67,0";"7,7";"";"0,0"
"23/11/2025";"0000";"23,4";"23,6";"23,3";"85,0";"85,0";"82,0";"20,6";"20,6";"20,3";"1010,0";"1010,0";"1009,3";"3,1";"60,0";"6,5";"";"0,0"
"23/11/2025";"0100";"23,0";"23,4";"23,0";"88,0";"88,0";"85,0";"20,8";"21,0";"20,7";"1010,4";"1010,4";"1010,0";"2,6";"53,0";"5,8";"";"0,0"
"23/11/2025";"0200";"22,5";"23,0";"22,5";"91,0";"91,0";"88,0";"21,0";"21,1";"20,6";"1010,4";"1010,7";"1010,3";"1,4";"73,0";"4,3";"";"0,0"
"23/11/2025";"0300";"22,8";"22,9";"22,4";"91,0";"92,0";"91,0";"21,3";"21,4";"20,8";"1010,3";"1010,5";"1010,2";"1,3";"81,0";"2,6";"";"0,0"
"23/11/2025";"0400";"23,3";"23,3";"22,7";"91,0";"92,0";"91,0";"21,7";"21,8";"21,3";"1009,9";"1010,4";"1009,9";"0,7";"111,0";"3,0";"";"0,0"
"23/11/2025";"0500";"23,2";"23,6";"23,1";"90,0";"91,0";"90,0";"21,5";"21,9";"21,5";"1009,4";"1009,9";"1009,4";"1,5";"141,0";"3,3";"";"0,0"
"23/11/2025";"0600";"22,5";"23,2";"22,5";"91,0";"91,0";"90,0";"21,0";"21,5";"21,0";"1009,6";"1009,6";"1009,3";"0,9";"190,0";"2,8";"";"0,0"
"23/11/2025";"0700";"22,0";"22,5";"22,0";"92,0";"92,0";"91,0";"20,7";"21,0";"20,7";"1009,9";"1009,9";"1009,6";"1,4";"205,0";"3,9";"";"0,0"
"23/11/2025";"0800";"22,3";"22,4";"22,0";"92,0";"93,0";"92,0";"21,0";"21,1";"20,7";"1010,2";"1010,2";"1009,9";"2,0";"202,0";"4,6";"";"0,0"
"23/11/2025";"0900";"22,3";"22,3";"22,1";"92,0";"92,0";"92,0";"20,9";"20,9";"20,7";"1011,1";"1011,1";"1010,2";"1,7";"204,0";"4,6";"143,40";"0,0"
"23/11/2025";"1000";"25,1";"25,2";"22,3";"83,0";"92,0";"83,0";"22,1";"22,3";"20,9";"1011,5";"1011,5";"1011,1";"1,8";"199,0";"4,0";"1028,20";"0,0"
"23/11/2025";"1100";"25,4";"25,4";"24,7";"80,0";"83,0";"79,0";"21,7";"22,0";"21,3";"1011,8";"1011,8";"1011,4";"1,5";"206,0";"4,8";"1055,40";"0,0"
"23/11/2025";"1200";"27,4";"27,4";"25,3";"67,0";"80,0";"67,0";"20,8";"21,6";"20,4";"1011,6";"1011,8";"1011,6";"1,2";"187,0";"3,8";"2328,10";"0,0"
"23/11/2025";"1300";"28,8";"29,2";"27,3";"56,0";"68,0";"55,0";"19,1";"21,2";"19,1";"1011,3";"1011,7";"1011,3";"1,8";"151,0";"4,2";"3299,20";"0,0"
"23/11/2025";"1400";"30,3";"30,7";"28,7";"53,0";"58,0";"52,0";"19,7";"20,9";"18,9";"1010,7";"1011,3";"1010,7";"1,9";"184,0";"4,5";"3499,90";"0,0"
"23/11/2025";"1500";"30,3";"30,9";"29,8";"55,0";"55,0";"48,0";"20,2";"20,2";"18,2";"1010,3";"1010,7";"1010,3";"2,0";"97,0";"5,5";"2878,20";"0,0"
"23/11/2025";"1600";"29,7";"30,4";"29,6";"56,0";"57,0";"53,0";"19,8";"20,5";"19,1";"1009,8";"1010,3";"1009,8";"2,5";"110,0";"5,8";"1865,60";"0,0"
"23/11/2025";"1700";"28,6";"29,8";"28,6";"58,0";"60,0";"53,0";"19,6";"20,2";"18,8";"1009,6";"1009,8";"1009,5";"3,4";"119,0";"7,6";"1265,50";"0,0"
"23/11/2025";"1800";"27,3";"28,6";"27,3";"65,0";"65,0";"58,0";"20,1";"20,3";"19,4";"1009,5";"1009,6";"1009,4";"4,0";"125,0";"8,2";"918,10";"0,0"
"23/11/2025";"1900";"25,9";"27,4";"25,9";"73,0";"73,0";"64,0";"20,6";"20,7";"20,0";"1010,4";"1010,4";"1009,5";"3,3";"130,0";"7,2";"315,20";"0,0"
"23/11/2025";"2000";"24,9";"25,9";"24,9";"83,0";"83,0";"72,0";"21,7";"21,7";"20,5";"1010,8";"1010,8";"1010,2";"2,1";"164,0";"6,5";"34,10";"0,0"
"23/11/2025";"2100";"23,0";"24,9";"23,0";"92,0";"92,0";"83,0";"21,6";"22,0";"21,6";"1010,7";"1011,0";"1010,7";"1,9";"235,0";"5,0";"4,20";"2,0"
"23/11/2025";"2200";"22,4";"23,1";"22,4";"93,0";"93,0";"92,0";"21,3";"21,8";"21,3";"1011,6";"1011,6";"1010,7";"1,6";"309,0";"3,8";"";"1,4"
"23/11/2025";"2300";"22,2";"22,4";"22,2";"94,0";"94,0";"93,0";"21,1";"21,3";"21,1";"1012,3";"1012,3";"1011,6";"2,1";"310,0";"3,3";"";"0,6"
"24/11/2025";"0000";"21,9";"22,3";"21,9";"94,0";"94,0";"93,0";"20,8";"21,2";"20,8";"1012,2";"1012,4";"1012,2";"1,6";"227,0";"3,4";"";"0,0"
"24/11/2025";"0100";"21,7";"21,9";"21,7";"94,0";"94,0";"94,0";"20,6";"20,8";"20,6";"1012,0";"1012,2";"1012,0";"1,3";"217,0";"2,4";"";"0,0"
"24/11/2025";"0200";"22,0";"22,1";"21,6";"94,0";"94,0";"94,0";"21,0";"21,0";"20,6";"1011,8";"1012,1";"1011,8";"1,6";"220,0";"3,5";"";"0,0"
"24/11/2025";"0300";"21,9";"22,1";"21,9";"94,0";"94,0";"94,0";"20,8";"21,0";"20,8";"1010,8";"1011,7";"1010,8";"0,8";"251,0";"3,0";"";"0,0"
"24/11/2025";"0400";"21,5";"21,9";"21,5";"94,0";"94,0";"94,0";"20,5";"20,8";"20,5";"1010,2";"1010,8";"1010,2";"1,5";"301,0";"3,2";"";"0,0"
"24/11/2025";"0500";"21,2";"21,5";"21,2";"94,0";"94,0";"94,0";"20,3";"20,5";"20,3";"1009,8";"1010,2";"1009,7";"1,4";"245,0";"2,1";"";"0,0"
"24/11/2025";"0600";"21,1";"21,2";"21,0";"94,0";"94,0";"94,0";"20,1";"20,3";"20,1";"1009,6";"1009,9";"1009,6";"2,3";"222,0";"4,1";"";"0,0"
"24/11/2025";"0700";"21,1";"21,2";"21,1";"94,0";"94,0";"94,0";"20,1";"20,2";"20,0";"1009,8";"1009,9";"1009,5";"2,1";"210,0";"4,1";"";"0,0"
"24/11/2025";"0800";"21,3";"21,4";"21,2";"94,0";"94,0";"93,0";"20,3";"20,3";"20,1";"1010,3";"1010,4";"1009,8";"3,6";"220,0";"6,2";"";"0,0"
"24/11/2025";"0900";"21,7";"21,7";"21,3";"94,0";"94,0";"94,0";"20,6";"20,6";"20,3";"1010,8";"1010,8";"1010,3";"2,9";"223,0";"6,2";"142,60";"0,0"
"24/11/2025";"1000";"23,1";"23,4";"21,7";"90,0";"94,0";"90,0";"21,4";"21,8";"20,6";"1011,2";"1011,2";"1010,8";"3,4";"218,0";"5,6";"808,80";"0,0"
"24/11/2025";"1100";"23,9";"24,4";"23,1";"86,0";"90,0";"86,0";"21,5";"22,1";"21,3";"1011,2";"1011,3";"1011,0";"3,3";"218,0";"5,9";"1172,00";"0,0"
"24/11/2025";"1200";"24,4";"24,7";"23,9";"85,0";"87,0";"84,0";"21,6";"21,9";"21,5";"1011,4";"1011,4";"1011,2";"1,0";"201,0";"5,4";"689,30";"0,0"
"24/11/2025";"1300";"25,3";"25,6";"24,1";"82,0";"88,0";"82,0";"22,0";"23,1";"21,5";"1011,4";"1011,4";"1011,2";"1,9";"193,0";"4,4";"1266,80";"0,2"
"24/11/2025";"1400";"23,8";"25,3";"22,8";"88,0";"90,0";"80,0";"21,7";"22,2";"20,5";"1011,2";"1011,6";"1011,2";"3,6";"97,0";"8,6";"1247,00";"0,4"
"24/11/2025";"1500";"24,7";"24,9";"23,7";"78,0";"88,0";"78,0";"20,6";"21,7";"20,5";"1010,8";"1011,2";"1010,8";"3,9";"88,0";"7,6";"2340,20";"0,0"
"24/11/2025";"1600";"24,6";"25,1";"24,2";"75,0";"80,0";"75,0";"20,0";"21,2";"20,0";"1010,3";"1010,8";"1010,3";"5,4";"80,0";"8,8";"1779,40";"0,0"
"24/11/2025";"1700";"23,3";"24,6";"23,3";"82,0";"83,0";"74,0";"20,1";"20,5";"19,7";"1009,6";"1010,3";"1009,6";"5,8";"75,0";"9,1";"630,10";"0,0"
"24/11/2025";"1800";"22,3";"23,3";"22,0";"86,0";"90,0";"82,0";"19,8";"20,8";"19,8";"1009,5";"1009,7";"1009,4";"7,0";"71,0";"11,8";"439,70";"0,0"
"24/11/2025";"1900";"21,5";"22,4";"21,5";"86,0";"89,0";"85,0";"19,1";"19,9";"19,1";"1009,4";"1009,5";"1009,4";"4,6";"58,0";"11,8";"202,20";"0,0"
"24/11/2025";"2000";"21,0";"21,6";"21,0";"90,0";"90,0";"86,0";"19,3";"19,3";"19,0";"1009,6";"1009,6";"1009,4";"3,2";"57,0";"8,4";"155,10";"0,0"
"24/11/2025";"2100";"21,0";"21,2";"21,0";"91,0";"91,0";"90,0";"19,5";"19,7";"19,3";"1009,6";"1009,8";"1009,5";"3,3";"71,0";"5,8";"36,50";"0,2"
"24/11/2025";"2200";"21,0";"21,0";"20,7";"93,0";"93,0";"91,0";"19,8";"19,8";"19,4";"1009,8";"1009,8";"1009,5";"2,4";"71,0";"5,8";"";"0,0"
"24/11/2025";"2300";"21,2";"21,2";"21,0";"92,0";"93,0";"92,0";"19,8";"19,9";"19,8";"1010,7";"1010,7";"1009,8";"2,1";"81,0";"4,4";"";"0,0"
"25/11/2025";"0000";"20,9";"21,2";"20,9";"92,0";"92,0";"91,0";"19,5";"19,8";"19,5";"1011,0";"1011,0";"1010,5";"1,6";"68,0";"3,7";"";"0,4"
"25/11/2025";"0100";"21,0";"21,1";"20,9";"92,0";"92,0";"92,0";"19,7";"19,8";"19,5";"1011,1";"1011,3";"1011,0";"1,1";"53,0";"2,7";"";"0,2"
"25/11/2025";"0200";"20,8";"21,0";"20,7";"93,0";"93,0";"92,0";"19,6";"19,7";"19,5";"1010,2";"1011,2";"1010,2";"0,8";"29,0";"2,0";"";"0,0"
"25/11/2025";"0300";"21,1";"21,1";"20,7";"93,0";"93,0";"93,0";"19,9";"19,9";"19,5";"1009,3";"1010,2";"1009,2";"0,4";"44,0";"3,4";"";"0,0"
"25/11/2025";"0400";"20,7";"21,1";"20,7";"93,0";"93,0";"93,0";"19,5";"20,0";"19,5";"1008,2";"1009,4";"1008,2";"2,1";"26,0";"3,6";"";"0,0"
"25/11/2025";"0500";"20,6";"20,7";"20,6";"93,0";"93,0";"93,0";"19,5";"19,6";"19,5";"1007,0";"1008,2";"1007,0";"0,4";"78,0";"3,6";"";"0,0"
"25/11/2025";"0600";"20,5";"20,7";"20,5";"94,0";"94,0";"93,0";"19,5";"19,7";"19,5";"1006,7";"1007,0";"1006,7";"0,7";"360,0";"1,8";"";"0,0"
"25/11/2025";"0700";"20,1";"20,5";"20,1";"94,0";"94,0";"94,0";"19,1";"19,5";"19,1";"1006,6";"1007,0";"1006,5";"0,4";"184,0";"1,5";"";"0,0"
"25/11/2025";"0800";"20,0";"20,1";"19,8";"95,0";"95,0";"94,0";"19,1";"19,2";"18,9";"1006,4";"1006,6";"1006,2";"0,3";"72,0";"1,1";"";"0,0"
"25/11/2025";"0900";"21,1";"21,1";"19,9";"94,0";"95,0";"94,0";"20,2";"20,2";"19,0";"1007,3";"1007,3";"1006,4";"1,2";"356,0";"2,1";"247,40";"0,0"
"25/11/2025";"1000";"23,2";"23,2";"21,2";"84,0";"95,0";"84,0";"20,4";"21,5";"20,3";"1007,8";"1007,8";"1007,2";"2,4";"343,0";"4,1";"1003,40";"0,0"
"25/11/2025";"1100";"25,3";"25,3";"23,2";"76,0";"85,0";"75,0";"20,8";"20,9";"20,1";"1007,6";"1007,8";"1007,4";"3,4";"1,0";"6,2";"1962,10";"0,0"
"25/11/2025";"1200";"26,6";"26,8";"24,9";"68,0";"77,0";"66,0";"20,2";"21,1";"19,6";"1007,5";"1007,6";"1007,4";"2,8";"346,0";"6,0";"2237,30";"0,0"
"25/11/2025";"1300";"28,7";"28,7";"26,6";"62,0";"69,0";"61,0";"20,6";"21,2";"19,6";"1007,3";"1007,6";"1007,3";"2,7";"246,0";"5,4";"2922,80";"0,0"
"25/11/2025";"1400";"28,1";"29,0";"27,6";"64,0";"66,0";"60,0";"20,6";"21,3";"20,0";"1007,2";"1007,5";"1007,2";"2,3";"246,0";"5,7";"1919,90";"0,0"
"25/11/2025";"1500";"29,9";"29,9";"28,1";"56,0";"64,0";"56,0";"20,2";"21,4";"19,3";"1006,6";"1007,2";"1006,6";"2,1";"239,0";"5,0";"2888,40";"0,0"
"25/11/2025";"1600";"31,3";"31,3";"28,6";"53,0";"60,0";"51,0";"20,6";"20,6";"19,0";"1005,9";"1006,6";"1005,9";"2,5";"240,0";"5,6";"2691,90";"0,0"
"25/11/2025";"1700";"31,3";"32,1";"30,7";"47,0";"53,0";"44,0";"18,6";"20,0";"18,2";"1005,2";"1005,9";"1005,2";"2,8";"258,0";"6,2";"3432,70";"0,0"
"25/11/2025";"1800";"28,6";"32,2";"28,5";"61,0";"61,0";"44,0";"20,2";"20,5";"17,9";"1005,2";"1005,3";"1004,9";"5,2";"160,0";"9,9";"2288,20";"0,0"
"25/11/2025";"1900";"25,5";"28,8";"25,3";"71,0";"72,0";"59,0";"19,9";"21,3";"19,4";"1006,5";"1006,5";"1004,9";"4,1";"167,0";"10,8";"1363,00";"0,0"
"25/11/2025";"2000";"23,9";"25,6";"22,9";"80,0";"87,0";"70,0";"20,3";"21,1";"19,4";"1007,0";"1007,1";"1006,4";"2,8";"177,0";"9,4";"716,50";"2,0"
"25/11/2025";"2100";"23,6";"23,8";"23,3";"77,0";"81,0";"77,0";"19,2";"20,2";"19,2";"1007,1";"1007,3";"1006,9";"2,8";"181,0";"8,3";"149,30";"0,0"
"25/11/2025";"2200";"22,8";"23,6";"22,7";"82,0";"83,0";"77,0";"19,6";"19,8";"19,3";"1007,9";"1007,9";"1007,1";"2,7";"199,0";"8,3";"7,50";"0,0"
"25/11/2025";"2300";"22,5";"23,0";"22,3";"74,0";"83,0";"74,0";"17,5";"19,6";"17,5";"1008,5";"1008,5";"1007,9";"3,5";"203,0";"8,4";"";"0,0"
"26/11/2025";"0000";"22,3";"22,6";"22,3";"72,0";"74,0";"71,0";"16,9";"17,5";"16,9";"1009,1";"1009,1";"1008,5";"4,4";"212,0";"8,5";"";"0,0"
"26/11/2025";"0100";"21,8";"22,4";"21,7";"74,0";"75,0";"71,0";"17,0";"17,1";"16,9";"1009,5";"1009,5";"1009,1";"4,7";"213,0";"8,6";"";"0,0"
"26/11/2025";"0200";"21,5";"22,1";"21,5";"76,0";"76,0";"73,0";"17,1";"17,1";"17,0";"1009,8";"1009,8";"1009,4";"2,9";"216,0";"8,6";"";"0,0"
"26/11/2025";"0300";"21,2";"21,5";"21,1";"78,0";"78,0";"76,0";"17,2";"17,3";"17,1";"1009,3";"1009,8";"1009,3";"2,4";"213,0";"5,5";"";"0,0"
"26/11/2025";"0400";"20,9";"21,3";"20,9";"79,0";"79,0";"78,0";"17,2";"17,3";"17,2";"1009,1";"1009,3";"1009,1";"2,3";"224,0";"5,4";"";"0,0"
"26/11/2025";"0500";"20,6";"20,9";"20,5";"80,0";"82,0";"79,0";"17,1";"17,4";"17,1";"1009,1";"1009,2";"1009,1";"2,3";"232,0";"4,2";"";"0,0"
"26/11/2025";"0600";"20,3";"20,7";"20,1";"80,0";"82,0";"80,0";"16,8";"17,1";"16,8";"1009,3";"1009,3";"1008,9";"1,6";"210,0";"3,6";"";"0,0"
"26/11/2025";"0700";"20,1";"20,3";"19,9";"77,0";"80,0";"77,0";"16,0";"16,7";"16,0";"1009,6";"1009,6";"1009,3";"2,5";"214,0";"4,2";"";"0,0"
"26/11/2025";"0800";"19,5";"20,1";"19,4";"81,0";"82,0";"77,0";"16,2";"16,3";"16,0";"1010,4";"1010,4";"1009,5";"1,6";"192,0";"3,9";"0,80";"0,0"
"26/11/2025";"0900";"20,6";"20,6";"19,5";"81,0";"81,0";"79,0";"17,2";"17,2";"16,2";"1010,9";"1010,9";"1010,4";"3,4";"227,0";"6,1";"171,90";"0,0"
"26/11/2025";"1000";"23,2";"23,3";"20,6";"70,0";"81,0";"70,0";"17,6";"18,0";"17,2";"1011,1";"1011,2";"1010,9";"5,5";"216,0";"8,5";"970,40";"0,0"
"26/11/2025";"1100";"24,5";"24,5";"23,2";"65,0";"72,0";"64,0";"17,4";"18,2";"17,2";"1011,8";"1011,8";"1011,1";"5,5";"216,0";"9,8";"2015,40";"0,0"
"26/11/2025";"1200";"26,0";"26,4";"24,5";"60,0";"65,0";"58,0";"17,6";"18,2";"16,7";"1012,0";"1012,0";"1011,8";"4,2";"211,0";"10,4";"2646,90";"0,0"
"26/11/2025";"1300";"25,9";"27,6";"24,6";"57,0";"63,0";"52,0";"16,6";"18,5";"16,3";"1012,0";"1012,1";"1011,9";"4,1";"203,0";"9,6";"2028,80";"0,0"
"26/11/2025";"1400";"27,2";"27,4";"25,2";"60,0";"62,0";"56,0";"18,8";"18,8";"16,4";"1011,8";"1012,0";"1011,7";"3,3";"210,0";"8,7";"1605,30";"0,2"
"26/11/2025";"1500";"27,2";"28,3";"26,5";"56,0";"60,0";"53,0";"17,8";"19,2";"17,2";"1011,1";"1011,8";"1011,1";"4,6";"196,0";"10,3";"3071,30";"0,0"
"26/11/2025";"1600";"26,1";"27,6";"25,9";"60,0";"60,0";"56,0";"17,6";"18,2";"17,2";"1010,8";"1011,1";"1010,8";"3,6";"187,0";"10,8";"1335,60";"0,0"
"26/11/2025";"1700";"26,0";"27,8";"26,0";"59,0";"61,0";"54,0";"17,4";"18,2";"17,1";"1010,7";"1010,8";"1010,5";"3,5";"183,0";"9,4";"1806,90";"0,0"
"26/11/2025";"1800";"25,5";"26,7";"25,3";"58,0";"60,0";"55,0";"16,6";"17,5";"16,1";"1010,8";"1010,9";"1010,7";"3,8";"188,0";"10,7";"1527,80";"0,0"
"26/11/2025";"1900";"24,4";"26,2";"24,4";"62,0";"62,0";"57,0";"16,6";"17,5";"16,0";"1011,2";"1011,2";"1010,8";"3,7";"180,0";"10,1";"1094,70";"0,0"
"26/11/2025";"2000";"23,8";"24,6";"23,7";"65,0";"65,0";"61,0";"16,7";"17,0";"16,3";"1011,5";"1011,5";"1011,0";"3,7";"175,0";"10,5";"683,50";"0,0"
"26/11/2025";"2100";"22,7";"24,2";"22,7";"73,0";"73,0";"64,0";"17,6";"17,7";"16,7";"1011,8";"1011,8";"1011,4";"3,3";"190,0";"10,5";"255,20";"0,0"
"26/11/2025";"2200";"22,2";"22,7";"22,2";"73,0";"75,0";"73,0";"17,2";"17,7";"17,2";"1012,6";"1012,6";"1011,8";"3,3";"187,0";"9,2";"3,00";"0,0"
"26/11/2025";"2300";"22,2";"22,2";"22,1";"79,0";"79,0";"73,0";"18,3";"18,4";"17,2";"1013,5";"1013,5";"1012,6";"3,0";"195,0";"9,3";"";"0,0"
"27/11/2025";"0000";"21,9";"22,3";"21,9";"79,0";"79,0";"77,0";"18,1";"18,3";"18,0";"1013,9";"1013,9";"1013,5";"2,8";"195,0";"7,9";"";"0,0"
"27/11/2025";"0100";"21,3";"21,9";"21,2";"83,0";"83,0";"79,0";"18,3";"18,3";"17,9";"1014,3";"1014,3";"1013,9";"2,3";"213,0";"5,9";"";"0,0"
"27/11/2025";"0200";"20,9";"21,3";"20,9";"85,0";"85,0";"83,0";"18,2";"18,4";"18,2";"1013,9";"1014,3";"1013,9";"3,2";"212,0";"6,1";"";"0,0"
"27/11/2025";"0300";"20,0";"20,9";"20,0";"88,0";"88,0";"85,0";"17,9";"18,2";"17,9";"1013,8";"1014,0";"1013,8";"2,5";"216,0";"5,7";"";"0,0"
"27/11/2025";"0400";"19,6";"20,0";"19,5";"89,0";"89,0";"88,0";"17,7";"18,0";"17,6";"1013,2";"1013,8";"1013,2";"2,2";"224,0";"4,0";"";"0,0"
"27/11/2025";"0500";"20,2";"20,2";"19,6";"87,0";"89,0";"87,0";"17,9";"18,0";"17,7";"1013,0";"1013,3";"1013,0";"2,3";"213,0";"3,8";"";"0,0"
"27/11/2025";"0600";"20,2";"20,3";"20,1";"85,0";"87,0";"85,0";"17,6";"17,9";"17,5";"1013,1";"1013,1";"1012,9";"2,8";"215,0";"5,1";"";"0,0"
"27/11/2025";"0700";"20,0";"20,2";"19,9";"85,0";"86,0";"85,0";"17,4";"17,6";"17,4";"1013,7";"1013,7";"1013,1";"1,6";"231,0";"5,0";"";"0,0"
"27/11/2025";"0800";"19,5";"20,0";"19,5";"85,0";"85,0";"84,0";"16,9";"17,4";"16,9";"1014,2";"1014,2";"1013,7";"1,7";"218,0";"3,6";"0,50";"0,0"
"27/11/2025";"0900";"20,4";"20,4";"19,4";"82,0";"85,0";"82,0";"17,2";"17,3";"16,8";"1014,9";"1014,9";"1014,2";"1,3";"229,0";"2,8";"107,70";"0,0"
"27/11/2025";"1000";"21,9";"21,9";"20,4";"75,0";"82,0";"75,0";"17,3";"17,9";"17,2";"1015,4";"1015,4";"1014,9";"2,1";"213,0";"4,5";"438,60";"0,0"
"27/11/2025";"1100";"23,5";"23,7";"21,9";"66,0";"75,0";"66,0";"16,9";"17,9";"16,9";"1015,6";"1015,7";"1015,3";"1,8";"206,0";"5,2";"1132,80";"0,0"
"27/11/2025";"1200";"24,4";"24,9";"23,5";"60,0";"67,0";"59,0";"16,1";"17,6";"15,8";"1015,7";"1015,9";"1015,6";"1,9";"176,0";"6,1";"1879,00";"0,0"
"27/11/2025";"1300";"25,9";"26,8";"24,4";"51,0";"60,0";"48,0";"15,0";"17,0";"14,3";"1015,5";"1015,7";"1015,4";"2,4";"170,0";"5,9";"3025,10";"0,0"
"27/11/2025";"1400";"26,3";"27,7";"25,5";"47,0";"55,0";"45,0";"14,0";"16,7";"13,7";"1014,7";"1015,5";"1014,7";"2,8";"176,0";"6,0";"3322,50";"0,0"
"27/11/2025";"1500";"27,3";"27,8";"26,3";"45,0";"50,0";"44,0";"14,5";"15,8";"13,5";"1014,4";"1014,7";"1014,4";"1,7";"154,0";"5,5";"2452,80";"0,0"
"27/11/2025";"1600";"27,5";"27,9";"26,9";"50,0";"51,0";"44,0";"16,3";"16,3";"14,1";"1013,9";"1014,4";"1013,9";"2,2";"194,0";"6,1";"2062,70";"0,0"
"27/11/2025";"1700";"25,6";"27,6";"25,5";"55,0";"56,0";"46,0";"16,0";"16,0";"15,0";"1013,6";"1014,0";"1013,4";"3,4";"134,0";"6,7";"1064,00";"0,0"
"27/11/2025";"1800";"24,8";"25,6";"24,7";"61,0";"61,0";"54,0";"16,8";"17,0";"15,7";"1013,3";"1013,6";"1013,3";"4,1";"127,0";"7,3";"533,00";"0,0"
"27/11/2025";"1900";"24,7";"25,1";"24,7";"63,0";"63,0";"60,0";"17,1";"17,1";"16,5";"1013,4";"1013,5";"1013,2";"3,0";"140,0";"6,3";"514,00";"0,0"
"27/11/2025";"2000";"24,6";"24,9";"24,4";"62,0";"64,0";"62,0";"16,9";"17,4";"16,7";"1013,4";"1013,4";"1013,2";"2,5";"141,0";"5,8";"373,90";"0,0"
"27/11/2025";"2100";"23,7";"24,6";"23,7";"66,0";"66,0";"62,0";"17,1";"17,1";"16,5";"1013,9";"1013,9";"1013,4";"3,1";"135,0";"6,0";"162,90";"0,0"
"27/11/2025";"2200";"22,8";"23,7";"22,7";"72,0";"72,0";"66,0";"17,4";"17,5";"17,0";"1014,2";"1014,2";"1013,9";"2,7";"119,0";"6,2";"3,00";"0,0"
"27/11/2025";"2300";"22,6";"22,8";"22,6";"74,0";"74,0";"72,0";"17,8";"17,8";"17,4";"1014,5";"1014,5";"1014,2";"2,0";"114,0";"4,9";"";"0,0"
"28/11/2025";"0000";"22,5";"22,6";"22,4";"75,0";"75,0";"74,0";"17,9";"17,9";"17,7";"1014,9";"1014,9";"1014,5";"1,5";"116,0";"5,1";"";"0,0"
"28/11/2025";"0100";"21,8";"22,5";"21,8";"79,0";"79,0";"75,0";"18,0";"18,0";"17,9";"1014,9";"1015,0";"1014,8";"1,5";"52,0";"3,4";"";"0,0"
"28/11/2025";"0200";"21,7";"21,8";"21,6";"82,0";"82,0";"79,0";"18,5";"18,5";"18,0";"1014,4";"1014,9";"1014,4";"0,8";"68,0";"2,2";"";"0,0"
"28/11/2025";"0300";"21,7";"21,8";"21,3";"82,0";"83,0";"81,0";"18,5";"18,5";"18,3";"1014,0";"1014,5";"1014,0";"0,6";"274,0";"1,5";"";"0,0"
"28/11/2025";"0400";"21,3";"21,8";"21,3";"84,0";"84,0";"81,0";"18,5";"18,5";"18,3";"1013,3";"1014,0";"1013,3";"0,9";"282,0";"1,1";"";"0,0"
"28/11/2025";"0500";"20,7";"21,3";"20,5";"87,0";"88,0";"84,0";"18,4";"18,6";"18,3";"1013,0";"1013,3";"1013,0";"1,2";"241,0";"1,6";"";"0,0"
"28/11/2025";"0600";"20,9";"20,9";"20,6";"87,0";"88,0";"87,0";"18,7";"18,7";"18,5";"1012,7";"1013,0";"1012,6";"1,2";"240,0";"1,6";"";"0,0"
"28/11/2025";"0700";"20,9";"21,0";"20,7";"86,0";"88,0";"86,0";"18,4";"18,7";"18,4";"1012,5";"1012,7";"1012,4";"1,0";"233,0";"1,6";"";"0,0"
"28/11/2025";"0800";"20,5";"21,1";"20,5";"88,0";"88,0";"85,0";"18,4";"18,5";"18,4";"1012,4";"1012,6";"1012,4";"1,1";"211,0";"1,7";"1,40";"0,0"
"28/11/2025";"0900";"22,1";"22,1";"20,3";"84,0";"88,0";"84,0";"19,3";"19,3";"18,2";"1012,6";"1012,6";"1012,3";"0,9";"251,0";"1,7";"282,50";"0,0"
"28/11/2025";"1000";"24,6";"24,7";"22,1";"71,0";"84,0";"70,0";"18,9";"19,7";"18,4";"1013,0";"1013,0";"1012,5";"0,7";"93,0";"2,4";"1044,40";"0,0"
"28/11/2025";"1100";"24,7";"25,2";"24,0";"69,0";"73,0";"69,0";"18,6";"19,5";"18,4";"1013,1";"1013,2";"1013,0";"2,8";"43,0";"4,7";"1499,40";"0,0"
"28/11/2025";"1200";"26,1";"26,5";"24,5";"65,0";"71,0";"64,0";"19,1";"19,5";"18,5";"1012,9";"1013,2";"1012,9";"2,5";"45,0";"5,5";"1595,10";"0,0"
"28/11/2025";"1300";"26,6";"27,6";"26,0";"63,0";"67,0";"60,0";"19,1";"19,8";"18,5";"1012,4";"1012,9";"1012,4";"2,8";"57,0";"5,6";"1951,70";"0,0"
"28/11/2025";"1400";"27,4";"27,8";"26,6";"65,0";"66,0";"61,0";"20,2";"20,5";"18,9";"1011,6";"1012,4";"1011,6";"3,4";"80,0";"5,7";"2030,10";"0,0"
"28/11/2025";"1500";"27,1";"28,5";"26,6";"66,0";"66,0";"60,0";"20,1";"20,7";"19,2";"1011,2";"1011,6";"1011,1";"3,1";"86,0";"8,0";"1897,60";"0,0"
"28/11/2025";"1600";"28,4";"28,9";"26,7";"65,0";"67,0";"60,0";"21,3";"21,3";"19,6";"1010,6";"1011,2";"1010,6";"4,5";"70,0";"8,3";"2740,40";"0,0"
"28/11/2025";"1700";"27,1";"28,7";"26,7";"65,0";"67,0";"61,0";"19,9";"20,8";"19,6";"1010,0";"1010,6";"1010,0";"4,3";"79,0";"9,1";"2618,20";"0,0"
"28/11/2025";"1800";"26,7";"28,0";"26,4";"66,0";"68,0";"62,0";"19,9";"20,8";"19,5";"1009,4";"1010,0";"1009,4";"4,8";"74,0";"8,6";"2161,40";"0,0"
"28/11/2025";"1900";"26,2";"27,6";"25,9";"68,0";"70,0";"65,0";"19,9";"20,5";"19,4";"1009,0";"1009,4";"1008,9";"6,1";"65,0";"10,4";"1788,80";"0,0"
"28/11/2025";"2000";"25,0";"26,3";"24,9";"74,0";"74,0";"68,0";"20,0";"20,2";"19,6";"1008,9";"1009,1";"1008,8";"5,5";"66,0";"11,0";"786,60";"0,0"
"28/11/2025";"2100";"24,4";"25,4";"24,4";"76,0";"77,0";"71,0";"20,0";"20,2";"19,6";"1009,4";"1009,5";"1008,8";"5,5";"53,0";"10,1";"255,00";"0,0"
"28/11/2025";"2200";"23,9";"24,4";"23,9";"80,0";"80,0";"76,0";"20,2";"20,2";"20,0";"1009,7";"1009,7";"1009,1";"4,4";"47,0";"10,3";"2,50";"0,0"
"28/11/2025";"2300";"24,0";"24,1";"23,8";"80,0";"81,0";"80,0";"20,3";"20,4";"20,2";"1009,8";"1009,9";"1009,6";"4,5";"49,0";"8,4";"";"0,0"
"29/11/2025";"0000";"24,2";"24,2";"24,0";"80,0";"80,0";"80,0";"20,5";"20,6";"20,3";"1010,0";"1010,0";"1009,7";"3,9";"47,0";"9,3";"";"0,0"
"29/11/2025";"0100";"23,9";"24,2";"23,8";"81,0";"82,0";"80,0";"20,5";"20,5";"20,3";"1009,3";"1010,0";"1009,0";"3,6";"40,0";"10,0";"";"0,0"
"29/11/2025";"0200";"23,6";"24,0";"23,6";"83,0";"83,0";"81,0";"20,5";"20,6";"20,5";"1008,6";"1009,3";"1008,6";"3,1";"34,0";"7,1";"";"0,0"
"29/11/2025";"0300";"22,9";"23,6";"22,9";"87,0";"87,0";"83,0";"20,6";"20,7";"20,5";"1007,9";"1008,6";"1007,8";"1,3";"41,0";"5,5";"";"0,0"
"29/11/2025";"0400";"22,3";"22,9";"22,2";"90,0";"90,0";"87,0";"20,6";"20,6";"20,2";"1007,4";"1007,9";"1007,4";"1,1";"266,0";"2,4";"";"0,0"
"29/11/2025";"0500";"22,3";"22,3";"21,8";"91,0";"91,0";"90,0";"20,8";"20,8";"20,0";"1007,0";"1007,4";"1007,0";"1,1";"186,0";"1,9";"";"0,0"
"29/11/2025";"0600";"21,5";"22,5";"21,5";"92,0";"92,0";"91,0";"20,1";"21,0";"20,1";"1006,5";"1007,0";"1006,5";"1,3";"31,0";"2,3";"";"0,0"
"29/11/2025";"0700";"21,2";"21,5";"21,2";"93,0";"93,0";"92,0";"20,0";"20,3";"20,0";"1006,2";"1006,5";"1006,1";"2,2";"26,0";"3,1";"";"0,0"
"29/11/2025";"0800";"21,8";"21,8";"21,1";"92,0";"94,0";"92,0";"20,5";"20,5";"20,0";"1006,5";"1006,5";"1005,9";"3,2";"10,0";"5,3";"1,10";"0,0"
"29/11/2025";"0900";"23,4";"23,4";"21,8";"87,0";"92,0";"87,0";"21,1";"21,1";"20,5";"1006,9";"1006,9";"1006,5";"3,6";"337,0";"7,5";"296,50";"0,0"
"29/11/2025";"1000";"26,0";"26,0";"23,4";"75,0";"87,0";"75,0";"21,2";"21,4";"20,8";"1007,2";"1007,2";"1006,9";"2,8";"320,0";"6,1";"1040,60";"0,0"
"29/11/2025";"1100";"28,4";"28,6";"26,0";"64,0";"75,0";"63,0";"20,8";"21,4";"20,8";"1007,4";"1007,6";"1007,2";"2,8";"346,0";"5,3";"1882,50";"0,0"
"29/11/2025";"1200";"30,3";"30,5";"28,3";"53,0";"65,0";"52,0";"19,6";"21,6";"19,0";"1007,2";"1007,4";"1007,1";"4,3";"322,0";"8,6";"2708,20";"0,0"
"29/11/2025";"1300";"31,1";"31,8";"29,9";"47,0";"54,0";"46,0";"18,5";"20,1";"18,5";"1006,9";"1007,2";"1006,9";"3,9";"316,0";"8,2";"3320,60";"0,0"
"29/11/2025";"1400";"32,3";"32,8";"31,1";"47,0";"49,0";"45,0";"19,7";"20,0";"18,7";"1006,5";"1006,9";"1006,5";"3,6";"314,0";"8,1";"3727,90";"0,0"
"29/11/2025";"1500";"33,5";"34,2";"32,4";"40,0";"47,0";"39,0";"18,2";"20,3";"18,2";"1005,6";"1006,5";"1005,6";"3,4";"314,0";"8,7";"3926,20";"0,0"
"29/11/2025";"1600";"34,6";"35,0";"33,4";"39,0";"43,0";"38,0";"18,4";"19,7";"17,9";"1004,9";"1005,6";"1004,9";"3,8";"247,0";"7,3";"3623,00";"0,0"
"29/11/2025";"1700";"28,5";"35,6";"28,5";"70,0";"71,0";"36,0";"22,5";"22,7";"17,7";"1004,9";"1004,9";"1004,3";"2,9";"196,0";"8,6";"1659,00";"0,4"
"29/11/2025";"1800";"29,6";"29,7";"28,2";"65,0";"71,0";"64,0";"22,4";"22,9";"21,7";"1005,6";"1005,7";"1004,9";"3,3";"195,0";"10,6";"1046,80";"0,0"
"29/11/2025";"1900";"29,4";"29,9";"29,1";"56,0";"65,0";"54,0";"19,6";"22,4";"19,2";"1005,6";"1005,8";"1005,5";"3,5";"191,0";"9,9";"2137,70";"0,0"
"29/11/2025";"2000";"28,3";"29,7";"28,1";"57,0";"58,0";"54,0";"18,8";"20,0";"18,5";"1006,4";"1006,5";"1005,6";"2,8";"186,0";"8,3";"1292,20";"0,0"
"29/11/2025";"2100";"26,9";"28,3";"26,9";"63,0";"63,0";"56,0";"19,2";"19,4";"18,0";"1006,8";"1006,9";"1006,3";"2,5";"170,0";"7,0";"382,00";"0,0"
"29/11/2025";"2200";"25,8";"26,9";"25,8";"69,0";"69,0";"63,0";"19,6";"19,6";"19,1";"1007,6";"1007,6";"1006,7";"2,6";"161,0";"7,9";"8,40";"0,0"
"29/11/2025";"2300";"24,6";"25,8";"24,5";"73,0";"73,0";"66,0";"19,4";"19,6";"18,6";"1008,3";"1008,3";"1007,6";"2,4";"161,0";"7,3";"";"0,0"
"30/11/2025";"0000";"23,3";"24,7";"23,3";"84,0";"84,0";"73,0";"20,4";"20,4";"19,4";"1009,3";"1009,3";"1008,3";"2,5";"171,0";"7,4";"";"0,0"
"30/11/2025";"0100";"23,3";"23,6";"23,2";"85,0";"85,0";"84,0";"20,6";"20,7";"20,4";"1009,8";"1009,8";"1009,3";"2,0";"172,0";"6,7";"";"0,0"
"30/11/2025";"0200";"23,0";"23,3";"22,9";"83,0";"86,0";"83,0";"20,0";"20,7";"20,0";"1009,9";"1010,1";"1009,8";"2,6";"176,0";"6,5";"";"0,0"
"30/11/2025";"0300";"22,4";"23,0";"22,4";"87,0";"87,0";"83,0";"20,2";"20,2";"19,8";"1009,6";"1010,0";"1009,6";"2,6";"201,0";"7,1";"";"0,0"
"30/11/2025";"0400";"21,5";"22,4";"21,5";"91,0";"91,0";"87,0";"19,9";"20,3";"19,8";"1009,0";"1009,6";"1009,0";"2,0";"221,0";"5,4";"";"0,0"
"30/11/2025";"0500";"20,9";"21,7";"20,9";"90,0";"91,0";"90,0";"19,2";"20,1";"19,2";"1008,5";"1009,0";"1008,5";"2,2";"236,0";"4,2";"";"0,0"
"30/11/2025";"0600";"20,2";"20,9";"20,2";"91,0";"91,0";"90,0";"18,7";"19,3";"18,6";"1008,2";"1008,5";"1008,2";"2,0";"228,0";"4,1";"";"0,0"
"30/11/2025";"0700";"20,0";"20,7";"19,7";"93,0";"93,0";"91,0";"18,8";"19,3";"18,3";"1008,4";"1008,4";"1008,2";"1,3";"301,0";"2,8";"";"0,0"
"30/11/2025";"0800";"19,8";"20,0";"19,4";"93,0";"94,0";"92,0";"18,7";"18,8";"18,2";"1008,6";"1008,6";"1008,4";"1,6";"330,0";"2,4";"0,60";"0,0"
"30/11/2025";"0900";"21,1";"21,1";"19,6";"92,0";"94,0";"92,0";"19,8";"19,8";"18,5";"1008,8";"1008,8";"1008,6";"1,2";"331,0";"2,4";"281,00";"0,0"
"30/11/2025";"1000";"24,2";"24,2";"21,1";"81,0";"93,0";"80,0";"20,6";"20,8";"19,9";"1009,2";"1009,2";"1008,8";"1,5";"326,0";"2,5";"1134,20";"0,0"
"30/11/2025";"1100";"26,4";"26,4";"24,2";"68,0";"81,0";"67,0";"20,1";"20,9";"19,6";"1009,0";"1009,2";"1009,0";"1,8";"294,0";"4,1";"2019,30";"0,0"
"30/11/2025";"1200";"28,6";"29,2";"26,5";"52,0";"68,0";"50,0";"17,7";"20,2";"17,2";"1008,6";"1009,1";"1008,6";"2,5";"309,0";"4,5";"2842,50";"0,0"
"30/11/2025";"1300";"32,0";"32,0";"28,5";"40,0";"54,0";"38,0";"16,7";"19,0";"14,8";"1008,2";"1008,6";"1008,1";"1,7";"266,0";"4,6";"3501,40";"0,0"
"30/11/2025";"1400";"32,2";"33,2";"30,9";"32,0";"40,0";"30,0";"13,5";"15,7";"13,0";"1007,7";"1008,2";"1007,7";"2,2";"265,0";"4,0";"3918,50";"0,0"
"30/11/2025";"1500";"34,1";"34,5";"32,0";"23,0";"36,0";"20,0";"10,0";"15,0";"8,4";"1007,0";"1007,7";"1007,0";"0,9";"208,0";"3,6";"4099,00";"0,0"
"30/11/2025";"1600";"35,0";"35,0";"33,3";"21,0";"28,0";"20,0";"9,1";"12,8";"8,5";"1006,6";"1007,0";"1006,6";"2,5";"168,0";"5,5";"3980,10";"0,0"
"30/11/2025";"1700";"32,2";"35,1";"32,2";"43,0";"44,0";"19,0";"18,0";"19,1";"7,4";"1006,7";"1006,7";"1006,2";"4,2";"162,0";"10,2";"3568,80";"0,0"
"30/11/2025";"1800";"30,3";"32,2";"30,3";"45,0";"47,0";"43,0";"17,0";"18,7";"16,8";"1006,8";"1006,9";"1006,5";"4,6";"152,0";"9,9";"2978,20";"0,0"
"30/11/2025";"1900";"30,1";"30,7";"29,5";"46,0";"48,0";"44,0";"17,2";"18,0";"16,5";"1006,9";"1006,9";"1006,6";"2,7";"170,0";"8,6";"2227,70";"0,0"
"30/11/2025";"2000";"27,9";"30,1";"27,8";"57,0";"57,0";"45,0";"18,5";"18,9";"16,7";"1007,2";"1007,2";"1006,9";"2,6";"185,0";"6,6";"1334,00";"0,0"
"30/11/2025";"2100";"26,1";"27,9";"26,1";"64,0";"64,0";"56,0";"18,9";"18,9";"18,2";"1007,4";"1007,4";"1007,2";"2,7";"161,0";"7,0";"423,70";"0,0"
"30/11/2025";"2200";"24,7";"26,1";"24,7";"73,0";"73,0";"64,0";"19,6";"19,6";"18,8";"1008,1";"1008,1";"1007,4";"2,5";"131,0";"5,5";"6,60";"0,0"
"30/11/2025";"2300";"24,1";"24,8";"23,9";"79,0";"80,0";"73,0";"20,2";"20,3";"19,6";"1008,5";"1008,6";"1008,1";"2,3";"137,0";"4,7";"";"0,0"
"01/12/2025";"0000";"22,6";"24,1";"22,6";"85,0";"85,0";"79,0";"20,0";"20,3";"19,7";"1009,2";"1009,2";"1008,5";"1,5";"58,0";"3,9";"";"0,0"
"01/12/2025";"0100";"22,4";"22,6";"22,3";"88,0";"88,0";"85,0";"20,3";"20,4";"19,9";"1009,8";"1009,8";"1009,2";"0,9";"79,0";"2,2";"";"0,0"
"01/12/2025";"0200";"21,9";"22,7";"21,9";"90,0";"90,0";"88,0";"20,1";"20,7";"19,9";"1009,5";"1009,8";"1009,5";"0,8";"55,0";"1,3";"";"0,0"
"01/12/2025";"0300";"22,2";"22,3";"21,6";"91,0";"91,0";"90,0";"20,5";"20,7";"19,9";"1009,1";"1009,5";"1009,1";"1,1";"87,0";"1,5";"";"0,0"
"01/12/2025";"0400";"21,4";"22,2";"21,0";"92,0";"92,0";"90,0";"20,0";"20,5";"19,3";"1008,6";"1009,1";"1008,6";"0,8";"277,0";"1,7";"";"0,0"
"01/12/2025";"0500";"21,0";"21,4";"20,9";"94,0";"94,0";"92,0";"19,9";"20,0";"19,8";"1008,8";"1008,9";"1008,6";"1,5";"212,0";"1,7";"";"0,0"
"01/12/2025";"0600";"20,7";"21,1";"20,7";"94,0";"94,0";"94,0";"19,6";"20,1";"19,6";"1008,6";"1008,8";"1008,5";"1,0";"247,0";"1,7";"";"0,0"
"01/12/2025";"0700";"20,0";"20,7";"19,9";"95,0";"95,0";"94,0";"19,1";"19,5";"18,9";"1008,8";"1008,8";"1008,6";"1,7";"312,0";"2,2";"";"0,0"
"01/12/2025";"0800";"19,8";"20,2";"19,8";"95,0";"95,0";"95,0";"19,0";"19,4";"18,9";"1009,2";"1009,2";"1008,8";"0,8";"316,0";"2,2";"3,30";"0,0"
"01/12/2025";"0900";"21,0";"21,0";"19,8";"95,0";"95,0";"95,0";"20,2";"20,2";"19,1";"1009,3";"1009,4";"1009,1";"1,0";"360,0";"1,7";"254,00";"0,0"
"01/12/2025";"1000";"24,1";"24,2";"21,0";"91,0";"95,0";"91,0";"22,5";"22,7";"20,2";"1009,9";"1009,9";"1009,3";"1,1";"329,0";"2,5";"1088,60";"0,0"
"01/12/2025";"1100";"26,2";"26,3";"23,9";"71,0";"91,0";"70,0";"20,6";"22,7";"20,2";"1010,0";"1010,0";"1009,7";"2,0";"28,0";"4,7";"1704,40";"0,0"
"01/12/2025";"1200";"27,9";"28,2";"25,7";"59,0";"71,0";"58,0";"19,0";"21,0";"18,9";"1010,2";"1010,4";"1010,0";"1,9";"39,0";"5,0";"2532,30";"0,0"
"01/12/2025";"1300";"29,1";"29,8";"27,8";"50,0";"61,0";"50,0";"17,8";"19,9";"17,6";"1009,6";"1010,2";"1009,6";"2,5";"62,0";"5,4";"3367,10";"0,0"
"01/12/2025";"1400";"30,5";"30,5";"28,5";"51,0";"54,0";"50,0";"19,1";"19,3";"17,7";"1008,9";"1009,6";"1008,9";"2,5";"75,0";"6,4";"3762,90";"0,0"
"01/12/2025";"1500";"30,7";"31,1";"29,7";"49,0";"51,0";"46,0";"18,7";"19,1";"17,6";"1008,4";"1008,9";"1008,4";"4,1";"85,0";"9,5";"3923,30";"0,0"
"01/12/2025";"1600";"30,6";"31,6";"30,1";"49,0";"49,0";"43,0";"18,6";"18,7";"17,0";"1007,6";"1008,4";"1007,6";"4,4";"68,0";"9,5";"3832,40";"0,0"
"01/12/2025";"1700";"29,5";"30,7";"29,5";"53,0";"54,0";"47,0";"18,9";"19,5";"17,6";"1007,1";"1007,6";"1007,1";"4,9";"76,0";"9,1";"3475,10";"0,0"
"01/12/2025";"1800";"29,3";"30,2";"28,8";"52,0";"56,0";"49,0";"18,5";"19,7";"17,8";"1006,7";"1007,1";"1006,7";"5,0";"68,0";"9,9";"2918,50";"0,0"
"01/12/2025";"1900";"28,1";"29,5";"27,8";"63,0";"63,0";"52,0";"20,3";"20,7";"18,4";"1006,2";"1006,7";"1006,2";"5,8";"68,0";"9,9";"2101,60";"0,0"
"01/12/2025";"2000";"26,8";"28,0";"26,8";"68,0";"69,0";"63,0";"20,6";"21,1";"20,0";"1006,0";"1006,2";"1005,8";"4,6";"64,0";"9,2";"1251,00";"0,0"
"01/12/2025";"2100";"25,4";"26,8";"25,4";"76,0";"76,0";"68,0";"20,9";"21,1";"20,5";"1006,3";"1006,3";"1006,0";"4,6";"67,0";"9,4";"351,50";"0,0"
"01/12/2025";"2200";"24,4";"25,4";"24,4";"83,0";"83,0";"76,0";"21,4";"21,4";"20,9";"1006,5";"1006,6";"1006,1";"2,9";"73,0";"8,0";"10,00";"0,0"
"01/12/2025";"2300";"24,2";"24,5";"24,0";"87,0";"87,0";"83,0";"21,9";"21,9";"21,4";"1007,0";"1007,0";"1006,5";"2,5";"51,0";"6,4";"";"0,0"
"02/12/2025";"0000";"24,5";"24,6";"24,2";"87,0";"87,0";"86,0";"22,2";"22,3";"21,9";"1007,6";"1007,6";"1007,0";"1,0";"80,0";"4,6";"";"0,0"
"02/12/2025";"0100";"24,7";"24,7";"24,4";"88,0";"89,0";"87,0";"22,7";"22,7";"22,2";"1007,5";"1007,8";"1007,5";"2,2";"85,0";"4,7";"";"0,0"
"02/12/2025";"0200";"25,1";"25,1";"24,7";"87,0";"88,0";"87,0";"22,7";"22,9";"22,6";"1007,6";"1007,9";"1007,5";"1,9";"110,0";"4,8";"";"0,0"
"02/12/2025";"0300";"25,2";"25,2";"25,0";"86,0";"87,0";"86,0";"22,7";"22,7";"22,7";"1007,0";"1007,6";"1007,0";"2,5";"116,0";"4,7";"";"0,0"
"02/12/2025";"0400";"25,2";"25,2";"25,1";"86,0";"86,0";"86,0";"22,7";"22,7";"22,6";"1006,9";"1007,0";"1006,6";"2,0";"118,0";"4,8";"";"0,0"
"02/12/2025";"0500";"25,1";"25,2";"25,1";"86,0";"86,0";"86,0";"22,6";"22,7";"22,6";"1006,4";"1007,0";"1006,4";"1,6";"99,0";"4,4";"";"0,0"
"02/12/2025";"0600";"24,9";"25,1";"24,9";"87,0";"87,0";"86,0";"22,6";"22,7";"22,5";"1006,1";"1006,4";"1006,1";"1,7";"75,0";"5,4";"";"0,0"
"02/12/2025";"0700";"24,8";"25,0";"24,8";"86,0";"87,0";"86,0";"22,3";"22,5";"22,3";"1006,2";"1006,3";"1006,1";"1,8";"78,0";"3,3";"";"0,0"
"02/12/2025";"0800";"24,8";"24,9";"24,7";"85,0";"86,0";"84,0";"22,0";"22,3";"22,0";"1006,4";"1006,4";"1006,2";"1,3";"57,0";"5,2";"4,30";"0,0"
"02/12/2025";"0900";"25,3";"25,3";"24,7";"84,0";"86,0";"84,0";"22,5";"22,5";"22,0";"1006,7";"1006,8";"1006,4";"0,9";"55,0";"2,4";"147,50";"0,0"
"02/12/2025";"1000";"27,0";"27,1";"25,3";"75,0";"84,0";"75,0";"22,2";"23,0";"22,0";"1007,1";"1007,2";"1006,7";"0,9";"23,0";"2,2";"1015,80";"0,0"
"02/12/2025";"1100";"27,6";"27,6";"26,7";"76,0";"78,0";"74,0";"23,1";"23,1";"21,9";"1007,4";"1007,4";"1007,1";"1,7";"295,0";"3,1";"1211,30";"0,0"
"02/12/2025";"1200";"28,6";"29,3";"27,5";"70,0";"76,0";"67,0";"22,5";"23,4";"22,0";"1007,0";"1007,4";"1007,0";"2,6";"4,0";"5,6";"1956,10";"0,0"
"02/12/2025";"1300";"31,3";"31,3";"28,5";"63,0";"70,0";"61,0";"23,3";"23,3";"22,3";"1006,9";"1007,1";"1006,8";"3,4";"360,0";"6,7";"2572,60";"0,0"
"02/12/2025";"1400";"33,4";"33,9";"30,9";"50,0";"63,0";"49,0";"21,5";"23,2";"21,4";"1005,9";"1006,9";"1005,9";"4,0";"344,0";"8,0";"3862,40";"0,0"
"02/12/2025";"1500";"32,9";"34,7";"32,4";"49,0";"53,0";"45,0";"20,9";"22,3";"20,6";"1004,9";"1005,9";"1004,9";"3,8";"355,0";"8,7";"3643,30";"0,0"
"02/12/2025";"1600";"33,7";"34,1";"31,9";"52,0";"58,0";"49,0";"22,5";"23,2";"20,8";"1004,0";"1004,9";"1004,0";"4,6";"60,0";"7,9";"2276,20";"0,0"
"02/12/2025";"1700";"32,0";"34,4";"31,9";"55,0";"56,0";"50,0";"22,0";"23,0";"21,5";"1003,2";"1004,0";"1003,2";"5,3";"62,0";"8,8";"2429,40";"0,0"
"02/12/2025";"1800";"31,7";"32,0";"30,5";"54,0";"58,0";"54,0";"21,4";"22,3";"21,1";"1002,2";"1003,2";"1002,2";"5,4";"69,0";"10,8";"1453,10";"0,0"
"02/12/2025";"1900";"31,3";"32,3";"31,0";"55,0";"56,0";"51,0";"21,2";"21,6";"20,3";"1001,7";"1002,3";"1001,7";"5,3";"63,0";"10,1";"1795,90";"0,0"
"02/12/2025";"2000";"28,3";"31,3";"28,3";"66,0";"66,0";"55,0";"21,3";"22,0";"20,9";"1002,6";"1002,7";"1001,7";"4,3";"42,0";"9,2";"529,30";"0,0"
"02/12/2025";"2100";"25,7";"28,2";"25,7";"81,0";"81,0";"66,0";"22,3";"22,7";"21,3";"1003,1";"1003,1";"1002,0";"3,6";"63,0";"7,7";"58,90";"0,8"
"02/12/2025";"2200";"25,3";"25,8";"25,0";"87,0";"88,0";"81,0";"23,1";"23,1";"22,3";"1003,3";"1004,1";"1003,0";"1,6";"140,0";"6,1";"";"0,4"
"02/12/2025";"2300";"23,1";"25,6";"23,1";"90,0";"90,0";"87,0";"21,3";"23,3";"21,3";"1005,8";"1006,0";"1003,3";"8,8";"216,0";"15,2";"";"1,6"
"03/12/2025";"0000";"22,3";"23,1";"22,1";"95,0";"95,0";"90,0";"21,4";"21,4";"21,1";"1007,4";"1007,8";"1005,5";"1,2";"355,0";"15,2";"";"21,0"
"03/12/2025";"0100";"22,5";"22,5";"22,2";"95,0";"95,0";"95,0";"21,7";"21,7";"21,3";"1007,1";"1008,0";"1007,1";"1,0";"103,0";"2,7";"";"2,4"
"03/12/2025";"0200";"22,6";"22,7";"22,4";"95,0";"95,0";"95,0";"21,8";"21,8";"21,6";"1006,7";"1007,1";"1006,6";"0,6";"354,0";"2,0";"";"2,0"
"03/12/2025";"0300";"22,6";"22,7";"22,5";"95,0";"95,0";"95,0";"21,7";"21,9";"21,7";"1006,2";"1006,7";"1006,1";"1,0";"41,0";"2,1";"";"0,6"
"03/12/2025";"0400";"22,9";"22,9";"22,6";"95,0";"95,0";"95,0";"22,0";"22,1";"21,7";"1005,6";"1006,2";"1005,5";"4,6";"17,0";"7,3";"";"0,0"
"03/12/2025";"0500";"22,5";"22,9";"22,4";"95,0";"95,0";"95,0";"21,7";"22,0";"21,6";"1004,5";"1005,8";"1004,5";"3,5";"27,0";"7,3";"";"4,2"
"03/12/2025";"0600";"22,6";"22,8";"22,4";"95,0";"95,0";"95,0";"21,8";"21,9";"21,6";"1004,8";"1004,8";"1004,5";"4,4";"357,0";"6,7";"";"5,0"
"03/12/2025";"0700";"22,8";"23,0";"22,6";"95,0";"95,0";"95,0";"21,9";"22,1";"21,7";"1005,4";"1005,4";"1004,8";"5,0";"346,0";"8,4";"";"2,6"
"03/12/2025";"0800";"22,8";"22,8";"22,7";"95,0";"95,0";"95,0";"21,9";"21,9";"21,8";"1005,4";"1005,4";"1005,2";"2,8";"360,0";"7,9";"";"4,0"
"03/12/2025";"0900";"23,0";"23,0";"22,8";"95,0";"95,0";"95,0";"22,1";"22,1";"21,9";"1005,7";"1005,9";"1005,4";"3,9";"351,0";"6,3";"54,70";"0,4"
"03/12/2025";"1000";"23,8";"23,8";"23,0";"94,0";"95,0";"94,0";"22,7";"22,7";"22,0";"1006,2";"1006,2";"1005,5";"3,1";"335,0";"8,0";"306,60";"0,0"
"03/12/2025";"1100";"25,9";"25,9";"23,8";"91,0";"94,0";"91,0";"24,3";"24,3";"22,8";"1006,6";"1006,6";"1006,2";"1,7";"327,0";"5,6";"962,60";"0,0"
"03/12/2025";"1200";"26,3";"26,9";"25,9";"79,0";"91,0";"78,0";"22,4";"24,5";"22,2";"1007,0";"1007,0";"1006,6";"2,5";"273,0";"5,6";"1400,90";"0,0"
"03/12/2025";"1300";"28,6";"28,6";"26,2";"74,0";"81,0";"74,0";"23,5";"23,5";"22,3";"1007,2";"1007,2";"1007,0";"1,4";"250,0";"5,3";"1629,10";"0,2"
"03/12/2025";"1400";"29,1";"29,9";"28,3";"66,0";"74,0";"65,0";"22,2";"23,8";"21,7";"1006,7";"1007,2";"1006,7";"1,0";"140,0";"3,9";"3464,00";"0,0"
"03/12/2025";"1500";"29,3";"29,9";"29,1";"68,0";"68,0";"64,0";"22,7";"22,9";"21,9";"1006,2";"1006,7";"1006,2";"1,1";"196,0";"3,1";"1897,80";"0,0"
"03/12/2025";"1600";"30,4";"31,5";"29,2";"63,0";"70,0";"61,0";"22,6";"24,5";"22,1";"1005,2";"1006,2";"1005,2";"2,4";"147,0";"4,3";"2640,40";"0,0"
"03/12/2025";"1700";"31,4";"31,4";"29,7";"59,0";"66,0";"59,0";"22,4";"23,3";"21,7";"1004,2";"1005,2";"1004,2";"2,8";"148,0";"5,6";"3458,70";"0,0"
"03/12/2025";"1800";"26,2";"31,6";"26,2";"81,0";"81,0";"57,0";"22,6";"22,8";"21,4";"1004,5";"1004,8";"1004,1";"3,2";"186,0";"9,9";"1161,60";"0,6"
"03/12/2025";"1900";"24,5";"26,2";"24,3";"90,0";"90,0";"81,0";"22,7";"23,0";"22,3";"1005,7";"1005,8";"1004,5";"3,6";"215,0";"8,8";"327,80";"2,0"
"03/12/2025";"2000";"24,3";"24,6";"24,3";"91,0";"91,0";"90,0";"22,8";"23,0";"22,7";"1005,1";"1005,7";"1005,1";"3,3";"208,0";"6,5";"268,70";"0,2"
"03/12/2025";"2100";"24,4";"24,5";"24,3";"91,0";"92,0";"91,0";"22,9";"23,1";"22,8";"1006,3";"1006,4";"1004,8";"2,7";"200,0";"7,3";"82,40";"0,0"
"03/12/2025";"2200";"24,2";"24,5";"24,1";"91,0";"92,0";"91,0";"22,7";"23,0";"22,6";"1006,7";"1006,8";"1006,3";"1,8";"196,0";"5,8";"2,90";"0,0"
"03/12/2025";"2300";"24,0";"24,2";"24,0";"91,0";"91,0";"91,0";"22,5";"22,7";"22,4";"1008,1";"1008,1";"1006,7";"2,1";"202,0";"4,5";"";"0,2"
"04/12/2025";"0000";"23,8";"24,0";"23,8";"92,0";"92,0";"91,0";"22,4";"22,5";"22,4";"1008,4";"1008,4";"1007,7";"1,5";"197,0";"4,1";"";"0,2"
"04/12/2025";"0100";"23,4";"23,8";"23,4";"92,0";"92,0";"92,0";"22,0";"22,5";"22,0";"1009,0";"1009,0";"1008,4";"2,1";"220,0";"4,1";"";"0,0"
"04/12/2025";"0200";"23,4";"23,5";"23,3";"92,0";"93,0";"92,0";"22,2";"22,2";"22,0";"1008,8";"1009,2";"1008,7";"0,6";"202,0";"3,1";"";"0,0"
"04/12/2025";"0300";"23,3";"23,4";"23,3";"93,0";"93,0";"92,0";"22,0";"22,1";"22,0";"1007,9";"1008,8";"1007,9";"2,3";"231,0";"3,3";"";"0,0"
"04/12/2025";"0400";"23,1";"23,3";"23,1";"93,0";"93,0";"93,0";"21,9";"22,1";"21,9";"1007,0";"1008,0";"1007,0";"1,2";"217,0";"3,9";"";"0,0"
"04/12/2025";"0500";"23,0";"23,2";"23,0";"93,0";"93,0";"93,0";"21,8";"22,0";"21,8";"1006,7";"1007,0";"1006,6";"1,4";"214,0";"3,6";"";"0,0"
"04/12/2025";"0600";"22,6";"23,0";"22,6";"93,0";"93,0";"93,0";"21,5";"21,8";"21,5";"1006,5";"1006,7";"1006,5";"1,9";"226,0";"3,5";"";"0,0"
"04/12/2025";"0700";"22,6";"22,6";"22,5";"93,0";"93,0";"93,0";"21,5";"21,5";"21,4";"1006,3";"1006,6";"1006,3";"1,8";"222,0";"3,6";"";"0,4"
"04/12/2025";"0800";"22,3";"22,6";"22,3";"93,0";"93,0";"93,0";"21,1";"21,5";"21,1";"1006,6";"1006,7";"1006,3";"1,6";"216,0";"3,0";"";"0,0"
"04/12/2025";"0900";"23,0";"23,0";"22,3";"93,0";"93,0";"93,0";"21,7";"21,7";"21,1";"1007,4";"1007,4";"1006,6";"3,5";"222,0";"5,5";"156,40";"0,0"
"04/12/2025";"1000";"24,2";"24,2";"23,0";"88,0";"93,0";"87,0";"22,0";"22,3";"21,7";"1007,9";"1008,0";"1007,4";"3,0";"215,0";"5,5";"692,80";"0,0"
"04/12/2025";"1100";"24,4";"24,7";"24,0";"82,0";"88,0";"82,0";"21,2";"21,9";"21,1";"1008,6";"1008,6";"1007,7";"3,1";"223,0";"5,3";"748,10";"0,0"
"04/12/2025";"1200";"25,3";"25,4";"24,3";"79,0";"84,0";"79,0";"21,4";"21,7";"21,1";"1009,0";"1009,0";"1008,5";"2,8";"212,0";"6,1";"961,30";"0,0"
"04/12/2025";"1300";"25,8";"25,9";"25,1";"76,0";"80,0";"76,0";"21,4";"21,8";"21,0";"1009,4";"1009,4";"1009,0";"3,0";"214,0";"6,0";"995,20";"0,0"
"04/12/2025";"1400";"27,9";"27,9";"25,8";"69,0";"76,0";"68,0";"21,7";"21,7";"20,5";"1009,1";"1009,4";"1009,1";"2,3";"211,0";"7,3";"1912,40";"0,0"
"04/12/2025";"1500";"27,6";"28,7";"27,4";"68,0";"70,0";"63,0";"21,1";"22,4";"20,4";"1008,5";"1009,1";"1008,5";"2,2";"172,0";"5,4";"2410,30";"0,0"
"04/12/2025";"1600";"27,1";"29,1";"27,1";"67,0";"69,0";"60,0";"20,5";"21,6";"20,1";"1007,6";"1008,5";"1007,6";"3,8";"160,0";"8,2";"1821,00";"0,0"
"04/12/2025";"1700";"25,6";"27,1";"25,2";"74,0";"84,0";"67,0";"20,7";"22,4";"20,4";"1007,3";"1007,6";"1007,3";"2,4";"170,0";"7,5";"653,20";"0,6"
"04/12/2025";"1800";"24,7";"25,8";"24,7";"76,0";"76,0";"70,0";"20,3";"20,8";"20,0";"1007,5";"1007,6";"1007,2";"3,2";"184,0";"9,1";"280,30";"0,0"
"04/12/2025";"1900";"23,3";"24,8";"23,3";"84,0";"84,0";"75,0";"20,5";"20,6";"20,1";"1007,6";"1007,7";"1007,4";"2,7";"194,0";"8,0";"393,90";"0,6"
"04/12/2025";"2000";"23,7";"23,7";"23,0";"82,0";"85,0";"81,0";"20,4";"20,5";"20,3";"1007,6";"1007,8";"1007,5";"2,0";"178,0";"7,7";"324,70";"0,0"
"04/12/2025";"2100";"23,6";"23,9";"23,5";"75,0";"82,0";"74,0";"18,9";"20,3";"18,8";"1008,3";"1008,3";"1007,6";"2,5";"194,0";"8,1";"282,00";"0,0"
"04/12/2025";"2200";"23,2";"23,7";"23,2";"78,0";"78,0";"74,0";"19,3";"19,3";"18,6";"1009,3";"1009,3";"1008,3";"2,2";"188,0";"8,3";"7,50";"0,0"
"04/12/2025";"2300";"23,2";"23,3";"23,0";"81,0";"81,0";"78,0";"19,6";"19,7";"19,3";"1010,2";"1010,2";"1009,3";"2,4";"191,0";"6,6";"";"0,0"
"05/12/2025";"0000";"22,9";"23,3";"22,9";"82,0";"82,0";"80,0";"19,7";"19,7";"19,6";"1011,1";"1011,1";"1010,2";"2,1";"196,0";"6,2";"";"0,0"
"05/12/2025";"0100";"21,6";"22,9";"21,6";"84,0";"85,0";"82,0";"18,8";"19,9";"18,8";"1011,9";"1011,9";"1011,1";"1,8";"179,0";"8,1";"";"0,2"
"05/12/2025";"0200";"21,2";"21,8";"21,2";"90,0";"90,0";"84,0";"19,5";"19,5";"18,8";"1011,9";"1012,0";"1011,9";"1,6";"209,0";"5,6";"";"0,8"
"05/12/2025";"0300";"21,1";"21,2";"21,0";"92,0";"92,0";"90,0";"19,8";"19,8";"19,5";"1011,4";"1011,9";"1011,4";"1,0";"179,0";"5,2";"";"0,0"
"05/12/2025";"0400";"21,1";"21,2";"21,0";"93,0";"93,0";"92,0";"19,8";"19,9";"19,8";"1010,8";"1011,4";"1010,8";"1,8";"215,0";"3,8";"";"0,0"
"05/12/2025";"0500";"21,1";"21,1";"21,0";"92,0";"93,0";"92,0";"19,7";"19,8";"19,7";"1010,5";"1010,8";"1010,5";"1,9";"214,0";"3,9";"";"0,0"
"05/12/2025";"0600";"21,0";"21,1";"20,9";"89,0";"92,0";"89,0";"19,2";"19,7";"19,1";"1010,2";"1010,5";"1010,1";"2,7";"211,0";"4,8";"";"0,0"
"05/12/2025";"0700";"20,9";"21,0";"20,7";"89,0";"90,0";"89,0";"19,1";"19,2";"19,0";"1010,5";"1010,5";"1010,2";"2,1";"217,0";"4,8";"";"0,0"
"05/12/2025";"0800";"20,8";"20,9";"20,6";"91,0";"91,0";"89,0";"19,3";"19,3";"19,0";"1011,0";"1011,0";"1010,5";"1,7";"217,0";"3,5";"2,70";"0,0"
"05/12/2025";"0900";"21,6";"21,6";"20,8";"88,0";"91,0";"88,0";"19,5";"19,7";"19,3";"1012,1";"1012,1";"1011,0";"2,2";"209,0";"4,5";"101,30";"0,0"
"05/12/2025";"1000";"21,9";"21,9";"21,6";"86,0";"88,0";"86,0";"19,6";"19,6";"19,4";"1012,8";"1012,8";"1012,1";"1,8";"208,0";"5,0";"241,80";"0,0"
"05/12/2025";"1100";"22,6";"22,6";"21,9";"84,0";"86,0";"84,0";"19,7";"19,9";"19,5";"1013,1";"1013,1";"1012,8";"1,2";"216,0";"3,5";"370,00";"0,0"
"05/12/2025";"1200";"22,6";"23,2";"22,3";"79,0";"84,0";"79,0";"18,8";"19,9";"18,7";"1013,3";"1013,4";"1013,1";"2,3";"112,0";"4,9";"916,00";"0,0"
"05/12/2025";"1300";"24,0";"24,0";"22,6";"75,0";"80,0";"74,0";"19,3";"19,8";"18,8";"1013,5";"1013,5";"1013,3";"1,2";"152,0";"3,6";"1274,90";"0,0"
"05/12/2025";"1400";"26,1";"26,1";"24,0";"67,0";"77,0";"66,0";"19,6";"19,8";"18,7";"1013,0";"1013,5";"1013,0";"0,9";"184,0";"3,4";"2269,90";"0,0"
"05/12/2025";"1500";"26,2";"26,7";"25,4";"62,0";"69,0";"61,0";"18,5";"20,3";"18,2";"1012,5";"1013,1";"1012,5";"2,1";"125,0";"4,1";"2481,30";"0,0"
"05/12/2025";"1600";"24,5";"26,7";"24,5";"72,0";"72,0";"62,0";"19,1";"19,3";"18,1";"1012,3";"1012,5";"1012,3";"3,6";"145,0";"6,8";"1173,10";"0,2"
"05/12/2025";"1700";"23,5";"24,5";"23,4";"74,0";"75,0";"72,0";"18,6";"19,2";"18,5";"1012,0";"1012,3";"1012,0";"2,7";"124,0";"6,8";"407,90";"0,0"
"05/12/2025";"1800";"24,1";"24,1";"23,5";"71,0";"75,0";"71,0";"18,5";"18,8";"18,3";"1011,7";"1012,0";"1011,7";"2,4";"91,0";"5,5";"378,20";"0,0"
"05/12/2025";"1900";"24,6";"24,6";"24,1";"70,0";"71,0";"69,0";"18,8";"18,9";"18,4";"1011,5";"1011,7";"1011,5";"3,0";"82,0";"4,9";"679,60";"0,0"
"05/12/2025";"2000";"24,3";"24,8";"24,3";"71,0";"71,0";"69,0";"18,7";"19,0";"18,4";"1011,8";"1011,8";"1011,5";"2,9";"81,0";"5,8";"513,20";"0,0"
"05/12/2025";"2100";"24,0";"24,8";"23,9";"72,0";"73,0";"69,0";"18,6";"18,9";"18,4";"1012,5";"1012,5";"1011,8";"2,1";"82,0";"6,5";"291,90";"0,0"
"05/12/2025";"2200";"23,4";"24,0";"23,4";"74,0";"74,0";"71,0";"18,4";"18,6";"18,3";"1013,2";"1013,2";"1012,5";"2,5";"80,0";"5,2";"2,90";"0,0"
"05/12/2025";"2300";"23,5";"23,5";"23,2";"75,0";"76,0";"74,0";"18,8";"18,8";"18,5";"1014,0";"1014,0";"1013,3";"1,6";"107,0";"3,8";"";"0,0"
"06/12/2025";"0000";"22,4";"23,5";"22,4";"79,0";"79,0";"75,0";"18,6";"18,8";"18,5";"1014,3";"1014,3";"1014,0";"2,3";"75,0";"4,2";"";"0,0"
"06/12/2025";"0100";"22,4";"22,6";"22,1";"79,0";"80,0";"79,0";"18,6";"18,7";"18,5";"1014,8";"1014,9";"1014,3";"1,1";"108,0";"3,7";"";"0,0"
"06/12/2025";"0200";"21,5";"22,4";"21,1";"84,0";"86,0";"79,0";"18,6";"18,8";"18,3";"1014,7";"1014,9";"1014,7";"0,2";"212,0";"2,1";"";"0,0"
"06/12/2025";"0300";"21,5";"21,7";"21,3";"85,0";"85,0";"83,0";"18,9";"18,9";"18,5";"1013,9";"1014,7";"1013,9";"1,1";"229,0";"1,3";"";"0,0"
"06/12/2025";"0400";"21,3";"21,6";"21,0";"86,0";"88,0";"85,0";"18,8";"19,2";"18,7";"1013,0";"1013,9";"1013,0";"1,3";"143,0";"1,6";"";"0,0"
"06/12/2025";"0500";"20,7";"21,3";"20,5";"88,0";"88,0";"85,0";"18,7";"18,9";"18,5";"1012,3";"1013,0";"1012,3";"1,2";"142,0";"1,7";"";"0,0"
"06/12/2025";"0600";"19,9";"20,9";"19,8";"91,0";"91,0";"87,0";"18,5";"18,8";"17,9";"1012,1";"1012,3";"1012,1";"1,0";"249,0";"1,7";"";"0,0"
"06/12/2025";"0700";"19,9";"20,1";"19,7";"92,0";"93,0";"91,0";"18,6";"18,9";"18,5";"1012,1";"1012,1";"1012,0";"0,3";"189,0";"1,6";"";"0,0"
"06/12/2025";"0800";"19,9";"19,9";"19,6";"94,0";"94,0";"92,0";"18,8";"18,9";"18,4";"1012,5";"1012,5";"1012,0";"0,9";"269,0";"1,4";"1,20";"0,0"
"06/12/2025";"0900";"21,2";"21,2";"19,9";"93,0";"94,0";"93,0";"20,1";"20,2";"18,9";"1013,0";"1013,0";"1012,5";"0,9";"320,0";"1,7";"242,80";"0,0"
"06/12/2025";"1000";"22,5";"22,5";"21,2";"88,0";"94,0";"88,0";"20,5";"20,9";"20,1";"1013,7";"1013,7";"1013,0";"1,1";"294,0";"1,8";"505,30";"0,0"
"06/12/2025";"1100";"25,2";"25,2";"22,5";"74,0";"89,0";"73,0";"20,2";"20,9";"19,7";"1014,2";"1014,2";"1013,7";"1,4";"39,0";"3,1";"1525,10";"0,0"
"06/12/2025";"1200";"26,1";"27,4";"25,0";"63,0";"74,0";"61,0";"18,3";"20,6";"18,3";"1014,3";"1014,4";"1014,1";"2,2";"79,0";"3,8";"2676,70";"0,0"
"06/12/2025";"1300";"26,2";"27,1";"25,8";"67,0";"68,0";"61,0";"19,5";"20,2";"18,0";"1014,4";"1014,5";"1014,3";"1,8";"95,0";"4,4";"1817,50";"0,0"
"06/12/2025";"1400";"27,0";"28,1";"26,1";"65,0";"68,0";"62,0";"19,8";"21,0";"19,1";"1014,0";"1014,4";"1014,0";"3,3";"80,0";"6,2";"3067,60";"0,0"
"06/12/2025";"1500";"27,4";"28,9";"27,0";"64,0";"66,0";"58,0";"20,0";"21,1";"19,2";"1013,7";"1014,0";"1013,7";"2,8";"67,0";"7,3";"2928,70";"0,0"
"06/12/2025";"1600";"27,3";"28,4";"26,9";"62,0";"65,0";"60,0";"19,4";"20,9";"19,1";"1012,9";"1013,7";"1012,9";"4,7";"61,0";"9,1";"2675,20";"0,0"
"06/12/2025";"1700";"28,0";"28,4";"26,9";"61,0";"65,0";"60,0";"19,9";"20,9";"19,2";"1012,3";"1012,9";"1012,3";"4,2";"74,0";"9,1";"2859,70";"0,0"
"06/12/2025";"1800";"27,1";"28,4";"27,0";"65,0";"65,0";"60,0";"19,9";"20,4";"19,3";"1012,1";"1012,3";"1012,0";"5,1";"74,0";"9,5";"2826,70";"0,0"
"06/12/2025";"1900";"26,9";"27,6";"26,2";"64,0";"68,0";"63,0";"19,6";"20,4";"19,2";"1012,0";"1012,1";"1011,9";"4,7";"69,0";"9,7";"1930,10";"0,0"
"06/12/2025";"2000";"25,1";"26,9";"25,1";"70,0";"70,0";"64,0";"19,2";"19,7";"19,0";"1012,1";"1012,1";"1011,9";"5,6";"77,0";"10,0";"1184,30";"0,0"
"06/12/2025";"2100";"24,2";"25,1";"24,2";"72,0";"72,0";"70,0";"18,9";"19,3";"18,8";"1012,6";"1012,6";"1012,1";"5,3";"74,0";"9,4";"146,00";"0,0"
"06/12/2025";"2200";"23,5";"24,2";"23,5";"80,0";"80,0";"72,0";"19,7";"19,8";"18,8";"1013,0";"1013,0";"1012,5";"4,0";"72,0";"8,7";"5,70";"0,0"
"06/12/2025";"2300";"23,3";"23,5";"23,2";"81,0";"81,0";"80,0";"19,8";"19,9";"19,7";"1013,7";"1013,7";"1013,0";"2,8";"69,0";"7,3";"";"0,0"
"07/12/2025";"0000";"22,8";"23,3";"22,7";"83,0";"83,0";"81,0";"19,8";"19,9";"19,7";"1014,2";"1014,3";"1013,7";"2,5";"66,0";"5,4";"";"0,0"
"07/12/2025";"0100";"22,2";"22,9";"22,2";"86,0";"86,0";"83,0";"19,7";"19,8";"19,6";"1014,4";"1014,5";"1014,2";"1,8";"75,0";"4,5";"";"0,0"
"07/12/2025";"0200";"22,6";"22,8";"22,2";"85,0";"86,0";"84,0";"19,9";"20,2";"19,7";"1014,1";"1014,5";"1014,1";"1,5";"78,0";"3,2";"";"0,0"
"07/12/2025";"0300";"22,2";"22,6";"22,2";"88,0";"88,0";"85,0";"20,0";"20,1";"19,8";"1013,5";"1014,1";"1013,5";"1,5";"63,0";"2,4";"";"0,0"
"07/12/2025";"0400";"22,3";"22,4";"22,1";"88,0";"88,0";"88,0";"20,3";"20,4";"20,0";"1012,6";"1013,5";"1012,6";"0,7";"89,0";"2,1";"";"0,0"
"07/12/2025";"0500";"22,1";"22,4";"22,1";"90,0";"90,0";"88,0";"20,4";"20,6";"20,2";"1012,2";"1012,7";"1012,2";"0,8";"2,0";"1,9";"";"0,0"
"07/12/2025";"0600";"21,8";"22,2";"21,7";"91,0";"91,0";"90,0";"20,4";"20,6";"20,2";"1011,9";"1012,3";"1011,9";"1,3";"5,0";"1,9";"";"0,0"
"07/12/2025";"0700";"21,8";"21,9";"21,7";"92,0";"92,0";"91,0";"20,4";"20,4";"20,3";"1012,0";"1012,0";"1011,9";"0,8";"273,0";"1,9";"";"0,0"
"07/12/2025";"0800";"21,5";"22,0";"21,5";"92,0";"92,0";"92,0";"20,2";"20,6";"20,2";"1012,4";"1012,4";"1012,0";"1,5";"316,0";"2,4";"1,80";"0,0"
"07/12/2025";"0900";"23,0";"23,1";"21,5";"91,0";"93,0";"91,0";"21,5";"21,7";"20,2";"1012,6";"1012,6";"1012,3";"1,1";"15,0";"1,9";"268,20";"0,0"
"07/12/2025";"1000";"25,0";"25,2";"23,0";"78,0";"91,0";"78,0";"20,8";"22,0";"20,8";"1013,1";"1013,1";"1012,6";"2,6";"12,0";"4,3";"957,80";"0,0"
"07/12/2025";"1100";"26,7";"26,7";"24,9";"73,0";"79,0";"71,0";"21,5";"21,5";"20,4";"1012,8";"1013,1";"1012,8";"3,3";"28,0";"5,3";"1902,50";"0,0"
"07/12/2025";"1200";"28,1";"28,4";"26,6";"63,0";"73,0";"63,0";"20,5";"21,5";"20,4";"1012,5";"1012,8";"1012,4";"3,5";"6,0";"6,4";"2722,50";"0,0"
"07/12/2025";"1300";"29,4";"30,3";"27,9";"61,0";"66,0";"58,0";"21,1";"22,1";"20,3";"1012,2";"1012,5";"1012,2";"3,8";"15,0";"6,6";"3341,50";"0,0"
"07/12/2025";"1400";"30,8";"30,9";"29,4";"58,0";"62,0";"56,0";"21,5";"22,3";"20,6";"1011,5";"1012,2";"1011,5";"4,0";"6,0";"6,8";"3786,30";"0,0"
"07/12/2025";"1500";"31,6";"32,0";"30,5";"54,0";"60,0";"53,0";"21,1";"22,6";"20,8";"1010,8";"1011,5";"1010,8";"2,8";"10,0";"6,9";"3832,20";"0,0"
"07/12/2025";"1600";"31,1";"32,7";"30,9";"61,0";"62,0";"50,0";"22,6";"23,0";"20,6";"1010,0";"1010,8";"1010,0";"4,3";"64,0";"8,0";"3867,30";"0,0"
"07/12/2025";"1700";"29,3";"31,1";"29,3";"67,0";"67,0";"60,0";"22,5";"23,5";"22,2";"1009,5";"1010,1";"1009,5";"4,7";"88,0";"8,4";"2597,20";"0,0"
"07/12/2025";"1800";"27,6";"29,4";"27,6";"71,0";"71,0";"66,0";"22,0";"22,6";"21,8";"1009,4";"1009,5";"1009,4";"5,7";"66,0";"9,6";"1428,60";"0,0"
"07/12/2025";"1900";"27,8";"28,2";"27,3";"71,0";"73,0";"70,0";"22,0";"22,7";"21,8";"1009,3";"1009,4";"1009,2";"4,3";"86,0";"10,0";"2172,60";"0,0"
"07/12/2025";"2000";"26,7";"27,8";"26,7";"73,0";"74,0";"71,0";"21,5";"22,1";"21,3";"1009,6";"1009,6";"1009,3";"4,0";"76,0";"10,1";"1112,30";"0,0"
"07/12/2025";"2100";"26,1";"26,7";"26,1";"79,0";"79,0";"73,0";"22,1";"22,1";"21,4";"1009,8";"1009,8";"1009,5";"3,1";"75,0";"7,4";"114,80";"0,0"
"07/12/2025";"2200";"25,5";"26,1";"25,5";"83,0";"83,0";"79,0";"22,4";"22,4";"22,1";"1010,9";"1010,9";"1009,8";"2,7";"65,0";"6,5";"7,10";"0,0"
"07/12/2025";"2300";"25,0";"25,6";"25,0";"86,0";"86,0";"83,0";"22,5";"22,6";"22,4";"1011,4";"1011,4";"1010,9";"2,0";"70,0";"5,4";"";"0,0"
"08/12/2025";"0000";"24,7";"25,1";"24,3";"90,0";"90,0";"86,0";"22,8";"22,8";"22,4";"1011,5";"1011,6";"1011,3";"1,7";"56,0";"4,1";"";"0,0"
"08/12/2025";"0100";"24,5";"24,9";"24,4";"90,0";"90,0";"89,0";"22,7";"23,0";"22,6";"1011,6";"1011,7";"1011,4";"1,1";"56,0";"4,1";"";"0,0"
"08/12/2025";"0200";"24,7";"24,7";"24,5";"90,0";"91,0";"90,0";"23,0";"23,1";"22,7";"1011,1";"1011,6";"1011,1";"1,0";"28,0";"2,8";"";"0,0"
"08/12/2025";"0300";"24,7";"24,8";"24,7";"90,0";"90,0";"90,0";"23,0";"23,1";"23,0";"1010,7";"1011,1";"1010,7";"1,3";"42,0";"3,3";"";"0,0"
"08/12/2025";"0400";"24,5";"24,7";"24,5";"90,0";"90,0";"90,0";"22,8";"23,0";"22,8";"1010,2";"1010,7";"1010,2";"0,5";"141,0";"3,3";"";"0,0"
"08/12/2025";"0500";"24,4";"24,6";"24,4";"90,0";"90,0";"90,0";"22,7";"22,8";"22,7";"1010,0";"1010,2";"1009,9";"1,0";"58,0";"2,1";"";"0,0"
"08/12/2025";"0600";"24,3";"24,4";"24,2";"91,0";"91,0";"90,0";"22,7";"22,8";"22,7";"1009,4";"1010,0";"1009,4";"1,4";"315,0";"2,6";"";"0,0"
"08/12/2025";"0700";"23,5";"24,3";"23,5";"92,0";"92,0";"91,0";"22,2";"22,7";"22,1";"1009,3";"1009,4";"1009,2";"2,2";"298,0";"3,2";"";"0,0"
"08/12/2025";"0800";"23,6";"23,6";"23,4";"93,0";"93,0";"92,0";"22,3";"22,4";"22,2";"1009,7";"1009,8";"1009,3";"1,5";"3,0";"3,4";"0,30";"0,0"
"08/12/2025";"0900";"23,9";"24,1";"23,4";"92,0";"93,0";"92,0";"22,5";"22,8";"22,2";"1010,4";"1010,4";"1009,7";"3,2";"11,0";"5,5";"174,60";"0,0"
"08/12/2025";"1000";"26,0";"26,0";"23,9";"84,0";"92,0";"84,0";"23,0";"23,2";"22,5";"1010,4";"1010,6";"1010,3";"4,4";"360,0";"7,0";"734,20";"0,0"
"08/12/2025";"1100";"28,7";"28,7";"26,0";"70,0";"84,0";"70,0";"22,7";"23,2";"22,3";"1010,2";"1010,4";"1010,1";"4,5";"349,0";"8,5";"1940,80";"0,0"
"08/12/2025";"1200";"30,5";"30,6";"28,6";"61,0";"70,0";"61,0";"22,1";"22,9";"21,6";"1010,2";"1010,2";"1010,1";"4,0";"316,0";"8,5";"2716,90";"0,0"
"08/12/2025";"1300";"31,2";"31,8";"30,2";"54,0";"62,0";"53,0";"20,8";"22,5";"20,8";"1010,0";"1010,3";"1010,0";"4,5";"310,0";"8,9";"3341,10";"0,0"
"08/12/2025";"1400";"32,9";"33,0";"31,2";"51,0";"56,0";"49,0";"21,5";"22,5";"20,2";"1009,5";"1010,1";"1009,4";"3,0";"321,0";"7,8";"3759,20";"0,0"
"08/12/2025";"1500";"33,9";"33,9";"32,6";"46,0";"52,0";"44,0";"20,7";"21,8";"19,5";"1008,8";"1009,5";"1008,8";"3,2";"2,0";"6,4";"3933,30";"0,0"
"08/12/2025";"1600";"34,2";"34,5";"33,6";"46,0";"47,0";"41,0";"20,9";"21,2";"18,7";"1008,2";"1008,8";"1008,2";"2,8";"42,0";"6,8";"3858,50";"0,0"
"08/12/2025";"1700";"31,8";"34,7";"31,1";"55,0";"58,0";"44,0";"21,7";"22,6";"20,4";"1007,7";"1008,2";"1007,7";"5,2";"59,0";"10,0";"3118,20";"0,0"
"08/12/2025";"1800";"30,5";"31,8";"30,5";"58,0";"58,0";"55,0";"21,2";"22,3";"20,9";"1007,4";"1007,8";"1007,4";"5,9";"76,0";"10,6";"2824,00";"0,0"
"08/12/2025";"1900";"28,0";"30,5";"28,0";"66,0";"66,0";"57,0";"21,0";"21,2";"20,6";"1007,5";"1007,6";"1007,3";"5,6";"65,0";"9,9";"548,00";"0,0"
"08/12/2025";"2000";"27,5";"28,0";"27,4";"72,0";"72,0";"66,0";"22,0";"22,0";"21,1";"1008,5";"1008,5";"1007,5";"3,8";"58,0";"9,9";"469,70";"0,0"
"08/12/2025";"2100";"27,1";"27,6";"27,1";"73,0";"74,0";"72,0";"21,9";"22,3";"21,9";"1008,1";"1008,7";"1008,0";"3,9";"77,0";"7,3";"218,30";"0,0"
"08/12/2025";"2200";"25,8";"27,1";"25,8";"78,0";"78,0";"71,0";"21,6";"21,9";"21,2";"1008,8";"1008,8";"1008,1";"3,9";"70,0";"9,7";"12,10";"0,0"
"08/12/2025";"2300";"25,2";"25,8";"25,2";"82,0";"82,0";"78,0";"22,0";"22,0";"21,6";"1009,0";"1009,2";"1008,8";"3,5";"60,0";"6,8";"";"0,0"
"09/12/2025";"0000";"24,7";"25,2";"24,7";"86,0";"86,0";"82,0";"22,2";"22,2";"22,0";"1009,7";"1009,7";"1009,0";"2,0";"51,0";"7,7";"";"0,0"
"09/12/2025";"0100";"24,2";"24,8";"24,2";"89,0";"89,0";"86,0";"22,3";"22,3";"22,1";"1010,0";"1010,1";"1009,7";"1,8";"65,0";"4,2";"";"0,0"
"09/12/2025";"0200";"23,8";"24,2";"23,8";"91,0";"91,0";"89,0";"22,2";"22,4";"22,1";"1009,6";"1010,0";"1009,6";"2,1";"78,0";"3,8";"";"0,0"
"09/12/2025";"0300";"23,6";"23,8";"23,5";"92,0";"92,0";"91,0";"22,1";"22,3";"22,1";"1009,1";"1009,6";"1009,1";"1,8";"57,0";"3,6";"";"0,0"
"09/12/2025";"0400";"23,4";"23,7";"23,4";"92,0";"92,0";"92,0";"22,0";"22,3";"22,0";"1008,6";"1009,1";"1008,4";"2,1";"34,0";"3,9";"";"0,0"
"09/12/2025";"0500";"23,1";"23,4";"23,1";"93,0";"93,0";"92,0";"21,9";"22,1";"21,9";"1008,2";"1008,6";"1008,2";"1,9";"56,0";"3,9";"";"0,0"
"09/12/2025";"0600";"22,9";"23,2";"22,9";"93,0";"93,0";"93,0";"21,8";"22,0";"21,7";"1008,1";"1008,2";"1008,0";"2,0";"44,0";"3,5";"";"0,0"
"09/12/2025";"0700";"22,9";"23,0";"22,8";"94,0";"94,0";"93,0";"21,8";"21,9";"21,7";"1008,1";"1008,2";"1008,0";"2,6";"50,0";"4,1";"";"0,0"
"09/12/2025";"0800";"23,2";"23,2";"22,9";"94,0";"94,0";"94,0";"22,1";"22,1";"21,8";"1008,3";"1008,3";"1008,1";"2,9";"56,0";"4,6";"1,20";"0,0"
"09/12/2025";"0900";"23,9";"23,9";"23,2";"93,0";"94,0";"93,0";"22,7";"22,7";"22,2";"1008,8";"1008,8";"1008,3";"2,8";"35,0";"5,5";"178,30";"0,0"
"09/12/2025";"1000";"26,5";"26,5";"23,9";"81,0";"93,0";"81,0";"23,1";"23,4";"22,7";"1009,0";"1009,0";"1008,8";"3,4";"34,0";"6,0";"908,20";"0,0"
"09/12/2025";"1100";"28,3";"28,7";"26,5";"68,0";"82,0";"68,0";"21,9";"23,3";"21,7";"1008,8";"1009,0";"1008,8";"4,2";"33,0";"6,8";"1783,30";"0,0"
"09/12/2025";"1200";"30,5";"30,5";"28,3";"61,0";"69,0";"61,0";"22,1";"22,9";"21,3";"1008,6";"1008,8";"1008,6";"4,1";"30,0";"7,4";"2275,90";"0,0"
"09/12/2025";"1300";"31,3";"31,3";"30,1";"57,0";"63,0";"56,0";"21,6";"22,7";"21,1";"1008,3";"1008,6";"1008,3";"3,6";"16,0";"7,4";"2834,90";"0,0"
"09/12/2025";"1400";"31,9";"32,6";"31,0";"53,0";"59,0";"50,0";"21,2";"22,6";"20,6";"1007,7";"1008,4";"1007,7";"3,4";"9,0";"7,0";"3084,80";"0,0"
"09/12/2025";"1500";"31,3";"33,4";"30,9";"60,0";"60,0";"49,0";"22,5";"22,8";"20,6";"1007,1";"1007,7";"1007,1";"4,0";"70,0";"7,1";"2578,40";"0,0"
"09/12/2025";"1600";"30,2";"31,6";"30,2";"55,0";"60,0";"53,0";"20,1";"22,4";"20,1";"1006,3";"1007,1";"1006,3";"5,5";"58,0";"9,7";"2905,60";"0,0"
"09/12/2025";"1700";"30,4";"31,1";"30,1";"55,0";"57,0";"53,0";"20,3";"21,0";"19,9";"1005,3";"1006,3";"1005,3";"6,5";"69,0";"10,8";"3567,70";"0,0"
"09/12/2025";"1800";"29,9";"31,7";"29,8";"54,0";"55,0";"48,0";"19,5";"20,8";"18,7";"1004,7";"1005,3";"1004,6";"6,6";"55,0";"11,2";"2864,00";"0,0"
"09/12/2025";"1900";"27,8";"29,9";"27,7";"66,0";"66,0";"53,0";"20,8";"21,0";"19,3";"1004,3";"1004,7";"1004,2";"6,2";"65,0";"11,8";"930,50";"0,0"
"09/12/2025";"2000";"26,8";"27,8";"26,8";"71,0";"71,0";"66,0";"21,0";"21,3";"20,8";"1004,1";"1004,3";"1004,0";"6,3";"54,0";"11,7";"517,20";"0,0"
"09/12/2025";"2100";"26,0";"26,8";"26,0";"75,0";"76,0";"71,0";"21,3";"21,3";"21,0";"1004,3";"1004,3";"1004,1";"4,6";"54,0";"11,7";"74,50";"0,0"
"09/12/2025";"2200";"25,7";"26,0";"25,7";"76,0";"76,0";"75,0";"21,2";"21,3";"21,2";"1004,5";"1004,5";"1004,3";"5,6";"49,0";"10,1";"3,00";"0,0"
"09/12/2025";"2300";"25,5";"25,8";"25,5";"75,0";"76,0";"75,0";"20,9";"21,2";"20,9";"1005,2";"1005,2";"1004,5";"4,1";"51,0";"11,0";"";"0,0"
"10/12/2025";"0000";"25,3";"25,6";"25,3";"77,0";"77,0";"75,0";"21,0";"21,0";"20,9";"1005,6";"1005,6";"1005,2";"3,2";"38,0";"7,9";"";"0,0"
"10/12/2025";"0100";"25,3";"25,4";"25,2";"78,0";"78,0";"77,0";"21,2";"21,3";"21,0";"1006,0";"1006,0";"1005,4";"3,3";"37,0";"6,3";"";"0,0"
"10/12/2025";"0200";"24,6";"25,4";"24,5";"83,0";"83,0";"78,0";"21,6";"21,6";"21,2";"1006,1";"1006,1";"1005,9";"4,5";"41,0";"7,5";"";"0,2"
"10/12/2025";"0300";"24,5";"24,7";"24,4";"84,0";"85,0";"83,0";"21,6";"21,8";"21,5";"1005,7";"1006,1";"1005,5";"4,1";"35,0";"7,7";"";"0,0"
"10/12/2025";"0400";"23,6";"24,5";"23,6";"89,0";"89,0";"84,0";"21,6";"21,8";"21,5";"1005,8";"1006,0";"1005,7";"4,1";"22,0";"8,8";"";"0,8"
"10/12/2025";"0500";"23,6";"23,7";"23,4";"89,0";"89,0";"88,0";"21,6";"21,7";"21,3";"1005,4";"1005,8";"1005,3";"3,1";"39,0";"8,0";"";"0,0"
"10/12/2025";"0600";"23,2";"23,6";"23,1";"90,0";"90,0";"88,0";"21,4";"21,7";"21,1";"1005,4";"1005,5";"1005,3";"3,0";"35,0";"5,5";"";"0,6"
"10/12/2025";"0700";"23,1";"23,3";"23,1";"89,0";"90,0";"89,0";"21,1";"21,5";"21,1";"1005,5";"1005,5";"1005,4";"3,0";"31,0";"5,4";"";"0,2"
"10/12/2025";"0800";"23,2";"23,3";"22,9";"91,0";"91,0";"88,0";"21,6";"21,7";"20,9";"1005,9";"1005,9";"1005,4";"3,7";"41,0";"7,1";"";"0,4"
"10/12/2025";"0900";"23,2";"23,2";"23,0";"91,0";"91,0";"91,0";"21,6";"21,6";"21,4";"1006,3";"1006,3";"1005,9";"4,0";"45,0";"7,1";"39,00";"0,0"
"10/12/2025";"1000";"23,4";"23,4";"23,2";"91,0";"91,0";"91,0";"21,8";"21,8";"21,6";"1006,3";"1006,5";"1006,2";"4,0";"44,0";"6,6";"143,20";"0,0"
"10/12/2025";"1100";"24,1";"24,1";"23,4";"89,0";"91,0";"89,0";"22,1";"22,2";"21,8";"1006,1";"1006,3";"1005,8";"4,8";"41,0";"9,7";"372,10";"0,2"
"10/12/2025";"1200";"25,2";"25,2";"24,1";"84,0";"89,0";"83,0";"22,2";"22,5";"22,0";"1005,6";"1006,3";"1005,6";"5,5";"40,0";"9,4";"665,70";"0,0"
"10/12/2025";"1300";"25,9";"26,0";"25,2";"80,0";"84,0";"80,0";"22,3";"22,8";"21,9";"1005,1";"1005,7";"1005,0";"4,8";"45,0";"9,4";"1076,30";"0,0"
"10/12/2025";"1400";"27,7";"27,7";"25,9";"73,0";"80,0";"73,0";"22,5";"22,9";"21,9";"1004,6";"1005,1";"1004,6";"4,5";"42,0";"9,2";"1369,10";"0,0"
"10/12/2025";"1500";"29,0";"29,0";"27,8";"64,0";"73,0";"64,0";"21,5";"22,9";"21,5";"1003,6";"1004,6";"1003,6";"5,1";"32,0";"11,3";"1683,20";"0,0"
"10/12/2025";"1600";"29,9";"29,9";"28,8";"62,0";"66,0";"61,0";"21,7";"22,0";"21,2";"1002,6";"1003,7";"1002,6";"5,1";"36,0";"11,3";"1431,40";"0,0"
"10/12/2025";"1700";"29,4";"31,1";"28,9";"66,0";"68,0";"60,0";"22,5";"23,0";"21,7";"1001,8";"1002,6";"1001,8";"5,1";"54,0";"10,6";"3008,40";"0,0"
"10/12/2025";"1800";"29,1";"30,0";"29,1";"66,0";"67,0";"64,0";"22,1";"23,2";"22,0";"1001,0";"1001,9";"1001,0";"5,3";"59,0";"10,2";"1637,80";"0,0"
"10/12/2025";"1900";"29,0";"29,9";"28,9";"66,0";"67,0";"64,0";"21,9";"22,6";"21,9";"1000,3";"1001,1";"1000,2";"6,0";"49,0";"11,5";"1086,50";"0,0"
"10/12/2025";"2000";"28,9";"29,0";"28,8";"66,0";"67,0";"65,0";"22,0";"22,2";"21,8";"1000,1";"1000,3";"1000,0";"5,8";"44,0";"10,9";"591,40";"0,0"
"10/12/2025";"2100";"27,1";"28,9";"27,1";"74,0";"74,0";"66,0";"22,0";"22,3";"21,9";"1000,4";"1000,4";"1000,1";"4,1";"60,0";"10,1";"223,00";"0,0"
"10/12/2025";"2200";"26,4";"27,1";"26,3";"77,0";"77,0";"74,0";"22,1";"22,1";"21,9";"1000,7";"1000,8";"1000,4";"4,7";"50,0";"8,7";"6,90";"0,0"
"10/12/2025";"2300";"26,4";"26,4";"26,3";"78,0";"78,0";"77,0";"22,1";"22,2";"22,1";"1001,1";"1001,3";"1000,6";"5,5";"47,0";"9,2";"";"0,0"
"11/12/2025";"0000";"26,2";"26,4";"26,2";"79,0";"79,0";"78,0";"22,3";"22,3";"22,1";"1002,1";"1002,1";"1001,0";"3,7";"50,0";"10,3";"";"0,0"
"11/12/2025";"0100";"24,9";"26,2";"24,9";"89,0";"89,0";"79,0";"23,0";"23,0";"22,3";"1002,6";"1003,6";"1002,1";"2,5";"21,0";"6,5";"";"0,2"
"11/12/2025";"0200";"24,8";"25,0";"24,4";"91,0";"91,0";"89,0";"23,1";"23,1";"22,7";"1002,0";"1002,7";"1002,0";"2,3";"6,0";"4,2";"";"0,0"
"11/12/2025";"0300";"24,5";"24,9";"24,3";"90,0";"91,0";"89,0";"22,8";"23,2";"22,5";"1001,4";"1002,0";"1001,4";"2,0";"18,0";"4,8";"";"0,0"
"11/12/2025";"0400";"24,4";"24,7";"24,4";"89,0";"90,0";"89,0";"22,5";"22,9";"22,5";"1000,6";"1001,4";"1000,6";"2,7";"57,0";"5,3";"";"0,0"
"11/12/2025";"0500";"24,0";"24,6";"24,0";"90,0";"90,0";"88,0";"22,2";"22,6";"22,1";"1000,6";"1000,7";"1000,5";"2,5";"51,0";"4,6";"";"0,0"
"11/12/2025";"0600";"24,9";"24,9";"23,9";"87,0";"90,0";"87,0";"22,6";"22,8";"22,1";"1000,4";"1000,7";"1000,3";"2,8";"355,0";"4,0";"";"0,0"
"11/12/2025";"0700";"24,2";"25,2";"24,2";"87,0";"87,0";"84,0";"22,0";"22,6";"21,8";"1000,7";"1000,7";"1000,4";"2,2";"6,0";"4,2";"";"0,0"
"11/12/2025";"0800";"24,3";"24,3";"24,0";"90,0";"90,0";"87,0";"22,5";"22,5";"21,9";"1001,3";"1001,3";"1000,6";"2,7";"13,0";"4,9";"";"0,0"
"11/12/2025";"0900";"25,9";"25,9";"24,3";"82,0";"90,0";"82,0";"22,6";"23,1";"22,2";"1001,9";"1001,9";"1001,3";"3,7";"3,0";"5,7";"180,20";"0,0"
"11/12/2025";"1000";"29,1";"29,1";"25,9";"70,0";"82,0";"70,0";"23,0";"23,4";"22,6";"1002,0";"1002,2";"1001,9";"4,9";"326,0";"8,3";"1061,30";"0,0"
"11/12/2025";"1100";"31,5";"31,5";"29,1";"59,0";"70,0";"59,0";"22,6";"23,5";"22,5";"1002,1";"1002,2";"1001,9";"3,8";"315,0";"10,6";"1962,40";"0,2"
"11/12/2025";"1200";"32,2";"32,3";"31,4";"50,0";"60,0";"48,0";"20,4";"22,6";"19,9";"1002,4";"1002,4";"1002,0";"7,7";"298,0";"14,2";"2669,30";"0,0"
"11/12/2025";"1300";"33,4";"33,5";"32,2";"44,0";"51,0";"43,0";"19,5";"20,8";"19,0";"1002,3";"1002,6";"1002,3";"7,1";"301,0";"13,4";"3346,30";"0,0"
"11/12/2025";"1400";"34,1";"34,7";"33,4";"40,0";"45,0";"39,0";"18,7";"19,8";"18,7";"1002,1";"1002,4";"1002,0";"6,8";"288,0";"12,9";"3775,00";"0,0"
"11/12/2025";"1500";"35,5";"35,7";"33,9";"38,0";"43,0";"38,0";"18,9";"20,4";"18,6";"1001,7";"1002,1";"1001,7";"4,8";"267,0";"13,1";"3958,10";"0,0"
"11/12/2025";"1600";"36,0";"36,3";"35,1";"36,0";"40,0";"36,0";"18,7";"20,0";"17,8";"1001,7";"1001,8";"1001,7";"4,7";"266,0";"11,4";"3861,70";"0,0"
"11/12/2025";"1700";"35,6";"36,3";"35,1";"38,0";"39,0";"35,0";"19,0";"19,6";"18,0";"1001,6";"1001,7";"1001,5";"4,2";"251,0";"9,7";"2932,10";"0,0"
"11/12/2025";"1800";"36,0";"36,3";"35,3";"34,0";"39,0";"34,0";"17,8";"19,8";"17,8";"1001,2";"1001,6";"1001,2";"3,9";"276,0";"7,6";"2258,30";"0,0"
"11/12/2025";"1900";"32,2";"36,2";"32,2";"46,0";"48,0";"34,0";"19,0";"19,7";"17,9";"1002,2";"1002,3";"1001,1";"5,4";"200,0";"15,6";"1830,90";"0,0"
"11/12/2025";"2000";"29,4";"32,2";"29,4";"51,0";"52,0";"45,0";"18,3";"19,4";"17,9";"1003,1";"1003,1";"1002,2";"4,4";"197,0";"12,4";"1088,70";"0,0"
"11/12/2025";"2100";"28,2";"29,8";"28,2";"54,0";"54,0";"49,0";"18,1";"18,7";"17,7";"1004,2";"1004,2";"1003,1";"3,1";"183,0";"11,5";"346,50";"0,0"
"11/12/2025";"2200";"27,2";"28,2";"27,1";"59,0";"59,0";"52,0";"18,5";"18,5";"17,1";"1005,2";"1005,2";"1004,2";"2,4";"172,0";"8,6";"13,40";"0,0"
"11/12/2025";"2300";"26,9";"27,2";"26,7";"57,0";"61,0";"57,0";"17,8";"18,8";"17,8";"1005,8";"1005,8";"1005,2";"2,9";"162,0";"6,7";"";"0,0"
"12/12/2025";"0000";"26,1";"27,0";"26,1";"60,0";"60,0";"56,0";"17,8";"17,8";"17,4";"1006,4";"1006,4";"1005,8";"1,6";"170,0";"5,9";"";"0,0"
"12/12/2025";"0100";"23,9";"26,1";"23,9";"75,0";"75,0";"60,0";"19,1";"19,2";"17,9";"1006,7";"1006,7";"1006,4";"1,4";"206,0";"4,2";"";"0,0"
"12/12/2025";"0200";"23,5";"23,9";"23,1";"78,0";"80,0";"75,0";"19,4";"19,6";"19,1";"1006,6";"1006,8";"1006,6";"2,4";"217,0";"4,1";"";"0,0"
"12/12/2025";"0300";"23,0";"23,7";"23,0";"77,0";"78,0";"74,0";"18,7";"19,4";"18,7";"1006,2";"1006,6";"1006,2";"2,6";"223,0";"4,7";"";"0,0"
"12/12/2025";"0400";"22,0";"23,0";"22,0";"82,0";"82,0";"77,0";"18,7";"18,8";"18,7";"1005,6";"1006,2";"1005,6";"1,7";"220,0";"3,5";"";"0,0"
"12/12/2025";"0500";"21,9";"22,2";"21,8";"81,0";"82,0";"80,0";"18,5";"18,8";"18,5";"1005,4";"1005,7";"1005,4";"2,1";"226,0";"3,1";"";"0,0"
"12/12/2025";"0600";"22,0";"22,1";"21,6";"81,0";"82,0";"80,0";"18,6";"18,6";"18,3";"1005,2";"1005,4";"1005,1";"1,2";"223,0";"3,3";"";"0,0"
"12/12/2025";"0700";"21,8";"22,2";"21,4";"80,0";"83,0";"79,0";"18,1";"18,8";"18,1";"1005,4";"1005,5";"1005,2";"1,0";"272,0";"2,4";"";"0,0"
"12/12/2025";"0800";"21,1";"22,0";"21,1";"87,0";"87,0";"80,0";"18,9";"18,9";"18,2";"1006,0";"1006,0";"1005,4";"1,4";"286,0";"1,8";"";"0,0"
"12/12/2025";"0900";"22,8";"22,8";"20,9";"84,0";"89,0";"84,0";"20,0";"20,0";"18,8";"1006,7";"1006,7";"1006,0";"1,1";"45,0";"2,1";"249,30";"0,0"
"12/12/2025";"1000";"25,8";"25,8";"22,8";"71,0";"84,0";"71,0";"20,1";"20,5";"19,4";"1006,9";"1006,9";"1006,6";"1,4";"25,0";"2,1";"1021,50";"0,0"
"12/12/2025";"1100";"27,9";"28,0";"25,8";"56,0";"71,0";"56,0";"18,3";"20,4";"18,3";"1006,4";"1006,9";"1006,4";"1,2";"91,0";"2,5";"1844,40";"0,0"
"12/12/2025";"1200";"29,2";"29,5";"27,8";"55,0";"58,0";"54,0";"19,2";"19,9";"17,9";"1006,0";"1006,6";"1006,0";"1,7";"59,0";"3,7";"2605,90";"0,0"
"12/12/2025";"1300";"30,6";"30,7";"29,1";"53,0";"58,0";"53,0";"19,9";"20,6";"19,1";"1005,8";"1006,0";"1005,7";"0,8";"31,0";"3,7";"2823,90";"0,0"
"12/12/2025";"1400";"32,5";"32,6";"30,5";"48,0";"56,0";"48,0";"20,1";"21,2";"19,6";"1005,2";"1005,8";"1005,2";"1,9";"335,0";"4,1";"3576,90";"0,0"
"12/12/2025";"1500";"33,4";"33,8";"32,2";"49,0";"52,0";"45,0";"21,1";"21,6";"19,9";"1004,5";"1005,2";"1004,5";"1,8";"13,0";"6,1";"3507,10";"0,0"
"12/12/2025";"1600";"34,5";"34,5";"33,1";"45,0";"51,0";"42,0";"20,9";"21,8";"19,2";"1003,9";"1004,5";"1003,9";"1,6";"49,0";"4,5";"3029,40";"0,0"
"12/12/2025";"1700";"33,1";"35,0";"32,7";"62,0";"62,0";"41,0";"24,7";"24,7";"19,4";"1003,3";"1003,9";"1003,3";"4,0";"69,0";"7,1";"3042,70";"0,0"
"12/12/2025";"1800";"32,1";"33,1";"31,5";"62,0";"64,0";"59,0";"23,8";"24,5";"23,1";"1003,0";"1003,3";"1003,0";"4,2";"63,0";"7,5";"2502,60";"0,0"
"12/12/2025";"1900";"29,7";"32,1";"29,5";"68,0";"69,0";"62,0";"23,1";"24,0";"22,9";"1003,0";"1003,1";"1002,9";"5,1";"71,0";"9,8";"2000,80";"0,0"
"12/12/2025";"2000";"28,2";"30,1";"28,2";"67,0";"68,0";"64,0";"21,6";"23,0";"21,5";"1003,5";"1003,5";"1002,9";"5,5";"74,0";"8,8";"1370,20";"0,0"
"12/12/2025";"2100";"26,6";"28,2";"26,6";"81,0";"81,0";"67,0";"23,2";"23,2";"21,6";"1004,7";"1004,7";"1003,5";"2,9";"71,0";"8,8";"284,90";"0,0"
"12/12/2025";"2200";"26,4";"26,6";"26,2";"84,0";"84,0";"81,0";"23,4";"23,4";"23,2";"1005,5";"1005,5";"1004,7";"1,3";"110,0";"5,0";"14,00";"0,0"
"12/12/2025";"2300";"26,0";"26,4";"25,4";"87,0";"88,0";"84,0";"23,6";"23,6";"23,1";"1005,8";"1005,8";"1005,5";"2,2";"129,0";"3,8";"";"0,0"
"13/12/2025";"0000";"25,8";"26,1";"25,7";"88,0";"88,0";"86,0";"23,5";"23,6";"23,4";"1006,1";"1006,9";"1005,8";"2,5";"129,0";"5,4";"";"0,0"
"13/12/2025";"0100";"25,6";"25,8";"25,6";"88,0";"88,0";"87,0";"23,4";"23,5";"23,4";"1007,1";"1007,1";"1006,1";"0,7";"152,0";"4,5";"";"0,0"
"13/12/2025";"0200";"25,1";"25,6";"25,1";"90,0";"90,0";"88,0";"23,2";"23,6";"23,2";"1007,4";"1007,4";"1006,4";"1,3";"27,0";"3,0";"";"0,0"
"13/12/2025";"0300";"25,4";"25,4";"24,7";"91,0";"92,0";"90,0";"23,8";"23,8";"23,2";"1005,5";"1007,4";"1005,5";"1,9";"154,0";"3,3";"";"0,0"
"13/12/2025";"0400";"25,0";"25,6";"25,0";"91,0";"92,0";"90,0";"23,5";"23,8";"23,4";"1005,4";"1005,6";"1005,2";"1,2";"128,0";"5,0";"";"0,0"
"13/12/2025";"0500";"24,6";"25,1";"24,6";"92,0";"92,0";"91,0";"23,2";"23,6";"23,2";"1004,9";"1005,4";"1004,9";"0,6";"54,0";"2,4";"";"0,0"
"13/12/2025";"0600";"24,4";"24,6";"24,4";"93,0";"93,0";"92,0";"23,2";"23,2";"23,0";"1004,4";"1004,9";"1004,4";"1,1";"320,0";"2,0";"";"0,0"
"13/12/2025";"0700";"24,3";"24,4";"24,2";"94,0";"94,0";"93,0";"23,2";"23,2";"23,0";"1004,8";"1004,8";"1004,4";"1,8";"14,0";"2,7";"";"0,0"
"13/12/2025";"0800";"25,4";"25,4";"24,3";"92,0";"94,0";"92,0";"24,0";"24,0";"23,2";"1005,6";"1005,6";"1004,8";"4,2";"3,0";"6,4";"";"0,0"
"13/12/2025";"0900";"25,8";"25,8";"25,4";"81,0";"92,0";"81,0";"22,2";"24,0";"22,2";"1005,6";"1006,2";"1005,6";"3,7";"344,0";"7,0";"51,20";"0,0"
"13/12/2025";"1000";"26,0";"26,4";"25,8";"77,0";"81,0";"75,0";"21,6";"22,2";"21,5";"1005,9";"1005,9";"1005,6";"3,6";"7,0";"6,0";"215,90";"0,0"
"13/12/2025";"1100";"26,5";"26,5";"25,9";"74,0";"77,0";"73,0";"21,5";"21,6";"21,1";"1005,7";"1006,1";"1005,5";"4,7";"13,0";"7,8";"445,70";"0,0"
"13/12/2025";"1200";"28,8";"28,9";"26,5";"65,0";"75,0";"65,0";"21,7";"22,0";"20,8";"1005,9";"1005,9";"1005,7";"4,7";"343,0";"10,5";"1436,00";"0,0"
"13/12/2025";"1300";"30,1";"30,3";"28,7";"59,0";"67,0";"59,0";"21,1";"22,2";"21,0";"1006,3";"1006,3";"1005,9";"3,2";"339,0";"9,1";"2238,10";"0,0"
"13/12/2025";"1400";"30,7";"30,9";"30,0";"59,0";"62,0";"57,0";"21,8";"22,3";"20,9";"1006,4";"1006,5";"1006,3";"1,7";"319,0";"5,2";"1884,20";"0,0"
"13/12/2025";"1500";"31,9";"32,8";"30,7";"55,0";"60,0";"51,0";"21,7";"22,5";"20,8";"1006,5";"1006,6";"1006,4";"2,1";"348,0";"5,4";"2369,90";"0,0"
"13/12/2025";"1600";"34,5";"34,8";"31,9";"47,0";"56,0";"44,0";"21,4";"22,9";"20,4";"1006,4";"1006,5";"1006,3";"3,4";"254,0";"7,8";"3357,80";"0,0"
"13/12/2025";"1700";"31,0";"34,4";"30,5";"64,0";"65,0";"46,0";"23,4";"23,4";"21,1";"1006,2";"1006,4";"1005,9";"4,1";"197,0";"10,0";"2149,10";"0,0"
"13/12/2025";"1800";"26,9";"31,0";"26,8";"76,0";"77,0";"62,0";"22,3";"23,3";"21,8";"1005,9";"1006,6";"1005,9";"3,5";"162,0";"8,9";"699,20";"0,0"
"13/12/2025";"1900";"26,8";"27,5";"26,7";"79,0";"79,0";"72,0";"22,9";"22,9";"21,8";"1005,3";"1005,9";"1005,3";"3,4";"97,0";"8,2";"865,30";"0,0"
"13/12/2025";"2000";"26,9";"27,3";"26,8";"76,0";"80,0";"75,0";"22,2";"23,2";"22,2";"1004,5";"1005,3";"1004,1";"2,7";"133,0";"7,9";"502,20";"0,0"
"13/12/2025";"2100";"26,4";"26,9";"26,4";"74,0";"76,0";"72,0";"21,4";"22,2";"21,3";"1005,2";"1005,3";"1004,5";"1,6";"85,0";"4,8";"229,40";"0,0"
"13/12/2025";"2200";"25,3";"26,4";"25,2";"82,0";"83,0";"74,0";"22,1";"22,1";"21,4";"1006,3";"1006,3";"1005,2";"1,1";"302,0";"3,1";"7,00";"0,0"
"13/12/2025";"2300";"24,9";"25,4";"24,9";"85,0";"85,0";"82,0";"22,1";"22,2";"22,1";"1006,9";"1007,0";"1006,3";"1,6";"41,0";"2,3";"";"0,0"
"14/12/2025";"0000";"24,9";"25,6";"24,9";"87,0";"87,0";"84,0";"22,5";"23,0";"22,1";"1006,9";"1007,0";"1006,7";"1,7";"31,0";"4,4";"";"0,0"
"14/12/2025";"0100";"24,2";"24,9";"24,2";"86,0";"87,0";"85,0";"21,8";"22,5";"21,7";"1007,2";"1007,2";"1006,9";"1,3";"348,0";"4,0";"";"0,0"
"14/12/2025";"0200";"24,3";"24,3";"24,1";"88,0";"88,0";"86,0";"22,2";"22,2";"21,8";"1007,0";"1007,4";"1007,0";"1,0";"47,0";"3,3";"";"0,0"
"14/12/2025";"0300";"24,6";"24,6";"24,3";"88,0";"89,0";"88,0";"22,4";"22,5";"22,2";"1006,4";"1007,1";"1006,4";"2,1";"43,0";"3,0";"";"0,0"
"14/12/2025";"0400";"24,3";"24,6";"24,3";"89,0";"89,0";"88,0";"22,4";"22,4";"22,3";"1006,0";"1006,4";"1006,0";"2,0";"38,0";"3,3";"";"0,0"
"14/12/2025";"0500";"24,3";"24,4";"24,2";"89,0";"90,0";"89,0";"22,4";"22,5";"22,3";"1005,5";"1006,0";"1005,5";"2,5";"16,0";"3,7";"";"0,0"
"14/12/2025";"0600";"24,2";"24,5";"24,2";"89,0";"89,0";"89,0";"22,4";"22,6";"22,3";"1005,4";"1005,6";"1005,4";"2,0";"353,0";"3,7";"";"0,0"
"14/12/2025";"0700";"24,1";"24,7";"24,1";"89,0";"90,0";"88,0";"22,2";"22,6";"22,0";"1005,3";"1005,4";"1005,1";"1,3";"203,0";"5,4";"";"0,0"
"14/12/2025";"0800";"23,8";"24,1";"23,8";"90,0";"90,0";"89,0";"22,0";"22,3";"22,0";"1005,7";"1005,9";"1005,3";"2,1";"224,0";"5,0";"";"0,0"
"14/12/2025";"0900";"24,7";"24,7";"23,5";"90,0";"91,0";"90,0";"23,0";"23,0";"21,8";"1006,3";"1006,3";"1005,7";"1,1";"351,0";"3,0";"211,60";"0,0"
"14/12/2025";"1000";"27,5";"27,5";"24,7";"77,0";"90,0";"77,0";"23,2";"23,5";"22,7";"1006,8";"1006,8";"1006,3";"0,9";"266,0";"2,5";"821,90";"0,0"
"14/12/2025";"1100";"28,4";"28,7";"27,3";"68,0";"77,0";"68,0";"21,9";"23,1";"21,9";"1007,0";"1007,0";"1006,6";"1,1";"26,0";"2,3";"1073,50";"0,0"
"14/12/2025";"1200";"29,1";"29,4";"28,4";"66,0";"70,0";"66,0";"22,1";"23,1";"21,9";"1007,5";"1007,6";"1007,0";"2,1";"31,0";"3,5";"1347,30";"0,0"
"14/12/2025";"1300";"30,0";"30,0";"28,9";"68,0";"70,0";"66,0";"23,4";"23,8";"22,2";"1007,5";"1007,6";"1007,5";"3,3";"347,0";"6,0";"841,10";"0,0"
"14/12/2025";"1400";"31,2";"31,2";"30,0";"59,0";"68,0";"59,0";"22,4";"23,9";"22,4";"1007,3";"1007,6";"1007,3";"2,9";"343,0";"5,8";"1406,00";"0,0"
"14/12/2025";"1500";"32,6";"32,6";"31,2";"52,0";"61,0";"50,0";"21,3";"22,9";"20,4";"1006,6";"1007,3";"1006,6";"1,6";"360,0";"5,0";"1703,70";"0,0"
"14/12/2025";"1600";"33,0";"33,8";"32,0";"47,0";"53,0";"47,0";"20,2";"22,0";"20,2";"1005,9";"1006,6";"1005,9";"1,3";"23,0";"3,8";"2177,70";"0,0"
"14/12/2025";"1700";"31,3";"33,3";"31,3";"67,0";"67,0";"47,0";"24,4";"24,4";"20,4";"1005,2";"1005,9";"1005,2";"3,0";"78,0";"4,8";"1581,20";"0,0"
"14/12/2025";"1800";"30,5";"32,0";"30,4";"66,0";"68,0";"64,0";"23,4";"24,7";"23,1";"1005,7";"1005,7";"1005,0";"5,1";"58,0";"8,9";"2216,30";"0,0"
"14/12/2025";"1900";"26,9";"31,4";"26,9";"68,0";"68,0";"59,0";"20,5";"23,9";"20,2";"1005,9";"1006,2";"1005,5";"6,5";"13,0";"16,7";"1367,60";"0,0"
"14/12/2025";"2000";"26,5";"27,1";"26,1";"77,0";"78,0";"68,0";"22,2";"22,3";"20,5";"1005,3";"1005,9";"1004,8";"1,4";"26,0";"11,4";"688,50";"0,0"
"14/12/2025";"2100";"26,3";"26,9";"26,3";"79,0";"79,0";"76,0";"22,4";"22,5";"22,1";"1006,6";"1006,6";"1005,3";"1,2";"206,0";"3,8";"202,50";"0,0"
"14/12/2025";"2200";"26,5";"26,8";"26,1";"76,0";"79,0";"75,0";"21,9";"22,4";"21,9";"1006,9";"1006,9";"1006,5";"0,5";"138,0";"1,8";"6,90";"0,0"
"14/12/2025";"2300";"25,9";"26,5";"25,8";"80,0";"80,0";"76,0";"22,2";"22,3";"21,8";"1007,5";"1007,5";"1006,9";"1,0";"45,0";"1,8";"";"0,0"
"15/12/2025";"0000";"25,4";"25,9";"25,4";"89,0";"89,0";"80,0";"23,6";"23,6";"22,2";"1008,3";"1008,3";"1007,5";"1,1";"116,0";"4,0";"";"0,0"
"15/12/2025";"0100";"25,1";"25,5";"25,0";"91,0";"91,0";"89,0";"23,4";"23,6";"23,4";"1008,4";"1008,6";"1008,2";"0,8";"110,0";"2,6";"";"0,0"
"15/12/2025";"0200";"24,8";"25,1";"24,8";"92,0";"92,0";"91,0";"23,3";"23,5";"23,2";"1008,4";"1008,6";"1008,4";"0,9";"269,0";"1,5";"";"0,0"
"15/12/2025";"0300";"24,3";"24,8";"24,3";"92,0";"92,0";"92,0";"22,9";"23,3";"22,9";"1007,7";"1008,4";"1007,7";"1,3";"251,0";"2,2";"";"0,0"
"15/12/2025";"0400";"24,2";"24,4";"24,2";"92,0";"92,0";"92,0";"22,9";"23,0";"22,8";"1007,1";"1007,7";"1007,1";"0,5";"205,0";"2,0";"";"0,2"
"15/12/2025";"0500";"24,0";"24,2";"24,0";"93,0";"93,0";"92,0";"22,9";"22,9";"22,8";"1006,5";"1007,1";"1006,5";"1,2";"63,0";"1,7";"";"0,2"
"15/12/2025";"0600";"24,4";"24,4";"24,0";"94,0";"94,0";"93,0";"23,3";"23,3";"22,9";"1006,3";"1006,5";"1006,2";"0,9";"63,0";"3,1";"";"0,0"
"15/12/2025";"0700";"24,5";"24,6";"24,4";"94,0";"94,0";"94,0";"23,5";"23,5";"23,3";"1006,4";"1006,4";"1006,2";"1,7";"68,0";"2,8";"";"0,0"
"15/12/2025";"0800";"24,6";"24,6";"24,5";"94,0";"94,0";"94,0";"23,5";"23,5";"23,5";"1006,6";"1006,6";"1006,4";"3,0";"30,0";"5,8";"";"0,0"
"15/12/2025";"0900";"25,0";"25,0";"24,6";"93,0";"94,0";"93,0";"23,8";"23,8";"23,5";"1006,6";"1006,7";"1006,4";"2,8";"16,0";"5,3";"136,60";"0,0"
"15/12/2025";"1000";"25,4";"25,4";"25,0";"90,0";"93,0";"90,0";"23,7";"23,8";"23,7";"1006,8";"1006,8";"1006,5";"2,5";"359,0";"5,8";"327,80";"0,0"
"15/12/2025";"1100";"26,8";"26,9";"25,4";"84,0";"90,0";"83,0";"23,8";"24,1";"23,7";"1007,4";"1007,4";"1006,8";"3,3";"22,0";"4,9";"765,90";"0,0"
"15/12/2025";"1200";"28,8";"29,7";"26,8";"73,0";"84,0";"70,0";"23,4";"24,4";"22,8";"1007,4";"1007,7";"1007,4";"4,3";"25,0";"7,4";"1714,40";"0,0"
"15/12/2025";"1300";"30,2";"30,6";"28,8";"63,0";"74,0";"63,0";"22,3";"23,8";"22,3";"1007,3";"1007,5";"1007,2";"4,2";"23,0";"7,4";"2058,90";"0,0"
"15/12/2025";"1400";"31,1";"32,1";"30,2";"61,0";"64,0";"58,0";"22,7";"23,6";"21,4";"1006,6";"1007,3";"1006,6";"4,2";"18,0";"7,3";"2810,70";"0,0"
"15/12/2025";"1500";"32,5";"33,4";"31,2";"55,0";"61,0";"53,0";"22,3";"23,5";"21,9";"1006,1";"1006,6";"1006,0";"4,5";"20,0";"8,5";"4008,50";"0,0"
"15/12/2025";"1600";"33,5";"33,9";"32,5";"52,0";"56,0";"51,0";"22,4";"23,0";"21,9";"1005,4";"1006,1";"1005,4";"3,9";"15,0";"8,2";"3855,40";"0,0"
"15/12/2025";"1700";"32,5";"34,2";"32,4";"58,0";"60,0";"50,0";"23,0";"23,9";"21,6";"1004,3";"1005,4";"1004,3";"4,4";"67,0";"7,7";"3363,10";"0,0"
"15/12/2025";"1800";"30,8";"32,5";"30,8";"59,0";"62,0";"57,0";"22,0";"23,7";"22,0";"1003,8";"1004,3";"1003,8";"6,1";"71,0";"10,0";"2904,20";"0,0"
"15/12/2025";"1900";"28,9";"30,8";"28,9";"67,0";"67,0";"60,0";"22,2";"22,4";"21,6";"1003,7";"1003,9";"1003,7";"4,7";"69,0";"10,0";"563,00";"0,0"
"15/12/2025";"2000";"28,6";"28,9";"28,0";"67,0";"72,0";"67,0";"22,0";"22,5";"21,8";"1004,6";"1004,6";"1003,7";"4,9";"42,0";"9,6";"432,10";"0,0"
"15/12/2025";"2100";"27,5";"28,7";"27,5";"73,0";"73,0";"67,0";"22,3";"22,3";"21,8";"1005,6";"1005,6";"1004,6";"2,7";"52,0";"9,6";"166,50";"0,0"
"15/12/2025";"2200";"25,9";"27,6";"25,9";"85,0";"85,0";"73,0";"23,1";"23,2";"22,2";"1005,7";"1006,3";"1005,6";"2,5";"25,0";"6,0";"7,90";"0,0"
"15/12/2025";"2300";"25,7";"26,0";"25,7";"87,0";"88,0";"85,0";"23,4";"23,7";"23,2";"1006,8";"1006,8";"1005,7";"2,4";"76,0";"4,5";"";"0,0"
"16/12/2025";"0000";"25,2";"25,7";"25,2";"87,0";"88,0";"87,0";"22,9";"23,4";"22,9";"1007,4";"1007,4";"1006,8";"2,6";"53,0";"4,8";"";"0,0"
"16/12/2025";"0100";"24,7";"25,2";"24,7";"89,0";"89,0";"87,0";"22,7";"22,9";"22,6";"1007,6";"1007,6";"1007,4";"2,1";"51,0";"4,8";"";"0,0"
"16/12/2025";"0200";"24,6";"24,7";"24,6";"90,0";"90,0";"89,0";"22,9";"22,9";"22,7";"1007,6";"1007,8";"1007,6";"2,7";"61,0";"4,6";"";"0,0"
"16/12/2025";"0300";"24,9";"24,9";"24,6";"90,0";"90,0";"90,0";"23,1";"23,1";"22,9";"1006,9";"1007,7";"1006,9";"2,7";"33,0";"5,0";"";"0,0"
"16/12/2025";"0400";"24,7";"24,9";"24,7";"91,0";"91,0";"90,0";"23,1";"23,2";"23,1";"1006,1";"1006,9";"1006,1";"2,6";"49,0";"4,7";"";"0,0"
"16/12/2025";"0500";"24,5";"24,7";"24,5";"92,0";"92,0";"91,0";"23,2";"23,2";"23,1";"1005,9";"1006,2";"1005,9";"3,2";"34,0";"5,3";"";"0,0"
"16/12/2025";"0600";"24,5";"24,7";"24,5";"92,0";"92,0";"92,0";"23,2";"23,3";"23,2";"1005,4";"1005,9";"1005,4";"2,9";"34,0";"5,3";"";"0,0"
"16/12/2025";"0700";"24,7";"24,8";"24,5";"90,0";"92,0";"90,0";"22,9";"23,3";"22,9";"1005,3";"1005,5";"1005,2";"3,0";"31,0";"6,2";"";"0,0"
"16/12/2025";"0800";"24,5";"24,8";"24,5";"90,0";"90,0";"90,0";"22,8";"23,0";"22,8";"1005,4";"1005,5";"1005,3";"2,4";"32,0";"5,4";"";"0,0"
"16/12/2025";"0900";"24,9";"24,9";"24,4";"92,0";"92,0";"90,0";"23,5";"23,6";"22,8";"1006,2";"1006,2";"1005,4";"2,5";"29,0";"4,5";"115,70";"0,0"
"16/12/2025";"1000";"26,2";"26,2";"24,9";"86,0";"92,0";"86,0";"23,6";"24,0";"23,5";"1006,8";"1006,8";"1006,2";"3,8";"30,0";"6,0";"568,10";"0,0"
"16/12/2025";"1100";"27,9";"27,9";"26,1";"77,0";"86,0";"77,0";"23,5";"24,2";"23,2";"1006,4";"1006,8";"1006,4";"4,6";"22,0";"6,9";"1262,80";"0,0"
"16/12/2025";"1200";"30,8";"30,9";"27,8";"66,0";"78,0";"66,0";"23,6";"24,1";"22,8";"1006,5";"1006,6";"1006,4";"3,7";"11,0";"7,9";"1990,40";"0,0"
"16/12/2025";"1300";"31,4";"31,8";"30,1";"60,0";"67,0";"60,0";"22,8";"24,2";"22,4";"1005,9";"1006,5";"1005,9";"5,7";"355,0";"10,0";"3444,70";"0,0"
"16/12/2025";"1400";"31,6";"32,5";"30,9";"57,0";"62,0";"55,0";"22,2";"23,7";"21,9";"1005,4";"1005,9";"1005,4";"4,7";"9,0";"10,0";"3019,10";"0,0"
"16/12/2025";"1500";"32,4";"32,7";"31,3";"56,0";"59,0";"55,0";"22,6";"23,1";"21,6";"1004,7";"1005,4";"1004,7";"4,5";"347,0";"9,1";"1957,70";"0,0"
"16/12/2025";"1600";"34,5";"34,5";"32,1";"51,0";"57,0";"50,0";"22,8";"23,0";"21,6";"1004,0";"1004,7";"1004,0";"3,4";"343,0";"8,6";"2416,40";"0,0"
"16/12/2025";"1700";"30,6";"34,8";"30,5";"64,0";"64,0";"50,0";"22,9";"24,1";"22,0";"1003,5";"1004,0";"1003,5";"3,8";"72,0";"7,3";"1598,40";"0,0"
"16/12/2025";"1800";"30,7";"32,3";"30,6";"62,0";"64,0";"58,0";"22,7";"23,4";"22,3";"1003,2";"1003,6";"1003,1";"3,9";"73,0";"8,7";"1324,00";"0,0"
"16/12/2025";"1900";"30,4";"31,4";"30,4";"64,0";"64,0";"61,0";"22,7";"23,2";"22,4";"1002,7";"1003,2";"1002,7";"5,1";"78,0";"8,7";"1049,20";"0,0"
"16/12/2025";"2000";"29,3";"30,8";"29,3";"66,0";"66,0";"61,0";"22,3";"22,9";"22,1";"1003,0";"1003,0";"1002,7";"4,3";"63,0";"9,0";"1225,00";"0,0"
"16/12/2025";"2100";"26,7";"29,3";"26,7";"76,0";"76,0";"66,0";"22,2";"22,3";"22,1";"1003,6";"1003,6";"1003,0";"4,1";"64,0";"9,1";"128,10";"0,0"
"16/12/2025";"2200";"26,1";"26,7";"26,0";"80,0";"80,0";"76,0";"22,3";"22,3";"22,2";"1004,2";"1004,2";"1003,6";"2,9";"69,0";"7,2";"9,20";"0,0"
"16/12/2025";"2300";"25,7";"26,1";"25,7";"80,0";"80,0";"79,0";"22,0";"22,4";"22,0";"1004,7";"1004,7";"1004,2";"3,2";"56,0";"7,9";"";"0,0"
"17/12/2025";"0000";"25,4";"25,7";"25,4";"82,0";"82,0";"80,0";"22,1";"22,2";"22,0";"1005,6";"1005,6";"1004,8";"2,6";"56,0";"6,5";"";"0,0"
"17/12/2025";"0100";"25,2";"25,4";"25,2";"84,0";"84,0";"82,0";"22,2";"22,3";"22,1";"1005,8";"1005,9";"1005,6";"2,5";"48,0";"5,3";"";"0,0"
"17/12/2025";"0200";"24,9";"25,2";"24,9";"85,0";"85,0";"84,0";"22,3";"22,3";"22,2";"1005,5";"1005,8";"1005,5";"1,9";"54,0";"4,6";"";"0,0"
"17/12/2025";"0300";"24,7";"24,9";"24,7";"87,0";"87,0";"85,0";"22,4";"22,5";"22,3";"1005,3";"1005,5";"1005,1";"0,8";"355,0";"3,8";"";"0,0"
"17/12/2025";"0400";"24,3";"25,4";"24,3";"88,0";"88,0";"84,0";"22,2";"22,9";"22,2";"1005,9";"1006,0";"1005,3";"2,7";"217,0";"7,1";"";"0,6"
"17/12/2025";"0500";"23,4";"24,3";"23,4";"91,0";"91,0";"88,0";"21,8";"22,1";"21,8";"1006,2";"1006,6";"1005,9";"4,4";"251,0";"7,7";"";"0,2"
"17/12/2025";"0600";"22,7";"23,4";"22,6";"93,0";"93,0";"91,0";"21,6";"21,8";"21,4";"1006,2";"1006,5";"1006,2";"1,5";"238,0";"7,7";"";"3,2"
"17/12/2025";"0700";"22,3";"22,8";"22,2";"94,0";"94,0";"93,0";"21,3";"21,7";"21,2";"1006,1";"1006,2";"1005,9";"3,1";"306,0";"4,9";"";"5,0"
"17/12/2025";"0800";"22,0";"22,3";"21,9";"94,0";"94,0";"94,0";"21,0";"21,3";"20,9";"1006,3";"1006,4";"1006,1";"1,8";"331,0";"4,9";"";"5,0"
"17/12/2025";"0900";"22,3";"22,3";"22,0";"94,0";"94,0";"94,0";"21,4";"21,4";"21,0";"1007,4";"1007,4";"1006,3";"1,3";"13,0";"3,7";"32,70";"1,0"
"17/12/2025";"1000";"22,8";"22,8";"22,3";"94,0";"94,0";"94,0";"21,9";"21,9";"21,4";"1008,2";"1008,2";"1007,5";"2,1";"29,0";"3,6";"144,60";"1,2"
"17/12/2025";"1100";"23,6";"23,6";"22,8";"94,0";"94,0";"94,0";"22,5";"22,6";"21,8";"1008,8";"1008,8";"1008,2";"1,4";"336,0";"3,5";"275,80";"0,6"
"17/12/2025";"1200";"24,0";"24,0";"23,6";"94,0";"94,0";"94,0";"22,9";"23,0";"22,5";"1009,2";"1009,2";"1008,8";"1,7";"329,0";"3,3";"354,30";"0,8"
"17/12/2025";"1300";"25,0";"25,2";"23,9";"93,0";"94,0";"93,0";"23,8";"24,0";"22,8";"1009,4";"1009,4";"1009,1";"1,1";"274,0";"3,3";"746,00";"2,4"
"17/12/2025";"1400";"25,8";"26,0";"24,7";"90,0";"93,0";"90,0";"24,0";"24,6";"23,4";"1009,4";"1009,6";"1009,3";"2,5";"191,0";"7,5";"826,00";"0,6"
"17/12/2025";"1500";"26,2";"26,2";"25,7";"86,0";"90,0";"86,0";"23,7";"24,1";"23,5";"1009,1";"1009,5";"1009,1";"3,0";"198,0";"8,5";"1150,40";"0,0"
"17/12/2025";"1600";"21,6";"26,3";"21,6";"92,0";"92,0";"84,0";"20,2";"23,6";"20,2";"1009,9";"1009,9";"1009,1";"8,0";"215,0";"15,0";"719,50";"1,2"
"17/12/2025";"1700";"21,6";"21,6";"21,4";"91,0";"93,0";"91,0";"20,1";"20,3";"20,1";"1009,5";"1009,9";"1009,5";"6,9";"217,0";"14,9";"682,00";"1,4"
"17/12/2025";"1800";"21,5";"21,6";"21,3";"92,0";"92,0";"91,0";"20,1";"20,1";"19,9";"1009,4";"1009,6";"1009,3";"7,7";"215,0";"14,1";"376,40";"0,2"
"17/12/2025";"1900";"21,4";"21,5";"21,2";"91,0";"92,0";"91,0";"19,9";"20,1";"19,9";"1009,5";"1009,5";"1009,3";"7,1";"212,0";"14,4";"365,70";"0,8"
"17/12/2025";"2000";"21,9";"21,9";"21,4";"87,0";"91,0";"87,0";"19,6";"19,9";"19,5";"1009,7";"1009,7";"1009,5";"5,5";"204,0";"14,0";"345,10";"0,4"
"17/12/2025";"2100";"21,6";"21,9";"21,5";"88,0";"88,0";"87,0";"19,5";"19,6";"19,4";"1010,2";"1010,2";"1009,7";"5,2";"211,0";"10,8";"51,30";"0,2"
"17/12/2025";"2200";"21,6";"21,6";"21,4";"88,0";"89,0";"88,0";"19,5";"19,6";"19,5";"1010,8";"1010,8";"1010,2";"4,4";"212,0";"9,8";"2,90";"0,2"
"17/12/2025";"2300";"21,6";"21,7";"21,4";"88,0";"88,0";"87,0";"19,5";"19,6";"19,4";"1011,4";"1011,4";"1010,8";"4,8";"217,0";"9,6";"";"0,2"
"18/12/2025";"0000";"21,4";"21,7";"21,4";"89,0";"89,0";"88,0";"19,5";"19,6";"19,4";"1012,0";"1012,0";"1011,4";"4,4";"216,0";"8,5";"";"0,0"
"18/12/2025";"0100";"21,3";"21,6";"21,3";"89,0";"89,0";"88,0";"19,4";"19,6";"19,4";"1012,5";"1012,6";"1012,0";"4,7";"224,0";"8,1";"0,50";"0,0"
"18/12/2025";"0200";"21,1";"21,3";"21,0";"88,0";"89,0";"88,0";"19,1";"19,3";"19,1";"1012,3";"1012,5";"1012,3";"3,9";"222,0";"8,8";"";"0,0"
"18/12/2025";"0300";"21,0";"21,3";"20,9";"88,0";"88,0";"87,0";"19,0";"19,2";"18,9";"1011,8";"1012,3";"1011,7";"3,9";"225,0";"8,1";"";"0,0"
"18/12/2025";"0400";"21,0";"21,2";"20,9";"87,0";"88,0";"87,0";"18,8";"19,0";"18,8";"1011,3";"1011,8";"1011,3";"2,8";"234,0";"6,5";"";"0,0"
"18/12/2025";"0500";"20,1";"21,1";"20,1";"91,0";"91,0";"87,0";"18,5";"18,8";"18,4";"1010,8";"1011,3";"1010,8";"2,7";"243,0";"4,9";"";"2,0"
"18/12/2025";"0600";"19,9";"20,1";"19,9";"93,0";"93,0";"91,0";"18,7";"18,7";"18,5";"1010,6";"1010,8";"1010,6";"3,1";"245,0";"5,2";"";"4,2"
"18/12/2025";"0700";"19,9";"20,0";"19,9";"93,0";"93,0";"93,0";"18,7";"18,8";"18,7";"1010,8";"1010,8";"1010,6";"2,3";"245,0";"5,5";"";"1,6"
"18/12/2025";"0800";"20,1";"20,1";"19,9";"93,0";"93,0";"93,0";"18,8";"18,8";"18,7";"1011,3";"1011,3";"1010,8";"3,2";"237,0";"5,4";"";"0,2"
"18/12/2025";"0900";"20,5";"20,5";"20,1";"91,0";"93,0";"90,0";"19,0";"19,0";"18,4";"1012,1";"1012,1";"1011,3";"2,4";"249,0";"6,3";"74,90";"0,0"
"18/12/2025";"1000";"20,4";"20,5";"20,4";"92,0";"92,0";"91,0";"19,0";"19,2";"18,9";"1012,6";"1012,6";"1012,1";"1,6";"284,0";"4,8";"190,40";"1,4"
"18/12/2025";"1100";"20,9";"21,0";"20,4";"90,0";"93,0";"90,0";"19,3";"19,5";"19,1";"1013,1";"1013,1";"1012,6";"2,2";"286,0";"3,8";"394,50";"0,0"
"18/12/2025";"1200";"21,1";"21,1";"20,8";"91,0";"91,0";"90,0";"19,5";"19,5";"19,1";"1013,5";"1013,5";"1013,1";"1,1";"264,0";"3,8";"482,50";"0,6"
"18/12/2025";"1300";"22,9";"22,9";"21,1";"79,0";"91,0";"79,0";"19,1";"20,2";"19,1";"1013,5";"1013,7";"1013,5";"2,4";"201,0";"7,1";"974,60";"0,0"
"18/12/2025";"1400";"24,2";"24,8";"22,9";"71,0";"79,0";"69,0";"18,6";"19,6";"18,1";"1013,2";"1013,6";"1013,2";"2,9";"208,0";"7,3";"1900,50";"0,2"
"18/12/2025";"1500";"23,8";"24,8";"23,6";"74,0";"74,0";"70,0";"18,8";"19,6";"18,1";"1013,0";"1013,2";"1013,0";"4,3";"221,0";"8,0";"1451,70";"0,0"
"18/12/2025";"1600";"25,2";"25,3";"23,8";"67,0";"74,0";"64,0";"18,7";"19,3";"17,2";"1012,5";"1013,0";"1012,4";"2,6";"232,0";"6,8";"1415,00";"0,0"
"18/12/2025";"1700";"24,4";"25,1";"23,8";"72,0";"75,0";"66,0";"19,1";"19,3";"18,0";"1012,0";"1012,5";"1012,0";"2,8";"228,0";"7,1";"1120,60";"0,0"
"18/12/2025";"1800";"24,4";"24,8";"24,3";"68,0";"72,0";"67,0";"18,1";"19,2";"18,1";"1011,6";"1012,0";"1011,6";"3,4";"230,0";"6,5";"1009,10";"0,0"
"18/12/2025";"1900";"24,9";"24,9";"24,4";"68,0";"70,0";"66,0";"18,6";"18,8";"17,9";"1011,2";"1011,6";"1011,2";"2,1";"202,0";"6,5";"818,10";"0,0"
"18/12/2025";"2000";"23,9";"24,9";"23,9";"69,0";"71,0";"67,0";"17,8";"18,8";"17,8";"1011,4";"1011,4";"1011,1";"2,3";"185,0";"6,9";"626,90";"0,0"
"18/12/2025";"2100";"22,7";"23,9";"22,7";"79,0";"79,0";"68,0";"19,0";"19,0";"17,7";"1012,2";"1012,2";"1011,4";"3,1";"200,0";"8,5";"157,60";"0,0"
"18/12/2025";"2200";"22,0";"22,7";"22,0";"84,0";"84,0";"79,0";"19,1";"19,2";"19,0";"1012,7";"1012,7";"1012,2";"2,7";"196,0";"8,5";"6,40";"0,0"
"18/12/2025";"2300";"21,5";"22,0";"21,5";"86,0";"87,0";"84,0";"19,0";"19,4";"19,0";"1013,2";"1013,2";"1012,6";"2,9";"206,0";"7,1";"";"0,0"
"19/12/2025";"0000";"20,7";"21,5";"20,7";"87,0";"87,0";"84,0";"18,5";"19,0";"18,4";"1013,6";"1013,6";"1013,3";"2,9";"214,0";"7,1";"";"0,0"
"19/12/2025";"0100";"20,8";"20,8";"20,6";"90,0";"90,0";"87,0";"19,1";"19,1";"18,5";"1013,9";"1013,9";"1013,6";"2,2";"210,0";"4,8";"";"0,0"
"19/12/2025";"0200";"20,4";"20,8";"20,4";"93,0";"93,0";"90,0";"19,2";"19,2";"19,0";"1013,6";"1013,9";"1013,6";"2,2";"228,0";"4,6";"";"1,8"
"19/12/2025";"0300";"20,4";"20,5";"20,3";"94,0";"94,0";"93,0";"19,4";"19,4";"19,2";"1012,8";"1013,6";"1012,8";"1,0";"203,0";"3,5";"";"0,2"
"19/12/2025";"0400";"20,6";"20,7";"20,4";"94,0";"94,0";"94,0";"19,6";"19,7";"19,4";"1012,2";"1012,8";"1012,2";"0,7";"10,0";"2,6";"";"0,2"
"19/12/2025";"0500";"20,6";"20,7";"20,5";"94,0";"94,0";"94,0";"19,6";"19,6";"19,5";"1011,8";"1012,2";"1011,8";"0,4";"3,0";"1,2";"";"0,0"
"19/12/2025";"0600";"20,4";"20,6";"20,3";"94,0";"94,0";"94,0";"19,4";"19,6";"19,4";"1011,5";"1011,8";"1011,4";"0,6";"284,0";"1,2";"";"1,2"
"19/12/2025";"0700";"20,5";"20,5";"20,4";"95,0";"95,0";"94,0";"19,7";"19,7";"19,4";"1011,6";"1011,7";"1011,4";"0,5";"324,0";"1,3";"";"0,0"
"19/12/2025";"0800";"20,7";"20,7";"20,5";"95,0";"95,0";"95,0";"19,8";"19,8";"19,6";"1011,9";"1011,9";"1011,6";"0,7";"326,0";"1,4";"";"0,2"
"19/12/2025";"0900";"21,0";"21,0";"20,6";"95,0";"95,0";"95,0";"20,1";"20,1";"19,7";"1012,2";"1012,2";"1011,8";"0,6";"358,0";"1,3";"56,40";"0,2"
"19/12/2025";"1000";"21,5";"21,5";"20,9";"94,0";"95,0";"94,0";"20,5";"20,5";"20,1";"1012,8";"1012,8";"1012,2";"0,5";"299,0";"1,1";"228,60";"0,0"
"19/12/2025";"1100";"22,2";"22,2";"21,4";"93,0";"94,0";"93,0";"21,1";"21,1";"20,4";"1013,0";"1013,1";"1012,8";"0,7";"331,0";"1,4";"476,20";"0,2"
"19/12/2025";"1200";"22,5";"22,7";"22,1";"91,0";"93,0";"91,0";"21,0";"21,3";"20,8";"1013,1";"1013,2";"1013,0";"0,9";"106,0";"1,8";"666,50";"0,0"
"19/12/2025";"1300";"23,6";"23,6";"22,4";"87,0";"92,0";"87,0";"21,3";"21,5";"21,0";"1013,1";"1013,2";"1013,1";"1,5";"93,0";"3,1";"1002,40";"0,0"
"19/12/2025";"1400";"24,3";"24,5";"23,6";"81,0";"88,0";"81,0";"20,9";"21,8";"20,7";"1012,8";"1013,1";"1012,8";"0,8";"126,0";"2,5";"1109,70";"0,2"
"19/12/2025";"1500";"24,4";"25,0";"24,0";"81,0";"82,0";"80,0";"20,9";"21,5";"20,4";"1012,3";"1012,8";"1012,3";"1,3";"88,0";"2,7";"1255,90";"0,2"
"19/12/2025";"1600";"23,9";"24,9";"23,9";"85,0";"85,0";"79,0";"21,3";"21,4";"20,9";"1012,4";"1012,4";"1012,2";"2,4";"85,0";"3,9";"700,40";"0,0"
"19/12/2025";"1700";"22,8";"24,1";"22,7";"92,0";"92,0";"85,0";"21,4";"21,6";"21,0";"1011,4";"1012,4";"1011,4";"2,4";"58,0";"4,3";"357,60";"3,4"
"19/12/2025";"1800";"22,5";"22,9";"22,4";"92,0";"93,0";"92,0";"21,2";"21,6";"21,1";"1011,6";"1011,7";"1011,1";"0,7";"139,0";"3,8";"272,80";"2,0"
"19/12/2025";"1900";"22,3";"22,5";"22,2";"93,0";"93,0";"92,0";"21,1";"21,3";"21,1";"1011,5";"1011,7";"1011,4";"1,6";"61,0";"2,8";"118,20";"2,8"
"19/12/2025";"2000";"21,6";"22,3";"21,6";"94,0";"94,0";"93,0";"20,6";"21,1";"20,6";"1011,2";"1011,6";"1011,2";"2,7";"43,0";"4,2";"59,70";"3,2"
"19/12/2025";"2100";"21,2";"21,6";"21,2";"94,0";"94,0";"94,0";"20,1";"20,6";"20,1";"1012,0";"1012,1";"1011,1";"1,1";"228,0";"4,5";"66,10";"2,4"
"19/12/2025";"2200";"21,0";"21,3";"21,0";"94,0";"94,0";"94,0";"20,1";"20,2";"20,1";"1012,0";"1012,5";"1011,7";"0,6";"15,0";"2,1";"15,30";"0,0"
"19/12/2025";"2300";"21,0";"21,1";"20,9";"94,0";"94,0";"94,0";"20,1";"20,2";"20,0";"1012,5";"1012,6";"1012,0";"0,7";"250,0";"1,4";"";"0,0"
"20/12/2025";"0000";"21,7";"21,7";"21,0";"95,0";"95,0";"94,0";"20,8";"20,8";"20,1";"1012,7";"1013,0";"1012,5";"1,4";"136,0";"2,3";"";"0,0"
"20/12/2025";"0100";"21,7";"21,9";"21,6";"95,0";"95,0";"94,0";"20,8";"21,0";"20,6";"1013,2";"1013,2";"1012,6";"1,3";"224,0";"2,4";"";"0,0"
"20/12/2025";"0200";"21,3";"21,7";"21,3";"95,0";"95,0";"95,0";"20,4";"20,8";"20,4";"1013,1";"1013,4";"1013,1";"1,2";"242,0";"3,2";"";"0,0"
"20/12/2025";"0300";"21,6";"21,6";"21,3";"95,0";"95,0";"95,0";"20,7";"20,7";"20,4";"1012,2";"1013,2";"1012,2";"0,8";"179,0";"2,5";"";"0,0"
"20/12/2025";"0400";"21,7";"21,7";"21,6";"95,0";"95,0";"95,0";"20,9";"20,9";"20,7";"1011,8";"1012,2";"1011,8";"1,1";"241,0";"2,9";"";"0,0"
"20/12/2025";"0500";"21,7";"21,7";"21,6";"95,0";"95,0";"95,0";"20,8";"20,9";"20,7";"1011,7";"1012,0";"1011,3";"1,8";"223,0";"3,1";"";"0,0"
"20/12/2025";"0600";"21,5";"21,7";"21,4";"95,0";"95,0";"95,0";"20,6";"20,8";"20,5";"1011,4";"1011,7";"1011,1";"2,2";"222,0";"3,6";"";"0,0"
"20/12/2025";"0700";"21,4";"21,5";"21,4";"95,0";"95,0";"95,0";"20,5";"20,6";"20,5";"1011,4";"1011,5";"1011,0";"0,9";"200,0";"3,6";"";"0,0"
"20/12/2025";"0800";"21,6";"21,6";"21,3";"95,0";"95,0";"95,0";"20,7";"20,7";"20,4";"1012,2";"1012,2";"1011,3";"1,2";"257,0";"2,7";"";"0,0"
"20/12/2025";"0900";"22,5";"22,5";"21,6";"95,0";"95,0";"94,0";"21,6";"21,6";"20,7";"1012,7";"1012,7";"1012,1";"1,5";"229,0";"2,4";"249,50";"0,0"
"20/12/2025";"1000";"23,5";"23,5";"22,3";"92,0";"95,0";"92,0";"22,1";"22,4";"21,4";"1013,1";"1013,1";"1012,7";"2,0";"227,0";"3,0";"651,70";"0,0"
"20/12/2025";"1100";"24,1";"24,1";"23,3";"91,0";"92,0";"91,0";"22,4";"22,4";"21,7";"1013,3";"1013,4";"1013,1";"1,2";"183,0";"2,8";"690,70";"0,0"
"20/12/2025";"1200";"25,2";"26,3";"24,1";"82,0";"91,0";"80,0";"21,9";"23,4";"21,9";"1013,4";"1013,4";"1013,3";"1,7";"248,0";"3,0";"1862,60";"0,0"
"20/12/2025";"1300";"26,8";"27,5";"25,2";"73,0";"83,0";"72,0";"21,7";"22,7";"21,3";"1013,4";"1013,5";"1013,3";"1,7";"241,0";"3,3";"2033,20";"0,0"
"20/12/2025";"1400";"28,3";"28,6";"26,4";"69,0";"78,0";"66,0";"22,1";"22,8";"21,1";"1013,1";"1013,4";"1013,1";"0,9";"154,0";"3,3";"2525,30";"0,0"
"20/12/2025";"1500";"29,2";"29,8";"27,7";"59,0";"69,0";"59,0";"20,5";"22,2";"20,4";"1012,5";"1013,1";"1012,5";"1,2";"114,0";"3,6";"3750,30";"0,0"
"20/12/2025";"1600";"26,3";"30,4";"26,0";"76,0";"77,0";"58,0";"21,7";"22,1";"19,9";"1012,2";"1012,5";"1012,0";"5,5";"70,0";"9,3";"2204,40";"0,0"
"20/12/2025";"1700";"26,4";"27,6";"26,1";"75,0";"76,0";"72,0";"21,6";"22,7";"21,0";"1011,9";"1012,2";"1011,9";"4,8";"81,0";"10,0";"1237,90";"0,0"
"20/12/2025";"1800";"26,1";"26,5";"25,9";"76,0";"77,0";"74,0";"21,5";"22,0";"21,0";"1011,8";"1012,0";"1011,5";"4,8";"75,0";"10,2";"659,80";"0,0"
"20/12/2025";"1900";"26,2";"26,3";"26,1";"72,0";"76,0";"71,0";"20,8";"21,5";"20,6";"1012,0";"1012,0";"1011,8";"4,8";"68,0";"9,0";"674,20";"0,0"
"20/12/2025";"2000";"26,0";"26,4";"25,9";"70,0";"74,0";"70,0";"20,1";"21,2";"20,1";"1012,1";"1012,1";"1011,9";"4,5";"68,0";"9,3";"897,50";"0,0"
"20/12/2025";"2100";"24,7";"26,0";"24,7";"77,0";"77,0";"70,0";"20,5";"20,5";"20,2";"1012,5";"1012,5";"1012,1";"2,7";"48,0";"7,9";"231,90";"0,0"
"20/12/2025";"2200";"23,7";"24,8";"23,7";"85,0";"85,0";"77,0";"21,1";"21,1";"20,5";"1012,5";"1012,8";"1012,5";"2,0";"27,0";"4,8";"19,30";"0,0"
"20/12/2025";"2300";"23,2";"23,7";"23,2";"89,0";"89,0";"85,0";"21,3";"21,4";"21,1";"1012,8";"1012,9";"1012,4";"0,8";"26,0";"4,1";"";"0,0"
"21/12/2025";"0000";"23,5";"23,5";"22,9";"89,0";"90,0";"89,0";"21,6";"21,7";"21,1";"1013,7";"1013,7";"1012,8";"1,7";"131,0";"3,9";"";"0,0"
"21/12/2025";"0100";"23,5";"23,8";"23,5";"90,0";"90,0";"88,0";"21,7";"21,8";"21,5";"1013,6";"1014,0";"1013,6";"2,5";"106,0";"4,5";"";"0,0"
"21/12/2025";"0200";"23,3";"23,6";"23,3";"91,0";"91,0";"90,0";"21,8";"22,0";"21,7";"1013,6";"1014,0";"1013,6";"1,6";"101,0";"5,1";"";"0,0"
"21/12/2025";"0300";"22,9";"23,3";"22,9";"92,0";"93,0";"91,0";"21,6";"21,9";"21,6";"1013,5";"1013,7";"1013,4";"1,1";"127,0";"3,2";"";"0,0"
"21/12/2025";"0400";"22,5";"22,9";"22,5";"93,0";"93,0";"92,0";"21,3";"21,7";"21,3";"1012,7";"1013,5";"1012,7";"1,4";"83,0";"3,2";"";"0,0"
"21/12/2025";"0500";"22,4";"22,6";"22,3";"94,0";"94,0";"93,0";"21,3";"21,5";"21,3";"1012,6";"1012,8";"1012,6";"1,1";"168,0";"2,2";"";"0,0"
"21/12/2025";"0600";"22,3";"22,9";"22,3";"94,0";"94,0";"94,0";"21,3";"21,9";"21,3";"1012,7";"1012,7";"1012,5";"1,0";"14,0";"2,4";"";"0,2"
"21/12/2025";"0700";"22,1";"22,3";"21,7";"95,0";"95,0";"94,0";"21,2";"21,2";"20,8";"1013,1";"1013,1";"1012,6";"0,3";"179,0";"1,5";"";"0,0"
"21/12/2025";"0800";"22,0";"22,4";"21,7";"94,0";"95,0";"94,0";"20,9";"21,4";"20,7";"1013,8";"1013,8";"1013,1";"4,0";"60,0";"6,9";"";"0,6"
"21/12/2025";"0900";"23,2";"23,6";"21,6";"83,0";"94,0";"82,0";"20,1";"20,9";"20,0";"1014,2";"1014,2";"1013,8";"1,3";"73,0";"7,3";"271,60";"0,0"
"21/12/2025";"1000";"24,3";"24,9";"23,0";"80,0";"86,0";"78,0";"20,6";"21,5";"20,0";"1014,6";"1014,6";"1014,2";"2,7";"72,0";"4,3";"757,70";"0,0"
"21/12/2025";"1100";"25,0";"26,3";"24,0";"78,0";"83,0";"74,0";"21,0";"22,0";"20,5";"1014,9";"1014,9";"1014,6";"2,1";"62,0";"5,5";"1369,70";"0,0"
"21/12/2025";"1200";"26,8";"26,8";"23,9";"75,0";"83,0";"73,0";"22,0";"22,5";"20,0";"1014,8";"1015,1";"1014,8";"3,0";"65,0";"6,1";"1557,50";"0,2"
"21/12/2025";"1300";"28,5";"28,5";"26,6";"63,0";"75,0";"61,0";"20,7";"21,7";"19,1";"1014,5";"1014,8";"1014,5";"4,6";"65,0";"9,1";"3151,50";"0,0"
"21/12/2025";"1400";"28,8";"29,2";"27,8";"57,0";"66,0";"57,0";"19,6";"21,4";"19,6";"1014,3";"1014,6";"1014,2";"4,9";"76,0";"9,6";"3795,70";"0,0"
"21/12/2025";"1500";"29,1";"29,4";"28,3";"58,0";"61,0";"57,0";"20,0";"20,7";"19,1";"1013,7";"1014,3";"1013,7";"5,1";"68,0";"10,3";"3920,20";"0,0"
"21/12/2025";"1600";"29,6";"29,6";"28,5";"53,0";"60,0";"53,0";"19,0";"20,5";"18,7";"1013,2";"1013,8";"1013,2";"4,9";"59,0";"9,3";"3872,50";"0,0"
"21/12/2025";"1700";"29,3";"30,1";"28,8";"52,0";"58,0";"51,0";"18,4";"20,2";"18,3";"1012,8";"1013,2";"1012,8";"4,6";"61,0";"9,3";"3653,60";"0,0"
"21/12/2025";"1800";"28,4";"29,6";"28,4";"56,0";"58,0";"51,0";"18,7";"19,7";"18,1";"1012,2";"1012,8";"1012,2";"5,6";"75,0";"10,0";"3110,10";"0,0"
"21/12/2025";"1900";"28,1";"29,0";"28,1";"59,0";"60,0";"55,0";"19,4";"20,1";"18,7";"1012,1";"1012,2";"1012,1";"4,3";"76,0";"10,0";"2368,50";"0,0"
"21/12/2025";"2000";"27,2";"28,3";"27,2";"64,0";"65,0";"59,0";"19,9";"20,0";"19,3";"1012,2";"1012,3";"1012,1";"3,8";"81,0";"8,1";"1510,80";"0,0"
"21/12/2025";"2100";"25,6";"27,2";"25,6";"74,0";"74,0";"64,0";"20,6";"20,7";"19,9";"1013,2";"1013,2";"1012,2";"4,1";"80,0";"8,8";"569,00";"0,0"
"21/12/2025";"2200";"24,4";"25,6";"24,4";"82,0";"82,0";"74,0";"21,2";"21,2";"20,7";"1013,6";"1013,7";"1013,2";"2,8";"79,0";"7,6";"30,70";"0,0"
"21/12/2025";"2300";"23,4";"24,4";"23,4";"88,0";"88,0";"82,0";"21,4";"21,4";"21,2";"1013,8";"1013,8";"1013,6";"2,4";"76,0";"4,6";"";"0,0"
"22/12/2025";"0000";"23,3";"23,4";"23,1";"90,0";"90,0";"88,0";"21,5";"21,6";"21,2";"1014,1";"1014,1";"1013,8";"2,3";"81,0";"4,5";"";"0,0"
"22/12/2025";"0100";"22,7";"23,3";"22,7";"91,0";"91,0";"90,0";"21,1";"21,5";"21,1";"1014,8";"1014,8";"1014,1";"1,7";"81,0";"4,3";"";"0,0"
"22/12/2025";"0200";"22,8";"22,9";"22,5";"92,0";"92,0";"91,0";"21,4";"21,4";"21,0";"1014,8";"1014,9";"1014,8";"1,4";"84,0";"2,5";"";"0,0"
"22/12/2025";"0300";"22,2";"22,9";"22,2";"92,0";"92,0";"92,0";"20,8";"21,4";"20,8";"1014,2";"1014,8";"1014,2";"1,1";"74,0";"2,5";"";"0,0"
"22/12/2025";"0400";"22,6";"22,9";"22,2";"92,0";"93,0";"92,0";"21,2";"21,6";"20,9";"1013,5";"1014,2";"1013,5";"2,0";"77,0";"5,5";"";"0,2"
"22/12/2025";"0500";"22,3";"22,6";"21,7";"93,0";"93,0";"92,0";"21,2";"21,2";"20,5";"1013,3";"1013,5";"1013,3";"0,6";"19,0";"3,0";"";"0,0"
"22/12/2025";"0600";"22,6";"22,6";"21,9";"94,0";"94,0";"93,0";"21,6";"21,6";"20,8";"1013,1";"1013,3";"1013,0";"2,1";"50,0";"4,2";"";"2,4"
"22/12/2025";"0700";"22,1";"22,7";"22,1";"94,0";"94,0";"94,0";"21,0";"21,6";"21,0";"1013,0";"1013,1";"1012,9";"1,5";"58,0";"4,2";"";"0,0"
"22/12/2025";"0800";"22,3";"22,4";"22,0";"94,0";"94,0";"93,0";"21,3";"21,3";"20,9";"1013,7";"1013,7";"1013,0";"0,6";"64,0";"2,3";"";"0,2"
"22/12/2025";"0900";"22,2";"22,4";"22,1";"94,0";"94,0";"94,0";"21,2";"21,4";"21,1";"1013,9";"1013,9";"1013,7";"1,4";"336,0";"2,0";"111,10";"0,0"
"22/12/2025";"1000";"24,6";"24,7";"22,2";"90,0";"94,0";"90,0";"22,9";"23,5";"21,2";"1014,1";"1014,1";"1013,9";"2,6";"14,0";"4,6";"863,80";"0,0"
"22/12/2025";"1100";"26,5";"26,5";"24,2";"79,0";"91,0";"78,0";"22,6";"23,3";"21,8";"1014,4";"1014,4";"1014,0";"3,3";"16,0";"6,0";"1693,50";"0,0"
"22/12/2025";"1200";"24,9";"28,1";"24,9";"76,0";"79,0";"67,0";"20,3";"22,4";"20,1";"1014,2";"1014,5";"1013,9";"6,0";"46,0";"10,0";"1980,50";"0,0"
"22/12/2025";"1300";"28,2";"28,2";"24,6";"67,0";"80,0";"66,0";"21,6";"22,5";"20,5";"1013,5";"1014,2";"1013,5";"4,6";"45,0";"10,0";"2478,40";"0,0"
"22/12/2025";"1400";"28,7";"28,9";"27,7";"61,0";"68,0";"59,0";"20,5";"22,0";"19,6";"1013,5";"1013,5";"1013,3";"3,6";"56,0";"8,0";"2693,60";"0,0"
"22/12/2025";"1500";"29,1";"30,0";"28,1";"60,0";"64,0";"56,0";"20,4";"21,3";"19,6";"1013,0";"1013,5";"1013,0";"5,1";"70,0";"9,7";"3470,40";"0,0"
"22/12/2025";"1600";"28,9";"29,8";"28,8";"56,0";"61,0";"54,0";"19,4";"21,0";"19,2";"1012,2";"1013,0";"1012,1";"6,2";"70,0";"10,8";"3960,60";"0,0"
"22/12/2025";"1700";"29,0";"30,4";"28,6";"59,0";"62,0";"56,0";"20,1";"21,3";"19,1";"1011,9";"1012,2";"1011,9";"5,5";"63,0";"10,8";"3564,10";"0,0"
"22/12/2025";"1800";"28,6";"29,6";"28,6";"62,0";"62,0";"57,0";"20,8";"21,1";"19,7";"1011,4";"1011,9";"1011,4";"5,7";"71,0";"10,3";"3156,20";"0,0"
"22/12/2025";"1900";"28,2";"29,0";"27,7";"66,0";"66,0";"61,0";"21,3";"21,4";"20,1";"1011,0";"1011,4";"1011,0";"5,7";"66,0";"11,1";"2337,40";"0,0"
"22/12/2025";"2000";"27,3";"28,3";"27,2";"68,0";"69,0";"64,0";"20,9";"21,2";"20,4";"1010,8";"1011,0";"1010,7";"5,2";"60,0";"11,3";"1482,10";"0,0"
"22/12/2025";"2100";"26,0";"27,4";"26,0";"75,0";"76,0";"68,0";"21,3";"21,5";"20,7";"1011,4";"1011,4";"1010,8";"5,1";"66,0";"10,3";"611,20";"0,0"
"22/12/2025";"2200";"24,8";"26,0";"24,8";"81,0";"81,0";"75,0";"21,4";"21,5";"21,3";"1012,0";"1012,0";"1011,3";"3,0";"54,0";"8,9";"32,50";"0,0"
"22/12/2025";"2300";"24,2";"24,8";"24,1";"87,0";"87,0";"81,0";"21,9";"22,0";"21,4";"1012,2";"1012,3";"1012,0";"3,3";"57,0";"6,3";"";"0,0"
"23/12/2025";"0000";"24,2";"24,3";"24,1";"90,0";"90,0";"87,0";"22,4";"22,4";"21,9";"1012,7";"1012,7";"1012,2";"2,6";"58,0";"5,7";"";"0,0"
"23/12/2025";"0100";"24,3";"24,4";"24,1";"90,0";"90,0";"90,0";"22,6";"22,6";"22,3";"1013,2";"1013,2";"1012,7";"2,3";"49,0";"6,4";"";"0,0"
"23/12/2025";"0200";"24,3";"24,3";"24,1";"91,0";"91,0";"90,0";"22,7";"22,7";"22,4";"1013,3";"1013,4";"1013,2";"1,9";"50,0";"5,7";"";"0,0"
"23/12/2025";"0300";"24,3";"24,4";"24,2";"90,0";"91,0";"90,0";"22,6";"22,7";"22,6";"1013,0";"1013,4";"1013,0";"2,3";"49,0";"4,7";"";"0,0"
"23/12/2025";"0400";"24,0";"24,3";"23,9";"92,0";"92,0";"90,0";"22,5";"22,6";"22,4";"1012,5";"1013,0";"1012,5";"1,6";"50,0";"4,1";"";"0,0"
"23/12/2025";"0500";"23,8";"24,0";"23,7";"93,0";"93,0";"92,0";"22,5";"22,6";"22,4";"1012,2";"1012,5";"1012,2";"1,5";"40,0";"4,3";"";"0,0"
"23/12/2025";"0600";"23,8";"23,8";"23,7";"93,0";"93,0";"93,0";"22,6";"22,6";"22,5";"1012,1";"1012,2";"1012,0";"2,6";"26,0";"4,7";"";"0,0"
"23/12/2025";"0700";"23,4";"23,9";"23,4";"92,0";"93,0";"92,0";"22,1";"22,7";"22,1";"1012,3";"1012,3";"1012,1";"1,9";"40,0";"4,7";"";"0,0"
"23/12/2025";"0800";"23,0";"23,4";"22,9";"93,0";"93,0";"92,0";"21,8";"22,1";"21,7";"1012,9";"1012,9";"1012,3";"2,3";"46,0";"3,7";"";"0,0"
"23/12/2025";"0900";"24,0";"24,0";"23,0";"92,0";"93,0";"92,0";"22,7";"22,7";"21,8";"1013,4";"1013,4";"1012,8";"2,1";"36,0";"4,1";"223,20";"0,0"
"23/12/2025";"1000";"25,6";"25,8";"24,0";"81,0";"92,0";"81,0";"22,1";"22,8";"22,1";"1013,5";"1013,6";"1013,4";"3,5";"26,0";"6,3";"951,30";"0,0"
"23/12/2025";"1100";"27,3";"27,4";"25,5";"73,0";"81,0";"71,0";"22,0";"22,3";"21,5";"1013,7";"1013,7";"1013,5";"3,0";"42,0";"7,2";"1787,80";"0,0"
"23/12/2025";"1200";"29,4";"29,4";"27,2";"62,0";"73,0";"62,0";"21,4";"22,5";"20,9";"1013,5";"1013,7";"1013,4";"4,4";"39,0";"7,5";"2624,80";"0,0"
"23/12/2025";"1300";"30,0";"30,3";"28,9";"59,0";"63,0";"58,0";"21,1";"21,9";"20,3";"1013,4";"1013,6";"1013,4";"3,8";"29,0";"9,6";"2900,30";"0,0"
"23/12/2025";"1400";"30,9";"31,2";"29,3";"56,0";"64,0";"56,0";"21,2";"22,5";"20,7";"1013,3";"1013,5";"1013,3";"4,7";"38,0";"9,4";"3229,50";"0,0"
"23/12/2025";"1500";"30,9";"31,6";"29,6";"58,0";"61,0";"55,0";"21,6";"22,4";"20,5";"1012,4";"1013,3";"1012,4";"5,3";"63,0";"9,5";"3416,40";"0,0"
"23/12/2025";"1600";"29,9";"31,3";"29,9";"59,0";"61,0";"55,0";"20,9";"22,2";"20,7";"1011,9";"1012,4";"1011,9";"6,6";"73,0";"11,7";"3954,30";"0,0"
"23/12/2025";"1700";"29,7";"30,4";"29,6";"60,0";"61,0";"57,0";"21,2";"21,8";"20,8";"1011,4";"1011,9";"1011,4";"6,5";"74,0";"11,7";"3588,10";"0,0"
"23/12/2025";"1800";"29,4";"30,1";"29,2";"58,0";"60,0";"57,0";"20,3";"21,5";"20,2";"1010,9";"1011,4";"1010,9";"6,7";"62,0";"11,7";"3052,30";"0,0"
"23/12/2025";"1900";"28,3";"29,4";"28,3";"63,0";"63,0";"58,0";"20,5";"21,1";"20,4";"1010,4";"1010,9";"1010,4";"7,0";"55,0";"12,4";"2328,70";"0,0"
"23/12/2025";"2000";"27,4";"28,7";"27,4";"66,0";"66,0";"62,0";"20,6";"21,2";"20,3";"1010,6";"1010,7";"1010,4";"6,6";"56,0";"13,2";"1476,00";"0,0"
"23/12/2025";"2100";"26,1";"27,5";"26,1";"73,0";"73,0";"66,0";"20,8";"20,8";"20,4";"1011,0";"1011,0";"1010,6";"6,1";"55,0";"12,0";"593,60";"0,0"
"23/12/2025";"2200";"24,9";"26,1";"24,9";"81,0";"81,0";"73,0";"21,4";"21,4";"20,8";"1011,2";"1011,2";"1010,9";"4,6";"61,0";"11,0";"33,40";"0,0"
"23/12/2025";"2300";"24,6";"25,0";"24,6";"83,0";"84,0";"81,0";"21,6";"21,6";"21,4";"1011,3";"1011,3";"1011,2";"4,0";"60,0";"9,2";"";"0,0"
"24/12/2025";"0000";"24,5";"24,6";"24,4";"84,0";"84,0";"83,0";"21,5";"21,6";"21,5";"1011,5";"1011,5";"1011,2";"3,9";"56,0";"7,8";"";"0,0"
"24/12/2025";"0100";"24,4";"24,6";"24,3";"84,0";"84,0";"83,0";"21,5";"21,6";"21,4";"1011,6";"1011,7";"1011,5";"3,9";"48,0";"8,4";"";"0,0"
"24/12/2025";"0200";"24,2";"24,4";"24,2";"85,0";"85,0";"84,0";"21,4";"21,5";"21,4";"1011,5";"1011,7";"1011,4";"3,3";"50,0";"8,4";"";"0,0"
"24/12/2025";"0300";"23,8";"24,3";"23,8";"86,0";"86,0";"85,0";"21,4";"21,6";"21,4";"1011,0";"1011,5";"1011,0";"2,7";"53,0";"7,1";"";"0,0"
"24/12/2025";"0400";"23,2";"23,8";"23,2";"88,0";"88,0";"86,0";"21,2";"21,5";"21,2";"1010,7";"1011,0";"1010,7";"1,8";"54,0";"5,0";"";"0,0"
"24/12/2025";"0500";"22,7";"23,2";"22,7";"90,0";"90,0";"88,0";"21,1";"21,3";"21,0";"1010,2";"1010,7";"1010,2";"1,8";"37,0";"3,0";"";"0,0"
"24/12/2025";"0600";"22,6";"22,8";"22,6";"91,0";"91,0";"90,0";"21,1";"21,3";"21,0";"1010,1";"1010,2";"1010,0";"2,3";"55,0";"3,4";"";"0,0"
"24/12/2025";"0700";"22,4";"22,6";"22,4";"92,0";"92,0";"91,0";"21,0";"21,1";"21,0";"1010,3";"1010,3";"1010,0";"2,4";"59,0";"3,6";"";"0,0"
"24/12/2025";"0800";"22,2";"22,4";"22,2";"93,0";"93,0";"92,0";"20,9";"21,1";"20,8";"1010,7";"1010,7";"1010,3";"2,1";"43,0";"4,0";"";"0,0"
"24/12/2025";"0900";"23,7";"23,7";"22,2";"90,0";"93,0";"90,0";"21,9";"22,0";"20,9";"1011,0";"1011,0";"1010,7";"2,6";"32,0";"4,8";"211,40";"0,0"
"24/12/2025";"1000";"25,6";"25,6";"23,7";"80,0";"90,0";"80,0";"21,8";"22,2";"21,6";"1011,1";"1011,2";"1011,0";"4,3";"21,0";"7,1";"945,20";"0,0"
"24/12/2025";"1100";"28,4";"28,4";"25,6";"70,0";"80,0";"70,0";"22,5";"22,7";"21,8";"1011,0";"1011,1";"1010,9";"3,7";"24,0";"6,6";"1812,30";"0,0"
"24/12/2025";"1200";"30,0";"30,0";"28,0";"64,0";"71,0";"63,0";"22,5";"23,2";"21,8";"1010,9";"1011,0";"1010,9";"4,7";"21,0";"7,7";"2617,00";"0,0"
"24/12/2025";"1300";"31,4";"31,4";"29,8";"59,0";"64,0";"58,0";"22,5";"22,7";"21,7";"1010,5";"1010,9";"1010,5";"4,2";"21,0";"7,8";"3272,00";"0,0"
"24/12/2025";"1400";"32,5";"32,7";"31,2";"56,0";"60,0";"53,0";"22,6";"23,2";"21,8";"1010,2";"1010,5";"1010,2";"2,7";"25,0";"7,3";"3762,10";"0,0"
"24/12/2025";"1500";"31,6";"33,0";"30,8";"56,0";"59,0";"52,0";"21,8";"22,8";"20,9";"1009,9";"1010,3";"1009,9";"5,2";"66,0";"9,1";"3735,90";"0,0"
"24/12/2025";"1600";"31,1";"31,6";"30,8";"58,0";"58,0";"55,0";"21,8";"22,0";"20,9";"1009,3";"1009,9";"1009,3";"5,9";"76,0";"10,2";"3902,40";"0,0"
"24/12/2025";"1700";"31,0";"31,4";"30,5";"55,0";"58,0";"54,0";"20,7";"21,8";"20,4";"1008,9";"1009,3";"1008,9";"6,2";"60,0";"11,5";"3597,40";"0,0"
"24/12/2025";"1800";"30,1";"31,0";"30,0";"55,0";"56,0";"52,0";"20,0";"20,9";"19,5";"1008,5";"1008,9";"1008,5";"6,1";"59,0";"11,2";"3069,40";"0,0"
"24/12/2025";"1900";"29,2";"30,4";"29,1";"60,0";"60,0";"54,0";"20,8";"21,2";"19,7";"1008,1";"1008,5";"1008,1";"5,5";"62,0";"11,0";"2351,20";"0,0"
"24/12/2025";"2000";"27,8";"29,5";"27,8";"67,0";"67,0";"59,0";"21,2";"21,3";"20,3";"1008,7";"1008,7";"1008,1";"5,8";"65,0";"11,2";"1493,30";"0,0"
"24/12/2025";"2100";"26,4";"27,9";"26,4";"68,0";"68,0";"66,0";"20,1";"21,2";"20,1";"1009,1";"1009,1";"1008,7";"5,1";"52,0";"11,2";"601,10";"0,0"
"24/12/2025";"2200";"25,2";"26,4";"25,2";"75,0";"75,0";"68,0";"20,4";"20,4";"19,9";"1009,5";"1009,5";"1009,1";"4,0";"54,0";"9,4";"29,70";"0,0"
"24/12/2025";"2300";"24,6";"25,3";"24,6";"78,0";"78,0";"74,0";"20,6";"20,6";"20,3";"1009,6";"1009,8";"1009,5";"3,6";"51,0";"7,7";"";"0,0"
"25/12/2025";"0000";"24,3";"24,8";"24,3";"80,0";"80,0";"78,0";"20,7";"20,7";"20,6";"1010,0";"1010,0";"1009,6";"3,3";"50,0";"7,2";"";"0,0"
"25/12/2025";"0100";"24,0";"24,3";"23,9";"83,0";"83,0";"80,0";"20,9";"20,9";"20,7";"1010,2";"1010,4";"1010,0";"3,1";"53,0";"6,2";"";"0,0"
"25/12/2025";"0200";"23,3";"24,0";"23,3";"86,0";"86,0";"83,0";"20,9";"20,9";"20,7";"1010,2";"1010,3";"1010,1";"1,4";"68,0";"4,8";"";"0,0"
"25/12/2025";"0300";"22,9";"23,4";"22,7";"88,0";"88,0";"86,0";"20,7";"20,9";"20,6";"1009,5";"1010,2";"1009,5";"2,4";"58,0";"3,4";"";"0,0"
"25/12/2025";"0400";"22,3";"22,9";"22,3";"88,0";"88,0";"87,0";"20,2";"20,7";"20,2";"1009,0";"1009,7";"1009,0";"2,1";"76,0";"3,4";"";"0,0"
"25/12/2025";"0500";"21,9";"22,3";"21,9";"90,0";"90,0";"88,0";"20,2";"20,4";"20,1";"1008,4";"1009,0";"1008,4";"2,0";"66,0";"3,0";"";"0,0"
"25/12/2025";"0600";"21,8";"21,9";"21,7";"91,0";"91,0";"90,0";"20,3";"20,3";"20,1";"1008,3";"1008,4";"1008,3";"1,9";"63,0";"2,9";"";"0,0"
"25/12/2025";"0700";"21,7";"21,8";"21,6";"92,0";"92,0";"91,0";"20,3";"20,4";"20,2";"1008,4";"1008,4";"1008,3";"2,0";"54,0";"3,4";"";"0,0"
"25/12/2025";"0800";"21,7";"21,7";"21,5";"93,0";"93,0";"92,0";"20,6";"20,6";"20,3";"1008,7";"1008,7";"1008,4";"2,6";"49,0";"4,2";"";"0,0"
"25/12/2025";"0900";"23,3";"23,3";"21,7";"91,0";"93,0";"91,0";"21,7";"21,7";"20,5";"1009,1";"1009,1";"1008,7";"2,6";"54,0";"4,8";"204,10";"0,0"
"25/12/2025";"1000";"25,9";"25,9";"23,3";"81,0";"91,0";"81,0";"22,3";"22,4";"21,8";"1009,3";"1009,4";"1009,1";"3,0";"41,0";"5,2";"930,90";"0,0"
"25/12/2025";"1100";"28,6";"28,6";"25,9";"72,0";"81,0";"71,0";"23,0";"23,0";"22,0";"1009,6";"1009,6";"1009,3";"2,9";"20,0";"4,9";"1792,80";"0,0"
"25/12/2025";"1200";"31,3";"31,3";"28,6";"62,0";"72,0";"60,0";"23,1";"23,5";"22,1";"1009,4";"1009,6";"1009,3";"2,3";"31,0";"5,2";"2596,70";"0,0"
"25/12/2025";"1300";"33,1";"33,1";"31,2";"54,0";"62,0";"53,0";"22,7";"23,3";"21,6";"1009,3";"1009,4";"1009,3";"2,5";"32,0";"5,6";"3246,00";"0,0"
"25/12/2025";"1400";"32,1";"34,0";"31,7";"58,0";"60,0";"51,0";"22,9";"23,3";"21,5";"1008,8";"1009,3";"1008,8";"5,1";"71,0";"8,0";"3701,40";"0,0"
"25/12/2025";"1500";"32,0";"32,8";"31,9";"56,0";"59,0";"55,0";"22,2";"23,4";"22,1";"1008,4";"1008,8";"1008,4";"4,6";"88,0";"8,4";"3929,90";"0,0"
"25/12/2025";"1600";"32,2";"32,5";"31,5";"56,0";"58,0";"55,0";"22,4";"22,9";"21,7";"1007,8";"1008,4";"1007,8";"5,1";"75,0";"9,7";"3882,30";"0,0"
"25/12/2025";"1700";"31,9";"32,9";"31,4";"57,0";"58,0";"54,0";"22,3";"22,8";"21,3";"1007,4";"1007,8";"1007,3";"5,3";"71,0";"9,6";"3577,30";"0,0"
"25/12/2025";"1800";"31,0";"32,0";"30,9";"58,0";"58,0";"54,0";"21,7";"22,2";"21,1";"1006,8";"1007,4";"1006,8";"5,7";"76,0";"9,9";"3030,70";"0,0"
"25/12/2025";"1900";"30,4";"31,2";"30,3";"59,0";"59,0";"55,0";"21,4";"21,8";"20,7";"1006,4";"1006,9";"1006,3";"5,3";"62,0";"10,5";"2310,30";"0,0"
"25/12/2025";"2000";"28,5";"30,4";"28,5";"67,0";"67,0";"58,0";"21,9";"22,4";"21,3";"1007,1";"1007,1";"1006,4";"4,5";"80,0";"9,2";"1465,60";"0,0"
"25/12/2025";"2100";"26,5";"28,6";"26,5";"73,0";"73,0";"67,0";"21,2";"22,0";"21,1";"1007,7";"1007,8";"1007,1";"5,3";"67,0";"9,5";"600,90";"0,0"
"25/12/2025";"2200";"25,2";"26,4";"25,2";"78,0";"78,0";"73,0";"21,1";"21,3";"21,1";"1008,6";"1008,6";"1007,7";"3,8";"54,0";"8,9";"24,50";"0,0"
"25/12/2025";"2300";"24,9";"25,3";"24,8";"78,0";"79,0";"78,0";"20,8";"21,1";"20,8";"1009,1";"1009,1";"1008,6";"3,6";"53,0";"7,5";"";"0,0"
"26/12/2025";"0000";"24,7";"24,9";"24,6";"79,0";"79,0";"78,0";"20,8";"20,9";"20,7";"1009,8";"1009,8";"1009,1";"3,2";"54,0";"7,3";"";"0,0"
"26/12/2025";"0100";"24,3";"24,8";"24,2";"82,0";"82,0";"79,0";"21,1";"21,1";"20,8";"1010,0";"1010,0";"1009,8";"2,8";"56,0";"7,3";"";"0,0"
"26/12/2025";"0200";"23,6";"24,3";"23,5";"86,0";"86,0";"82,0";"21,2";"21,2";"21,0";"1010,0";"1010,2";"1010,0";"2,4";"59,0";"5,0";"";"0,0"
"26/12/2025";"0300";"22,9";"23,6";"22,9";"89,0";"89,0";"86,0";"21,0";"21,2";"21,0";"1009,4";"1010,0";"1009,4";"1,3";"73,0";"3,9";"";"0,0"
"26/12/2025";"0400";"22,5";"22,9";"22,5";"91,0";"91,0";"89,0";"20,9";"21,1";"20,9";"1009,1";"1009,4";"1009,1";"0,7";"90,0";"2,7";"";"0,0"
"26/12/2025";"0500";"22,5";"22,8";"22,3";"91,0";"92,0";"91,0";"21,0";"21,3";"20,8";"1008,6";"1009,1";"1008,6";"1,6";"84,0";"2,4";"";"0,0"
"26/12/2025";"0600";"22,4";"22,6";"22,4";"92,0";"92,0";"91,0";"21,0";"21,1";"20,9";"1008,3";"1008,6";"1008,3";"1,3";"79,0";"2,4";"";"0,0"
"26/12/2025";"0700";"22,0";"22,4";"21,9";"93,0";"93,0";"92,0";"20,7";"21,0";"20,6";"1008,5";"1008,5";"1008,1";"0,9";"87,0";"1,6";"";"0,0"
"26/12/2025";"0800";"21,4";"22,1";"21,1";"94,0";"94,0";"92,0";"20,4";"20,9";"19,9";"1009,2";"1009,2";"1008,5";"1,1";"298,0";"1,6";"";"0,0"
"26/12/2025";"0900";"22,7";"22,7";"21,1";"94,0";"94,0";"94,0";"21,6";"21,7";"20,1";"1009,5";"1009,5";"1009,0";"0,5";"13,0";"1,4";"198,30";"0,0"
"26/12/2025";"1000";"24,8";"25,0";"22,7";"86,0";"94,0";"86,0";"22,4";"23,4";"21,8";"1009,8";"1009,8";"1009,5";"1,8";"72,0";"3,1";"917,50";"0,0"
"26/12/2025";"1100";"28,3";"28,7";"24,8";"73,0";"87,0";"71,0";"22,9";"23,4";"22,2";"1009,9";"1009,9";"1009,8";"2,2";"18,0";"4,6";"1784,40";"0,0"
"26/12/2025";"1200";"30,2";"30,3";"28,3";"66,0";"73,0";"64,0";"23,2";"23,4";"22,2";"1009,8";"1009,9";"1009,7";"1,6";"51,0";"4,0";"2593,70";"0,0"
"26/12/2025";"1300";"32,4";"32,4";"29,9";"59,0";"66,0";"57,0";"23,4";"23,7";"22,3";"1009,5";"1009,8";"1009,5";"0,8";"107,0";"3,9";"3240,90";"0,0"
"26/12/2025";"1400";"33,5";"34,1";"32,0";"52,0";"61,0";"51,0";"22,3";"24,0";"21,8";"1009,0";"1009,5";"1009,0";"1,2";"154,0";"4,0";"3693,70";"0,0"
"26/12/2025";"1500";"33,6";"35,4";"33,5";"57,0";"58,0";"46,0";"23,9";"24,5";"21,5";"1008,6";"1009,0";"1008,6";"3,8";"75,0";"6,5";"3889,90";"0,0"
"26/12/2025";"1600";"33,6";"33,9";"32,9";"56,0";"59,0";"55,0";"23,7";"24,5";"22,9";"1008,0";"1008,6";"1008,0";"4,0";"73,0";"7,8";"3866,30";"0,0"
"26/12/2025";"1700";"32,2";"33,6";"32,0";"57,0";"58,0";"55,0";"22,7";"23,8";"22,0";"1007,8";"1008,0";"1007,7";"4,7";"74,0";"7,9";"3567,30";"0,0"
"26/12/2025";"1800";"31,5";"32,2";"31,4";"57,0";"58,0";"55,0";"21,9";"22,5";"21,4";"1007,6";"1007,8";"1007,6";"4,6";"80,0";"8,1";"3037,50";"0,0"
"26/12/2025";"1900";"30,9";"31,8";"30,8";"57,0";"58,0";"55,0";"21,5";"22,1";"21,1";"1007,5";"1007,7";"1007,4";"4,3";"80,0";"8,9";"2327,90";"0,0"
"26/12/2025";"2000";"29,1";"30,9";"29,1";"65,0";"65,0";"56,0";"21,9";"22,0";"20,8";"1007,7";"1007,7";"1007,5";"4,2";"78,0";"8,5";"1457,20";"0,0"
"26/12/2025";"2100";"27,1";"29,1";"27,1";"72,0";"72,0";"65,0";"21,5";"22,0";"21,5";"1008,3";"1008,3";"1007,7";"3,1";"88,0";"7,6";"612,40";"0,0"
"26/12/2025";"2200";"25,2";"27,1";"25,2";"80,0";"80,0";"72,0";"21,5";"21,6";"21,4";"1008,9";"1008,9";"1008,3";"2,9";"82,0";"6,6";"34,50";"0,0"
"26/12/2025";"2300";"24,3";"25,2";"24,2";"86,0";"86,0";"80,0";"21,7";"21,7";"21,5";"1009,3";"1009,5";"1008,8";"2,8";"78,0";"5,1";"";"0,0"
"27/12/2025";"0000";"24,0";"24,3";"23,9";"88,0";"88,0";"86,0";"22,0";"22,0";"21,7";"1009,9";"1009,9";"1009,3";"3,2";"74,0";"5,8";"";"0,0"
"27/12/2025";"0100";"23,8";"24,1";"23,8";"89,0";"89,0";"88,0";"21,9";"22,1";"21,9";"1010,6";"1010,6";"1009,9";"2,5";"55,0";"5,9";"";"0,0"
"27/12/2025";"0200";"23,4";"23,8";"23,2";"91,0";"91,0";"89,0";"21,9";"21,9";"21,5";"1010,3";"1010,9";"1010,3";"2,0";"52,0";"4,7";"";"0,0"
"27/12/2025";"0300";"22,7";"23,4";"22,6";"92,0";"93,0";"91,0";"21,4";"21,9";"21,2";"1010,3";"1010,5";"1010,2";"0,7";"106,0";"3,1";"";"0,0"
"27/12/2025";"0400";"22,8";"23,1";"22,6";"93,0";"93,0";"92,0";"21,7";"21,9";"21,3";"1009,6";"1010,3";"1009,6";"0,8";"113,0";"2,2";"";"0,0"
"27/12/2025";"0500";"23,2";"23,4";"22,8";"92,0";"93,0";"92,0";"21,8";"22,1";"21,7";"1008,9";"1009,6";"1008,9";"2,7";"86,0";"4,2";"";"0,0"
"27/12/2025";"0600";"22,8";"23,3";"22,8";"91,0";"92,0";"90,0";"21,1";"21,8";"21,1";"1008,8";"1008,9";"1008,6";"1,3";"57,0";"4,4";"";"0,0"
"27/12/2025";"0700";"22,1";"22,8";"21,9";"93,0";"93,0";"91,0";"20,9";"21,1";"20,6";"1008,9";"1009,0";"1008,8";"1,7";"57,0";"2,4";"";"0,0"
"27/12/2025";"0800";"21,7";"22,1";"21,4";"94,0";"94,0";"92,0";"20,6";"20,9";"20,1";"1009,3";"1009,4";"1008,9";"1,2";"86,0";"2,4";"";"0,0"
"27/12/2025";"0900";"23,3";"23,3";"21,6";"93,0";"94,0";"93,0";"22,2";"22,2";"20,5";"1010,2";"1010,2";"1009,3";"0,9";"114,0";"2,1";"178,20";"0,0"
"27/12/2025";"1000";"25,6";"25,9";"23,3";"80,0";"93,0";"80,0";"22,0";"23,1";"22,0";"1010,8";"1010,8";"1010,2";"0,7";"12,0";"1,5";"913,10";"0,0"
"27/12/2025";"1100";"27,0";"27,0";"25,0";"78,0";"84,0";"77,0";"22,8";"23,0";"21,8";"1010,9";"1011,0";"1010,8";"1,3";"64,0";"2,6";"1670,60";"0,0"
"27/12/2025";"1200";"29,0";"29,3";"26,9";"70,0";"78,0";"69,0";"23,0";"23,6";"22,4";"1010,9";"1011,0";"1010,8";"1,6";"69,0";"3,6";"2434,00";"0,0"
"27/12/2025";"1300";"31,5";"31,6";"28,9";"62,0";"70,0";"61,0";"23,2";"24,0";"22,5";"1010,8";"1010,9";"1010,7";"1,4";"86,0";"3,1";"3250,10";"0,0"
"27/12/2025";"1400";"32,7";"33,0";"31,0";"52,0";"63,0";"49,0";"21,5";"23,4";"20,8";"1010,3";"1010,8";"1010,3";"1,7";"99,0";"3,8";"3713,60";"0,0"
"27/12/2025";"1500";"33,4";"34,3";"32,6";"56,0";"56,0";"43,0";"23,4";"23,5";"19,3";"1009,8";"1010,3";"1009,8";"3,2";"62,0";"6,4";"3921,60";"0,0"
"27/12/2025";"1600";"32,0";"33,5";"31,7";"59,0";"61,0";"55,0";"22,9";"24,3";"22,8";"1009,4";"1009,8";"1009,4";"3,7";"87,0";"7,8";"3860,90";"0,0"
"27/12/2025";"1700";"31,8";"32,5";"31,6";"57,0";"60,0";"56,0";"22,3";"23,5";"22,3";"1009,0";"1009,4";"1009,0";"4,1";"86,0";"8,1";"3567,70";"0,0"
"27/12/2025";"1800";"30,6";"31,9";"30,6";"60,0";"60,0";"57,0";"21,8";"22,8";"21,6";"1008,7";"1009,1";"1008,7";"5,2";"83,0";"8,5";"3063,00";"0,0"
"27/12/2025";"1900";"29,6";"30,9";"29,3";"65,0";"65,0";"59,0";"22,3";"22,5";"21,7";"1008,4";"1008,7";"1008,4";"5,7";"75,0";"9,9";"2342,40";"0,0"
"27/12/2025";"2000";"28,0";"29,6";"28,0";"70,0";"70,0";"64,0";"22,1";"22,5";"21,8";"1008,5";"1008,6";"1008,4";"5,5";"67,0";"9,9";"1499,10";"0,0"
"27/12/2025";"2100";"26,6";"28,0";"26,6";"75,0";"75,0";"70,0";"21,7";"22,4";"21,6";"1008,8";"1008,8";"1008,5";"5,8";"63,0";"10,9";"633,60";"0,0"
"27/12/2025";"2200";"25,3";"26,6";"25,3";"85,0";"85,0";"75,0";"22,6";"22,6";"21,7";"1009,4";"1009,4";"1008,8";"4,2";"56,0";"10,3";"34,60";"0,0"
"27/12/2025";"2300";"25,0";"25,3";"24,9";"88,0";"88,0";"85,0";"22,9";"22,9";"22,6";"1009,6";"1009,6";"1009,3";"3,6";"53,0";"8,9";"";"0,0"
"28/12/2025";"0000";"24,6";"25,0";"24,5";"88,0";"89,0";"88,0";"22,5";"22,9";"22,5";"1010,4";"1010,4";"1009,6";"3,1";"57,0";"7,2";"";"0,0"
"28/12/2025";"0100";"24,1";"24,6";"24,0";"89,0";"89,0";"88,0";"22,2";"22,5";"22,2";"1010,5";"1010,6";"1010,4";"2,4";"50,0";"6,0";"";"0,0"
"28/12/2025";"0200";"23,7";"24,1";"23,7";"90,0";"90,0";"89,0";"21,9";"22,2";"21,8";"1010,1";"1010,5";"1010,1";"2,4";"53,0";"4,3";"";"0,0"
"28/12/2025";"0300";"23,1";"23,7";"23,1";"91,0";"91,0";"90,0";"21,6";"22,0";"21,6";"1009,6";"1010,2";"1009,6";"1,4";"79,0";"3,9";"";"0,0"
"28/12/2025";"0400";"22,8";"23,1";"22,7";"93,0";"93,0";"91,0";"21,5";"21,7";"21,4";"1009,1";"1009,6";"1009,1";"0,8";"101,0";"2,8";"";"0,0"
"28/12/2025";"0500";"22,4";"22,8";"22,4";"93,0";"93,0";"93,0";"21,2";"21,6";"21,2";"1008,2";"1009,1";"1008,2";"1,6";"74,0";"3,0";"";"0,0"
"28/12/2025";"0600";"22,2";"22,4";"22,2";"93,0";"93,0";"93,0";"21,0";"21,3";"21,0";"1007,9";"1008,2";"1007,8";"1,9";"57,0";"3,1";"";"0,0"
"28/12/2025";"0700";"21,8";"22,2";"21,7";"93,0";"93,0";"93,0";"20,7";"21,1";"20,6";"1008,1";"1008,1";"1007,8";"1,8";"81,0";"3,1";"";"0,0"
"28/12/2025";"0800";"21,6";"21,8";"21,5";"94,0";"94,0";"93,0";"20,5";"20,7";"20,4";"1008,5";"1008,5";"1008,1";"1,8";"78,0";"2,5";"";"0,0"
"28/12/2025";"0900";"23,1";"23,1";"21,5";"93,0";"94,0";"93,0";"21,9";"21,9";"20,5";"1008,9";"1008,9";"1008,5";"1,5";"47,0";"2,8";"173,20";"0,0"
"28/12/2025";"1000";"24,7";"24,8";"23,1";"85,0";"93,0";"85,0";"22,1";"22,4";"21,6";"1009,2";"1009,2";"1008,9";"1,4";"61,0";"6,7";"929,20";"0,0"
"28/12/2025";"1100";"26,7";"26,8";"24,7";"78,0";"86,0";"78,0";"22,5";"22,9";"21,9";"1009,2";"1009,3";"1009,1";"1,8";"26,0";"5,5";"1700,40";"0,0"
"28/12/2025";"1200";"28,5";"28,8";"26,2";"71,0";"80,0";"70,0";"22,7";"23,6";"22,0";"1009,0";"1009,3";"1009,0";"2,9";"14,0";"4,5";"2597,20";"0,0"
"28/12/2025";"1300";"30,7";"30,8";"28,2";"61,0";"72,0";"61,0";"22,2";"23,3";"22,2";"1008,5";"1009,0";"1008,5";"3,6";"16,0";"6,2";"3260,10";"0,0"
"28/12/2025";"1400";"32,6";"32,6";"30,6";"52,0";"62,0";"51,0";"21,6";"22,5";"20,7";"1007,5";"1008,5";"1007,5";"3,1";"20,0";"6,2";"3721,40";"0,0"
"28/12/2025";"1500";"35,1";"35,1";"32,5";"40,0";"53,0";"37,0";"19,3";"21,8";"18,1";"1006,8";"1007,5";"1006,8";"2,7";"354,0";"6,7";"3951,70";"0,0"
"28/12/2025";"1600";"36,3";"36,3";"34,6";"35,0";"40,0";"32,0";"18,4";"19,3";"16,0";"1006,3";"1006,8";"1006,3";"2,4";"9,0";"5,6";"3913,90";"0,0"
"28/12/2025";"1700";"34,0";"37,1";"33,3";"52,0";"53,0";"27,0";"22,7";"22,9";"14,6";"1005,9";"1006,3";"1005,8";"4,0";"83,0";"7,9";"3606,70";"0,0"
"28/12/2025";"1800";"32,4";"34,0";"32,3";"54,0";"55,0";"50,0";"21,8";"22,8";"21,5";"1005,7";"1006,0";"1005,7";"4,9";"78,0";"8,1";"3069,90";"0,0"
"28/12/2025";"1900";"31,0";"32,4";"31,0";"55,0";"56,0";"53,0";"21,0";"22,2";"20,8";"1005,4";"1005,7";"1005,4";"5,2";"67,0";"9,8";"2315,40";"0,0"
"28/12/2025";"2000";"29,6";"31,1";"29,6";"61,0";"61,0";"54,0";"21,2";"21,3";"20,2";"1005,8";"1005,8";"1005,4";"4,2";"81,0";"8,9";"1509,50";"0,0"
"28/12/2025";"2100";"27,4";"29,6";"27,4";"70,0";"70,0";"60,0";"21,3";"21,4";"20,8";"1006,5";"1006,5";"1005,7";"4,3";"76,0";"9,6";"620,20";"0,0"
"28/12/2025";"2200";"25,3";"27,4";"25,3";"79,0";"79,0";"70,0";"21,4";"21,4";"21,2";"1007,0";"1007,0";"1006,5";"2,7";"72,0";"7,7";"33,90";"0,0"
"28/12/2025";"2300";"24,3";"25,4";"24,3";"83,0";"83,0";"79,0";"21,3";"21,5";"21,3";"1007,6";"1007,6";"1007,0";"1,6";"75,0";"4,9";"";"0,0"
"29/12/2025";"0000";"23,8";"24,3";"23,7";"84,0";"85,0";"83,0";"21,1";"21,4";"20,9";"1008,1";"1008,1";"1007,5";"1,1";"73,0";"3,3";"";"0,0"
"29/12/2025";"0100";"23,7";"23,9";"23,2";"86,0";"87,0";"84,0";"21,3";"21,4";"20,7";"1008,1";"1008,3";"1008,1";"1,2";"85,0";"2,0";"";"0,0"
"29/12/2025";"0200";"23,6";"23,9";"23,5";"88,0";"88,0";"86,0";"21,5";"21,5";"21,2";"1008,2";"1008,3";"1008,1";"1,2";"94,0";"2,7";"";"0,0"
"29/12/2025";"0300";"22,9";"23,6";"22,9";"90,0";"90,0";"88,0";"21,2";"21,5";"21,1";"1007,7";"1008,2";"1007,7";"1,5";"77,0";"2,6";"";"0,0"
"29/12/2025";"0400";"23,0";"23,1";"22,4";"92,0";"92,0";"90,0";"21,6";"21,7";"20,9";"1007,3";"1007,8";"1007,3";"1,2";"89,0";"2,3";"";"0,0"
"29/12/2025";"0500";"22,5";"23,0";"22,5";"92,0";"92,0";"91,0";"21,1";"21,6";"21,1";"1006,5";"1007,3";"1006,5";"1,3";"86,0";"3,1";"";"0,0"
"29/12/2025";"0600";"22,3";"22,7";"22,0";"92,0";"92,0";"92,0";"21,0";"21,3";"20,7";"1006,4";"1006,6";"1006,3";"0,6";"147,0";"2,5";"";"0,0"
"29/12/2025";"0700";"21,2";"22,5";"21,1";"93,0";"94,0";"92,0";"20,0";"21,3";"19,9";"1006,3";"1006,4";"1006,1";"0,6";"281,0";"2,0";"";"0,0"
"29/12/2025";"0800";"21,4";"22,0";"21,0";"94,0";"94,0";"93,0";"20,5";"20,9";"19,9";"1006,9";"1006,9";"1006,3";"0,6";"235,0";"1,7";"";"0,0"
"29/12/2025";"0900";"22,3";"22,5";"21,0";"94,0";"94,0";"94,0";"21,3";"21,5";"20,0";"1007,4";"1007,4";"1006,9";"1,2";"289,0";"1,5";"163,80";"0,0"
"29/12/2025";"1000";"25,2";"25,2";"22,3";"87,0";"94,0";"87,0";"22,9";"23,5";"21,3";"1007,7";"1007,9";"1007,3";"0,9";"227,0";"2,1";"913,70";"0,0"
"29/12/2025";"1100";"27,5";"27,6";"25,3";"74,0";"87,0";"74,0";"22,5";"23,3";"22,1";"1008,0";"1008,0";"1007,7";"1,3";"241,0";"2,8";"1780,40";"0,0"
"29/12/2025";"1200";"30,0";"30,4";"27,5";"64,0";"75,0";"64,0";"22,6";"23,9";"22,1";"1008,2";"1008,2";"1007,9";"1,5";"280,0";"3,4";"2586,00";"0,0"
"29/12/2025";"1300";"32,3";"32,6";"30,0";"53,0";"65,0";"53,0";"21,6";"23,1";"21,6";"1007,9";"1008,3";"1007,9";"1,8";"277,0";"4,1";"3237,40";"0,0"
"29/12/2025";"1400";"34,1";"34,3";"32,2";"43,0";"55,0";"42,0";"19,7";"22,5";"19,5";"1007,3";"1008,0";"1007,3";"1,5";"277,0";"4,1";"3684,10";"0,0"
"29/12/2025";"1500";"35,6";"36,0";"33,9";"34,0";"45,0";"32,0";"17,4";"20,8";"16,3";"1006,8";"1007,3";"1006,8";"1,0";"213,0";"5,6";"3901,60";"0,0"
"29/12/2025";"1600";"36,5";"37,2";"35,5";"35,0";"36,0";"30,0";"18,4";"19,3";"15,6";"1006,2";"1006,8";"1006,1";"2,3";"171,0";"7,4";"3850,60";"0,0"
"29/12/2025";"1700";"36,5";"36,9";"35,8";"35,0";"38,0";"32,0";"18,7";"20,0";"17,4";"1006,1";"1006,2";"1006,0";"2,6";"188,0";"6,2";"3542,00";"0,0"
"29/12/2025";"1800";"34,8";"36,5";"34,4";"39,0";"40,0";"33,0";"18,9";"19,8";"17,8";"1006,2";"1006,3";"1006,1";"3,4";"170,0";"7,3";"3011,70";"0,0"
"29/12/2025";"1900";"33,8";"35,0";"33,8";"27,0";"39,0";"27,0";"12,2";"18,8";"12,2";"1006,0";"1006,2";"1005,9";"3,3";"167,0";"8,3";"2286,50";"0,0"
"29/12/2025";"2000";"32,8";"34,3";"32,8";"32,0";"33,0";"26,0";"14,0";"14,6";"11,8";"1006,4";"1006,4";"1006,0";"3,1";"201,0";"7,3";"1492,80";"0,0"
"29/12/2025";"2100";"30,3";"32,8";"30,3";"46,0";"46,0";"32,0";"17,4";"17,4";"14,0";"1007,5";"1007,5";"1006,4";"3,1";"198,0";"8,0";"621,20";"0,0"
"29/12/2025";"2200";"28,6";"30,3";"28,5";"55,0";"55,0";"41,0";"18,6";"18,6";"14,9";"1007,8";"1007,8";"1007,5";"1,5";"187,0";"6,2";"14,20";"0,0"
"29/12/2025";"2300";"26,8";"28,6";"26,8";"65,0";"65,0";"55,0";"19,7";"19,7";"18,7";"1008,4";"1008,4";"1007,8";"1,8";"199,0";"5,1";"";"0,0"
"30/12/2025";"0000";"25,9";"26,8";"25,6";"73,0";"73,0";"65,0";"20,5";"20,5";"19,7";"1008,8";"1008,8";"1008,4";"1,2";"178,0";"5,0";"";"0,0"
"30/12/2025";"0100";"25,6";"26,0";"25,4";"80,0";"80,0";"72,0";"21,8";"21,8";"20,2";"1008,7";"1008,9";"1008,6";"2,2";"105,0";"4,1";"";"0,0"
"30/12/2025";"0200";"23,9";"25,6";"23,9";"90,0";"90,0";"80,0";"22,2";"22,2";"21,6";"1008,6";"1009,0";"1008,6";"2,3";"86,0";"4,1";"";"0,0"
"30/12/2025";"0300";"23,8";"24,0";"23,8";"92,0";"92,0";"90,0";"22,4";"22,5";"22,1";"1008,4";"1008,8";"1008,4";"2,0";"79,0";"4,3";"";"0,0"
"30/12/2025";"0400";"23,7";"23,8";"23,4";"93,0";"93,0";"92,0";"22,5";"22,6";"22,1";"1008,2";"1008,5";"1008,1";"0,7";"148,0";"3,6";"";"0,0"
"30/12/2025";"0500";"23,9";"23,9";"23,6";"93,0";"93,0";"93,0";"22,7";"22,7";"22,4";"1008,3";"1008,4";"1007,9";"0,7";"154,0";"3,6";"";"0,0"
"30/12/2025";"0600";"23,2";"24,0";"23,2";"93,0";"93,0";"92,0";"22,0";"22,7";"22,0";"1008,3";"1008,4";"1008,1";"1,9";"236,0";"2,8";"";"0,0"
"30/12/2025";"0700";"23,2";"23,3";"23,2";"94,0";"94,0";"93,0";"22,1";"22,1";"22,0";"1008,7";"1008,7";"1008,1";"1,5";"241,0";"3,3";"";"0,0"
"30/12/2025";"0800";"23,2";"23,3";"23,1";"94,0";"94,0";"94,0";"22,2";"22,2";"22,0";"1009,1";"1009,1";"1008,7";"0,7";"250,0";"2,9";"";"0,0"
"30/12/2025";"0900";"23,6";"23,6";"23,2";"94,0";"94,0";"94,0";"22,5";"22,5";"22,2";"1009,4";"1009,4";"1009,0";"0,9";"328,0";"1,6";"102,80";"0,0"
"30/12/2025";"1000";"24,6";"24,7";"23,4";"89,0";"94,0";"89,0";"22,7";"23,1";"22,4";"1009,7";"1009,8";"1009,4";"1,6";"303,0";"2,7";"705,90";"0,0"
"30/12/2025";"1100";"26,9";"27,1";"24,6";"74,0";"89,0";"74,0";"21,9";"23,1";"21,8";"1010,1";"1010,1";"1009,7";"0,7";"322,0";"3,0";"1756,00";"0,0"
"30/12/2025";"1200";"30,2";"30,3";"26,8";"57,0";"75,0";"57,0";"20,9";"22,6";"20,9";"1010,5";"1010,5";"1010,1";"1,3";"333,0";"2,6";"2532,20";"0,0"
"30/12/2025";"1300";"31,8";"32,2";"30,2";"48,0";"60,0";"47,0";"19,5";"21,9";"18,9";"1010,1";"1010,5";"1010,1";"2,4";"40,0";"4,3";"3170,50";"0,0"
"30/12/2025";"1400";"33,7";"34,0";"31,7";"40,0";"50,0";"40,0";"18,2";"20,2";"18,1";"1009,9";"1010,2";"1009,9";"1,9";"36,0";"4,3";"3621,10";"0,0"
"30/12/2025";"1500";"35,5";"35,5";"33,6";"34,0";"41,0";"33,0";"17,5";"18,9";"16,1";"1009,0";"1009,9";"1009,0";"2,0";"16,0";"6,3";"3863,50";"0,0"
"30/12/2025";"1600";"33,8";"36,0";"33,8";"52,0";"52,0";"33,0";"22,4";"22,7";"16,3";"1008,5";"1009,0";"1008,5";"4,6";"78,0";"8,1";"3826,50";"0,0"
"30/12/2025";"1700";"32,7";"33,9";"32,6";"53,0";"55,0";"50,0";"21,7";"22,9";"21,3";"1008,1";"1008,6";"1008,0";"5,0";"79,0";"8,5";"3554,40";"0,0"
"30/12/2025";"1800";"32,1";"33,1";"31,7";"52,0";"53,0";"50,0";"20,9";"21,8";"20,5";"1007,7";"1008,1";"1007,6";"4,2";"65,0";"9,6";"3032,80";"0,0"
"30/12/2025";"1900";"31,1";"32,1";"30,8";"56,0";"57,0";"52,0";"21,4";"21,9";"20,2";"1007,6";"1007,7";"1007,5";"4,7";"61,0";"9,0";"2298,40";"0,0"
"30/12/2025";"2000";"29,0";"31,2";"29,0";"69,0";"70,0";"56,0";"22,9";"22,9";"21,3";"1007,5";"1007,6";"1007,2";"5,4";"64,0";"9,9";"1464,60";"0,0"
"30/12/2025";"2100";"27,8";"29,1";"27,8";"76,0";"76,0";"69,0";"23,1";"23,3";"22,8";"1008,3";"1008,3";"1007,4";"3,6";"66,0";"8,9";"618,20";"0,0"
"30/12/2025";"2200";"26,2";"27,8";"26,2";"81,0";"81,0";"75,0";"22,8";"23,1";"22,7";"1008,7";"1008,7";"1008,3";"3,1";"72,0";"6,9";"40,50";"0,0"
"30/12/2025";"2300";"25,3";"26,2";"25,3";"87,0";"87,0";"81,0";"23,0";"23,0";"22,6";"1009,2";"1009,2";"1008,7";"3,3";"65,0";"6,8";"";"0,0"
"31/12/2025";"0000";"25,4";"25,4";"25,3";"88,0";"88,0";"87,0";"23,3";"23,3";"22,9";"1009,8";"1009,9";"1009,2";"4,9";"59,0";"7,9";"";"0,0"
"31/12/2025";"0100";"25,4";"25,5";"25,3";"88,0";"88,0";"88,0";"23,2";"23,4";"23,2";"1010,0";"1010,1";"1009,7";"5,0";"56,0";"9,4";"";"0,0"
"31/12/2025";"0200";"25,3";"25,4";"25,3";"88,0";"88,0";"88,0";"23,2";"23,3";"23,2";"1010,4";"1010,5";"1009,9";"4,5";"59,0";"10,2";"";"0,0"
"31/12/2025";"0300";"25,1";"25,3";"25,1";"88,0";"88,0";"88,0";"23,0";"23,2";"23,0";"1009,8";"1010,4";"1009,7";"4,2";"56,0";"8,8";"";"0,0"
"31/12/2025";"0400";"24,6";"25,1";"24,6";"88,0";"88,0";"88,0";"22,5";"23,0";"22,5";"1009,2";"1009,8";"1009,2";"4,0";"56,0";"8,1";"";"0,0"
"31/12/2025";"0500";"24,1";"24,6";"24,1";"90,0";"90,0";"88,0";"22,3";"22,6";"22,2";"1009,2";"1009,3";"1008,9";"2,5";"52,0";"8,0";"";"0,0"
"31/12/2025";"0600";"24,2";"24,2";"24,0";"90,0";"90,0";"90,0";"22,4";"22,5";"22,2";"1009,4";"1009,4";"1009,2";"1,4";"61,0";"4,7";"";"0,0"
"31/12/2025";"0700";"24,2";"24,3";"24,2";"90,0";"90,0";"90,0";"22,4";"22,5";"22,4";"1009,1";"1009,4";"1009,1";"1,8";"84,0";"3,0";"";"0,0"
"31/12/2025";"0800";"23,4";"24,2";"23,4";"92,0";"92,0";"90,0";"22,0";"22,4";"21,9";"1009,6";"1009,6";"1009,1";"1,6";"53,0";"3,6";"";"0,0"
"31/12/2025";"0900";"24,7";"24,7";"23,4";"89,0";"92,0";"89,0";"22,7";"22,9";"22,0";"1010,2";"1010,4";"1009,6";"1,6";"48,0";"3,3";"217,40";"0,0"
"31/12/2025";"1000";"26,4";"26,4";"24,7";"81,0";"89,0";"81,0";"22,9";"22,9";"22,5";"1010,6";"1010,6";"1010,2";"2,1";"29,0";"3,6";"801,10";"0,0"
"31/12/2025";"1100";"27,5";"27,6";"26,3";"78,0";"81,0";"78,0";"23,3";"23,7";"22,6";"1010,8";"1010,8";"1010,6";"2,5";"25,0";"4,4";"1034,80";"0,0"
"31/12/2025";"1200";"29,2";"29,4";"27,5";"72,0";"78,0";"71,0";"23,6";"23,8";"23,1";"1011,1";"1011,1";"1010,8";"3,6";"22,0";"5,5";"2012,10";"0,0"
"31/12/2025";"1300";"32,2";"32,4";"29,2";"62,0";"72,0";"60,0";"24,0";"24,4";"23,3";"1011,0";"1011,1";"1010,9";"4,1";"3,0";"6,9";"3126,20";"0,0"
"31/12/2025";"1400";"35,2";"35,5";"32,2";"48,0";"62,0";"47,0";"22,5";"24,2";"22,1";"1010,5";"1011,0";"1010,5";"4,1";"321,0";"8,8";"3460,50";"0,0"
"31/12/2025";"1500";"36,0";"36,4";"34,7";"44,0";"49,0";"43,0";"21,8";"23,3";"20,9";"1009,9";"1010,5";"1009,8";"5,1";"323,0";"10,9";"3865,20";"0,0"
"31/12/2025";"1600";"36,1";"36,6";"35,0";"41,0";"46,0";"40,0";"21,0";"22,0";"20,3";"1009,3";"1009,9";"1009,3";"4,7";"326,0";"11,2";"3350,40";"0,0"
"31/12/2025";"1700";"36,2";"36,9";"34,7";"42,0";"46,0";"40,0";"21,4";"22,0";"20,7";"1008,3";"1009,3";"1008,3";"4,0";"355,0";"9,0";"3131,30";"0,0"
"31/12/2025";"1800";"33,3";"37,5";"33,2";"53,0";"53,0";"39,0";"22,4";"22,7";"20,9";"1007,8";"1008,3";"1007,8";"5,4";"62,0";"10,0";"2903,10";"0,0"
"31/12/2025";"1900";"32,2";"34,2";"32,0";"60,0";"60,0";"51,0";"23,3";"23,7";"22,3";"1007,4";"1007,8";"1007,3";"5,8";"73,0";"10,0";"2177,50";"0,0"
"31/12/2025";"2000";"31,1";"32,8";"31,0";"58,0";"60,0";"55,0";"21,7";"23,5";"21,7";"1007,2";"1007,4";"1007,2";"6,1";"55,0";"9,7";"1539,10";"0,0"
"31/12/2025";"2100";"28,8";"31,1";"28,8";"64,0";"64,0";"58,0";"21,2";"22,0";"21,2";"1007,4";"1007,4";"1007,1";"5,4";"55,0";"11,7";"639,50";"0,0"
"31/12/2025";"2200";"27,1";"28,8";"27,1";"71,0";"71,0";"64,0";"21,3";"21,4";"21,3";"1007,7";"1007,8";"1007,4";"4,8";"61,0";"10,4";"40,10";"0,0"
"31/12/2025";"2300";"26,3";"27,1";"26,3";"75,0";"75,0";"71,0";"21,5";"21,5";"21,3";"1008,2";"1008,2";"1007,7";"4,1";"57,0";"10,2";"";"0,0"
"01/01/2026";"0000";"25,9";"26,3";"25,9";"78,0";"78,0";"75,0";"21,7";"21,7";"21,4";"1008,8";"1008,9";"1008,2";"3,4";"49,0";"8,6";"";"0,0"
"01/01/2026";"0100";"25,5";"26,0";"25,5";"81,0";"81,0";"78,0";"22,0";"22,1";"21,7";"1009,3";"1009,3";"1008,9";"2,8";"54,0";"6,1";"";"0,0"
"01/01/2026";"0200";"24,8";"25,5";"24,8";"85,0";"85,0";"81,0";"22,1";"22,2";"22,0";"1009,3";"1009,3";"1009,2";"1,4";"65,0";"5,2";"";"0,0"
"01/01/2026";"0300";"24,4";"24,8";"24,4";"87,0";"87,0";"85,0";"22,1";"22,2";"22,1";"1008,8";"1009,3";"1008,8";"1,2";"79,0";"3,9";"";"0,0"
"01/01/2026";"0400";"24,2";"24,6";"24,2";"87,0";"88,0";"86,0";"22,0";"22,4";"22,0";"1007,9";"1008,8";"1007,9";"2,1";"75,0";"3,4";"";"0,0"
"01/01/2026";"0500";"23,9";"24,2";"23,9";"89,0";"89,0";"87,0";"22,1";"22,1";"22,0";"1007,2";"1007,9";"1007,2";"1,4";"70,0";"3,9";"";"0,0"
"01/01/2026";"0600";"23,8";"24,0";"23,8";"88,0";"89,0";"88,0";"21,7";"22,1";"21,7";"1006,8";"1007,2";"1006,8";"2,4";"55,0";"3,8";"";"0,0"
"01/01/2026";"0700";"23,6";"23,8";"23,5";"89,0";"89,0";"88,0";"21,6";"21,7";"21,5";"1006,6";"1007,0";"1006,6";"2,5";"59,0";"3,7";"";"0,0"
"01/01/2026";"0800";"23,5";"23,6";"23,4";"89,0";"90,0";"89,0";"21,7";"21,8";"21,6";"1006,9";"1006,9";"1006,5";"2,1";"61,0";"4,2";"";"0,0"
"01/01/2026";"0900";"25,0";"25,0";"23,4";"87,0";"90,0";"87,0";"22,7";"22,7";"21,6";"1007,0";"1007,1";"1006,9";"2,5";"50,0";"4,9";"154,60";"0,0"
"01/01/2026";"1000";"27,9";"27,9";"24,8";"76,0";"87,0";"76,0";"23,4";"23,4";"22,2";"1007,5";"1007,5";"1007,0";"2,9";"39,0";"5,5";"680,30";"0,0"
"01/01/2026";"1100";"30,8";"30,9";"27,9";"66,0";"76,0";"66,0";"23,8";"24,2";"22,8";"1007,5";"1007,6";"1007,5";"3,0";"40,0";"5,4";"1705,10";"0,0"
"01/01/2026";"1200";"33,7";"33,8";"30,8";"54,0";"66,0";"54,0";"23,2";"24,2";"23,2";"1007,5";"1007,6";"1007,4";"3,8";"1,0";"7,0";"2428,70";"0,0"
"01/01/2026";"1300";"35,6";"35,6";"33,7";"48,0";"55,0";"47,0";"23,0";"23,8";"21,8";"1007,2";"1007,5";"1007,2";"2,9";"296,0";"7,0";"3142,60";"0,0"
"01/01/2026";"1400";"36,5";"36,6";"34,9";"44,0";"49,0";"44,0";"22,2";"23,7";"21,8";"1006,4";"1007,2";"1006,4";"2,9";"352,0";"6,7";"3380,50";"0,0"
"01/01/2026";"1500";"37,8";"37,8";"36,1";"42,0";"46,0";"41,0";"22,8";"23,0";"21,7";"1005,5";"1006,4";"1005,5";"2,7";"7,0";"8,3";"3750,80";"0,0"
"01/01/2026";"1600";"35,7";"38,7";"35,3";"48,0";"48,0";"37,0";"23,0";"23,2";"20,9";"1005,0";"1005,5";"1004,9";"2,6";"23,0";"11,2";"3801,00";"0,0"
"01/01/2026";"1700";"35,0";"36,2";"34,4";"49,0";"52,0";"46,0";"22,6";"23,8";"22,4";"1004,0";"1005,0";"1004,0";"4,4";"69,0";"9,6";"3531,20";"0,0"
"01/01/2026";"1800";"33,6";"35,2";"33,6";"52,0";"53,0";"49,0";"22,2";"23,4";"22,0";"1002,9";"1004,0";"1002,9";"5,4";"62,0";"9,5";"3056,80";"0,0"
"01/01/2026";"1900";"33,0";"34,3";"32,8";"53,0";"54,0";"49,0";"22,2";"23,1";"21,3";"1002,6";"1002,9";"1002,2";"5,3";"63,0";"10,6";"2290,00";"0,0"
"01/01/2026";"2000";"31,7";"33,4";"31,7";"55,0";"55,0";"51,0";"21,5";"22,7";"21,4";"1002,6";"1002,7";"1002,3";"5,5";"53,0";"10,2";"1333,10";"0,0"
"01/01/2026";"2100";"29,4";"31,6";"29,4";"64,0";"64,0";"55,0";"21,9";"22,0";"21,6";"1003,2";"1003,3";"1002,5";"3,1";"60,0";"10,0";"272,30";"0,0"
"01/01/2026";"2200";"27,8";"29,4";"27,7";"72,0";"72,0";"64,0";"22,3";"22,3";"21,9";"1005,2";"1005,2";"1003,2";"2,5";"220,0";"6,2";"12,00";"0,0"
"01/01/2026";"2300";"28,6";"29,1";"27,8";"63,0";"72,0";"62,0";"20,9";"22,5";"20,8";"1005,5";"1005,7";"1005,0";"1,0";"194,0";"10,5";"";"0,0"
"02/01/2026";"0000";"26,7";"28,7";"25,1";"78,0";"83,0";"63,0";"22,7";"23,1";"20,9";"1005,6";"1006,1";"1005,4";"2,8";"50,0";"7,6";"";"0,4"
"02/01/2026";"0100";"25,6";"26,7";"25,6";"87,0";"87,0";"78,0";"23,3";"23,4";"22,5";"1005,7";"1005,8";"1005,5";"1,2";"252,0";"6,1";"";"0,0"
"02/01/2026";"0200";"25,4";"25,6";"25,1";"84,0";"89,0";"84,0";"22,6";"23,5";"22,6";"1005,7";"1006,0";"1005,6";"2,2";"65,0";"3,8";"";"0,0"
"02/01/2026";"0300";"25,0";"25,4";"25,0";"88,0";"88,0";"84,0";"22,9";"22,9";"22,4";"1005,3";"1005,7";"1005,1";"3,0";"31,0";"5,0";"";"0,0"
"02/01/2026";"0400";"26,1";"26,3";"25,0";"82,0";"89,0";"81,0";"22,7";"23,6";"22,7";"1004,6";"1005,3";"1004,6";"5,9";"346,0";"9,4";"";"0,0"
"02/01/2026";"0500";"24,7";"26,1";"24,7";"91,0";"91,0";"82,0";"23,0";"23,0";"22,6";"1003,2";"1004,6";"1003,2";"1,3";"354,0";"9,4";"";"0,2"
"02/01/2026";"0600";"25,0";"25,0";"24,5";"91,0";"92,0";"91,0";"23,5";"23,6";"23,0";"1002,5";"1003,2";"1002,5";"3,0";"4,0";"5,5";"";"0,2"
"02/01/2026";"0700";"24,5";"25,1";"24,5";"89,0";"91,0";"87,0";"22,6";"23,5";"22,4";"1002,6";"1002,8";"1002,5";"3,5";"34,0";"6,8";"";"0,0"
"02/01/2026";"0800";"25,1";"25,1";"24,5";"88,0";"89,0";"88,0";"22,9";"23,0";"22,6";"1002,7";"1002,7";"1002,5";"4,0";"22,0";"6,1";"";"0,0"
"02/01/2026";"0900";"25,8";"25,8";"24,9";"85,0";"89,0";"85,0";"23,1";"23,2";"22,8";"1003,3";"1003,3";"1002,7";"3,9";"15,0";"7,1";"152,30";"0,0"
"02/01/2026";"1000";"26,7";"26,7";"25,8";"82,0";"85,0";"81,0";"23,4";"23,4";"23,0";"1004,0";"1004,0";"1003,2";"3,5";"8,0";"7,0";"555,30";"0,0"
"02/01/2026";"1100";"27,9";"27,9";"26,7";"77,0";"82,0";"77,0";"23,4";"23,6";"23,2";"1004,2";"1004,2";"1004,0";"4,2";"349,0";"7,4";"753,30";"0,0"
"02/01/2026";"1200";"31,6";"31,8";"27,9";"61,0";"77,0";"60,0";"23,2";"24,1";"23,1";"1004,3";"1004,4";"1004,1";"3,8";"346,0";"7,8";"1822,10";"0,0"
"02/01/2026";"1300";"34,3";"34,3";"31,6";"47,0";"62,0";"46,0";"21,4";"24,1";"20,5";"1003,9";"1004,3";"1003,9";"4,6";"303,0";"7,8";"2677,70";"0,0"
"02/01/2026";"1400";"34,8";"36,7";"34,2";"40,0";"47,0";"39,0";"19,3";"22,1";"19,3";"1003,5";"1004,1";"1003,5";"6,0";"301,0";"11,1";"3513,20";"0,0"
"02/01/2026";"1500";"35,5";"36,6";"34,4";"41,0";"43,0";"38,0";"20,3";"21,0";"19,2";"1002,6";"1003,5";"1002,6";"3,3";"286,0";"11,1";"3372,50";"0,0"
"02/01/2026";"1600";"35,5";"37,8";"34,9";"42,0";"44,0";"37,0";"20,7";"21,5";"20,0";"1001,9";"1002,6";"1001,8";"3,9";"291,0";"7,9";"3616,40";"0,0"
"02/01/2026";"1700";"35,1";"37,9";"34,9";"41,0";"45,0";"36,0";"20,1";"22,1";"18,7";"1001,0";"1001,9";"1001,0";"4,8";"305,0";"8,9";"3036,70";"0,0"
"02/01/2026";"1800";"36,3";"36,4";"35,1";"38,0";"42,0";"37,0";"19,5";"21,2";"19,4";"1000,0";"1001,0";"1000,0";"4,9";"301,0";"9,3";"2896,30";"0,0"
"02/01/2026";"1900";"36,6";"37,2";"36,0";"37,0";"38,0";"33,0";"19,6";"19,9";"17,9";"999,6";"1000,0";"999,5";"3,6";"242,0";"8,5";"2388,20";"0,0"
"02/01/2026";"2000";"31,6";"37,0";"31,6";"59,0";"59,0";"36,0";"22,6";"22,7";"19,4";"1000,2";"1000,2";"999,5";"2,8";"62,0";"6,0";"1575,40";"0,0"
"02/01/2026";"2100";"30,3";"31,8";"30,3";"61,0";"62,0";"58,0";"22,0";"23,1";"22,0";"1001,2";"1001,2";"1000,2";"3,9";"205,0";"8,6";"434,30";"0,0"
"02/01/2026";"2200";"27,6";"30,3";"27,6";"73,0";"73,0";"61,0";"22,4";"22,4";"21,8";"1001,7";"1001,7";"1001,2";"2,1";"189,0";"8,4";"47,70";"0,0"
"02/01/2026";"2300";"27,0";"27,6";"27,0";"78,0";"78,0";"73,0";"22,8";"22,8";"22,4";"1002,5";"1002,7";"1001,7";"1,8";"172,0";"6,5";"";"0,0"
"03/01/2026";"0000";"26,6";"27,0";"26,5";"81,0";"81,0";"78,0";"23,1";"23,1";"22,7";"1003,5";"1003,5";"1002,5";"0,9";"187,0";"5,3";"";"0,0"
"03/01/2026";"0100";"26,9";"27,1";"26,5";"77,0";"82,0";"77,0";"22,6";"23,1";"22,6";"1004,7";"1004,7";"1003,5";"3,7";"223,0";"7,5";"";"0,0"
"03/01/2026";"0200";"23,6";"26,9";"23,6";"92,0";"92,0";"76,0";"22,3";"22,6";"22,0";"1005,4";"1006,0";"1004,6";"2,7";"326,0";"9,6";"";"12,2"
"03/01/2026";"0300";"23,7";"23,7";"23,6";"93,0";"93,0";"92,0";"22,6";"22,6";"22,3";"1003,9";"1005,3";"1003,9";"1,5";"77,0";"5,7";"";"2,4"
"03/01/2026";"0400";"23,6";"23,9";"23,5";"94,0";"94,0";"93,0";"22,5";"22,7";"22,4";"1003,1";"1003,9";"1002,9";"1,9";"12,0";"3,3";"";"0,2"
"03/01/2026";"0500";"23,7";"23,8";"23,6";"94,0";"94,0";"94,0";"22,7";"22,7";"22,5";"1002,9";"1003,5";"1002,9";"1,5";"355,0";"3,7";"";"0,8"
"03/01/2026";"0600";"23,7";"23,8";"23,5";"94,0";"94,0";"94,0";"22,7";"22,8";"22,5";"1003,5";"1003,6";"1002,9";"3,3";"37,0";"5,0";"";"2,8"
"03/01/2026";"0700";"23,4";"23,7";"23,4";"94,0";"94,0";"94,0";"22,3";"22,7";"22,3";"1003,2";"1003,5";"1003,2";"2,7";"34,0";"5,4";"";"0,2"
"03/01/2026";"0800";"23,6";"23,6";"23,4";"94,0";"94,0";"94,0";"22,5";"22,5";"22,3";"1003,1";"1003,5";"1003,1";"2,9";"37,0";"4,8";"";"0,0"
"03/01/2026";"0900";"23,8";"23,8";"23,6";"94,0";"94,0";"94,0";"22,7";"22,8";"22,5";"1003,8";"1003,8";"1003,0";"2,5";"356,0";"4,9";"63,00";"0,0"
"03/01/2026";"1000";"24,8";"24,8";"23,8";"93,0";"94,0";"93,0";"23,5";"23,6";"22,7";"1003,7";"1003,8";"1003,6";"3,0";"24,0";"4,7";"416,30";"0,0"
"03/01/2026";"1100";"27,0";"27,0";"24,8";"83,0";"93,0";"83,0";"23,9";"24,2";"23,6";"1004,2";"1004,4";"1003,7";"3,8";"36,0";"6,5";"1342,20";"0,0"
"03/01/2026";"1200";"28,7";"28,9";"27,0";"75,0";"83,0";"75,0";"23,8";"24,6";"23,5";"1004,5";"1004,6";"1004,2";"5,3";"24,0";"8,9";"2639,00";"0,0"
"03/01/2026";"1300";"30,8";"30,9";"28,6";"67,0";"76,0";"67,0";"24,1";"24,8";"23,7";"1004,4";"1004,7";"1004,4";"4,9";"2,0";"8,5";"3266,60";"0,0"
"03/01/2026";"1400";"30,9";"31,6";"30,7";"67,0";"69,0";"64,0";"24,1";"24,6";"23,7";"1003,8";"1004,4";"1003,8";"2,9";"355,0";"7,3";"2703,00";"0,0"
"03/01/2026";"1500";"31,0";"31,2";"30,5";"67,0";"69,0";"65,0";"24,1";"24,6";"23,5";"1003,5";"1003,9";"1003,5";"2,0";"302,0";"5,4";"1653,90";"0,0"
"03/01/2026";"1600";"32,2";"32,5";"30,9";"58,0";"68,0";"58,0";"22,9";"24,5";"22,5";"1002,5";"1003,5";"1002,5";"3,3";"308,0";"5,5";"2218,20";"0,0"
"03/01/2026";"1700";"34,0";"34,0";"32,1";"51,0";"60,0";"51,0";"22,5";"24,4";"22,3";"1002,0";"1002,5";"1002,0";"1,9";"296,0";"5,4";"2673,60";"0,0"
"03/01/2026";"1800";"33,3";"34,5";"33,3";"58,0";"60,0";"51,0";"23,8";"24,7";"22,5";"1001,7";"1002,0";"1001,6";"1,9";"26,0";"4,6";"1796,00";"0,0"
"03/01/2026";"1900";"30,2";"33,4";"29,8";"68,0";"73,0";"56,0";"23,6";"24,7";"23,1";"1001,7";"1002,1";"1001,7";"1,2";"237,0";"4,2";"665,00";"0,0"
"03/01/2026";"2000";"28,9";"30,3";"28,8";"75,0";"75,0";"67,0";"24,0";"24,4";"23,6";"1002,5";"1002,6";"1001,5";"1,3";"353,0";"4,6";"449,30";"0,0"
"03/01/2026";"2100";"26,5";"28,9";"26,5";"88,0";"88,0";"75,0";"24,3";"24,3";"23,8";"1003,9";"1004,0";"1002,4";"2,2";"81,0";"3,9";"13,60";"0,8"
"03/01/2026";"2200";"25,5";"26,5";"25,5";"91,0";"91,0";"87,0";"23,9";"24,4";"23,4";"1004,2";"1004,3";"1003,9";"0,8";"303,0";"8,1";"";"0,6"
"03/01/2026";"2300";"24,5";"25,5";"24,5";"91,0";"92,0";"91,0";"22,9";"24,0";"22,9";"1005,6";"1005,6";"1004,2";"1,8";"349,0";"5,3";"";"0,8"
"04/01/2026";"0000";"23,9";"24,5";"23,9";"92,0";"92,0";"91,0";"22,5";"22,9";"22,4";"1006,0";"1006,0";"1005,6";"0,8";"48,0";"3,6";"";"2,6"
"04/01/2026";"0100";"24,1";"24,1";"23,9";"93,0";"93,0";"92,0";"22,9";"22,9";"22,4";"1006,2";"1006,2";"1006,0";"0,5";"22,0";"1,3";"";"1,0"
"04/01/2026";"0200";"24,6";"24,6";"24,1";"93,0";"93,0";"93,0";"23,4";"23,4";"22,9";"1006,4";"1006,7";"1006,2";"0,3";"31,0";"2,0";"";"0,2"
"04/01/2026";"0300";"24,0";"24,7";"24,0";"94,0";"94,0";"93,0";"23,0";"23,6";"23,0";"1006,0";"1006,6";"1006,0";"2,1";"192,0";"6,4";"";"22,4"
"04/01/2026";"0400";"24,2";"24,2";"24,0";"94,0";"94,0";"94,0";"23,3";"23,3";"23,0";"1005,4";"1006,0";"1005,4";"0,9";"316,0";"4,3";"";"0,2"
"04/01/2026";"0500";"23,9";"24,2";"23,9";"95,0";"95,0";"94,0";"23,0";"23,3";"22,9";"1005,2";"1005,5";"1005,2";"1,4";"19,0";"2,5";"";"0,0"
"04/01/2026";"0600";"23,6";"24,0";"23,6";"94,0";"95,0";"94,0";"22,7";"23,1";"22,7";"1005,0";"1005,2";"1004,9";"2,5";"358,0";"4,6";"";"0,0"
"04/01/2026";"0700";"23,4";"23,6";"23,4";"94,0";"94,0";"94,0";"22,3";"22,7";"22,3";"1004,6";"1005,0";"1004,6";"3,1";"358,0";"5,5";"";"0,0"
"04/01/2026";"0800";"23,4";"23,4";"23,3";"93,0";"94,0";"93,0";"22,2";"22,3";"22,2";"1004,1";"1004,6";"1004,1";"1,2";"354,0";"5,5";"";"0,0"
"04/01/2026";"0900";"23,6";"23,6";"23,4";"93,0";"93,0";"93,0";"22,4";"22,4";"22,2";"1005,2";"1005,2";"1004,1";"2,0";"11,0";"3,3";"55,70";"0,0"
"04/01/2026";"1000";"24,2";"24,2";"23,6";"90,0";"93,0";"90,0";"22,5";"22,6";"22,3";"1005,5";"1005,5";"1005,2";"2,1";"341,0";"5,3";"259,50";"0,0"
"04/01/2026";"1100";"25,9";"25,9";"24,2";"86,0";"91,0";"86,0";"23,3";"23,6";"22,5";"1006,2";"1006,2";"1005,5";"1,3";"282,0";"4,1";"722,70";"0,2"
"04/01/2026";"1200";"26,9";"26,9";"25,9";"80,0";"86,0";"80,0";"23,2";"23,4";"22,8";"1007,0";"1007,0";"1006,2";"1,3";"249,0";"2,9";"737,90";"0,0"
"04/01/2026";"1300";"27,0";"27,3";"26,9";"80,0";"84,0";"79,0";"23,2";"24,3";"23,0";"1007,6";"1007,6";"1007,0";"3,1";"228,0";"5,5";"1120,70";"0,0"
"04/01/2026";"1400";"27,4";"27,6";"26,8";"79,0";"81,0";"77,0";"23,5";"23,8";"22,7";"1007,8";"1007,9";"1007,6";"3,1";"218,0";"6,9";"1120,90";"0,0"
"04/01/2026";"1500";"27,4";"28,3";"27,3";"78,0";"81,0";"75,0";"23,2";"24,4";"22,9";"1008,0";"1008,2";"1007,7";"1,6";"222,0";"6,9";"999,20";"0,0"
"04/01/2026";"1600";"28,1";"28,1";"27,1";"79,0";"83,0";"76,0";"24,1";"24,6";"23,0";"1007,6";"1008,0";"1007,6";"0,9";"246,0";"3,2";"707,70";"0,2"
"04/01/2026";"1700";"26,6";"28,6";"26,6";"86,0";"86,0";"75,0";"24,0";"24,4";"23,5";"1007,3";"1007,6";"1007,2";"1,2";"320,0";"3,1";"542,60";"0,2"
"04/01/2026";"1800";"27,4";"27,6";"26,6";"82,0";"88,0";"82,0";"24,0";"24,8";"24,0";"1007,1";"1007,3";"1007,1";"1,3";"297,0";"3,0";"588,70";"0,0"
"04/01/2026";"1900";"24,6";"27,4";"24,5";"91,0";"92,0";"81,0";"23,1";"24,2";"22,8";"1007,3";"1007,3";"1007,0";"2,0";"195,0";"7,3";"316,70";"2,6"
"04/01/2026";"2000";"24,4";"24,6";"24,3";"92,0";"92,0";"91,0";"23,1";"23,2";"22,8";"1008,1";"1008,1";"1007,3";"1,7";"195,0";"4,9";"360,50";"0,4"
"04/01/2026";"2100";"24,5";"24,6";"24,4";"93,0";"93,0";"92,0";"23,3";"23,3";"23,1";"1008,4";"1008,4";"1008,0";"0,8";"178,0";"4,4";"119,90";"1,6"
"04/01/2026";"2200";"24,3";"24,5";"24,2";"93,0";"93,0";"92,0";"23,0";"23,3";"23,0";"1009,1";"1009,1";"1008,4";"2,0";"152,0";"4,1";"13,90";"0,8"
"04/01/2026";"2300";"23,4";"24,3";"23,4";"93,0";"93,0";"92,0";"22,2";"23,0";"22,1";"1010,1";"1010,1";"1009,1";"2,2";"126,0";"5,8";"";"8,0"
"05/01/2026";"0000";"22,5";"23,5";"22,5";"94,0";"94,0";"93,0";"21,5";"22,3";"21,4";"1011,3";"1011,3";"1010,1";"2,0";"191,0";"8,4";"";"3,4"
"05/01/2026";"0100";"22,3";"22,5";"22,3";"94,0";"94,0";"94,0";"21,3";"21,5";"21,3";"1011,7";"1011,7";"1011,3";"1,7";"200,0";"5,9";"";"0,0"
"05/01/2026";"0200";"22,0";"22,4";"21,9";"94,0";"94,0";"94,0";"21,1";"21,5";"21,0";"1011,4";"1011,7";"1011,4";"3,0";"210,0";"6,8";"";"0,2"
"05/01/2026";"0300";"22,0";"22,1";"21,9";"94,0";"94,0";"94,0";"21,1";"21,1";"20,9";"1010,7";"1011,4";"1010,7";"3,1";"224,0";"6,8";"";"0,2"
"05/01/2026";"0400";"21,9";"22,0";"21,9";"94,0";"94,0";"94,0";"21,0";"21,1";"20,9";"1010,7";"1010,7";"1010,6";"2,1";"237,0";"5,5";"";"0,4"
"05/01/2026";"0500";"21,9";"22,0";"21,9";"94,0";"94,0";"94,0";"20,9";"21,0";"20,9";"1010,6";"1010,7";"1010,6";"2,4";"238,0";"4,3";"";"0,2"
"05/01/2026";"0600";"21,8";"21,9";"21,8";"93,0";"94,0";"93,0";"20,6";"20,9";"20,6";"1010,7";"1010,7";"1010,5";"4,0";"218,0";"6,5";"";"0,2"
"05/01/2026";"0700";"21,6";"21,8";"21,6";"93,0";"93,0";"93,0";"20,5";"20,6";"20,4";"1010,7";"1010,7";"1010,6";"5,5";"218,0";"9,3";"";"0,8"
"05/01/2026";"0800";"21,1";"21,6";"21,1";"94,0";"94,0";"93,0";"20,0";"20,5";"20,0";"1011,6";"1011,6";"1010,7";"4,7";"218,0";"9,6";"";"0,0"
"05/01/2026";"0900";"21,0";"21,1";"20,9";"94,0";"94,0";"94,0";"19,9";"20,0";"19,9";"1012,2";"1012,3";"1011,6";"4,2";"216,0";"8,1";"25,00";"0,6"
"05/01/2026";"1000";"21,1";"21,1";"21,0";"94,0";"94,0";"94,0";"20,0";"20,1";"19,9";"1012,7";"1012,7";"1012,2";"4,8";"223,0";"9,2";"130,10";"0,4"
"05/01/2026";"1100";"21,3";"21,3";"21,0";"94,0";"94,0";"94,0";"20,3";"20,3";"20,0";"1013,3";"1013,3";"1012,7";"4,2";"215,0";"8,0";"166,00";"0,6"
"05/01/2026";"1200";"20,6";"21,4";"20,6";"94,0";"94,0";"94,0";"19,6";"20,3";"19,6";"1013,6";"1013,6";"1013,3";"5,0";"209,0";"10,8";"359,90";"1,4"
"05/01/2026";"1300";"20,4";"20,9";"20,3";"94,0";"94,0";"93,0";"19,3";"19,9";"19,2";"1014,5";"1014,5";"1013,6";"4,7";"216,0";"11,4";"380,10";"1,4"
"05/01/2026";"1400";"20,2";"20,4";"20,1";"94,0";"94,0";"93,0";"19,2";"19,3";"19,1";"1014,3";"1014,6";"1014,3";"4,3";"211,0";"9,5";"422,20";"1,8"
"05/01/2026";"1500";"20,9";"20,9";"20,2";"94,0";"94,0";"94,0";"19,9";"19,9";"19,2";"1014,4";"1014,4";"1014,1";"3,4";"206,0";"9,3";"523,20";"1,6"
"05/01/2026";"1600";"20,5";"21,2";"20,4";"93,0";"94,0";"93,0";"19,3";"20,1";"19,2";"1014,2";"1014,5";"1014,2";"4,0";"209,0";"9,0";"595,40";"1,8"
"05/01/2026";"1700";"19,6";"20,5";"19,4";"92,0";"93,0";"92,0";"18,2";"19,2";"18,1";"1014,2";"1014,3";"1014,2";"2,9";"209,0";"9,1";"407,80";"1,2"
"05/01/2026";"1800";"19,8";"20,1";"19,6";"93,0";"93,0";"92,0";"18,5";"18,9";"18,2";"1013,5";"1014,2";"1013,5";"0,9";"172,0";"5,5";"359,40";"1,4"
"05/01/2026";"1900";"20,5";"20,5";"19,7";"92,0";"93,0";"92,0";"19,2";"19,2";"18,5";"1013,1";"1013,5";"1013,0";"1,4";"180,0";"4,2";"234,70";"0,2"
"05/01/2026";"2000";"21,2";"21,3";"20,5";"92,0";"92,0";"92,0";"19,9";"20,0";"19,2";"1013,9";"1013,9";"1013,1";"1,0";"218,0";"3,5";"187,00";"0,0"
"05/01/2026";"2100";"20,5";"21,3";"20,5";"92,0";"93,0";"90,0";"19,2";"20,0";"19,2";"1014,3";"1014,3";"1013,9";"3,6";"206,0";"8,4";"43,50";"0,8"
"05/01/2026";"2200";"20,3";"20,6";"20,3";"93,0";"93,0";"92,0";"19,1";"19,4";"19,1";"1014,6";"1014,7";"1014,3";"4,5";"217,0";"10,7";"7,30";"2,4"
"05/01/2026";"2300";"20,1";"20,3";"20,1";"93,0";"93,0";"93,0";"19,0";"19,1";"19,0";"1015,2";"1015,2";"1014,5";"3,8";"225,0";"8,3";"";"0,0"
"06/01/2026";"0000";"20,4";"20,4";"20,1";"93,0";"93,0";"93,0";"19,2";"19,2";"19,0";"1015,8";"1015,8";"1015,2";"4,4";"217,0";"7,6";"";"0,0"
"06/01/2026";"0100";"20,5";"20,5";"20,3";"91,0";"93,0";"91,0";"19,0";"19,1";"18,9";"1016,2";"1016,2";"1015,8";"3,4";"215,0";"8,1";"";"0,4"
"06/01/2026";"0200";"20,6";"20,7";"20,4";"90,0";"91,0";"90,0";"18,9";"19,0";"18,9";"1015,7";"1016,2";"1015,7";"1,6";"213,0";"5,3";"0,60";"0,0"
"06/01/2026";"0300";"21,0";"21,1";"20,5";"87,0";"91,0";"87,0";"18,7";"19,1";"18,7";"1015,5";"1015,8";"1015,5";"1,8";"164,0";"3,9";"";"0,0"
"06/01/2026";"0400";"20,5";"21,0";"20,5";"92,0";"92,0";"87,0";"19,2";"19,2";"18,7";"1014,9";"1015,4";"1014,9";"1,6";"80,0";"4,0";"";"0,0"
"06/01/2026";"0500";"20,7";"20,7";"20,5";"93,0";"93,0";"92,0";"19,5";"19,5";"19,2";"1014,6";"1014,9";"1014,6";"1,1";"101,0";"2,9";"";"0,0"
"06/01/2026";"0600";"20,8";"20,8";"20,6";"93,0";"93,0";"93,0";"19,6";"19,6";"19,4";"1014,7";"1014,8";"1014,5";"0,6";"180,0";"2,0";"";"0,0"
"06/01/2026";"0700";"20,7";"20,9";"20,6";"93,0";"93,0";"93,0";"19,5";"19,7";"19,4";"1014,3";"1014,8";"1014,3";"0,9";"125,0";"2,0";"";"0,0"
"06/01/2026";"0800";"21,1";"21,3";"20,7";"87,0";"93,0";"85,0";"18,9";"19,7";"18,6";"1015,0";"1015,0";"1014,2";"1,9";"111,0";"3,8";"";"0,0"
"06/01/2026";"0900";"21,0";"21,5";"20,9";"89,0";"89,0";"85,0";"19,1";"19,1";"18,6";"1015,2";"1015,4";"1014,9";"0,7";"212,0";"4,9";"34,90";"0,0"
"06/01/2026";"1000";"21,8";"21,8";"21,0";"84,0";"90,0";"84,0";"18,9";"19,6";"18,9";"1015,4";"1015,5";"1015,2";"2,4";"208,0";"4,3";"240,60";"0,0"
"06/01/2026";"1100";"22,0";"22,0";"21,8";"85,0";"85,0";"83,0";"19,3";"19,3";"18,8";"1016,0";"1016,0";"1015,4";"0,6";"232,0";"4,7";"233,90";"0,0"
"06/01/2026";"1200";"22,3";"22,4";"22,0";"87,0";"87,0";"85,0";"20,1";"20,1";"19,3";"1016,7";"1016,8";"1016,0";"0,7";"213,0";"2,3";"282,70";"0,2"
"06/01/2026";"1300";"22,3";"22,6";"22,1";"88,0";"89,0";"87,0";"20,2";"20,6";"19,8";"1016,8";"1016,8";"1016,7";"0,9";"196,0";"2,8";"578,40";"0,0"
"06/01/2026";"1400";"22,6";"22,9";"22,1";"87,0";"88,0";"86,0";"20,3";"20,8";"20,0";"1016,7";"1016,8";"1016,7";"2,1";"215,0";"3,6";"781,20";"0,6"
"06/01/2026";"1500";"22,6";"22,9";"22,5";"88,0";"89,0";"87,0";"20,6";"21,0";"20,2";"1016,3";"1016,7";"1016,3";"2,0";"229,0";"4,6";"694,60";"0,2"
"06/01/2026";"1600";"21,7";"22,6";"21,3";"92,0";"92,0";"88,0";"20,4";"20,5";"19,8";"1016,5";"1016,5";"1016,3";"1,7";"198,0";"3,8";"324,30";"3,0"
"06/01/2026";"1700";"21,6";"22,0";"21,4";"93,0";"93,0";"92,0";"20,4";"20,8";"20,1";"1016,4";"1016,5";"1016,4";"2,5";"227,0";"4,6";"603,90";"1,2"
"06/01/2026";"1800";"21,6";"21,8";"21,4";"92,0";"93,0";"92,0";"20,3";"20,6";"20,2";"1016,0";"1016,4";"1016,0";"3,3";"222,0";"5,7";"774,50";"0,6"
"06/01/2026";"1900";"21,5";"22,0";"21,4";"92,0";"93,0";"92,0";"20,2";"20,7";"20,1";"1015,5";"1016,0";"1015,5";"1,6";"216,0";"4,7";"496,60";"0,2"
"06/01/2026";"2000";"21,2";"21,5";"21,2";"92,0";"93,0";"92,0";"20,0";"20,3";"19,9";"1015,4";"1015,6";"1015,4";"2,5";"220,0";"4,1";"375,40";"0,6"
"06/01/2026";"2100";"21,2";"21,4";"21,1";"93,0";"93,0";"92,0";"19,9";"20,1";"19,9";"1015,6";"1015,6";"1015,4";"1,4";"224,0";"4,0";"183,50";"0,2"
"06/01/2026";"2200";"20,9";"21,2";"20,9";"93,0";"94,0";"93,0";"19,8";"19,9";"19,8";"1016,1";"1016,1";"1015,6";"1,1";"241,0";"3,3";"10,80";"0,4"
"06/01/2026";"2300";"20,8";"20,9";"20,8";"94,0";"94,0";"93,0";"19,8";"19,8";"19,7";"1016,6";"1016,6";"1016,1";"1,1";"251,0";"1,9";"";"0,2"
"07/01/2026";"0000";"20,9";"20,9";"20,8";"94,0";"94,0";"94,0";"19,9";"19,9";"19,7";"1016,9";"1016,9";"1016,6";"0,7";"33,0";"1,6";"";"0,2"
"07/01/2026";"0100";"20,7";"20,9";"20,7";"94,0";"94,0";"94,0";"19,7";"19,9";"19,7";"1016,7";"1017,0";"1016,7";"0,4";"210,0";"1,0";"";"0,2"
"07/01/2026";"0200";"20,4";"20,7";"20,3";"94,0";"94,0";"94,0";"19,5";"19,8";"19,3";"1016,2";"1016,9";"1016,2";"0,9";"148,0";"2,7";"";"0,0"
"07/01/2026";"0300";"20,6";"20,7";"20,4";"94,0";"95,0";"94,0";"19,7";"19,8";"19,4";"1016,1";"1016,7";"1016,1";"0,2";"14,0";"2,2";"";"0,0"
"07/01/2026";"0400";"20,6";"20,7";"20,6";"95,0";"95,0";"94,0";"19,7";"19,8";"19,7";"1015,5";"1016,1";"1015,5";"1,1";"287,0";"1,5";"";"0,0"
"07/01/2026";"0500";"20,7";"20,7";"20,6";"95,0";"95,0";"95,0";"19,8";"19,9";"19,7";"1015,2";"1015,5";"1015,2";"1,0";"334,0";"2,0";"";"0,0"
"07/01/2026";"0600";"20,8";"20,9";"20,7";"95,0";"95,0";"95,0";"19,9";"20,0";"19,8";"1015,0";"1015,2";"1015,0";"0,9";"9,0";"1,8";"";"0,0"
"07/01/2026";"0700";"20,7";"20,9";"20,7";"95,0";"95,0";"95,0";"19,8";"20,0";"19,8";"1014,9";"1015,0";"1014,9";"1,4";"342,0";"2,2";"";"0,0"
"07/01/2026";"0800";"20,2";"20,7";"20,2";"95,0";"95,0";"95,0";"19,4";"19,8";"19,3";"1015,0";"1015,0";"1014,8";"1,3";"336,0";"2,2";"";"0,0"
"07/01/2026";"0900";"21,0";"21,0";"20,1";"95,0";"95,0";"95,0";"20,1";"20,2";"19,3";"1015,8";"1015,8";"1015,0";"0,9";"5,0";"2,5";"149,10";"0,0"
"07/01/2026";"1000";"23,2";"23,2";"21,0";"90,0";"95,0";"90,0";"21,5";"21,9";"20,2";"1016,2";"1016,2";"1015,8";"2,2";"350,0";"3,7";"885,70";"0,0"
"07/01/2026";"1100";"24,5";"24,8";"23,2";"81,0";"90,0";"81,0";"21,1";"21,9";"20,9";"1016,3";"1016,3";"1016,1";"2,3";"335,0";"4,6";"1673,80";"0,0"
"07/01/2026";"1200";"26,2";"26,3";"24,5";"78,0";"82,0";"77,0";"22,0";"22,4";"21,1";"1016,4";"1016,6";"1016,3";"2,0";"11,0";"5,1";"2139,60";"0,0"
"07/01/2026";"1300";"27,2";"28,6";"26,1";"68,0";"77,0";"68,0";"20,9";"23,2";"20,9";"1016,2";"1016,4";"1016,2";"4,3";"31,0";"6,9";"3103,00";"0,0"
"07/01/2026";"1400";"28,9";"29,7";"27,0";"64,0";"73,0";"60,0";"21,5";"23,0";"20,9";"1015,7";"1016,2";"1015,7";"3,2";"29,0";"7,5";"3280,10";"0,0"
"07/01/2026";"1500";"30,0";"30,6";"28,4";"58,0";"67,0";"56,0";"20,8";"22,0";"20,0";"1015,2";"1015,7";"1015,2";"3,5";"27,0";"7,7";"3750,20";"0,0"
"07/01/2026";"1600";"30,3";"30,7";"29,0";"58,0";"64,0";"53,0";"21,2";"22,4";"19,6";"1014,8";"1015,2";"1014,8";"2,5";"54,0";"7,0";"3695,30";"0,0"
"07/01/2026";"1700";"29,5";"30,7";"28,8";"61,0";"63,0";"55,0";"21,2";"22,0";"20,2";"1014,1";"1014,8";"1014,1";"4,2";"72,0";"6,8";"3093,30";"0,0"
"07/01/2026";"1800";"29,3";"30,6";"29,0";"63,0";"64,0";"58,0";"21,4";"22,1";"20,8";"1014,0";"1014,2";"1014,0";"4,7";"80,0";"7,9";"3187,50";"0,0"
"07/01/2026";"1900";"28,5";"29,3";"28,5";"62,0";"64,0";"61,0";"20,6";"21,5";"20,5";"1013,7";"1014,0";"1013,7";"5,2";"67,0";"9,0";"2462,20";"0,0"
"07/01/2026";"2000";"27,3";"28,7";"27,2";"66,0";"66,0";"62,0";"20,4";"21,0";"20,2";"1013,6";"1013,7";"1013,5";"4,9";"65,0";"9,0";"1536,40";"0,0"
"07/01/2026";"2100";"26,2";"27,4";"26,2";"74,0";"74,0";"66,0";"21,2";"21,3";"20,6";"1013,8";"1013,8";"1013,6";"3,7";"66,0";"9,0";"568,30";"0,0"
"07/01/2026";"2200";"24,8";"26,2";"24,8";"84,0";"84,0";"74,0";"21,9";"22,0";"21,2";"1014,2";"1014,2";"1013,8";"2,8";"61,0";"7,2";"34,80";"0,0"
"07/01/2026";"2300";"24,1";"24,8";"24,0";"88,0";"88,0";"84,0";"22,0";"22,1";"21,9";"1014,8";"1014,8";"1014,2";"2,1";"59,0";"4,8";"";"0,0"
"08/01/2026";"0000";"23,5";"24,1";"23,5";"91,0";"91,0";"88,0";"21,8";"22,0";"21,8";"1015,3";"1015,3";"1014,8";"1,7";"66,0";"3,6";"";"0,0"
"08/01/2026";"0100";"23,2";"23,5";"23,1";"92,0";"92,0";"91,0";"21,9";"21,9";"21,6";"1015,6";"1015,6";"1015,3";"1,8";"50,0";"3,6";"";"0,0"
"08/01/2026";"0200";"23,1";"23,4";"23,1";"93,0";"93,0";"92,0";"21,9";"22,1";"21,9";"1015,4";"1015,7";"1015,3";"1,6";"41,0";"3,8";"";"0,0"
"08/01/2026";"0300";"23,0";"23,1";"22,9";"93,0";"93,0";"93,0";"21,8";"21,9";"21,7";"1014,8";"1015,4";"1014,8";"1,5";"29,0";"3,5";"";"0,0"
"08/01/2026";"0400";"22,6";"23,0";"22,6";"93,0";"94,0";"93,0";"21,5";"21,9";"21,5";"1014,2";"1014,8";"1014,2";"1,2";"6,0";"3,4";"";"0,0"
"08/01/2026";"0500";"22,2";"22,7";"22,2";"94,0";"94,0";"94,0";"21,2";"21,6";"21,2";"1013,8";"1014,2";"1013,8";"1,4";"358,0";"2,4";"";"0,0"
"08/01/2026";"0600";"22,1";"22,3";"21,9";"94,0";"94,0";"94,0";"21,1";"21,3";"20,9";"1013,3";"1013,8";"1013,3";"1,0";"6,0";"2,3";"";"0,0"
"08/01/2026";"0700";"21,7";"22,3";"21,7";"94,0";"94,0";"94,0";"20,7";"21,3";"20,7";"1013,6";"1013,6";"1013,3";"1,5";"292,0";"1,9";"";"0,0"
"08/01/2026";"0800";"21,5";"21,7";"21,3";"95,0";"95,0";"94,0";"20,6";"20,8";"20,4";"1013,8";"1013,8";"1013,6";"0,8";"3,0";"2,0";"";"0,0"
"08/01/2026";"0900";"22,8";"22,8";"21,3";"95,0";"95,0";"95,0";"21,9";"21,9";"20,4";"1014,5";"1014,5";"1013,8";"0,7";"48,0";"5,2";"170,60";"0,0"
"08/01/2026";"1000";"24,9";"25,0";"22,8";"88,0";"95,0";"88,0";"22,8";"23,5";"21,9";"1014,7";"1014,7";"1014,4";"2,0";"23,0";"3,2";"779,10";"0,0"
"08/01/2026";"1100";"27,2";"27,2";"24,7";"76,0";"88,0";"75,0";"22,7";"23,2";"22,1";"1014,8";"1014,9";"1014,7";"2,6";"29,0";"5,3";"1704,50";"0,0"
"08/01/2026";"1200";"28,9";"28,9";"27,1";"69,0";"76,0";"68,0";"22,6";"22,8";"21,8";"1014,7";"1014,8";"1014,7";"3,5";"25,0";"6,0";"2593,50";"0,0"
"08/01/2026";"1300";"29,5";"30,1";"28,6";"66,0";"70,0";"63,0";"22,6";"22,9";"21,7";"1014,5";"1014,7";"1014,4";"3,3";"23,0";"6,8";"3059,80";"0,0"
"08/01/2026";"1400";"31,0";"31,9";"29,6";"57,0";"67,0";"56,0";"21,5";"23,4";"21,5";"1014,1";"1014,5";"1014,1";"3,3";"27,0";"6,3";"3679,40";"0,0"
"08/01/2026";"1500";"30,4";"32,0";"30,3";"62,0";"62,0";"53,0";"22,1";"22,7";"21,2";"1013,4";"1014,1";"1013,4";"2,8";"48,0";"5,9";"3104,20";"0,2"
"08/01/2026";"1600";"30,7";"31,0";"29,3";"57,0";"64,0";"56,0";"21,3";"22,5";"21,0";"1013,1";"1013,4";"1013,1";"4,2";"55,0";"8,8";"2715,90";"0,0"
"08/01/2026";"1700";"30,3";"31,0";"29,4";"53,0";"61,0";"53,0";"19,6";"21,7";"19,6";"1012,9";"1013,1";"1012,9";"5,4";"68,0";"11,2";"3406,80";"0,0"
"08/01/2026";"1800";"29,7";"30,5";"29,2";"60,0";"64,0";"53,0";"21,1";"22,0";"19,6";"1012,4";"1012,9";"1012,4";"5,3";"74,0";"9,6";"3026,90";"0,0"
"08/01/2026";"1900";"28,4";"30,1";"28,4";"67,0";"67,0";"60,0";"21,7";"21,8";"20,9";"1012,5";"1012,5";"1012,3";"4,8";"65,0";"9,8";"1875,40";"0,0"
"08/01/2026";"2000";"28,4";"28,4";"27,6";"68,0";"71,0";"67,0";"22,0";"22,2";"21,6";"1012,4";"1012,6";"1012,4";"4,9";"64,0";"9,5";"1059,10";"0,0"
"08/01/2026";"2100";"26,8";"28,5";"26,8";"72,0";"72,0";"68,0";"21,4";"22,1";"21,3";"1012,9";"1012,9";"1012,4";"5,6";"58,0";"10,3";"869,80";"0,0"
"08/01/2026";"2200";"25,5";"26,8";"25,5";"83,0";"83,0";"72,0";"22,4";"22,5";"21,4";"1013,4";"1013,4";"1012,9";"3,5";"61,0";"10,3";"33,20";"0,0"
"08/01/2026";"2300";"25,0";"25,6";"24,9";"88,0";"88,0";"83,0";"22,9";"22,9";"22,4";"1013,9";"1013,9";"1013,4";"2,6";"56,0";"7,2";"";"0,0"
"09/01/2026";"0000";"24,9";"25,1";"24,8";"90,0";"90,0";"88,0";"23,1";"23,1";"22,9";"1014,4";"1014,4";"1013,9";"3,1";"57,0";"6,0";"";"0,0"
"09/01/2026";"0100";"24,9";"24,9";"24,7";"90,0";"90,0";"89,0";"23,1";"23,1";"22,9";"1014,5";"1014,6";"1014,4";"3,0";"50,0";"5,8";"";"0,0"
"09/01/2026";"0200";"25,0";"25,0";"24,7";"90,0";"90,0";"89,0";"23,1";"23,1";"22,9";"1014,5";"1014,7";"1014,5";"2,8";"48,0";"6,1";"";"0,0"
"09/01/2026";"0300";"24,5";"25,0";"24,5";"90,0";"90,0";"89,0";"22,9";"23,1";"22,8";"1014,0";"1014,5";"1014,0";"2,6";"53,0";"5,1";"";"0,0"
"09/01/2026";"0400";"24,4";"24,6";"24,3";"90,0";"91,0";"90,0";"22,7";"22,9";"22,7";"1013,8";"1014,0";"1013,8";"2,4";"59,0";"5,4";"";"0,0"
"09/01/2026";"0500";"24,1";"24,4";"24,1";"90,0";"91,0";"90,0";"22,5";"22,7";"22,5";"1013,6";"1013,8";"1013,6";"2,2";"59,0";"4,8";"";"0,0"
"09/01/2026";"0600";"24,0";"24,1";"23,9";"92,0";"92,0";"90,0";"22,6";"22,6";"22,4";"1013,6";"1013,6";"1013,3";"2,0";"50,0";"5,0";"";"0,0"
"09/01/2026";"0700";"23,7";"24,0";"23,7";"92,0";"92,0";"92,0";"22,4";"22,6";"22,4";"1013,8";"1013,8";"1013,5";"1,6";"48,0";"3,8";"";"0,0"
"09/01/2026";"0800";"23,4";"23,7";"23,4";"93,0";"93,0";"92,0";"22,2";"22,5";"22,2";"1014,3";"1014,3";"1013,8";"1,5";"38,0";"2,8";"";"0,0"
"09/01/2026";"0900";"24,3";"24,3";"23,4";"91,0";"93,0";"91,0";"22,8";"22,9";"22,2";"1015,0";"1015,0";"1014,3";"1,6";"59,0";"4,9";"148,70";"0,0"
"09/01/2026";"1000";"26,2";"26,2";"24,3";"81,0";"91,0";"81,0";"22,8";"23,4";"22,4";"1015,3";"1015,3";"1015,0";"3,3";"43,0";"5,3";"897,60";"0,0"
"09/01/2026";"1100";"28,8";"28,8";"26,2";"69,0";"82,0";"69,0";"22,6";"23,0";"22,0";"1015,7";"1015,7";"1015,3";"3,7";"33,0";"6,6";"2160,40";"0,0"
"09/01/2026";"1200";"29,4";"29,7";"28,0";"64,0";"70,0";"63,0";"22,0";"22,6";"21,4";"1015,6";"1015,7";"1015,6";"4,3";"35,0";"6,8";"2654,00";"0,0"
"09/01/2026";"1300";"31,4";"31,6";"29,4";"57,0";"65,0";"55,0";"21,8";"22,6";"20,9";"1015,2";"1015,6";"1015,2";"3,4";"37,0";"8,4";"3185,80";"0,0"
"09/01/2026";"1400";"31,1";"31,7";"30,6";"57,0";"60,0";"54,0";"21,6";"22,5";"20,7";"1014,7";"1015,2";"1014,7";"5,2";"62,0";"9,2";"3694,00";"0,0"
"09/01/2026";"1500";"30,9";"31,7";"30,6";"55,0";"58,0";"53,0";"20,8";"21,9";"20,2";"1014,4";"1014,8";"1014,4";"5,4";"64,0";"10,0";"3977,30";"0,0"
"09/01/2026";"1600";"30,7";"31,4";"30,4";"54,0";"56,0";"51,0";"20,2";"21,3";"19,8";"1014,1";"1014,4";"1014,1";"6,2";"66,0";"10,4";"3976,50";"0,0"
"09/01/2026";"1700";"30,8";"31,1";"30,0";"60,0";"61,0";"52,0";"22,1";"22,1";"19,7";"1013,7";"1014,1";"1013,7";"6,1";"70,0";"11,9";"3739,30";"0,0"
"09/01/2026";"1800";"29,7";"30,8";"29,6";"63,0";"63,0";"57,0";"21,8";"22,2";"21,1";"1013,3";"1013,7";"1013,2";"6,3";"63,0";"11,2";"3195,30";"0,0"
"09/01/2026";"1900";"29,0";"30,1";"28,9";"65,0";"65,0";"60,0";"21,6";"22,2";"21,1";"1012,9";"1013,3";"1012,9";"6,8";"65,0";"11,0";"2461,30";"0,0"
"09/01/2026";"2000";"28,2";"29,0";"28,1";"68,0";"68,0";"63,0";"21,6";"21,9";"21,1";"1012,9";"1013,1";"1012,9";"5,9";"59,0";"11,7";"1601,10";"0,0"
"09/01/2026";"2100";"26,7";"28,2";"26,7";"74,0";"74,0";"68,0";"21,6";"21,9";"21,3";"1013,2";"1013,2";"1012,9";"5,1";"54,0";"11,6";"699,00";"0,0"
"09/01/2026";"2200";"25,6";"26,7";"25,6";"81,0";"81,0";"73,0";"22,0";"22,1";"21,6";"1013,9";"1013,9";"1013,2";"3,8";"55,0";"9,6";"38,70";"0,0"
"09/01/2026";"2300";"25,3";"25,6";"25,3";"84,0";"85,0";"81,0";"22,5";"22,6";"22,1";"1014,0";"1014,2";"1013,9";"4,4";"61,0";"9,0";"";"0,0"
"10/01/2026";"0000";"25,1";"25,3";"25,0";"86,0";"86,0";"84,0";"22,6";"22,7";"22,4";"1014,5";"1014,5";"1014,0";"3,6";"64,0";"9,0";"";"0,0"
"10/01/2026";"0100";"25,1";"25,2";"25,0";"87,0";"87,0";"86,0";"22,7";"22,8";"22,5";"1015,1";"1015,1";"1014,5";"3,6";"67,0";"8,0";"";"0,0"
"10/01/2026";"0200";"24,8";"25,1";"24,7";"87,0";"87,0";"86,0";"22,5";"22,7";"22,4";"1015,2";"1015,2";"1015,0";"2,7";"69,0";"7,8";"";"0,0"
"10/01/2026";"0300";"24,5";"24,8";"24,5";"88,0";"88,0";"87,0";"22,3";"22,6";"22,3";"1014,3";"1015,2";"1014,3";"3,6";"57,0";"7,4";"";"0,0"
"10/01/2026";"0400";"24,2";"24,6";"24,2";"88,0";"88,0";"87,0";"22,1";"22,4";"22,1";"1014,0";"1014,3";"1013,9";"3,4";"56,0";"6,5";"";"0,0"
"10/01/2026";"0500";"23,8";"24,2";"23,8";"89,0";"89,0";"88,0";"22,0";"22,2";"21,9";"1013,7";"1014,0";"1013,7";"2,9";"56,0";"6,2";"";"0,0"
"10/01/2026";"0600";"23,9";"24,0";"23,7";"88,0";"89,0";"88,0";"21,7";"22,0";"21,7";"1013,5";"1013,7";"1013,5";"3,8";"56,0";"7,0";"";"0,0"
"10/01/2026";"0700";"23,9";"24,0";"23,8";"87,0";"88,0";"87,0";"21,6";"21,8";"21,6";"1013,4";"1013,5";"1013,3";"3,9";"50,0";"7,2";"";"0,0"
"10/01/2026";"0800";"23,7";"23,9";"23,6";"85,0";"87,0";"85,0";"21,0";"21,6";"20,9";"1013,9";"1013,9";"1013,3";"3,3";"54,0";"6,6";"";"0,0"
"10/01/2026";"0900";"24,5";"24,5";"23,4";"83,0";"86,0";"83,0";"21,3";"21,4";"20,9";"1014,5";"1014,5";"1013,9";"3,4";"60,0";"6,9";"125,60";"0,0"
"10/01/2026";"1000";"26,4";"26,5";"24,5";"71,0";"83,0";"71,0";"20,8";"21,8";"20,6";"1015,0";"1015,0";"1014,5";"4,1";"46,0";"7,3";"835,50";"0,0"
"10/01/2026";"1100";"28,5";"28,5";"26,4";"59,0";"72,0";"58,0";"19,7";"21,4";"19,3";"1015,1";"1015,1";"1015,0";"4,9";"32,0";"8,3";"1749,60";"0,0"
"10/01/2026";"1200";"29,9";"29,9";"28,5";"52,0";"59,0";"52,0";"19,1";"19,8";"18,6";"1015,2";"1015,3";"1015,1";"4,4";"36,0";"9,0";"2592,80";"0,0"
"10/01/2026";"1300";"30,6";"31,2";"29,6";"45,0";"54,0";"43,0";"17,2";"19,5";"17,2";"1014,9";"1015,2";"1014,9";"4,4";"40,0";"9,5";"3265,90";"0,0"
"10/01/2026";"1400";"30,9";"31,6";"30,4";"45,0";"47,0";"39,0";"17,6";"18,3";"15,5";"1014,1";"1014,9";"1014,1";"5,5";"53,0";"11,0";"3769,90";"0,0"
"10/01/2026";"1500";"31,0";"31,5";"30,4";"50,0";"51,0";"44,0";"19,3";"19,7";"17,4";"1013,4";"1014,1";"1013,3";"5,6";"66,0";"11,0";"4017,60";"0,0"
"10/01/2026";"1600";"31,8";"32,1";"30,8";"46,0";"52,0";"44,0";"18,9";"19,9";"18,4";"1012,4";"1013,4";"1012,4";"5,0";"51,0";"10,0";"3991,20";"0,0"
"10/01/2026";"1700";"31,1";"31,8";"30,6";"50,0";"52,0";"46,0";"19,4";"20,2";"18,7";"1011,9";"1012,4";"1011,9";"5,1";"60,0";"10,6";"3731,10";"0,0"
"10/01/2026";"1800";"30,0";"31,2";"29,9";"55,0";"58,0";"49,0";"20,1";"20,9";"19,1";"1011,4";"1011,9";"1011,4";"5,6";"66,0";"10,4";"3212,20";"0,0"
"10/01/2026";"1900";"29,2";"30,2";"28,8";"60,0";"62,0";"55,0";"20,5";"21,3";"19,6";"1011,2";"1011,4";"1011,1";"5,6";"61,0";"11,6";"2479,60";"0,0"
"10/01/2026";"2000";"28,0";"29,2";"28,0";"63,0";"64,0";"59,0";"20,2";"21,0";"20,2";"1010,8";"1011,2";"1010,7";"6,5";"68,0";"10,6";"1612,60";"0,0"
"10/01/2026";"2100";"26,7";"28,0";"26,7";"67,0";"67,0";"62,0";"20,2";"20,6";"19,8";"1010,9";"1010,9";"1010,7";"4,6";"66,0";"10,5";"694,80";"0,0"
"10/01/2026";"2200";"25,1";"26,7";"25,1";"78,0";"78,0";"68,0";"21,0";"21,0";"20,2";"1011,3";"1011,3";"1010,9";"3,8";"59,0";"9,0";"55,60";"0,0"
"10/01/2026";"2300";"24,4";"25,1";"24,4";"85,0";"85,0";"78,0";"21,7";"21,8";"21,0";"1011,8";"1011,8";"1011,3";"2,8";"59,0";"6,6";"";"0,0"
"11/01/2026";"0000";"24,5";"24,8";"24,4";"82,0";"85,0";"82,0";"21,2";"21,8";"21,2";"1012,3";"1012,3";"1011,8";"3,5";"53,0";"6,5";"";"0,0"
"11/01/2026";"0100";"24,3";"24,6";"24,1";"82,0";"83,0";"81,0";"21,1";"21,2";"21,0";"1013,1";"1013,1";"1012,3";"2,4";"60,0";"6,5";"";"0,0"
"11/01/2026";"0200";"24,1";"24,3";"24,0";"85,0";"85,0";"82,0";"21,4";"21,4";"20,9";"1013,0";"1013,4";"1013,0";"2,9";"58,0";"5,9";"";"0,0"
"11/01/2026";"0300";"24,1";"24,2";"24,0";"88,0";"88,0";"85,0";"21,9";"22,0";"21,3";"1012,6";"1013,0";"1012,6";"3,0";"57,0";"6,5";"";"0,0"
"11/01/2026";"0400";"24,1";"24,2";"24,0";"88,0";"88,0";"88,0";"22,0";"22,2";"21,9";"1012,1";"1012,6";"1012,0";"3,3";"55,0";"6,9";"";"0,0"
"11/01/2026";"0500";"23,6";"24,1";"23,5";"88,0";"88,0";"87,0";"21,4";"22,0";"21,3";"1011,6";"1012,1";"1011,6";"2,4";"50,0";"6,0";"";"0,0"
"11/01/2026";"0600";"23,1";"23,6";"23,0";"88,0";"88,0";"87,0";"21,0";"21,4";"20,9";"1011,6";"1011,6";"1011,5";"1,6";"52,0";"3,8";"";"0,0"
"11/01/2026";"0700";"22,3";"23,1";"22,3";"90,0";"90,0";"88,0";"20,7";"21,0";"20,5";"1011,9";"1011,9";"1011,6";"0,9";"21,0";"2,8";"";"0,0"
"11/01/2026";"0800";"21,7";"22,3";"21,7";"91,0";"91,0";"90,0";"20,1";"20,6";"20,1";"1012,4";"1012,4";"1011,9";"1,5";"22,0";"2,5";"";"0,0"
"11/01/2026";"0900";"23,2";"23,2";"21,7";"88,0";"91,0";"88,0";"21,0";"21,1";"20,1";"1013,1";"1013,1";"1012,4";"2,0";"26,0";"3,7";"139,30";"0,0"
"11/01/2026";"1000";"25,0";"25,0";"23,2";"79,0";"88,0";"79,0";"21,1";"21,9";"21,0";"1013,4";"1013,4";"1013,1";"3,4";"22,0";"5,1";"793,20";"0,0"
"11/01/2026";"1100";"27,2";"27,3";"25,0";"65,0";"80,0";"65,0";"20,0";"21,7";"20,0";"1013,5";"1013,5";"1013,4";"4,6";"22,0";"7,2";"1710,00";"0,0"
"11/01/2026";"1200";"29,5";"29,5";"27,2";"61,0";"66,0";"59,0";"21,2";"21,2";"20,0";"1013,1";"1013,5";"1013,1";"4,0";"19,0";"7,2";"2550,00";"0,0"
"11/01/2026";"1300";"30,9";"31,1";"29,5";"50,0";"61,0";"50,0";"19,2";"21,0";"19,1";"1012,6";"1013,1";"1012,6";"4,1";"18,0";"7,3";"3241,50";"0,0"
"11/01/2026";"1400";"32,0";"32,1";"30,6";"48,0";"53,0";"45,0";"19,4";"20,4";"18,2";"1012,0";"1012,6";"1012,0";"4,0";"32,0";"8,3";"3720,60";"0,0"
"11/01/2026";"1500";"30,9";"32,8";"30,7";"55,0";"56,0";"44,0";"20,9";"21,3";"18,2";"1011,5";"1012,0";"1011,5";"4,6";"78,0";"9,2";"3544,50";"0,0"
"11/01/2026";"1600";"30,9";"31,7";"30,6";"54,0";"57,0";"53,0";"20,6";"21,7";"20,2";"1010,9";"1011,5";"1010,9";"5,9";"72,0";"9,8";"3660,00";"0,0"
"11/01/2026";"1700";"30,7";"31,6";"30,3";"52,0";"56,0";"51,0";"19,8";"21,6";"19,2";"1010,6";"1010,9";"1010,6";"5,9";"61,0";"12,3";"3706,20";"0,0"
"11/01/2026";"1800";"29,6";"30,7";"29,4";"54,0";"55,0";"48,0";"19,2";"20,1";"18,2";"1010,4";"1010,6";"1010,4";"7,3";"67,0";"12,0";"3199,10";"0,0"
"11/01/2026";"1900";"28,9";"29,7";"28,8";"56,0";"58,0";"52,0";"19,2";"20,1";"18,5";"1010,0";"1010,4";"1009,8";"7,1";"61,0";"13,2";"2472,00";"0,0"
"11/01/2026";"2000";"28,0";"29,0";"28,0";"63,0";"63,0";"56,0";"20,4";"20,6";"19,3";"1010,0";"1010,0";"1009,9";"6,9";"58,0";"13,2";"1608,70";"0,0"
"11/01/2026";"2100";"26,7";"28,2";"26,7";"71,0";"71,0";"63,0";"21,1";"21,1";"20,3";"1010,0";"1010,0";"1009,9";"6,0";"56,0";"12,0";"693,80";"0,0"
"11/01/2026";"2200";"25,6";"26,7";"25,5";"80,0";"80,0";"71,0";"21,9";"21,9";"21,1";"1010,4";"1010,4";"1010,0";"4,8";"54,0";"10,5";"53,90";"0,0"
"11/01/2026";"2300";"25,2";"25,6";"25,1";"83,0";"83,0";"80,0";"22,1";"22,1";"21,8";"1010,9";"1010,9";"1010,4";"4,6";"55,0";"8,8";"";"0,0"
"12/01/2026";"0000";"25,0";"25,2";"25,0";"83,0";"84,0";"83,0";"22,0";"22,2";"21,9";"1011,3";"1011,3";"1010,9";"4,0";"52,0";"10,0";"";"0,0"
"12/01/2026";"0100";"25,0";"25,1";"24,9";"84,0";"84,0";"83,0";"22,1";"22,1";"21,9";"1011,3";"1011,4";"1011,3";"4,8";"52,0";"8,9";"";"0,0"
"12/01/2026";"0200";"24,6";"25,1";"24,5";"87,0";"87,0";"84,0";"22,3";"22,3";"22,1";"1011,2";"1011,3";"1011,1";"2,2";"46,0";"8,6";"";"0,0"
"12/01/2026";"0300";"24,2";"24,7";"24,2";"87,0";"88,0";"87,0";"21,9";"22,5";"21,9";"1010,6";"1011,2";"1010,6";"1,8";"56,0";"5,9";"";"0,0"
"12/01/2026";"0400";"23,7";"24,1";"23,7";"89,0";"89,0";"87,0";"21,8";"22,0";"21,8";"1010,2";"1010,6";"1010,2";"1,9";"53,0";"4,0";"";"0,0"
"12/01/2026";"0500";"23,3";"23,6";"23,2";"90,0";"90,0";"89,0";"21,6";"21,8";"21,5";"1010,0";"1010,2";"1009,9";"2,1";"49,0";"3,6";"";"0,0"
"12/01/2026";"0600";"22,8";"23,3";"22,8";"91,0";"91,0";"90,0";"21,2";"21,7";"21,2";"1010,2";"1010,2";"1009,9";"1,9";"26,0";"4,1";"";"0,0"
"12/01/2026";"0700";"22,3";"22,8";"22,3";"92,0";"92,0";"91,0";"21,0";"21,3";"21,0";"1010,2";"1010,3";"1010,1";"1,5";"26,0";"4,1";"";"0,0"
"12/01/2026";"0800";"22,2";"22,3";"22,0";"93,0";"93,0";"92,0";"21,1";"21,1";"20,8";"1010,8";"1010,8";"1010,2";"1,8";"29,0";"3,9";"";"0,0"
"12/01/2026";"0900";"23,5";"23,6";"22,2";"91,0";"93,0";"91,0";"22,0";"22,1";"21,1";"1011,5";"1011,5";"1010,8";"2,3";"41,0";"4,1";"120,30";"0,0"
"12/01/2026";"1000";"25,7";"25,7";"23,5";"85,0";"91,0";"84,0";"22,9";"22,9";"22,0";"1012,0";"1012,0";"1011,5";"2,7";"10,0";"6,1";"799,80";"0,0"
"12/01/2026";"1100";"28,3";"28,3";"25,7";"67,0";"85,0";"67,0";"21,7";"23,1";"21,6";"1012,4";"1012,4";"1012,0";"3,4";"346,0";"5,9";"1693,10";"0,0"
"12/01/2026";"1200";"30,1";"30,1";"28,2";"53,0";"69,0";"53,0";"19,6";"22,2";"19,6";"1012,2";"1012,4";"1012,2";"3,9";"355,0";"7,1";"2531,00";"0,0"
"12/01/2026";"1300";"31,6";"31,7";"30,1";"52,0";"58,0";"50,0";"20,5";"21,6";"19,7";"1011,8";"1012,2";"1011,8";"3,6";"5,0";"6,8";"3219,60";"0,0"
"12/01/2026";"1400";"32,6";"32,8";"31,5";"50,0";"52,0";"46,0";"20,7";"20,8";"19,2";"1011,3";"1011,8";"1011,3";"3,9";"25,0";"6,9";"3712,90";"0,0"
"12/01/2026";"1500";"33,1";"33,7";"32,4";"52,0";"52,0";"43,0";"21,9";"22,0";"19,0";"1010,7";"1011,3";"1010,7";"3,4";"29,0";"7,0";"3919,80";"0,0"
"12/01/2026";"1600";"31,8";"33,1";"31,7";"56,0";"58,0";"52,0";"21,9";"23,0";"21,1";"1010,3";"1010,7";"1010,2";"4,9";"77,0";"8,3";"3941,20";"0,0"
"12/01/2026";"1700";"31,9";"32,5";"31,7";"54,0";"57,0";"53,0";"21,6";"22,5";"21,3";"1009,6";"1010,3";"1009,6";"5,1";"58,0";"9,0";"3678,80";"0,0"
"12/01/2026";"1800";"31,0";"32,2";"30,6";"59,0";"59,0";"54,0";"22,1";"22,2";"20,7";"1009,5";"1009,6";"1009,5";"5,7";"69,0";"9,8";"3170,20";"0,0"
"12/01/2026";"1900";"30,1";"31,1";"30,0";"62,0";"62,0";"57,0";"21,9";"22,2";"21,3";"1009,3";"1009,6";"1009,2";"6,0";"64,0";"10,8";"2451,10";"0,0"
"12/01/2026";"2000";"28,7";"30,5";"28,7";"68,0";"68,0";"60,0";"22,2";"22,6";"21,5";"1009,2";"1009,3";"1009,1";"5,9";"58,0";"11,0";"1607,70";"0,0"
"12/01/2026";"2100";"27,0";"28,7";"27,0";"74,0";"74,0";"68,0";"22,0";"22,5";"22,0";"1009,6";"1009,7";"1008,9";"6,3";"55,0";"12,4";"698,40";"0,0"
"12/01/2026";"2200";"25,9";"27,0";"25,9";"81,0";"81,0";"74,0";"22,4";"22,4";"22,0";"1009,9";"1009,9";"1009,5";"6,1";"56,0";"13,0";"54,60";"0,0"
"12/01/2026";"2300";"25,6";"25,9";"25,5";"83,0";"84,0";"81,0";"22,5";"22,6";"22,4";"1010,5";"1010,5";"1009,9";"5,2";"57,0";"11,7";"";"0,0"
"13/01/2026";"0000";"25,5";"25,6";"25,4";"85,0";"85,0";"83,0";"22,7";"22,8";"22,4";"1011,3";"1011,3";"1010,5";"4,7";"56,0";"10,1";"";"0,0"
"13/01/2026";"0100";"25,3";"25,5";"25,2";"85,0";"85,0";"84,0";"22,6";"22,7";"22,5";"1011,7";"1011,7";"1011,3";"3,9";"57,0";"9,2";"";"0,0"
"13/01/2026";"0200";"24,9";"25,3";"24,9";"87,0";"87,0";"85,0";"22,5";"22,7";"22,5";"1011,8";"1011,8";"1011,7";"2,1";"56,0";"7,5";"";"0,0"
"13/01/2026";"0300";"24,5";"24,9";"24,5";"88,0";"88,0";"87,0";"22,3";"22,6";"22,3";"1011,3";"1011,8";"1011,3";"2,0";"53,0";"4,9";"";"0,0"
"13/01/2026";"0400";"23,8";"24,5";"23,8";"90,0";"90,0";"88,0";"22,1";"22,3";"22,1";"1010,8";"1011,3";"1010,8";"1,5";"76,0";"3,5";"";"0,0"
"13/01/2026";"0500";"23,6";"23,9";"23,6";"90,0";"90,0";"90,0";"21,9";"22,2";"21,8";"1010,5";"1010,9";"1010,5";"1,8";"63,0";"3,9";"";"0,0"
"13/01/2026";"0600";"23,6";"23,8";"23,5";"90,0";"91,0";"90,0";"21,9";"22,1";"21,8";"1010,2";"1010,5";"1010,2";"2,2";"61,0";"4,0";"";"0,0"
"13/01/2026";"0700";"23,3";"23,6";"23,3";"91,0";"91,0";"90,0";"21,7";"21,9";"21,7";"1010,3";"1010,4";"1010,2";"2,0";"60,0";"3,9";"";"0,0"
"13/01/2026";"0800";"23,2";"23,3";"23,2";"91,0";"91,0";"91,0";"21,7";"21,8";"21,6";"1010,9";"1010,9";"1010,2";"1,9";"53,0";"3,6";"";"0,0"
"13/01/2026";"0900";"24,1";"24,1";"23,2";"89,0";"92,0";"89,0";"22,3";"22,3";"21,7";"1011,7";"1011,7";"1010,9";"1,7";"58,0";"4,3";"109,60";"0,0"
"13/01/2026";"1000";"26,5";"26,5";"24,2";"80,0";"89,0";"80,0";"22,8";"22,8";"22,3";"1012,5";"1012,5";"1011,7";"2,8";"45,0";"4,7";"729,50";"0,0"
"13/01/2026";"1100";"29,0";"29,0";"26,5";"69,0";"80,0";"69,0";"22,8";"23,1";"22,1";"1012,7";"1012,7";"1012,5";"3,9";"39,0";"6,6";"1643,40";"0,0"
"13/01/2026";"1200";"30,9";"31,1";"28,6";"60,0";"69,0";"60,0";"22,2";"23,1";"22,2";"1013,0";"1013,0";"1012,7";"3,4";"40,0";"7,2";"2481,10";"0,0"
"13/01/2026";"1300";"32,5";"32,6";"30,5";"55,0";"63,0";"53,0";"22,3";"23,5";"21,4";"1013,0";"1013,1";"1013,0";"3,3";"15,0";"6,5";"3166,00";"0,0"
"13/01/2026";"1400";"32,0";"33,3";"31,1";"59,0";"62,0";"52,0";"23,1";"23,7";"21,6";"1012,7";"1013,0";"1012,7";"4,4";"84,0";"7,3";"3473,80";"0,0"
"13/01/2026";"1500";"32,4";"32,4";"31,5";"59,0";"61,0";"57,0";"23,4";"23,7";"22,1";"1012,5";"1012,7";"1012,5";"4,7";"71,0";"9,1";"3926,80";"0,0"
"13/01/2026";"1600";"31,8";"32,4";"31,6";"57,0";"59,0";"55,0";"22,4";"23,3";"21,8";"1012,2";"1012,5";"1011,9";"5,1";"76,0";"9,7";"3931,70";"0,0"
"13/01/2026";"1700";"31,0";"32,2";"30,8";"57,0";"60,0";"56,0";"21,6";"22,8";"21,4";"1011,6";"1012,3";"1011,5";"6,4";"64,0";"11,0";"3690,40";"0,0"
"13/01/2026";"1800";"30,5";"31,6";"30,3";"60,0";"61,0";"56,0";"21,7";"22,5";"21,1";"1011,1";"1011,7";"1011,1";"6,9";"65,0";"12,3";"3202,80";"0,0"
"13/01/2026";"1900";"29,6";"30,7";"29,4";"63,0";"63,0";"58,0";"21,8";"22,1";"21,1";"1012,0";"1012,0";"1011,1";"7,4";"72,0";"12,7";"2458,20";"0,0"
"13/01/2026";"2000";"28,5";"29,6";"28,5";"66,0";"67,0";"61,0";"21,6";"22,3";"21,2";"1012,3";"1012,4";"1011,9";"6,8";"60,0";"14,6";"1597,10";"0,0"
"13/01/2026";"2100";"26,9";"28,5";"26,9";"78,0";"78,0";"66,0";"22,6";"22,6";"21,5";"1012,2";"1012,3";"1012,0";"5,8";"62,0";"12,8";"580,90";"0,0"
"13/01/2026";"2200";"26,1";"26,9";"26,1";"82,0";"82,0";"78,0";"22,9";"23,0";"22,7";"1012,8";"1012,9";"1012,2";"5,3";"60,0";"12,3";"19,60";"0,0"
"13/01/2026";"2300";"25,8";"26,1";"25,7";"83,0";"83,0";"82,0";"22,8";"22,9";"22,6";"1013,7";"1013,7";"1012,8";"4,9";"56,0";"11,3";"";"0,0"
"14/01/2026";"0000";"25,4";"25,9";"25,4";"85,0";"85,0";"83,0";"22,6";"22,9";"22,6";"1014,0";"1014,0";"1013,5";"4,6";"55,0";"11,7";"";"0,0"
"14/01/2026";"0100";"25,2";"25,4";"25,1";"85,0";"85,0";"84,0";"22,4";"22,6";"22,3";"1014,8";"1014,8";"1014,0";"4,1";"50,0";"9,4";"";"0,0"
"14/01/2026";"0200";"24,7";"25,3";"24,7";"86,0";"86,0";"85,0";"22,1";"22,6";"22,1";"1014,5";"1014,8";"1014,5";"2,4";"49,0";"8,4";"";"0,0"
"14/01/2026";"0300";"23,9";"24,7";"23,9";"88,0";"88,0";"86,0";"21,9";"22,2";"21,8";"1014,0";"1014,5";"1014,0";"1,8";"68,0";"4,4";"";"0,0"
"14/01/2026";"0400";"23,1";"23,9";"23,1";"91,0";"91,0";"88,0";"21,7";"22,0";"21,6";"1013,6";"1014,0";"1013,6";"0,8";"21,0";"2,9";"";"0,0"
"14/01/2026";"0500";"23,1";"23,5";"23,0";"93,0";"93,0";"92,0";"21,8";"22,2";"21,7";"1013,0";"1013,6";"1013,0";"2,0";"63,0";"3,4";"";"0,0"
"14/01/2026";"0600";"22,8";"23,1";"22,8";"93,0";"93,0";"93,0";"21,6";"21,8";"21,6";"1013,0";"1013,2";"1013,0";"1,0";"43,0";"3,3";"";"0,0"
"14/01/2026";"0700";"22,6";"22,9";"22,5";"93,0";"94,0";"93,0";"21,5";"21,7";"21,4";"1013,2";"1013,2";"1013,0";"1,4";"42,0";"2,7";"";"0,0"
"14/01/2026";"0800";"22,6";"22,7";"22,5";"94,0";"94,0";"93,0";"21,5";"21,6";"21,4";"1013,4";"1013,4";"1013,1";"2,4";"78,0";"3,1";"";"0,0"
"14/01/2026";"0900";"23,6";"23,6";"22,4";"93,0";"94,0";"93,0";"22,4";"22,4";"21,3";"1014,1";"1014,1";"1013,4";"2,1";"55,0";"3,4";"103,50";"0,0"
"14/01/2026";"1000";"25,9";"25,9";"23,6";"82,0";"93,0";"82,0";"22,7";"23,0";"22,4";"1014,7";"1014,7";"1014,1";"2,8";"47,0";"5,7";"789,40";"0,0"
"14/01/2026";"1100";"27,7";"27,9";"25,9";"69,0";"83,0";"69,0";"21,6";"22,7";"21,6";"1015,0";"1015,0";"1014,7";"3,7";"49,0";"7,2";"1657,50";"0,0"
"14/01/2026";"1200";"29,6";"29,7";"27,6";"60,0";"70,0";"60,0";"20,9";"22,3";"20,9";"1015,3";"1015,3";"1015,0";"4,7";"61,0";"8,5";"2514,10";"0,0"
"14/01/2026";"1300";"30,1";"30,9";"29,0";"55,0";"62,0";"55,0";"20,2";"21,7";"20,2";"1015,1";"1015,3";"1015,1";"5,0";"54,0";"10,3";"3195,90";"0,0"
"14/01/2026";"1400";"30,0";"31,3";"30,0";"58,0";"58,0";"52,0";"20,8";"21,7";"19,6";"1014,9";"1015,1";"1014,9";"5,9";"65,0";"10,7";"3692,10";"0,0"
"14/01/2026";"1500";"29,9";"31,1";"29,5";"61,0";"61,0";"54,0";"21,6";"21,8";"20,2";"1014,6";"1014,9";"1014,6";"6,4";"62,0";"12,1";"3929,60";"0,0"
"14/01/2026";"1600";"30,0";"31,0";"29,9";"59,0";"61,0";"52,0";"21,1";"21,6";"19,7";"1014,3";"1014,6";"1014,3";"6,0";"56,0";"11,3";"3908,50";"0,0"
"14/01/2026";"1700";"30,4";"30,9";"29,6";"55,0";"63,0";"55,0";"20,4";"22,2";"20,4";"1013,6";"1014,3";"1013,6";"7,2";"54,0";"13,1";"3629,80";"0,0"
"14/01/2026";"1800";"29,9";"30,7";"29,8";"55,0";"57,0";"51,0";"20,0";"21,0";"19,3";"1012,8";"1013,6";"1012,8";"6,7";"53,0";"13,6";"3132,00";"0,0"
"14/01/2026";"1900";"29,1";"30,0";"29,1";"60,0";"61,0";"55,0";"20,6";"20,9";"19,8";"1012,2";"1012,8";"1012,1";"6,9";"61,0";"14,4";"2435,10";"0,0"
"14/01/2026";"2000";"27,9";"29,1";"27,9";"66,0";"66,0";"57,0";"21,0";"21,0";"19,4";"1012,3";"1012,4";"1012,1";"7,3";"61,0";"14,6";"1583,40";"0,0"
"14/01/2026";"2100";"26,8";"27,9";"26,8";"73,0";"73,0";"66,0";"21,6";"21,6";"21,0";"1012,6";"1012,7";"1012,1";"7,1";"65,0";"15,9";"685,60";"0,0"
"14/01/2026";"2200";"25,8";"26,8";"25,8";"76,0";"76,0";"73,0";"21,3";"21,6";"21,0";"1012,9";"1012,9";"1012,6";"5,7";"58,0";"13,7";"33,30";"0,0"
"14/01/2026";"2300";"25,5";"25,8";"25,5";"76,0";"78,0";"76,0";"21,0";"21,4";"21,0";"1013,4";"1013,4";"1012,9";"5,6";"62,0";"12,0";"";"0,0"
"15/01/2026";"0000";"25,4";"25,6";"25,3";"74,0";"76,0";"74,0";"20,5";"21,0";"20,5";"1013,8";"1013,8";"1013,4";"6,0";"61,0";"12,1";"";"0,0"
"15/01/2026";"0100";"25,0";"25,5";"24,8";"79,0";"79,0";"74,0";"21,1";"21,1";"20,5";"1014,6";"1014,6";"1013,8";"3,9";"54,0";"11,8";"";"0,0"
"15/01/2026";"0200";"24,6";"25,0";"24,5";"77,0";"79,0";"77,0";"20,3";"21,0";"20,3";"1014,6";"1014,7";"1014,5";"4,3";"59,0";"8,3";"";"0,0"
"15/01/2026";"0300";"24,1";"24,6";"24,0";"78,0";"79,0";"77,0";"20,1";"20,3";"20,0";"1014,4";"1014,6";"1014,4";"3,9";"56,0";"8,2";"";"0,0"
"15/01/2026";"0400";"23,9";"24,1";"23,8";"81,0";"81,0";"78,0";"20,4";"20,4";"20,0";"1013,9";"1014,4";"1013,9";"3,7";"61,0";"6,8";"";"0,0"
"15/01/2026";"0500";"23,9";"24,1";"23,8";"81,0";"81,0";"80,0";"20,4";"20,5";"20,3";"1013,7";"1013,9";"1013,7";"3,8";"59,0";"6,7";"";"0,0"
"15/01/2026";"0600";"23,4";"23,9";"23,4";"82,0";"83,0";"81,0";"20,2";"20,5";"20,1";"1013,5";"1013,8";"1013,5";"3,0";"55,0";"6,7";"";"0,0"
"15/01/2026";"0700";"22,3";"23,4";"22,2";"85,0";"85,0";"82,0";"19,7";"20,2";"19,6";"1013,7";"1013,7";"1013,5";"1,3";"51,0";"5,0";"";"0,0"
"15/01/2026";"0800";"21,9";"22,4";"21,8";"88,0";"88,0";"85,0";"19,8";"19,9";"19,6";"1014,2";"1014,2";"1013,7";"2,2";"68,0";"3,6";"";"0,0"
"15/01/2026";"0900";"23,0";"23,0";"21,6";"87,0";"89,0";"87,0";"20,7";"20,7";"19,7";"1014,9";"1014,9";"1014,2";"1,8";"40,0";"3,3";"102,00";"0,0"
"15/01/2026";"1000";"26,3";"26,3";"23,0";"71,0";"87,0";"71,0";"20,6";"21,2";"20,5";"1015,3";"1015,3";"1014,9";"3,0";"42,0";"5,1";"768,00";"0,0"
"15/01/2026";"1100";"28,2";"28,2";"26,2";"64,0";"71,0";"63,0";"20,7";"20,8";"19,9";"1015,7";"1015,7";"1015,3";"3,9";"31,0";"7,2";"1663,40";"0,0"
"15/01/2026";"1200";"29,8";"30,0";"27,9";"55,0";"64,0";"55,0";"19,9";"20,9";"19,7";"1016,2";"1016,2";"1015,7";"4,1";"30,0";"8,4";"2555,30";"0,0"
"15/01/2026";"1300";"30,4";"30,7";"29,0";"48,0";"56,0";"47,0";"18,1";"19,7";"17,7";"1016,2";"1016,3";"1016,1";"5,0";"34,0";"9,1";"3098,60";"0,0"
"15/01/2026";"1400";"31,2";"31,8";"30,4";"47,0";"49,0";"42,0";"18,5";"18,9";"17,1";"1015,7";"1016,2";"1015,6";"5,1";"37,0";"9,0";"3643,90";"0,0"
"15/01/2026";"1500";"30,9";"31,6";"30,2";"51,0";"54,0";"43,0";"19,5";"20,3";"17,2";"1015,1";"1015,7";"1015,1";"5,2";"77,0";"10,1";"3523,20";"0,0"
"15/01/2026";"1600";"31,1";"31,5";"30,4";"49,0";"52,0";"47,0";"19,1";"20,2";"18,1";"1014,5";"1015,1";"1014,5";"5,0";"72,0";"10,4";"3937,30";"0,0"
"15/01/2026";"1700";"30,0";"31,0";"29,9";"51,0";"54,0";"48,0";"18,9";"20,0";"18,2";"1014,0";"1014,5";"1013,9";"6,4";"75,0";"10,7";"3656,40";"0,0"
"15/01/2026";"1800";"30,0";"30,6";"29,7";"52,0";"55,0";"47,0";"19,0";"20,2";"17,8";"1013,3";"1014,0";"1013,3";"5,8";"63,0";"11,6";"3139,20";"0,0"
"15/01/2026";"1900";"29,0";"30,1";"28,9";"57,0";"58,0";"50,0";"19,6";"20,1";"18,7";"1013,0";"1013,3";"1013,0";"6,7";"64,0";"11,8";"2440,40";"0,0"
"15/01/2026";"2000";"28,1";"29,1";"28,1";"61,0";"61,0";"54,0";"19,9";"20,0";"18,7";"1013,4";"1013,4";"1012,9";"5,9";"64,0";"12,0";"1578,10";"0,0"
"15/01/2026";"2100";"26,8";"28,2";"26,8";"69,0";"69,0";"61,0";"20,6";"20,6";"19,7";"1014,0";"1014,0";"1013,4";"5,3";"63,0";"10,7";"686,20";"0,0"
"15/01/2026";"2200";"25,7";"26,8";"25,7";"77,0";"77,0";"69,0";"21,4";"21,4";"20,6";"1014,4";"1014,4";"1014,0";"3,9";"62,0";"10,1";"28,50";"0,0"
"15/01/2026";"2300";"24,9";"25,7";"24,8";"83,0";"83,0";"77,0";"21,9";"21,9";"21,4";"1015,1";"1015,1";"1014,4";"2,7";"67,0";"8,0";"";"0,0"
"16/01/2026";"0000";"24,7";"24,9";"24,6";"85,0";"85,0";"83,0";"22,0";"22,0";"21,8";"1015,2";"1015,3";"1015,0";"2,6";"64,0";"5,8";"";"0,0"
"16/01/2026";"0100";"24,6";"24,7";"24,5";"86,0";"86,0";"85,0";"22,1";"22,2";"21,9";"1015,5";"1015,6";"1015,2";"2,8";"57,0";"5,3";"";"0,0"
"16/01/2026";"0200";"24,2";"24,6";"24,1";"87,0";"87,0";"86,0";"22,0";"22,1";"21,8";"1015,1";"1015,6";"1015,1";"2,6";"57,0";"5,2";"";"0,0"
"16/01/2026";"0300";"23,9";"24,2";"23,8";"89,0";"89,0";"87,0";"22,0";"22,0";"21,8";"1014,8";"1015,2";"1014,8";"1,8";"76,0";"4,9";"";"0,0"
"16/01/2026";"0400";"23,7";"23,9";"23,5";"90,0";"90,0";"89,0";"22,0";"22,0";"21,8";"1014,1";"1014,8";"1014,1";"1,8";"68,0";"3,7";"";"0,0"
"16/01/2026";"0500";"23,5";"23,8";"23,5";"90,0";"90,0";"90,0";"21,7";"22,1";"21,7";"1013,7";"1014,1";"1013,7";"1,6";"53,0";"3,9";"";"0,0"
"16/01/2026";"0600";"22,9";"23,5";"22,9";"92,0";"92,0";"90,0";"21,5";"21,7";"21,4";"1013,5";"1013,7";"1013,5";"1,6";"71,0";"2,5";"";"0,0"
"16/01/2026";"0700";"22,7";"23,0";"22,7";"92,0";"92,0";"92,0";"21,4";"21,6";"21,4";"1013,7";"1013,7";"1013,5";"1,0";"50,0";"2,3";"";"0,0"
"16/01/2026";"0800";"22,7";"22,9";"22,7";"93,0";"93,0";"92,0";"21,5";"21,7";"21,4";"1013,9";"1013,9";"1013,6";"1,7";"66,0";"2,6";"";"0,0"
"16/01/2026";"0900";"23,4";"23,4";"22,6";"92,0";"93,0";"92,0";"22,0";"22,1";"21,4";"1014,5";"1014,6";"1013,9";"1,9";"74,0";"2,8";"99,00";"0,0"
"16/01/2026";"1000";"26,2";"26,2";"23,3";"78,0";"92,0";"78,0";"22,2";"23,3";"21,9";"1015,1";"1015,1";"1014,5";"2,4";"48,0";"6,4";"654,10";"0,0"
"16/01/2026";"1100";"28,2";"28,4";"26,2";"64,0";"79,0";"64,0";"20,9";"22,5";"20,3";"1015,2";"1015,3";"1015,1";"4,6";"35,0";"7,3";"1649,40";"0,0"
"16/01/2026";"1200";"29,1";"29,8";"28,2";"58,0";"64,0";"56,0";"20,0";"21,3";"19,8";"1015,3";"1015,3";"1015,2";"4,2";"48,0";"8,1";"2410,00";"0,0"
"16/01/2026";"1300";"30,2";"31,2";"29,1";"54,0";"59,0";"53,0";"19,9";"21,2";"19,7";"1015,2";"1015,4";"1015,2";"3,9";"31,0";"8,3";"3157,70";"0,0"
"16/01/2026";"1400";"31,4";"31,9";"29,7";"51,0";"58,0";"51,0";"20,1";"21,5";"19,7";"1014,5";"1015,2";"1014,5";"4,4";"41,0";"8,9";"3184,60";"0,0"
"16/01/2026";"1500";"30,5";"31,5";"29,8";"51,0";"59,0";"50,0";"19,1";"21,6";"19,1";"1013,9";"1014,6";"1013,9";"5,8";"66,0";"9,8";"3305,00";"0,0"
"16/01/2026";"1600";"31,0";"31,3";"30,3";"53,0";"54,0";"49,0";"20,3";"20,3";"18,7";"1013,5";"1014,0";"1013,5";"4,8";"69,0";"10,2";"3881,00";"0,0"
"16/01/2026";"1700";"30,8";"31,3";"30,2";"54,0";"56,0";"50,0";"20,5";"20,9";"19,2";"1012,8";"1013,5";"1012,7";"5,3";"63,0";"9,8";"3649,20";"0,0"
"16/01/2026";"1800";"30,1";"31,0";"29,9";"57,0";"58,0";"52,0";"20,5";"21,1";"19,7";"1012,1";"1012,8";"1012,1";"5,5";"70,0";"10,5";"3145,40";"0,0"
"16/01/2026";"1900";"29,4";"30,2";"29,1";"58,0";"58,0";"54,0";"20,2";"20,6";"19,3";"1011,5";"1012,1";"1011,5";"6,0";"59,0";"10,0";"2367,90";"0,0"
"16/01/2026";"2000";"27,9";"29,7";"27,8";"66,0";"66,0";"58,0";"20,9";"21,0";"20,3";"1011,5";"1011,5";"1011,3";"5,1";"63,0";"10,8";"1341,80";"0,0"
"16/01/2026";"2100";"26,8";"27,9";"26,8";"74,0";"74,0";"66,0";"21,7";"21,8";"20,9";"1012,0";"1012,0";"1011,5";"4,8";"68,0";"11,3";"533,50";"0,0"
"16/01/2026";"2200";"25,9";"26,8";"25,9";"79,0";"79,0";"74,0";"22,0";"22,1";"21,8";"1012,4";"1012,4";"1012,0";"3,3";"59,0";"9,7";"71,40";"0,0"
"16/01/2026";"2300";"25,6";"25,9";"25,6";"81,0";"82,0";"79,0";"22,2";"22,3";"22,0";"1012,4";"1012,4";"1012,3";"3,6";"56,0";"7,5";"";"0,0"
"17/01/2026";"0000";"25,3";"25,6";"25,3";"83,0";"83,0";"81,0";"22,1";"22,2";"22,1";"1012,9";"1012,9";"1012,4";"2,9";"59,0";"7,1";"";"0,0"
"17/01/2026";"0100";"25,0";"25,4";"24,9";"84,0";"84,0";"83,0";"22,1";"22,2";"22,0";"1013,3";"1013,3";"1012,9";"2,3";"58,0";"5,7";"";"0,0"
"17/01/2026";"0200";"24,8";"25,1";"24,7";"85,0";"85,0";"83,0";"22,1";"22,1";"21,9";"1013,1";"1013,4";"1013,1";"2,8";"58,0";"5,8";"";"0,0"
"17/01/2026";"0300";"24,9";"25,0";"24,8";"82,0";"85,0";"82,0";"21,7";"22,1";"21,6";"1012,8";"1013,1";"1012,8";"3,1";"54,0";"7,6";"";"0,0"
"17/01/2026";"0400";"24,8";"24,9";"24,6";"83,0";"84,0";"82,0";"21,8";"21,8";"21,6";"1011,8";"1012,8";"1011,8";"3,4";"56,0";"6,4";"";"0,0"
"17/01/2026";"0500";"24,6";"24,9";"24,5";"85,0";"85,0";"83,0";"21,8";"21,9";"21,8";"1011,5";"1011,8";"1011,5";"2,9";"55,0";"6,3";"";"0,0"
"17/01/2026";"0600";"24,3";"24,6";"24,2";"86,0";"86,0";"85,0";"21,8";"21,9";"21,7";"1011,3";"1011,5";"1011,2";"2,2";"47,0";"5,9";"";"0,0"
"17/01/2026";"0700";"24,1";"24,3";"24,0";"86,0";"87,0";"86,0";"21,7";"21,8";"21,6";"1011,0";"1011,3";"1011,0";"3,0";"52,0";"4,9";"";"0,0"
"17/01/2026";"0800";"23,2";"24,1";"23,2";"89,0";"89,0";"86,0";"21,3";"21,7";"21,3";"1011,2";"1011,3";"1010,9";"1,8";"13,0";"5,5";"";"0,0"
"17/01/2026";"0900";"23,8";"23,8";"23,0";"89,0";"91,0";"89,0";"21,9";"21,9";"21,3";"1011,6";"1011,6";"1011,2";"2,0";"34,0";"3,3";"90,00";"0,0"
"17/01/2026";"1000";"25,8";"25,8";"23,8";"78,0";"89,0";"78,0";"21,6";"22,2";"21,3";"1011,6";"1011,7";"1011,5";"3,7";"41,0";"6,4";"664,10";"0,0"
"17/01/2026";"1100";"26,9";"26,9";"25,8";"70,0";"78,0";"70,0";"20,9";"21,8";"20,5";"1011,8";"1011,8";"1011,6";"2,7";"38,0";"7,0";"990,90";"0,0"
"17/01/2026";"1200";"29,8";"29,8";"26,9";"59,0";"70,0";"59,0";"20,8";"21,2";"20,0";"1011,9";"1011,9";"1011,7";"3,4";"22,0";"6,5";"1740,10";"0,0"
"17/01/2026";"1300";"30,6";"31,0";"29,8";"50,0";"59,0";"49,0";"18,9";"20,9";"18,9";"1011,6";"1011,9";"1011,6";"4,3";"22,0";"6,6";"2903,30";"0,0"
"17/01/2026";"1400";"31,9";"32,5";"30,6";"46,0";"52,0";"44,0";"18,9";"20,5";"18,1";"1011,0";"1011,7";"1011,0";"4,6";"40,0";"9,2";"3541,50";"0,0"
"17/01/2026";"1500";"31,4";"33,0";"31,2";"50,0";"51,0";"41,0";"19,8";"20,3";"17,5";"1010,5";"1011,1";"1010,4";"4,7";"75,0";"9,2";"3827,30";"0,0"
"17/01/2026";"1600";"31,7";"32,4";"31,0";"52,0";"53,0";"47,0";"20,6";"21,0";"19,5";"1009,6";"1010,5";"1009,6";"5,2";"77,0";"10,1";"3945,70";"0,0"
"17/01/2026";"1700";"30,9";"31,8";"30,4";"52,0";"54,0";"49,0";"20,0";"20,6";"19,4";"1009,2";"1009,6";"1009,1";"5,9";"68,0";"10,6";"3199,00";"0,0"
"17/01/2026";"1800";"29,7";"31,3";"29,3";"53,0";"56,0";"51,0";"19,1";"20,1";"19,1";"1008,7";"1009,2";"1008,5";"6,4";"66,0";"12,1";"2190,80";"0,0"
"17/01/2026";"1900";"29,0";"30,4";"29,0";"58,0";"58,0";"50,0";"20,0";"20,0";"18,6";"1008,2";"1008,7";"1008,2";"6,1";"63,0";"12,1";"2386,10";"0,0"
"17/01/2026";"2000";"27,9";"29,2";"27,8";"64,0";"64,0";"58,0";"20,5";"20,9";"19,9";"1008,2";"1008,3";"1007,9";"6,5";"65,0";"12,8";"1508,30";"0,0"
"17/01/2026";"2100";"26,5";"28,1";"26,5";"71,0";"71,0";"62,0";"20,7";"20,7";"20,0";"1008,6";"1008,6";"1008,2";"5,0";"56,0";"11,3";"515,10";"0,0"
"17/01/2026";"2200";"25,7";"26,5";"25,7";"78,0";"78,0";"71,0";"21,6";"21,6";"20,8";"1009,0";"1009,1";"1008,6";"4,0";"64,0";"9,6";"34,00";"0,0"
"17/01/2026";"2300";"25,3";"25,7";"25,2";"82,0";"82,0";"78,0";"21,9";"21,9";"21,5";"1009,4";"1009,4";"1009,0";"3,7";"56,0";"7,4";"";"0,0"
"18/01/2026";"0000";"25,1";"25,3";"25,1";"83,0";"83,0";"81,0";"21,9";"21,9";"21,8";"1009,8";"1009,8";"1009,4";"4,0";"54,0";"8,4";"";"0,0"
"18/01/2026";"0100";"25,0";"25,1";"24,9";"82,0";"83,0";"82,0";"21,8";"22,0";"21,8";"1010,4";"1010,4";"1009,8";"3,3";"54,0";"6,8";"";"0,0"
"18/01/2026";"0200";"24,9";"25,1";"24,9";"81,0";"82,0";"81,0";"21,5";"21,8";"21,5";"1009,7";"1010,5";"1009,7";"3,3";"57,0";"7,1";"";"0,0"
"18/01/2026";"0300";"24,7";"24,9";"24,6";"82,0";"82,0";"81,0";"21,4";"21,5";"21,3";"1009,3";"1009,7";"1009,3";"2,9";"49,0";"6,1";"";"0,0"
"18/01/2026";"0400";"24,1";"24,7";"24,1";"84,0";"85,0";"82,0";"21,3";"21,5";"21,3";"1008,6";"1009,3";"1008,6";"2,5";"54,0";"5,4";"";"0,0"
"18/01/2026";"0500";"23,3";"24,1";"23,2";"88,0";"88,0";"84,0";"21,2";"21,3";"21,0";"1008,5";"1008,7";"1008,5";"1,7";"32,0";"4,3";"";"0,0"
"18/01/2026";"0600";"23,1";"23,3";"23,0";"88,0";"89,0";"88,0";"21,0";"21,3";"21,0";"1008,1";"1008,5";"1008,1";"2,1";"38,0";"3,5";"";"0,0"
"18/01/2026";"0700";"22,8";"23,2";"22,8";"88,0";"88,0";"88,0";"20,6";"21,0";"20,6";"1008,1";"1008,1";"1008,1";"1,6";"51,0";"3,5";"";"0,0"
"18/01/2026";"0800";"22,7";"22,8";"22,5";"88,0";"89,0";"88,0";"20,5";"20,7";"20,5";"1008,2";"1008,3";"1008,0";"2,3";"42,0";"4,0";"";"0,0"
"18/01/2026";"0900";"23,8";"23,8";"22,5";"80,0";"88,0";"80,0";"20,2";"20,5";"20,2";"1008,8";"1008,8";"1008,2";"2,7";"34,0";"5,0";"133,00";"0,0"
"18/01/2026";"1000";"24,6";"24,6";"23,8";"74,0";"80,0";"73,0";"19,7";"20,3";"19,5";"1009,5";"1009,5";"1008,8";"3,1";"33,0";"5,4";"462,10";"0,0"
"18/01/2026";"1100";"27,2";"27,2";"24,6";"62,0";"74,0";"61,0";"19,2";"20,3";"19,2";"1009,6";"1009,7";"1009,5";"4,2";"32,0";"7,1";"1115,70";"0,0"
"18/01/2026";"1200";"28,9";"29,0";"27,2";"58,0";"62,0";"58,0";"19,9";"20,3";"19,2";"1009,8";"1009,8";"1009,6";"3,6";"37,0";"7,3";"1872,00";"0,0"
"18/01/2026";"1300";"29,8";"29,8";"28,9";"54,0";"59,0";"54,0";"19,6";"20,3";"19,4";"1009,6";"1009,8";"1009,5";"3,8";"35,0";"6,9";"2077,30";"0,0"
"18/01/2026";"1400";"31,0";"31,2";"29,7";"50,0";"55,0";"49,0";"19,5";"20,2";"18,9";"1009,1";"1009,6";"1009,1";"3,7";"36,0";"7,6";"2885,90";"0,0"
"18/01/2026";"1500";"32,7";"32,7";"30,7";"47,0";"52,0";"43,0";"20,0";"20,9";"18,1";"1008,5";"1009,1";"1008,5";"3,3";"50,0";"7,4";"3667,20";"0,0"
"18/01/2026";"1600";"29,8";"32,7";"29,8";"55,0";"56,0";"47,0";"19,9";"20,7";"18,9";"1007,9";"1008,5";"1007,9";"4,1";"81,0";"7,9";"2351,30";"0,0"
"18/01/2026";"1700";"28,5";"29,9";"28,5";"58,0";"58,0";"55,0";"19,4";"20,4";"19,3";"1007,5";"1007,9";"1007,5";"5,9";"70,0";"9,8";"1504,90";"0,0"
"18/01/2026";"1800";"28,3";"28,6";"28,1";"61,0";"62,0";"58,0";"20,1";"20,4";"19,4";"1006,9";"1007,5";"1006,9";"5,1";"64,0";"9,8";"1503,80";"0,0"
"18/01/2026";"1900";"26,9";"28,5";"26,9";"66,0";"66,0";"60,0";"20,0";"20,4";"19,6";"1006,8";"1006,9";"1006,7";"4,9";"56,0";"10,3";"753,20";"0,0"
"18/01/2026";"2000";"26,7";"27,0";"26,7";"65,0";"67,0";"63,0";"19,6";"20,2";"19,4";"1007,4";"1007,4";"1006,8";"3,0";"10,0";"8,7";"225,30";"0,0"
"18/01/2026";"2100";"26,1";"26,7";"26,1";"72,0";"72,0";"65,0";"20,5";"20,5";"19,6";"1006,7";"1007,4";"1006,6";"3,0";"51,0";"7,7";"84,00";"0,0"
"18/01/2026";"2200";"25,5";"26,1";"25,5";"75,0";"75,0";"72,0";"20,8";"20,9";"20,6";"1006,7";"1006,7";"1006,6";"3,2";"54,0";"6,6";"16,20";"0,0"
"18/01/2026";"2300";"25,3";"25,5";"25,1";"76,0";"76,0";"75,0";"20,7";"20,8";"20,6";"1007,3";"1007,3";"1006,7";"2,7";"41,0";"6,6";"";"0,0"
"19/01/2026";"0000";"25,0";"25,3";"25,0";"76,0";"77,0";"76,0";"20,6";"20,7";"20,6";"1007,7";"1007,7";"1007,3";"1,9";"50,0";"5,7";"";"0,0"
"19/01/2026";"0100";"24,4";"25,1";"24,3";"82,0";"82,0";"76,0";"21,1";"21,1";"20,6";"1007,6";"1007,9";"1007,6";"2,2";"68,0";"4,4";"";"0,0"
"19/01/2026";"0200";"24,1";"24,6";"24,1";"83,0";"83,0";"81,0";"21,1";"21,3";"21,1";"1007,4";"1007,6";"1007,4";"2,3";"56,0";"5,2";"";"0,0"
"19/01/2026";"0300";"23,3";"24,1";"23,3";"87,0";"87,0";"83,0";"21,0";"21,1";"20,9";"1007,0";"1007,4";"1007,0";"1,6";"58,0";"4,3";"";"0,0"
"19/01/2026";"0400";"22,3";"23,4";"22,3";"90,0";"90,0";"87,0";"20,7";"21,2";"20,6";"1006,3";"1007,0";"1006,3";"1,2";"12,0";"3,2";"";"0,0"
"19/01/2026";"0500";"21,8";"22,3";"21,6";"91,0";"91,0";"90,0";"20,3";"20,6";"20,1";"1005,8";"1006,3";"1005,7";"1,4";"28,0";"3,1";"";"0,0"
"19/01/2026";"0600";"22,3";"22,3";"21,7";"90,0";"91,0";"90,0";"20,5";"20,5";"20,2";"1005,4";"1005,9";"1005,4";"2,1";"19,0";"3,9";"";"0,0"
"19/01/2026";"0700";"21,9";"22,4";"21,8";"90,0";"90,0";"89,0";"20,1";"20,6";"20,0";"1004,7";"1005,4";"1004,7";"2,3";"35,0";"3,9";"";"0,0"
"19/01/2026";"0800";"21,9";"22,1";"21,8";"91,0";"91,0";"90,0";"20,3";"20,5";"20,1";"1005,0";"1005,0";"1004,7";"2,1";"57,0";"3,7";"";"0,0"
"19/01/2026";"0900";"23,1";"23,1";"21,9";"87,0";"91,0";"87,0";"20,8";"21,0";"20,4";"1005,4";"1005,4";"1004,9";"1,9";"46,0";"3,5";"82,00";"0,0"
"19/01/2026";"1000";"24,7";"24,7";"22,9";"80,0";"87,0";"80,0";"21,0";"21,2";"20,6";"1006,3";"1006,3";"1005,3";"2,0";"28,0";"5,0";"514,70";"0,0"
"19/01/2026";"1100";"26,8";"26,9";"24,7";"70,0";"80,0";"70,0";"20,9";"21,3";"20,8";"1006,3";"1006,4";"1006,2";"3,0";"24,0";"5,0";"1085,00";"0,0"
"19/01/2026";"1200";"29,3";"29,3";"26,8";"63,0";"71,0";"62,0";"21,5";"21,5";"20,6";"1006,1";"1006,4";"1006,1";"3,4";"2,0";"5,6";"1469,90";"0,0"
"19/01/2026";"1300";"31,1";"31,5";"29,2";"49,0";"63,0";"48,0";"19,1";"20,9";"18,7";"1005,7";"1006,1";"1005,7";"4,7";"329,0";"9,3";"2904,90";"0,0"
"19/01/2026";"1400";"32,3";"32,6";"30,6";"46,0";"51,0";"45,0";"19,3";"20,3";"18,5";"1005,4";"1005,8";"1005,4";"3,9";"357,0";"9,3";"3767,20";"0,0"
"19/01/2026";"1500";"32,8";"33,3";"30,9";"44,0";"51,0";"43,0";"18,8";"20,4";"18,8";"1004,8";"1005,5";"1004,8";"5,4";"2,0";"11,2";"2808,30";"0,0"
"19/01/2026";"1600";"33,2";"34,9";"32,5";"45,0";"46,0";"41,0";"19,8";"20,9";"18,8";"1004,2";"1004,8";"1004,2";"3,9";"29,0";"11,2";"3904,00";"0,0"
"19/01/2026";"1700";"29,9";"34,3";"29,9";"57,0";"58,0";"41,0";"20,5";"20,9";"18,4";"1003,7";"1004,2";"1003,7";"4,6";"61,0";"9,6";"1856,60";"0,0"
"19/01/2026";"1800";"29,4";"31,3";"29,4";"58,0";"58,0";"53,0";"20,3";"21,2";"19,7";"1003,3";"1003,6";"1003,3";"5,0";"69,0";"8,9";"1780,70";"0,0"
"19/01/2026";"1900";"28,9";"30,2";"28,7";"68,0";"68,0";"58,0";"22,3";"22,3";"20,4";"1002,7";"1003,3";"1002,7";"4,0";"69,0";"8,9";"1071,90";"0,0"
"19/01/2026";"2000";"28,5";"29,8";"28,5";"67,0";"68,0";"62,0";"21,7";"22,4";"21,5";"1002,6";"1002,7";"1002,5";"6,4";"50,0";"11,4";"954,10";"0,0"
"19/01/2026";"2100";"27,9";"28,8";"27,9";"65,0";"67,0";"63,0";"20,7";"22,0";"20,7";"1003,1";"1003,1";"1002,5";"4,7";"53,0";"10,6";"372,10";"0,0"
"19/01/2026";"2200";"26,0";"27,9";"26,0";"73,0";"73,0";"65,0";"20,9";"21,0";"20,7";"1003,4";"1003,5";"1003,1";"3,2";"63,0";"8,2";"29,10";"0,0"
"19/01/2026";"2300";"25,9";"26,0";"25,6";"76,0";"77,0";"73,0";"21,4";"21,5";"20,9";"1004,3";"1004,3";"1003,4";"2,7";"47,0";"6,0";"";"0,0"
"20/01/2026";"0000";"26,1";"26,1";"25,9";"77,0";"77,0";"76,0";"21,7";"21,7";"21,4";"1004,1";"1004,4";"1004,1";"2,6";"38,0";"5,9";"";"0,0"
"20/01/2026";"0100";"25,8";"26,1";"25,8";"79,0";"79,0";"77,0";"21,8";"21,9";"21,6";"1004,8";"1004,8";"1004,1";"2,6";"34,0";"4,6";"";"0,0"
"20/01/2026";"0200";"25,3";"25,8";"25,3";"83,0";"83,0";"79,0";"22,3";"22,3";"21,8";"1005,1";"1005,1";"1004,8";"1,5";"35,0";"4,4";"";"0,0"
"20/01/2026";"0300";"24,6";"25,5";"24,6";"87,0";"87,0";"83,0";"22,4";"22,5";"22,3";"1004,8";"1005,1";"1004,7";"2,2";"46,0";"3,8";"";"0,2"
"20/01/2026";"0400";"24,0";"24,6";"24,0";"90,0";"90,0";"87,0";"22,3";"22,5";"22,3";"1004,1";"1004,9";"1004,1";"1,4";"67,0";"3,8";"";"0,8"
"20/01/2026";"0500";"23,7";"24,0";"23,6";"90,0";"91,0";"90,0";"22,1";"22,3";"22,0";"1004,6";"1004,6";"1004,0";"1,3";"80,0";"5,4";"";"0,4"
"20/01/2026";"0600";"23,4";"23,8";"23,4";"92,0";"92,0";"90,0";"22,0";"22,1";"21,9";"1004,7";"1004,8";"1004,6";"0,9";"181,0";"2,5";"";"2,2"
"20/01/2026";"0700";"23,4";"23,5";"23,3";"92,0";"93,0";"92,0";"22,1";"22,1";"22,0";"1004,8";"1004,8";"1004,5";"2,6";"192,0";"7,2";"";"0,0"
"20/01/2026";"0800";"23,2";"23,4";"23,1";"93,0";"93,0";"92,0";"22,0";"22,1";"21,8";"1006,0";"1006,0";"1004,8";"2,1";"187,0";"6,8";"";"0,2"
"20/01/2026";"0900";"23,1";"23,2";"23,1";"93,0";"93,0";"93,0";"21,9";"22,0";"21,9";"1006,9";"1006,9";"1006,0";"1,9";"168,0";"5,2";"9,00";"1,2"
"20/01/2026";"1000";"23,2";"23,2";"23,1";"93,0";"93,0";"93,0";"22,1";"22,1";"21,9";"1007,4";"1007,5";"1006,9";"1,9";"156,0";"5,2";"51,10";"2,8"
"20/01/2026";"1100";"23,0";"23,3";"23,0";"93,0";"93,0";"93,0";"21,9";"22,1";"21,9";"1008,3";"1008,3";"1007,4";"1,6";"185,0";"4,6";"91,60";"3,0"
"20/01/2026";"1200";"22,5";"23,1";"22,2";"94,0";"94,0";"93,0";"21,5";"22,0";"21,2";"1008,9";"1008,9";"1008,3";"2,4";"217,0";"6,0";"164,00";"9,6"
"20/01/2026";"1300";"22,6";"22,6";"22,1";"95,0";"95,0";"94,0";"21,6";"21,6";"21,2";"1009,5";"1009,6";"1008,9";"1,6";"209,0";"4,7";"274,00";"15,4"
"20/01/2026";"1400";"23,2";"23,4";"22,6";"94,0";"95,0";"94,0";"22,2";"22,4";"21,7";"1009,4";"1009,6";"1009,4";"2,8";"217,0";"5,8";"555,60";"1,4"
"20/01/2026";"1500";"23,1";"23,4";"23,0";"93,0";"94,0";"93,0";"21,9";"22,3";"21,8";"1009,3";"1009,4";"1009,2";"4,4";"219,0";"6,7";"675,30";"1,4"
"20/01/2026";"1600";"23,3";"23,8";"23,1";"91,0";"93,0";"91,0";"21,8";"22,6";"21,8";"1009,3";"1009,4";"1009,2";"2,7";"204,0";"6,7";"728,60";"0,4"
"20/01/2026";"1700";"23,3";"23,7";"23,1";"92,0";"93,0";"91,0";"21,9";"22,4";"21,6";"1009,2";"1009,3";"1009,1";"2,6";"204,0";"7,4";"794,30";"3,4"
"20/01/2026";"1800";"22,8";"23,4";"22,7";"92,0";"93,0";"91,0";"21,4";"22,1";"21,2";"1008,8";"1009,2";"1008,7";"4,9";"211,0";"11,3";"541,30";"3,6"
"20/01/2026";"1900";"23,3";"23,3";"22,8";"90,0";"92,0";"89,0";"21,5";"21,8";"21,3";"1009,0";"1009,0";"1008,6";"4,6";"210,0";"11,4";"1011,60";"0,4"
"20/01/2026";"2000";"23,1";"23,4";"23,1";"88,0";"90,0";"86,0";"20,9";"21,5";"20,8";"1009,0";"1009,0";"1008,6";"4,2";"205,0";"11,5";"459,90";"0,0"
"20/01/2026";"2100";"22,4";"23,1";"22,4";"91,0";"91,0";"88,0";"20,9";"21,1";"20,9";"1009,3";"1009,3";"1008,9";"3,9";"202,0";"9,3";"147,60";"0,0"
"20/01/2026";"2200";"21,8";"22,4";"21,8";"92,0";"92,0";"91,0";"20,5";"20,9";"20,5";"1010,0";"1010,0";"1009,3";"3,7";"219,0";"9,0";"16,70";"0,2"
"20/01/2026";"2300";"21,9";"21,9";"21,8";"93,0";"93,0";"92,0";"20,8";"20,8";"20,5";"1010,8";"1010,9";"1010,0";"4,5";"215,0";"8,2";"";"0,8"
"21/01/2026";"0000";"21,9";"21,9";"21,8";"94,0";"94,0";"93,0";"20,8";"20,8";"20,8";"1011,2";"1011,2";"1010,8";"3,3";"214,0";"8,2";"";"1,0"
"21/01/2026";"0100";"21,8";"21,9";"21,8";"94,0";"94,0";"94,0";"20,8";"20,8";"20,8";"1011,6";"1011,6";"1011,2";"2,9";"212,0";"7,1";"";"2,6"
"21/01/2026";"0200";"21,4";"21,8";"21,4";"94,0";"94,0";"94,0";"20,5";"20,8";"20,5";"1011,6";"1011,6";"1011,5";"1,9";"244,0";"6,5";"";"1,2"
"21/01/2026";"0300";"20,9";"21,4";"20,9";"94,0";"94,0";"94,0";"19,9";"20,5";"19,9";"1011,2";"1011,6";"1011,2";"2,8";"237,0";"4,9";"";"1,6"
"21/01/2026";"0400";"20,6";"20,9";"20,6";"93,0";"94,0";"93,0";"19,5";"19,9";"19,5";"1010,6";"1011,2";"1010,6";"2,7";"243,0";"5,8";"";"1,2"
"21/01/2026";"0500";"20,6";"20,8";"20,6";"92,0";"93,0";"92,0";"19,2";"19,6";"19,2";"1010,2";"1010,6";"1010,2";"2,7";"239,0";"5,8";"";"0,4"
"21/01/2026";"0600";"20,6";"20,6";"20,5";"93,0";"93,0";"92,0";"19,4";"19,4";"19,2";"1009,8";"1010,2";"1009,8";"1,3";"317,0";"4,6";"";"0,2"
"21/01/2026";"0700";"20,9";"20,9";"20,6";"93,0";"93,0";"93,0";"19,8";"19,8";"19,4";"1009,9";"1009,9";"1009,7";"0,8";"276,0";"2,3";"";"0,2"
"21/01/2026";"0800";"21,0";"21,1";"20,9";"94,0";"94,0";"93,0";"20,0";"20,0";"19,8";"1010,2";"1010,2";"1009,9";"1,1";"355,0";"2,0";"";"0,0"
"21/01/2026";"0900";"21,0";"21,0";"21,0";"94,0";"94,0";"94,0";"20,0";"20,0";"19,9";"1011,2";"1011,2";"1010,2";"1,4";"333,0";"2,7";"9,60";"0,0"
"21/01/2026";"1000";"21,6";"21,6";"21,0";"94,0";"94,0";"94,0";"20,5";"20,6";"20,0";"1011,5";"1011,5";"1011,2";"0,6";"6,0";"2,6";"163,20";"0,2"
"21/01/2026";"1100";"23,4";"23,5";"21,5";"84,0";"94,0";"84,0";"20,6";"21,5";"20,4";"1012,1";"1012,1";"1011,5";"1,7";"272,0";"3,1";"830,90";"0,0"
"21/01/2026";"1200";"24,7";"24,7";"23,3";"71,0";"85,0";"68,0";"19,0";"20,7";"18,0";"1012,1";"1012,2";"1012,1";"2,7";"233,0";"4,9";"1462,10";"0,0"
"21/01/2026";"1300";"25,9";"25,9";"24,5";"66,0";"72,0";"65,0";"19,0";"19,4";"17,6";"1012,6";"1012,6";"1012,0";"2,4";"217,0";"6,5";"1799,90";"0,0"
"21/01/2026";"1400";"24,9";"26,0";"24,7";"65,0";"68,0";"62,0";"17,8";"19,1";"17,6";"1012,6";"1012,6";"1012,5";"2,7";"216,0";"6,8";"1336,20";"0,0"
"21/01/2026";"1500";"23,1";"24,9";"23,0";"79,0";"79,0";"65,0";"19,2";"19,2";"17,5";"1012,8";"1012,8";"1012,6";"2,9";"235,0";"5,7";"623,50";"0,0"
"21/01/2026";"1600";"21,6";"23,1";"21,5";"89,0";"89,0";"78,0";"19,6";"19,8";"18,9";"1012,7";"1012,9";"1012,7";"2,2";"240,0";"5,5";"699,40";"0,4"
"21/01/2026";"1700";"21,3";"21,6";"21,1";"92,0";"92,0";"89,0";"19,9";"20,0";"19,3";"1012,0";"1012,7";"1012,0";"3,1";"215,0";"6,4";"629,90";"0,2"
"21/01/2026";"1800";"21,2";"21,3";"20,9";"93,0";"93,0";"91,0";"20,0";"20,0";"19,5";"1011,9";"1012,1";"1011,9";"2,7";"214,0";"6,0";"349,50";"2,6"
"21/01/2026";"1900";"21,4";"21,5";"21,1";"92,0";"93,0";"92,0";"20,0";"20,2";"19,9";"1011,3";"1011,9";"1011,3";"2,5";"203,0";"6,2";"487,00";"0,0"
"21/01/2026";"2000";"21,5";"21,5";"21,3";"92,0";"92,0";"92,0";"20,2";"20,2";"19,9";"1011,5";"1011,5";"1011,3";"2,0";"208,0";"6,6";"198,70";"0,0"
"21/01/2026";"2100";"21,0";"21,5";"21,0";"93,0";"93,0";"92,0";"19,8";"20,2";"19,8";"1011,9";"1011,9";"1011,5";"3,6";"221,0";"6,2";"99,40";"0,0"
"21/01/2026";"2200";"20,5";"21,0";"20,5";"94,0";"94,0";"93,0";"19,5";"19,9";"19,5";"1012,7";"1012,7";"1011,9";"3,3";"229,0";"6,5";"6,50";"1,0"
"21/01/2026";"2300";"20,3";"20,5";"20,3";"94,0";"94,0";"94,0";"19,3";"19,5";"19,3";"1013,4";"1013,4";"1012,7";"3,2";"223,0";"5,9";"";"3,4"
"22/01/2026";"0000";"20,3";"20,3";"20,2";"95,0";"95,0";"94,0";"19,4";"19,4";"19,3";"1013,8";"1013,8";"1013,4";"3,0";"217,0";"6,1";"";"3,4"
"22/01/2026";"0100";"20,3";"20,3";"20,2";"95,0";"95,0";"95,0";"19,4";"19,4";"19,4";"1013,8";"1014,0";"1013,8";"3,2";"221,0";"5,7";"";"1,6"
"22/01/2026";"0200";"19,9";"20,3";"19,9";"95,0";"95,0";"95,0";"19,1";"19,5";"19,1";"1013,6";"1013,9";"1013,5";"4,5";"216,0";"8,0";"";"0,0"
"22/01/2026";"0300";"19,3";"19,9";"19,3";"95,0";"95,0";"95,0";"18,4";"19,0";"18,4";"1013,3";"1013,6";"1013,3";"3,3";"215,0";"7,7";"0,10";"0,0"
"22/01/2026";"0400";"19,0";"19,3";"19,0";"95,0";"95,0";"95,0";"18,1";"18,5";"18,1";"1012,5";"1013,3";"1012,5";"4,3";"217,0";"7,0";"";"0,0"
"22/01/2026";"0500";"19,1";"19,1";"18,9";"95,0";"95,0";"95,0";"18,2";"18,2";"18,1";"1012,1";"1012,5";"1012,1";"3,1";"213,0";"7,0";"";"0,0"
"22/01/2026";"0600";"19,2";"19,2";"19,0";"95,0";"95,0";"95,0";"18,3";"18,3";"18,2";"1011,5";"1012,0";"1011,5";"2,9";"210,0";"5,7";"";"0,0"
"22/01/2026";"0700";"19,5";"19,5";"19,2";"94,0";"95,0";"94,0";"18,5";"18,5";"18,3";"1011,3";"1011,5";"1011,2";"1,8";"225,0";"5,5";"0,20";"0,0"
"22/01/2026";"0800";"19,7";"19,7";"19,5";"94,0";"94,0";"94,0";"18,7";"18,7";"18,5";"1011,4";"1011,4";"1011,2";"1,7";"232,0";"3,3";"0,50";"0,0"
"22/01/2026";"0900";"20,1";"20,1";"19,7";"94,0";"94,0";"94,0";"19,1";"19,1";"18,7";"1012,0";"1012,0";"1011,4";"1,0";"225,0";"3,0";"28,50";"0,0"
"22/01/2026";"1000";"20,7";"20,7";"20,1";"93,0";"94,0";"93,0";"19,6";"19,6";"19,1";"1012,8";"1012,8";"1012,0";"2,1";"220,0";"3,6";"167,60";"0,2"
"22/01/2026";"1100";"21,6";"21,8";"20,7";"91,0";"93,0";"91,0";"20,1";"20,3";"19,5";"1013,6";"1013,6";"1012,8";"1,4";"246,0";"3,6";"461,60";"0,0"
"22/01/2026";"1200";"22,2";"22,2";"21,6";"90,0";"91,0";"90,0";"20,5";"20,5";"20,0";"1014,1";"1014,1";"1013,6";"1,1";"260,0";"2,9";"571,10";"0,0"
"22/01/2026";"1300";"22,5";"22,6";"22,1";"89,0";"90,0";"88,0";"20,6";"20,9";"20,2";"1014,0";"1014,2";"1013,9";"1,2";"194,0";"2,2";"764,80";"1,0"
"22/01/2026";"1400";"23,0";"23,0";"22,5";"88,0";"90,0";"87,0";"20,8";"21,2";"20,5";"1013,4";"1014,0";"1013,4";"2,4";"228,0";"3,3";"976,80";"0,2"
"22/01/2026";"1500";"23,6";"23,6";"22,9";"84,0";"87,0";"84,0";"20,6";"21,0";"20,2";"1013,4";"1013,5";"1013,4";"0,8";"286,0";"3,3";"1095,30";"0,0"
"22/01/2026";"1600";"23,0";"23,5";"22,9";"87,0";"88,0";"83,0";"20,8";"21,2";"20,0";"1012,9";"1013,5";"1012,9";"1,5";"216,0";"2,2";"876,60";"0,6"
"22/01/2026";"1700";"23,1";"23,2";"22,8";"91,0";"92,0";"87,0";"21,6";"21,7";"21,0";"1012,6";"1012,9";"1012,6";"1,4";"189,0";"3,7";"784,30";"0,6"
"22/01/2026";"1800";"23,5";"23,5";"22,9";"89,0";"91,0";"88,0";"21,6";"21,8";"21,2";"1012,5";"1012,6";"1012,4";"1,3";"201,0";"3,7";"990,90";"0,2"
"22/01/2026";"1900";"23,0";"23,7";"23,0";"89,0";"90,0";"87,0";"21,1";"21,7";"20,9";"1012,2";"1012,5";"1012,2";"1,0";"178,0";"2,7";"531,40";"0,2"
"22/01/2026";"2000";"22,6";"23,1";"22,6";"91,0";"91,0";"89,0";"21,1";"21,2";"21,0";"1012,2";"1012,3";"1012,0";"0,7";"147,0";"1,9";"257,10";"0,8"
"22/01/2026";"2100";"22,3";"22,8";"22,3";"92,0";"92,0";"91,0";"21,0";"21,3";"21,0";"1012,0";"1012,2";"1011,9";"1,7";"96,0";"2,8";"128,20";"0,8"
"22/01/2026";"2200";"22,0";"22,3";"22,0";"93,0";"93,0";"92,0";"20,8";"21,0";"20,8";"1012,2";"1012,2";"1011,9";"1,5";"54,0";"4,8";"16,30";"0,0"
"22/01/2026";"2300";"22,0";"22,0";"21,9";"94,0";"94,0";"93,0";"21,0";"21,0";"20,8";"1012,8";"1012,8";"1012,2";"2,1";"51,0";"3,0";"";"0,6"
"23/01/2026";"0000";"21,5";"22,1";"21,5";"94,0";"94,0";"94,0";"20,5";"21,1";"20,5";"1013,3";"1013,3";"1012,8";"1,3";"328,0";"3,5";"";"0,4"
"23/01/2026";"0100";"21,4";"21,6";"21,3";"94,0";"94,0";"94,0";"20,4";"20,6";"20,3";"1013,8";"1013,8";"1013,3";"0,3";"209,0";"2,1";"";"0,4"
"23/01/2026";"0200";"21,2";"21,4";"21,2";"94,0";"94,0";"94,0";"20,2";"20,4";"20,2";"1013,8";"1014,0";"1013,8";"0,3";"351,0";"1,4";"";"0,6"
"23/01/2026";"0300";"21,3";"21,4";"21,2";"94,0";"94,0";"94,0";"20,3";"20,4";"20,2";"1013,0";"1013,9";"1013,0";"0,8";"277,0";"1,3";"";"0,6"
"23/01/2026";"0400";"21,0";"21,3";"21,0";"95,0";"95,0";"94,0";"20,1";"20,3";"20,1";"1012,3";"1013,0";"1012,3";"0,5";"301,0";"1,6";"";"0,8"
"23/01/2026";"0500";"20,8";"21,1";"20,8";"95,0";"95,0";"95,0";"20,0";"20,2";"20,0";"1011,4";"1012,3";"1011,4";"0,7";"100,0";"1,1";"";"0,2"
"23/01/2026";"0600";"20,9";"20,9";"20,8";"95,0";"95,0";"95,0";"20,0";"20,1";"19,9";"1011,5";"1011,5";"1011,2";"0,7";"290,0";"1,3";"";"0,4"
"23/01/2026";"0700";"21,0";"21,0";"20,9";"95,0";"95,0";"95,0";"20,1";"20,2";"20,0";"1011,5";"1011,6";"1011,4";"0,5";"330,0";"1,3";"";"0,4"
"23/01/2026";"0800";"20,8";"21,0";"20,6";"95,0";"95,0";"95,0";"19,9";"20,1";"19,8";"1012,0";"1012,0";"1011,5";"0,7";"304,0";"1,2";"";"0,0"
"23/01/2026";"0900";"20,7";"20,8";"20,7";"95,0";"95,0";"95,0";"19,9";"20,0";"19,8";"1012,7";"1012,7";"1012,0";"0,9";"309,0";"1,6";"13,10";"0,8"
"23/01/2026";"1000";"20,9";"20,9";"20,6";"95,0";"95,0";"95,0";"20,0";"20,1";"19,7";"1013,2";"1013,2";"1012,7";"0,5";"328,0";"1,8";"120,70";"0,8"
"23/01/2026";"1100";"21,5";"21,5";"20,8";"95,0";"95,0";"95,0";"20,6";"20,6";"20,0";"1013,5";"1013,5";"1013,1";"0,3";"239,0";"1,0";"240,90";"0,2"
"23/01/2026";"1200";"22,0";"22,0";"21,3";"94,0";"95,0";"94,0";"21,0";"21,0";"20,5";"1013,8";"1013,8";"1013,5";"0,6";"295,0";"1,5";"471,30";"0,2"
"23/01/2026";"1300";"22,7";"22,7";"21,9";"94,0";"95,0";"93,0";"21,6";"21,6";"21,0";"1013,8";"1013,9";"1013,8";"0,6";"179,0";"1,8";"670,70";"0,0"
"23/01/2026";"1400";"22,8";"22,9";"22,5";"91,0";"94,0";"91,0";"21,3";"21,7";"21,0";"1013,7";"1013,8";"1013,5";"0,8";"168,0";"3,6";"629,80";"0,2"
"23/01/2026";"1500";"23,4";"23,7";"22,8";"88,0";"91,0";"88,0";"21,4";"21,9";"21,0";"1013,3";"1013,7";"1013,3";"0,5";"139,0";"2,1";"709,80";"0,2"
"23/01/2026";"1600";"23,5";"23,7";"23,4";"88,0";"89,0";"86,0";"21,4";"21,7";"21,0";"1012,6";"1013,3";"1012,6";"1,7";"81,0";"3,0";"740,90";"0,0"
"23/01/2026";"1700";"23,9";"24,2";"23,4";"88,0";"90,0";"88,0";"21,7";"22,2";"21,4";"1012,4";"1012,7";"1012,3";"0,8";"349,0";"3,3";"682,70";"0,6"
"23/01/2026";"1800";"23,2";"24,2";"23,2";"92,0";"92,0";"87,0";"21,8";"22,0";"21,6";"1012,0";"1012,5";"1012,0";"0,9";"208,0";"2,7";"468,90";"2,0"
"23/01/2026";"1900";"23,3";"23,5";"23,2";"93,0";"93,0";"92,0";"22,0";"22,3";"21,8";"1011,7";"1012,0";"1011,7";"1,1";"138,0";"2,1";"347,50";"1,4"
"23/01/2026";"2000";"23,6";"23,6";"23,2";"92,0";"93,0";"92,0";"22,2";"22,2";"22,0";"1011,7";"1011,8";"1011,5";"1,3";"134,0";"3,3";"356,00";"0,6"
"23/01/2026";"2100";"23,1";"23,7";"23,1";"92,0";"92,0";"92,0";"21,7";"22,3";"21,7";"1012,1";"1012,1";"1011,7";"1,4";"155,0";"3,4";"173,70";"0,2"
"23/01/2026";"2200";"22,5";"23,1";"22,5";"93,0";"93,0";"92,0";"21,3";"21,7";"21,3";"1012,5";"1012,6";"1012,1";"1,5";"148,0";"3,6";"1,60";"0,4"
"23/01/2026";"2300";"22,2";"22,5";"22,2";"94,0";"94,0";"93,0";"21,1";"21,4";"21,1";"1012,7";"1012,8";"1012,4";"1,8";"139,0";"3,0";"";"0,6"
"24/01/2026";"0000";"22,2";"22,2";"22,0";"94,0";"94,0";"94,0";"21,1";"21,1";"21,0";"1012,9";"1012,9";"1012,7";"1,5";"128,0";"3,4";"";"0,6"
"24/01/2026";"0100";"22,1";"22,2";"22,1";"94,0";"94,0";"94,0";"21,1";"21,2";"21,1";"1013,3";"1013,4";"1012,9";"1,2";"241,0";"3,0";"";"0,0"
"24/01/2026";"0200";"21,9";"22,1";"21,9";"94,0";"94,0";"94,0";"21,0";"21,1";"21,0";"1013,2";"1013,4";"1013,2";"1,0";"225,0";"2,3";"";"0,0"
"24/01/2026";"0300";"22,2";"22,2";"21,9";"95,0";"95,0";"94,0";"21,2";"21,2";"21,0";"1012,6";"1013,2";"1012,6";"1,0";"225,0";"1,7";"";"0,0"
"24/01/2026";"0400";"22,2";"22,2";"22,1";"95,0";"95,0";"95,0";"21,3";"21,3";"21,2";"1012,3";"1012,7";"1012,3";"1,3";"246,0";"2,4";"";"0,0"
"24/01/2026";"0500";"22,3";"22,3";"22,2";"95,0";"95,0";"95,0";"21,4";"21,5";"21,3";"1011,7";"1012,3";"1011,7";"0,9";"137,0";"2,2";"";"0,0"
"24/01/2026";"0600";"22,4";"22,4";"22,3";"95,0";"95,0";"95,0";"21,5";"21,6";"21,4";"1011,7";"1011,8";"1011,7";"1,1";"224,0";"1,7";"";"0,0"
"24/01/2026";"0700";"22,3";"22,4";"22,3";"95,0";"95,0";"95,0";"21,5";"21,5";"21,4";"1011,6";"1011,7";"1011,4";"0,7";"273,0";"1,7";"";"0,0"
"24/01/2026";"0800";"22,2";"22,3";"22,2";"95,0";"95,0";"95,0";"21,4";"21,5";"21,4";"1011,7";"1011,7";"1011,4";"0,6";"208,0";"1,0";"";"0,0"
"24/01/2026";"0900";"22,4";"22,4";"22,1";"95,0";"95,0";"95,0";"21,5";"21,5";"21,3";"1012,1";"1012,1";"1011,7";"0,6";"109,0";"2,0";"41,80";"0,0"
"24/01/2026";"1000";"23,8";"23,8";"22,4";"95,0";"95,0";"95,0";"22,9";"22,9";"21,5";"1012,6";"1012,6";"1012,1";"0,7";"91,0";"1,4";"495,10";"0,0"
"24/01/2026";"1100";"24,6";"24,8";"23,8";"90,0";"95,0";"90,0";"22,9";"23,5";"22,9";"1013,4";"1013,4";"1012,6";"1,8";"12,0";"3,1";"749,80";"0,0"
"24/01/2026";"1200";"25,8";"25,9";"24,6";"84,0";"90,0";"83,0";"22,8";"23,3";"22,4";"1013,5";"1013,7";"1013,4";"2,3";"53,0";"4,4";"1177,90";"0,2"
"24/01/2026";"1300";"27,2";"27,7";"25,6";"76,0";"84,0";"75,0";"22,6";"23,4";"22,2";"1013,6";"1013,7";"1013,4";"2,8";"27,0";"5,0";"1902,50";"0,0"
"24/01/2026";"1400";"27,6";"28,0";"27,1";"72,0";"77,0";"72,0";"22,1";"23,0";"22,1";"1013,4";"1013,7";"1013,4";"2,0";"8,0";"4,9";"2050,30";"0,0"
"24/01/2026";"1500";"29,3";"30,0";"27,6";"66,0";"73,0";"64,0";"22,3";"23,2";"21,8";"1012,9";"1013,4";"1012,9";"2,0";"349,0";"3,7";"2301,70";"0,0"
"24/01/2026";"1600";"29,8";"30,8";"29,2";"66,0";"68,0";"62,0";"22,6";"23,6";"21,8";"1012,4";"1012,9";"1012,4";"1,7";"85,0";"4,8";"2548,90";"0,0"
"24/01/2026";"1700";"28,4";"30,3";"28,4";"69,0";"70,0";"65,0";"22,1";"23,5";"22,0";"1012,3";"1012,4";"1011,9";"3,3";"70,0";"6,0";"1579,50";"0,0"
"24/01/2026";"1800";"24,6";"28,4";"24,0";"91,0";"91,0";"69,0";"23,0";"23,3";"21,2";"1012,2";"1012,5";"1012,2";"2,6";"62,0";"8,1";"349,90";"6,8"
"24/01/2026";"1900";"25,5";"25,5";"24,6";"88,0";"92,0";"88,0";"23,3";"23,6";"23,0";"1012,0";"1012,3";"1012,0";"2,6";"81,0";"4,9";"571,00";"0,2"
"24/01/2026";"2000";"25,3";"25,5";"25,2";"85,0";"88,0";"85,0";"22,6";"23,3";"22,6";"1012,2";"1012,2";"1012,0";"2,8";"66,0";"5,7";"329,70";"0,0"
"24/01/2026";"2100";"25,1";"25,3";"25,0";"85,0";"85,0";"84,0";"22,3";"22,6";"22,3";"1012,6";"1012,6";"1012,2";"2,2";"62,0";"6,1";"195,80";"0,0"
"24/01/2026";"2200";"24,8";"25,2";"24,8";"86,0";"86,0";"84,0";"22,4";"22,4";"22,1";"1013,3";"1013,3";"1012,6";"2,3";"40,0";"5,6";"22,30";"0,0"
"24/01/2026";"2300";"24,5";"24,8";"24,5";"89,0";"89,0";"86,0";"22,5";"22,6";"22,4";"1013,8";"1013,9";"1013,3";"0,9";"56,0";"4,0";"";"0,0"
"25/01/2026";"0000";"24,5";"24,5";"24,4";"91,0";"91,0";"89,0";"22,8";"22,8";"22,5";"1013,2";"1013,8";"1013,2";"2,6";"65,0";"5,5";"";"0,0"
"25/01/2026";"0100";"24,0";"24,6";"24,0";"91,0";"91,0";"90,0";"22,5";"22,8";"22,4";"1014,2";"1014,2";"1013,2";"0,7";"278,0";"5,5";"";"0,2"
"25/01/2026";"0200";"23,7";"24,1";"23,6";"92,0";"92,0";"91,0";"22,4";"22,7";"22,1";"1014,1";"1014,3";"1013,9";"0,4";"70,0";"1,7";"";"0,0"
"25/01/2026";"0300";"23,4";"23,7";"23,4";"93,0";"93,0";"92,0";"22,2";"22,5";"22,1";"1014,1";"1014,1";"1014,0";"0,5";"156,0";"1,5";"";"0,0"
"25/01/2026";"0400";"23,5";"23,6";"23,1";"93,0";"94,0";"93,0";"22,3";"22,5";"22,0";"1013,6";"1014,1";"1013,6";"0,8";"130,0";"2,4";"";"0,0"
"25/01/2026";"0500";"23,2";"23,5";"23,2";"93,0";"93,0";"93,0";"22,0";"22,4";"22,0";"1012,9";"1013,6";"1012,9";"0,9";"99,0";"2,2";"";"0,0"
"25/01/2026";"0600";"22,8";"23,2";"22,8";"93,0";"93,0";"93,0";"21,7";"22,1";"21,6";"1012,7";"1012,9";"1012,6";"1,4";"68,0";"3,0";"";"0,0"
"25/01/2026";"0700";"22,5";"23,0";"22,4";"94,0";"94,0";"93,0";"21,5";"21,9";"21,3";"1012,9";"1012,9";"1012,5";"1,8";"57,0";"3,0";"";"0,0"
"25/01/2026";"0800";"22,0";"22,6";"22,0";"94,0";"94,0";"94,0";"21,0";"21,5";"20,9";"1013,3";"1013,3";"1012,8";"1,2";"329,0";"3,0";"";"0,0"
"25/01/2026";"0900";"22,9";"22,9";"22,0";"94,0";"95,0";"94,0";"22,0";"22,0";"21,0";"1013,9";"1013,9";"1013,3";"0,9";"46,0";"1,7";"92,90";"0,0"
"25/01/2026";"1000";"24,8";"24,8";"22,9";"90,0";"94,0";"90,0";"23,1";"23,6";"22,0";"1014,5";"1014,5";"1013,9";"1,1";"42,0";"1,9";"550,50";"0,0"
"25/01/2026";"1100";"26,8";"26,9";"24,7";"77,0";"90,0";"77,0";"22,4";"23,4";"22,2";"1014,9";"1014,9";"1014,5";"2,0";"37,0";"4,5";"1589,90";"0,0"
"25/01/2026";"1200";"28,2";"28,3";"26,8";"70,0";"77,0";"70,0";"22,3";"23,0";"21,8";"1015,3";"1015,3";"1014,9";"3,1";"22,0";"5,3";"2443,80";"0,0"
"25/01/2026";"1300";"28,8";"28,9";"28,1";"68,0";"72,0";"68,0";"22,2";"23,0";"22,1";"1015,3";"1015,5";"1015,3";"3,9";"18,0";"7,2";"2410,10";"0,0"
"25/01/2026";"1400";"30,2";"30,6";"28,8";"64,0";"70,0";"61,0";"22,7";"23,4";"21,6";"1014,8";"1015,4";"1014,8";"3,2";"9,0";"7,2";"3367,20";"0,0"
"25/01/2026";"1500";"31,1";"31,5";"30,2";"60,0";"64,0";"56,0";"22,4";"23,4";"21,2";"1014,3";"1014,8";"1014,3";"3,3";"30,0";"6,0";"3757,90";"0,0"
"25/01/2026";"1600";"31,7";"32,8";"30,9";"56,0";"60,0";"53,0";"21,8";"23,1";"20,9";"1013,6";"1014,3";"1013,6";"2,3";"50,0";"5,9";"4109,70";"0,0"
"25/01/2026";"1700";"29,7";"32,1";"29,7";"63,0";"65,0";"53,0";"21,9";"23,2";"20,9";"1013,3";"1013,6";"1013,2";"5,6";"61,0";"10,7";"3302,20";"0,0"
"25/01/2026";"1800";"28,5";"29,9";"28,1";"67,0";"70,0";"61,0";"21,6";"23,1";"21,4";"1012,7";"1013,3";"1012,7";"6,7";"56,0";"12,0";"2732,40";"0,0"
"25/01/2026";"1900";"29,1";"29,5";"28,3";"59,0";"67,0";"59,0";"20,2";"21,9";"20,2";"1012,3";"1012,8";"1012,2";"5,4";"59,0";"12,5";"1996,90";"0,0"
"25/01/2026";"2000";"28,1";"29,1";"28,1";"61,0";"61,0";"57,0";"19,9";"20,4";"19,4";"1012,8";"1012,8";"1012,2";"4,8";"57,0";"10,9";"1512,60";"0,0"
"25/01/2026";"2100";"26,5";"28,1";"26,3";"71,0";"72,0";"61,0";"20,8";"20,9";"19,7";"1013,8";"1013,8";"1012,8";"3,8";"73,0";"9,3";"279,20";"0,0"
"25/01/2026";"2200";"25,3";"26,5";"25,3";"82,0";"82,0";"71,0";"22,0";"22,0";"20,9";"1014,2";"1014,2";"1013,8";"3,3";"77,0";"7,6";"13,10";"0,0"
"25/01/2026";"2300";"24,9";"25,3";"24,9";"83,0";"84,0";"82,0";"21,9";"22,3";"21,9";"1014,4";"1014,4";"1014,2";"2,8";"74,0";"5,7";"";"0,0"
"26/01/2026";"0000";"24,7";"25,0";"24,6";"85,0";"86,0";"83,0";"22,1";"22,2";"21,7";"1014,9";"1014,9";"1014,4";"2,3";"73,0";"5,2";"";"0,0"
"26/01/2026";"0100";"24,5";"24,7";"24,3";"84,0";"86,0";"84,0";"21,7";"22,1";"21,5";"1015,9";"1015,9";"1014,9";"1,1";"90,0";"4,2";"";"0,0"
"26/01/2026";"0200";"24,5";"24,5";"24,2";"88,0";"88,0";"84,0";"22,3";"22,4";"21,6";"1015,1";"1015,9";"1015,1";"2,5";"75,0";"4,0";"";"0,0"
"26/01/2026";"0300";"24,7";"24,8";"24,5";"87,0";"88,0";"86,0";"22,3";"22,5";"22,3";"1014,6";"1015,1";"1014,6";"3,9";"61,0";"7,6";"";"0,0"
"26/01/2026";"0400";"24,6";"24,8";"24,6";"89,0";"89,0";"87,0";"22,6";"22,7";"22,3";"1014,2";"1014,6";"1014,2";"4,3";"61,0";"7,8";"";"0,0"
"26/01/2026";"0500";"24,5";"24,7";"24,5";"89,0";"89,0";"88,0";"22,5";"22,7";"22,5";"1014,0";"1014,2";"1014,0";"3,6";"69,0";"7,8";"";"0,0"
"26/01/2026";"0600";"24,2";"24,5";"24,2";"90,0";"90,0";"89,0";"22,5";"22,6";"22,4";"1013,7";"1014,0";"1013,7";"3,6";"67,0";"7,0";"";"0,0"
"26/01/2026";"0700";"24,2";"24,3";"24,1";"89,0";"90,0";"89,0";"22,2";"22,5";"22,2";"1013,6";"1013,8";"1013,6";"4,0";"69,0";"7,5";"";"0,0"
"26/01/2026";"0800";"23,9";"24,2";"23,9";"89,0";"89,0";"88,0";"21,9";"22,2";"21,9";"1014,2";"1014,2";"1013,6";"3,4";"67,0";"6,9";"";"0,0"
"26/01/2026";"0900";"24,1";"24,2";"23,8";"88,0";"89,0";"88,0";"22,0";"22,1";"21,8";"1014,9";"1014,9";"1014,2";"2,5";"35,0";"5,9";"77,00";"0,0"
"26/01/2026";"1000";"25,3";"25,9";"24,0";"81,0";"88,0";"80,0";"21,9";"22,8";"21,9";"1015,5";"1015,5";"1014,9";"2,4";"17,0";"4,7";"600,00";"0,0"
"26/01/2026";"1100";"27,4";"27,6";"25,2";"71,0";"82,0";"71,0";"21,8";"22,6";"21,8";"1015,7";"1015,7";"1015,4";"2,6";"17,0";"4,4";"1406,90";"0,0"
"26/01/2026";"1200";"29,4";"29,7";"27,3";"56,0";"73,0";"55,0";"19,6";"22,5";"19,6";"1016,2";"1016,2";"1015,7";"3,7";"41,0";"6,8";"2423,80";"0,0"
"26/01/2026";"1300";"30,2";"31,0";"29,4";"51,0";"59,0";"48,0";"18,9";"21,0";"18,4";"1016,2";"1016,3";"1016,1";"4,3";"41,0";"7,6";"3108,00";"0,0"
"26/01/2026";"1400";"31,2";"31,5";"30,2";"47,0";"52,0";"44,0";"18,6";"19,9";"17,7";"1015,8";"1016,2";"1015,8";"3,8";"47,0";"8,4";"3607,00";"0,0"
"26/01/2026";"1500";"30,5";"31,7";"30,3";"53,0";"54,0";"44,0";"19,8";"20,3";"17,7";"1015,4";"1015,8";"1015,4";"5,7";"73,0";"9,6";"3910,50";"0,0"
"26/01/2026";"1600";"30,4";"31,0";"30,2";"51,0";"56,0";"50,0";"19,1";"20,9";"18,7";"1014,9";"1015,4";"1014,9";"5,6";"75,0";"9,9";"3934,00";"0,0"
"26/01/2026";"1700";"30,2";"30,7";"29,8";"56,0";"56,0";"50,0";"20,5";"20,7";"18,6";"1014,5";"1014,9";"1014,5";"5,1";"58,0";"10,3";"3673,70";"0,0"
"26/01/2026";"1800";"29,9";"30,6";"29,9";"49,0";"57,0";"48,0";"18,0";"21,0";"17,9";"1013,9";"1014,5";"1013,9";"5,6";"62,0";"9,9";"3190,50";"0,0"
"26/01/2026";"1900";"29,3";"30,2";"29,2";"54,0";"54,0";"48,0";"19,0";"19,0";"17,7";"1013,8";"1013,9";"1013,7";"5,7";"61,0";"10,6";"2481,50";"0,0"
"26/01/2026";"2000";"28,2";"29,3";"28,1";"60,0";"61,0";"53,0";"19,7";"19,9";"18,5";"1014,1";"1014,1";"1013,7";"5,3";"70,0";"10,6";"1640,60";"0,0"
"26/01/2026";"2100";"26,6";"28,2";"26,6";"68,0";"68,0";"59,0";"20,3";"20,3";"19,3";"1014,2";"1014,3";"1014,1";"4,2";"66,0";"9,9";"704,10";"0,0"
"26/01/2026";"2200";"25,0";"26,6";"25,0";"80,0";"80,0";"68,0";"21,4";"21,4";"20,3";"1014,5";"1014,5";"1014,2";"2,5";"76,0";"8,3";"22,20";"0,0"
"26/01/2026";"2300";"24,1";"25,1";"24,0";"87,0";"87,0";"80,0";"21,8";"21,8";"21,3";"1015,3";"1015,3";"1014,5";"1,9";"75,0";"4,5";"";"0,0"
"27/01/2026";"0000";"23,8";"24,1";"23,7";"88,0";"88,0";"87,0";"21,6";"21,8";"21,5";"1015,7";"1015,7";"1015,3";"1,0";"70,0";"3,2";"";"0,0"
"27/01/2026";"0100";"23,5";"23,8";"23,5";"89,0";"89,0";"88,0";"21,6";"21,7";"21,4";"1016,0";"1016,0";"1015,7";"0,5";"80,0";"2,3";"";"0,0"
"27/01/2026";"0200";"23,0";"23,7";"23,0";"90,0";"90,0";"89,0";"21,2";"21,7";"21,2";"1015,5";"1016,1";"1015,5";"1,3";"65,0";"3,2";"";"0,0"
"27/01/2026";"0300";"23,3";"23,3";"22,6";"91,0";"92,0";"90,0";"21,8";"21,8";"21,0";"1015,0";"1015,5";"1015,0";"1,5";"94,0";"2,8";"";"0,0"
"27/01/2026";"0400";"23,3";"23,7";"23,3";"91,0";"91,0";"90,0";"21,7";"22,2";"21,7";"1014,5";"1015,0";"1014,5";"1,6";"92,0";"3,4";"";"0,0"
"27/01/2026";"0500";"22,7";"23,3";"22,7";"93,0";"93,0";"91,0";"21,5";"21,7";"21,3";"1013,7";"1014,5";"1013,7";"2,6";"76,0";"3,9";"";"0,0"
"27/01/2026";"0600";"22,7";"22,9";"22,6";"92,0";"93,0";"92,0";"21,4";"21,7";"21,4";"1013,7";"1013,7";"1013,6";"1,2";"86,0";"3,6";"";"0,0"
"27/01/2026";"0700";"22,5";"22,8";"22,4";"92,0";"93,0";"92,0";"21,2";"21,5";"21,2";"1014,0";"1014,0";"1013,7";"2,0";"84,0";"3,1";"";"0,0"
"27/01/2026";"0800";"22,4";"22,5";"22,3";"92,0";"92,0";"92,0";"21,1";"21,2";"21,0";"1014,5";"1014,5";"1014,0";"1,8";"88,0";"3,1";"";"0,0"
"27/01/2026";"0900";"22,9";"22,9";"22,1";"90,0";"92,0";"90,0";"21,2";"21,2";"20,8";"1015,2";"1015,2";"1014,5";"2,1";"71,0";"3,2";"67,50";"0,0"
"27/01/2026";"1000";"25,6";"25,6";"22,9";"77,0";"90,0";"76,0";"21,2";"21,5";"21,1";"1015,8";"1015,8";"1015,2";"2,2";"51,0";"4,5";"685,90";"0,0"
"27/01/2026";"1100";"27,3";"27,4";"25,6";"63,0";"77,0";"62,0";"19,7";"21,4";"19,5";"1016,1";"1016,1";"1015,7";"3,8";"47,0";"7,0";"1591,80";"0,0"
"27/01/2026";"1200";"28,8";"29,0";"27,3";"57,0";"64,0";"56,0";"19,3";"20,3";"19,0";"1016,2";"1016,2";"1016,0";"4,3";"42,0";"7,8";"2466,30";"0,0"
"27/01/2026";"1300";"30,3";"30,5";"28,8";"54,0";"59,0";"52,0";"19,9";"20,2";"18,6";"1016,0";"1016,3";"1016,0";"3,4";"38,0";"8,0";"3070,80";"0,0"
"27/01/2026";"1400";"30,1";"30,9";"29,7";"53,0";"55,0";"49,0";"19,5";"20,4";"18,4";"1015,3";"1016,0";"1015,3";"4,2";"60,0";"8,5";"3670,40";"0,0"
"27/01/2026";"1500";"30,5";"31,4";"30,0";"49,0";"57,0";"47,0";"18,6";"21,1";"18,4";"1014,8";"1015,4";"1014,8";"3,7";"73,0";"8,5";"3811,10";"0,0"
"27/01/2026";"1600";"31,2";"31,3";"30,4";"50,0";"52,0";"46,0";"19,5";"19,9";"17,6";"1014,1";"1014,8";"1014,1";"5,2";"77,0";"8,6";"4010,90";"0,0"
"27/01/2026";"1700";"29,8";"31,2";"29,8";"55,0";"55,0";"48,0";"19,8";"20,3";"18,6";"1013,8";"1014,2";"1013,8";"5,5";"73,0";"11,6";"3751,20";"0,0"
"27/01/2026";"1800";"29,7";"30,1";"29,4";"54,0";"57,0";"52,0";"19,6";"20,1";"18,8";"1013,4";"1013,9";"1013,4";"5,4";"67,0";"11,4";"2756,80";"0,0"
"27/01/2026";"1900";"28,9";"30,1";"28,9";"58,0";"59,0";"51,0";"19,8";"20,3";"18,3";"1013,2";"1013,4";"1013,0";"5,2";"76,0";"10,3";"2498,80";"0,0"
"27/01/2026";"2000";"28,2";"29,4";"28,1";"60,0";"61,0";"53,0";"19,5";"20,5";"18,7";"1013,1";"1013,2";"1013,0";"5,0";"76,0";"9,7";"1664,50";"0,0"
"27/01/2026";"2100";"26,2";"28,2";"26,2";"72,0";"72,0";"59,0";"20,7";"20,7";"19,4";"1013,9";"1013,9";"1013,1";"3,7";"70,0";"10,5";"617,10";"0,0"
"27/01/2026";"2200";"24,8";"26,2";"24,8";"83,0";"83,0";"72,0";"21,8";"21,8";"20,8";"1014,3";"1014,3";"1013,9";"2,7";"76,0";"7,0";"17,50";"0,0"
"27/01/2026";"2300";"24,1";"24,8";"24,1";"89,0";"89,0";"83,0";"22,1";"22,2";"21,8";"1014,8";"1014,8";"1014,3";"2,2";"76,0";"5,1";"";"0,0"
"28/01/2026";"0000";"23,8";"24,1";"23,8";"90,0";"90,0";"89,0";"22,0";"22,3";"22,0";"1015,1";"1015,1";"1014,7";"1,7";"80,0";"3,5";"";"0,0"
"28/01/2026";"0100";"23,2";"23,8";"23,2";"91,0";"91,0";"90,0";"21,6";"22,1";"21,5";"1015,2";"1015,3";"1015,1";"1,7";"63,0";"3,2";"";"0,0"
"28/01/2026";"0200";"22,8";"23,7";"22,8";"90,0";"91,0";"89,0";"21,1";"21,9";"21,1";"1014,9";"1015,3";"1014,9";"1,5";"35,0";"4,2";"";"0,0"
"28/01/2026";"0300";"23,2";"23,3";"22,8";"90,0";"91,0";"90,0";"21,4";"21,7";"21,1";"1014,1";"1014,9";"1014,1";"2,4";"60,0";"4,8";"";"0,0"
"28/01/2026";"0400";"23,0";"23,2";"23,0";"91,0";"91,0";"90,0";"21,4";"21,5";"21,3";"1013,6";"1014,2";"1013,6";"2,4";"57,0";"4,1";"";"0,0"
"28/01/2026";"0500";"23,1";"23,2";"23,0";"90,0";"91,0";"90,0";"21,4";"21,6";"21,3";"1013,4";"1013,6";"1013,4";"2,3";"46,0";"3,9";"";"0,0"
"28/01/2026";"0600";"23,1";"23,3";"23,0";"90,0";"90,0";"90,0";"21,3";"21,5";"21,3";"1013,2";"1013,4";"1013,2";"2,6";"55,0";"4,2";"";"0,0"
"28/01/2026";"0700";"22,9";"23,2";"22,8";"90,0";"90,0";"89,0";"21,1";"21,4";"21,1";"1013,2";"1013,3";"1013,1";"2,3";"66,0";"4,6";"";"0,0"
"28/01/2026";"0800";"22,1";"23,2";"22,1";"90,0";"90,0";"87,0";"20,4";"21,2";"20,4";"1013,8";"1013,8";"1013,2";"1,2";"6,0";"4,4";"";"0,0"
"28/01/2026";"0900";"22,2";"22,2";"21,7";"92,0";"92,0";"90,0";"20,8";"20,8";"20,3";"1014,6";"1014,6";"1013,8";"1,2";"3,0";"2,3";"60,40";"0,0"
"28/01/2026";"1000";"23,4";"23,4";"22,2";"88,0";"92,0";"88,0";"21,3";"21,6";"20,8";"1015,1";"1015,1";"1014,6";"1,0";"24,0";"2,5";"344,00";"0,0"
"28/01/2026";"1100";"26,5";"26,5";"23,4";"72,0";"88,0";"71,0";"20,9";"21,9";"20,8";"1015,2";"1015,2";"1015,1";"3,0";"44,0";"4,9";"1267,40";"0,0"
"28/01/2026";"1200";"28,9";"29,1";"26,5";"57,0";"72,0";"56,0";"19,6";"21,5";"19,4";"1015,2";"1015,2";"1015,1";"3,4";"41,0";"6,1";"2452,50";"0,0"
"28/01/2026";"1300";"29,7";"30,4";"28,8";"53,0";"60,0";"52,0";"19,0";"20,4";"18,9";"1015,3";"1015,3";"1015,2";"2,8";"36,0";"6,0";"2976,40";"0,0"
"28/01/2026";"1400";"30,4";"30,5";"29,5";"53,0";"56,0";"51,0";"19,7";"20,5";"18,5";"1014,9";"1015,3";"1014,9";"3,0";"18,0";"6,9";"3069,60";"0,0"
"28/01/2026";"1500";"31,3";"32,0";"30,2";"45,0";"55,0";"44,0";"18,1";"20,7";"17,5";"1014,2";"1014,9";"1014,2";"3,0";"35,0";"6,5";"4190,20";"0,0"
"28/01/2026";"1600";"30,8";"32,0";"30,2";"52,0";"56,0";"42,0";"19,9";"20,9";"17,3";"1013,6";"1014,2";"1013,6";"4,0";"80,0";"8,0";"3708,70";"0,0"
"28/01/2026";"1700";"30,3";"31,2";"30,0";"54,0";"56,0";"51,0";"19,9";"21,1";"19,4";"1013,1";"1013,6";"1013,1";"4,8";"67,0";"9,9";"3702,50";"0,0"
"28/01/2026";"1800";"29,9";"30,4";"29,4";"53,0";"56,0";"52,0";"19,2";"20,7";"19,0";"1012,5";"1013,1";"1012,5";"4,9";"61,0";"10,7";"3062,90";"0,0"
"28/01/2026";"1900";"28,9";"29,9";"28,7";"57,0";"58,0";"53,0";"19,5";"20,2";"19,0";"1012,4";"1012,6";"1012,3";"5,8";"63,0";"11,0";"2337,70";"0,0"
"28/01/2026";"2000";"28,1";"29,0";"28,1";"59,0";"62,0";"55,0";"19,3";"20,1";"19,0";"1012,3";"1012,5";"1012,3";"5,3";"56,0";"10,4";"1567,60";"0,0"
"28/01/2026";"2100";"26,6";"28,1";"26,6";"71,0";"72,0";"59,0";"21,0";"21,3";"19,2";"1012,6";"1012,6";"1012,2";"4,8";"67,0";"10,4";"585,90";"0,0"
"28/01/2026";"2200";"25,5";"26,6";"25,4";"77,0";"77,0";"71,0";"21,2";"21,2";"20,7";"1013,2";"1013,2";"1012,6";"3,4";"55,0";"9,0";"51,50";"0,0"
"28/01/2026";"2300";"24,7";"25,5";"24,7";"83,0";"83,0";"77,0";"21,6";"21,7";"21,2";"1013,8";"1013,9";"1013,2";"2,6";"54,0";"6,1";"";"0,0"
"29/01/2026";"0000";"24,2";"24,7";"24,2";"86,0";"86,0";"83,0";"21,7";"21,8";"21,6";"1014,1";"1014,1";"1013,8";"2,6";"61,0";"5,6";"";"0,0"
"29/01/2026";"0100";"23,8";"24,3";"23,8";"87,0";"87,0";"85,0";"21,4";"21,8";"21,4";"1014,9";"1014,9";"1014,1";"1,4";"60,0";"4,9";"";"0,0"
"29/01/2026";"0200";"23,6";"23,8";"23,6";"88,0";"88,0";"87,0";"21,5";"21,7";"21,3";"1014,1";"1014,9";"1014,1";"2,0";"70,0";"3,8";"";"0,0"
"29/01/2026";"0300";"24,1";"24,2";"23,6";"87,0";"88,0";"87,0";"21,8";"21,9";"21,5";"1013,6";"1014,1";"1013,6";"2,5";"56,0";"5,6";"";"0,0"
"29/01/2026";"0400";"23,6";"24,1";"23,5";"89,0";"90,0";"87,0";"21,8";"21,9";"21,6";"1013,2";"1013,8";"1013,2";"1,6";"54,0";"4,5";"";"0,0"
"29/01/2026";"0500";"23,1";"23,7";"23,1";"89,0";"90,0";"89,0";"21,2";"21,8";"21,2";"1012,8";"1013,2";"1012,8";"1,2";"34,0";"3,8";"";"0,0"
"29/01/2026";"0600";"22,8";"23,2";"22,8";"90,0";"90,0";"89,0";"21,1";"21,4";"21,0";"1012,2";"1012,8";"1012,2";"1,2";"53,0";"2,8";"";"0,0"
"29/01/2026";"0700";"22,7";"22,9";"22,6";"91,0";"91,0";"90,0";"21,2";"21,4";"21,0";"1012,2";"1012,3";"1012,1";"1,8";"45,0";"3,1";"";"0,0"
"29/01/2026";"0800";"22,2";"22,8";"22,2";"92,0";"92,0";"91,0";"20,8";"21,3";"20,8";"1012,6";"1012,6";"1012,2";"1,5";"299,0";"3,2";"";"0,0"
"29/01/2026";"0900";"22,6";"22,6";"21,9";"93,0";"93,0";"92,0";"21,5";"21,5";"20,7";"1012,9";"1012,9";"1012,5";"1,0";"28,0";"2,0";"59,70";"0,0"
"29/01/2026";"1000";"25,2";"25,3";"22,6";"82,0";"93,0";"82,0";"21,9";"22,8";"21,5";"1013,3";"1013,3";"1012,9";"2,5";"24,0";"4,6";"649,40";"0,0"
"29/01/2026";"1100";"27,2";"27,2";"25,1";"73,0";"82,0";"73,0";"22,0";"22,1";"21,5";"1013,4";"1013,5";"1013,4";"3,8";"22,0";"6,6";"1504,90";"0,0"
"29/01/2026";"1200";"28,9";"29,0";"27,1";"63,0";"74,0";"63,0";"21,2";"22,6";"21,2";"1013,4";"1013,5";"1013,4";"4,4";"10,0";"6,8";"2350,60";"0,0"
"29/01/2026";"1300";"30,4";"30,7";"28,9";"61,0";"64,0";"58,0";"22,0";"22,4";"21,2";"1013,2";"1013,5";"1013,2";"3,5";"1,0";"8,2";"3076,30";"0,0"
"29/01/2026";"1400";"31,4";"31,8";"30,4";"54,0";"62,0";"53,0";"20,9";"22,5";"20,7";"1012,8";"1013,2";"1012,8";"4,5";"353,0";"8,0";"3576,20";"0,0"
"29/01/2026";"1500";"32,4";"32,9";"31,4";"52,0";"56,0";"48,0";"21,4";"22,2";"20,3";"1011,9";"1012,8";"1011,9";"3,2";"15,0";"8,0";"3785,90";"0,0"
"29/01/2026";"1600";"32,1";"33,8";"32,0";"54,0";"55,0";"45,0";"21,6";"22,2";"19,8";"1011,2";"1011,9";"1011,2";"3,0";"66,0";"7,6";"3743,60";"0,0"
"29/01/2026";"1700";"31,7";"32,0";"30,5";"56,0";"59,0";"53,0";"21,7";"22,2";"20,5";"1010,3";"1011,2";"1010,3";"5,0";"71,0";"9,0";"2672,20";"0,0"
"29/01/2026";"1800";"30,6";"31,9";"30,5";"57,0";"58,0";"54,0";"21,2";"22,0";"20,7";"1009,6";"1010,3";"1009,5";"5,6";"66,0";"9,6";"3116,80";"0,0"
"29/01/2026";"1900";"29,8";"31,1";"29,3";"59,0";"60,0";"54,0";"20,8";"21,6";"20,0";"1008,8";"1009,6";"1008,8";"5,5";"55,0";"10,7";"1908,20";"0,0"
"29/01/2026";"2000";"27,4";"29,8";"27,4";"70,0";"70,0";"59,0";"21,4";"21,4";"20,5";"1009,2";"1009,4";"1008,8";"4,8";"58,0";"10,7";"831,70";"0,0"
"29/01/2026";"2100";"26,3";"27,4";"26,3";"75,0";"76,0";"70,0";"21,7";"21,7";"21,4";"1009,5";"1009,5";"1009,1";"4,3";"57,0";"8,9";"247,50";"0,0"
"29/01/2026";"2200";"25,8";"26,3";"25,8";"76,0";"76,0";"74,0";"21,3";"21,7";"21,0";"1010,3";"1010,3";"1009,5";"3,5";"51,0";"8,9";"15,70";"0,0"
"29/01/2026";"2300";"26,0";"26,0";"25,5";"73,0";"78,0";"73,0";"20,8";"21,5";"20,8";"1011,9";"1012,1";"1010,3";"2,1";"345,0";"7,5";"";"0,0"
"30/01/2026";"0000";"26,0";"26,2";"25,4";"72,0";"77,0";"72,0";"20,6";"21,1";"20,6";"1011,9";"1012,0";"1011,5";"1,2";"111,0";"4,8";"";"0,0"
"30/01/2026";"0100";"24,5";"26,2";"24,5";"80,0";"80,0";"70,0";"20,8";"20,9";"20,3";"1011,8";"1012,0";"1011,7";"1,5";"25,0";"4,1";"";"0,0"
"30/01/2026";"0200";"22,7";"24,5";"22,4";"90,0";"90,0";"80,0";"21,0";"21,0";"20,3";"1011,4";"1011,8";"1011,3";"1,1";"282,0";"4,5";"";"0,0"
"30/01/2026";"0300";"23,1";"23,5";"22,7";"89,0";"91,0";"88,0";"21,1";"21,6";"21,0";"1010,4";"1011,4";"1010,4";"2,1";"16,0";"4,6";"";"0,0"
"30/01/2026";"0400";"22,2";"23,1";"22,2";"92,0";"92,0";"89,0";"20,8";"21,2";"20,8";"1009,5";"1010,4";"1009,5";"2,1";"351,0";"4,4";"";"0,0"
"30/01/2026";"0500";"21,7";"22,2";"21,7";"92,0";"92,0";"92,0";"20,4";"20,8";"20,4";"1009,2";"1009,5";"1009,0";"1,1";"19,0";"4,0";"";"0,0"
"30/01/2026";"0600";"21,5";"21,7";"21,5";"92,0";"92,0";"92,0";"20,2";"20,4";"20,2";"1008,2";"1009,2";"1008,2";"1,9";"23,0";"4,5";"";"0,0"
"30/01/2026";"0700";"21,8";"21,8";"21,5";"91,0";"92,0";"90,0";"20,2";"20,2";"20,1";"1008,4";"1008,4";"1008,1";"2,5";"7,0";"5,3";"";"0,0"
"30/01/2026";"0800";"21,5";"21,8";"21,5";"91,0";"91,0";"90,0";"19,9";"20,2";"19,9";"1008,5";"1008,6";"1008,4";"2,2";"14,0";"5,0";"";"0,0"
"30/01/2026";"0900";"21,8";"21,8";"21,4";"91,0";"91,0";"90,0";"20,3";"20,3";"19,9";"1009,0";"1009,0";"1008,4";"2,6";"38,0";"5,0";"37,30";"0,0"
"30/01/2026";"1000";"23,3";"23,4";"21,8";"84,0";"91,0";"84,0";"20,5";"21,2";"20,3";"1009,4";"1009,4";"1009,0";"3,0";"14,0";"4,9";"455,80";"0,0"
"30/01/2026";"1100";"26,0";"26,6";"23,3";"74,0";"85,0";"73,0";"20,9";"21,9";"20,5";"1009,8";"1009,8";"1009,3";"3,7";"15,0";"5,4";"1407,20";"0,0"
"30/01/2026";"1200";"27,7";"27,8";"25,8";"71,0";"75,0";"68,0";"22,0";"22,3";"20,9";"1010,2";"1010,2";"1009,8";"3,0";"19,0";"6,0";"2008,80";"0,0"
"30/01/2026";"1300";"30,1";"30,2";"27,7";"63,0";"71,0";"63,0";"22,4";"23,1";"21,4";"1009,9";"1010,2";"1009,9";"2,6";"11,0";"5,8";"2960,90";"0,0"
"30/01/2026";"1400";"30,5";"30,9";"29,5";"59,0";"64,0";"59,0";"21,7";"23,0";"21,5";"1009,4";"1009,9";"1009,4";"3,0";"23,0";"6,5";"2552,40";"0,0"
"30/01/2026";"1500";"29,5";"32,2";"29,5";"67,0";"67,0";"57,0";"22,7";"23,6";"21,6";"1009,0";"1009,5";"1009,0";"2,9";"293,0";"5,3";"2152,90";"0,0"
"30/01/2026";"1600";"28,5";"31,0";"28,5";"68,0";"68,0";"61,0";"22,0";"23,2";"21,7";"1008,0";"1009,0";"1008,0";"3,0";"84,0";"5,9";"1664,30";"0,0"
"30/01/2026";"1700";"29,3";"30,0";"28,5";"65,0";"69,0";"63,0";"22,0";"23,0";"21,7";"1007,2";"1008,0";"1007,2";"3,9";"70,0";"6,7";"1749,80";"0,0"
"30/01/2026";"1800";"25,3";"30,5";"25,3";"79,0";"79,0";"60,0";"21,5";"23,0";"21,1";"1006,9";"1007,4";"1006,9";"4,6";"36,0";"11,9";"1566,90";"0,0"
"30/01/2026";"1900";"25,6";"25,8";"24,4";"84,0";"86,0";"79,0";"22,6";"23,1";"21,4";"1006,7";"1006,9";"1006,5";"3,1";"48,0";"9,5";"343,80";"0,0"
"30/01/2026";"2000";"24,6";"25,6";"24,5";"91,0";"91,0";"83,0";"22,9";"22,9";"22,1";"1007,7";"1007,7";"1006,7";"3,4";"24,0";"6,9";"67,30";"1,4"
"30/01/2026";"2100";"23,3";"24,6";"23,3";"92,0";"92,0";"91,0";"22,0";"22,9";"22,0";"1007,6";"1007,9";"1007,6";"2,1";"10,0";"6,7";"27,20";"3,8"
"30/01/2026";"2200";"22,7";"23,3";"22,7";"93,0";"93,0";"92,0";"21,5";"22,0";"21,5";"1007,7";"1007,7";"1007,4";"2,2";"31,0";"4,4";"6,80";"0,6"
"30/01/2026";"2300";"22,7";"22,7";"22,6";"92,0";"93,0";"92,0";"21,2";"21,5";"21,2";"1007,8";"1007,9";"1007,5";"2,9";"13,0";"5,1";"";"0,0"
"31/01/2026";"0000";"22,6";"22,8";"22,5";"92,0";"92,0";"91,0";"21,2";"21,3";"21,0";"1007,9";"1008,0";"1007,7";"2,3";"38,0";"5,9";"";"0,0"
"31/01/2026";"0100";"22,7";"22,9";"22,6";"92,0";"92,0";"92,0";"21,3";"21,5";"21,2";"1008,1";"1008,2";"1007,9";"1,7";"23,0";"4,1";"";"0,0"
"31/01/2026";"0200";"22,9";"22,9";"22,7";"92,0";"92,0";"92,0";"21,5";"21,5";"21,3";"1007,9";"1008,2";"1007,9";"2,7";"25,0";"5,5";"";"0,0"
"31/01/2026";"0300";"23,0";"23,0";"22,9";"92,0";"92,0";"92,0";"21,6";"21,6";"21,5";"1007,4";"1007,9";"1007,4";"1,6";"12,0";"4,3";"";"0,0"
"31/01/2026";"0400";"23,0";"23,1";"23,0";"92,0";"92,0";"92,0";"21,6";"21,7";"21,6";"1006,1";"1007,4";"1006,1";"0,9";"15,0";"2,9";"";"0,0"
"31/01/2026";"0500";"23,0";"23,1";"22,9";"92,0";"92,0";"92,0";"21,6";"21,7";"21,6";"1005,2";"1006,1";"1005,2";"0,5";"298,0";"2,3";"";"0,0"
"31/01/2026";"0600";"23,2";"23,2";"22,8";"93,0";"93,0";"92,0";"21,9";"21,9";"21,5";"1005,0";"1005,2";"1004,9";"2,4";"4,0";"3,8";"";"0,0"
"31/01/2026";"0700";"23,1";"23,4";"23,1";"92,0";"93,0";"92,0";"21,8";"22,0";"21,8";"1004,9";"1005,1";"1004,8";"2,7";"349,0";"4,6";"";"0,0"
"31/01/2026";"0800";"23,1";"23,2";"23,1";"92,0";"92,0";"92,0";"21,7";"21,8";"21,6";"1005,0";"1005,0";"1004,8";"3,7";"354,0";"6,7";"";"0,0"
"31/01/2026";"0900";"23,1";"23,2";"23,0";"92,0";"92,0";"91,0";"21,7";"21,7";"21,6";"1005,5";"1005,5";"1005,0";"2,9";"355,0";"6,7";"22,20";"0,0"
"31/01/2026";"1000";"24,8";"24,8";"23,1";"87,0";"92,0";"87,0";"22,6";"23,0";"21,6";"1005,9";"1005,9";"1005,4";"2,2";"353,0";"4,8";"478,90";"0,0"
"31/01/2026";"1100";"27,5";"27,5";"24,8";"76,0";"87,0";"73,0";"22,8";"23,1";"21,8";"1006,1";"1006,2";"1005,8";"2,5";"331,0";"5,4";"1578,10";"0,0"
"31/01/2026";"1200";"29,1";"29,3";"27,5";"65,0";"76,0";"65,0";"21,9";"23,2";"21,9";"1006,2";"1006,3";"1006,1";"3,0";"314,0";"6,0";"2249,10";"0,0"
"31/01/2026";"1300";"29,3";"30,0";"28,6";"63,0";"67,0";"61,0";"21,6";"22,5";"21,0";"1006,2";"1006,3";"1006,1";"4,9";"302,0";"7,4";"2647,70";"0,0"
"31/01/2026";"1400";"29,9";"31,1";"29,0";"60,0";"65,0";"58,0";"21,3";"22,8";"21,1";"1006,0";"1006,2";"1006,0";"4,4";"317,0";"9,6";"3219,50";"0,0"
"31/01/2026";"1500";"31,0";"31,8";"29,9";"59,0";"64,0";"57,0";"22,1";"23,2";"21,4";"1005,8";"1006,1";"1005,7";"4,5";"323,0";"9,6";"3615,40";"0,0"
"31/01/2026";"1600";"31,7";"32,0";"30,5";"56,0";"63,0";"55,0";"21,7";"23,0";"21,5";"1005,3";"1005,8";"1005,3";"3,5";"325,0";"7,7";"2833,40";"0,0"
"31/01/2026";"1700";"32,8";"33,1";"31,4";"53,0";"59,0";"50,0";"22,0";"23,1";"21,0";"1004,5";"1005,4";"1004,5";"2,8";"323,0";"6,7";"2972,50";"0,0"
"31/01/2026";"1800";"33,8";"33,8";"32,8";"51,0";"54,0";"46,0";"22,2";"22,5";"20,6";"1003,6";"1004,5";"1003,6";"2,3";"335,0";"6,5";"3185,60";"0,0"
"31/01/2026";"1900";"28,6";"34,0";"28,6";"66,0";"66,0";"46,0";"21,7";"22,4";"20,3";"1004,2";"1004,2";"1003,2";"6,8";"235,0";"14,6";"1891,20";"0,4"
"31/01/2026";"2000";"27,8";"28,5";"25,0";"69,0";"84,0";"67,0";"21,7";"23,8";"20,7";"1005,0";"1005,1";"1003,8";"2,9";"206,0";"14,6";"1550,70";"4,2"
"31/01/2026";"2100";"26,4";"27,9";"26,4";"72,0";"73,0";"69,0";"20,9";"22,2";"20,8";"1004,9";"1005,4";"1004,9";"3,9";"209,0";"11,5";"403,00";"0,0"
"31/01/2026";"2200";"25,6";"26,4";"25,5";"78,0";"78,0";"72,0";"21,3";"21,4";"20,8";"1005,8";"1005,8";"1004,9";"2,2";"212,0";"8,3";"30,20";"0,0"
"31/01/2026";"2300";"24,3";"25,5";"24,2";"86,0";"86,0";"78,0";"21,9";"21,9";"21,3";"1006,7";"1006,7";"1005,8";"3,0";"227,0";"5,8";"";"0,0"
"01/02/2026";"0000";"23,4";"24,3";"23,3";"90,0";"90,0";"86,0";"21,7";"22,0";"21,6";"1007,2";"1007,2";"1006,7";"1,1";"294,0";"4,7";"";"0,0"
"01/02/2026";"0100";"23,0";"23,5";"22,9";"91,0";"91,0";"90,0";"21,5";"21,9";"21,3";"1007,4";"1007,4";"1007,2";"2,0";"225,0";"2,7";"";"0,0"
"01/02/2026";"0200";"22,9";"23,2";"22,9";"91,0";"91,0";"91,0";"21,3";"21,6";"21,3";"1007,5";"1007,6";"1007,3";"1,3";"297,0";"2,7";"";"0,0"
"01/02/2026";"0300";"23,3";"23,3";"22,7";"92,0";"92,0";"91,0";"21,9";"21,9";"21,3";"1006,7";"1007,5";"1006,7";"0,9";"201,0";"1,9";"";"0,0"
"01/02/2026";"0400";"23,4";"23,7";"23,1";"91,0";"92,0";"90,0";"21,8";"22,1";"21,4";"1006,2";"1006,8";"1006,2";"0,6";"151,0";"1,4";"";"0,0"
"01/02/2026";"0500";"22,6";"23,6";"22,6";"91,0";"91,0";"90,0";"21,1";"22,0";"21,0";"1005,7";"1006,2";"1005,7";"1,9";"324,0";"2,6";"";"0,0"
"01/02/2026";"0600";"22,0";"22,6";"22,0";"92,0";"92,0";"91,0";"20,7";"21,1";"20,6";"1005,2";"1005,7";"1005,1";"1,1";"317,0";"2,6";"";"0,0"
"01/02/2026";"0700";"22,1";"22,3";"22,0";"92,0";"93,0";"92,0";"20,8";"21,0";"20,7";"1004,9";"1005,3";"1004,8";"1,7";"360,0";"3,0";"";"0,0"
"01/02/2026";"0800";"22,0";"22,2";"22,0";"92,0";"93,0";"92,0";"20,6";"20,9";"20,6";"1004,7";"1004,9";"1004,6";"2,2";"16,0";"3,2";"";"0,0"
"01/02/2026";"0900";"23,1";"23,1";"21,9";"90,0";"92,0";"90,0";"21,3";"21,3";"20,4";"1005,3";"1005,3";"1004,8";"3,3";"5,0";"5,0";"55,00";"0,0"
"01/02/2026";"1000";"25,8";"25,8";"23,1";"77,0";"90,0";"77,0";"21,5";"22,2";"21,2";"1005,9";"1005,9";"1005,3";"3,1";"11,0";"5,3";"639,10";"0,0"
"01/02/2026";"1100";"28,3";"28,3";"25,8";"70,0";"78,0";"70,0";"22,2";"22,6";"21,5";"1006,3";"1006,3";"1005,9";"4,4";"9,0";"7,9";"1527,40";"0,0"
"01/02/2026";"1200";"30,7";"30,8";"28,2";"63,0";"71,0";"63,0";"23,0";"23,2";"22,0";"1006,4";"1006,5";"1006,3";"4,0";"360,0";"8,2";"2402,90";"0,0"
"01/02/2026";"1300";"32,6";"32,6";"30,7";"57,0";"65,0";"57,0";"23,0";"23,9";"22,4";"1006,2";"1006,4";"1006,2";"3,3";"360,0";"7,5";"3117,90";"0,0"
"01/02/2026";"1400";"33,4";"33,5";"31,9";"53,0";"59,0";"51,0";"22,6";"23,7";"22,0";"1005,5";"1006,2";"1005,5";"4,4";"306,0";"7,7";"3457,10";"0,0"
"01/02/2026";"1500";"34,1";"34,2";"33,4";"51,0";"55,0";"48,0";"22,3";"23,0";"21,4";"1004,8";"1005,5";"1004,8";"4,8";"290,0";"9,5";"3833,80";"0,0"
"01/02/2026";"1600";"34,7";"35,2";"33,7";"48,0";"51,0";"46,0";"22,1";"23,1";"21,4";"1004,1";"1004,8";"1004,1";"3,5";"290,0";"9,5";"3870,30";"0,0"
"01/02/2026";"1700";"35,3";"35,4";"34,6";"48,0";"50,0";"46,0";"22,7";"23,0";"21,6";"1003,1";"1004,1";"1003,1";"3,7";"278,0";"8,2";"3559,90";"0,0"
"01/02/2026";"1800";"35,0";"35,8";"34,5";"47,0";"50,0";"46,0";"22,0";"23,3";"21,3";"1002,3";"1003,1";"1002,3";"2,7";"284,0";"8,2";"2794,80";"0,0"
"01/02/2026";"1900";"34,4";"35,9";"34,4";"53,0";"53,0";"45,0";"23,4";"23,7";"21,3";"1002,3";"1002,3";"1001,9";"2,1";"27,0";"5,4";"2312,90";"0,0"
"01/02/2026";"2000";"31,1";"34,3";"31,0";"65,0";"65,0";"53,0";"23,6";"24,3";"22,9";"1002,4";"1002,4";"1002,2";"3,5";"68,0";"7,4";"1675,40";"0,0"
"01/02/2026";"2100";"30,4";"31,2";"30,4";"64,0";"65,0";"62,0";"23,0";"23,8";"22,8";"1003,1";"1003,1";"1002,3";"3,8";"56,0";"7,7";"656,90";"0,0"
"01/02/2026";"2200";"28,9";"30,4";"28,9";"70,0";"70,0";"64,0";"23,0";"23,0";"22,4";"1004,0";"1004,0";"1003,1";"3,6";"37,0";"7,4";"44,70";"0,0"
"01/02/2026";"2300";"28,0";"29,0";"28,0";"76,0";"76,0";"70,0";"23,5";"23,5";"23,0";"1005,0";"1005,0";"1004,0";"2,6";"42,0";"7,3";"";"0,0"
"02/02/2026";"0000";"27,1";"28,1";"27,1";"80,0";"81,0";"76,0";"23,5";"23,8";"23,5";"1005,6";"1005,7";"1005,0";"2,2";"36,0";"4,4";"";"0,0"
"02/02/2026";"0100";"27,7";"28,0";"26,5";"77,0";"80,0";"72,0";"23,3";"23,5";"22,5";"1006,3";"1006,3";"1005,6";"1,4";"161,0";"5,4";"";"0,0"
"02/02/2026";"0200";"25,8";"27,7";"25,8";"86,0";"86,0";"77,0";"23,2";"23,9";"23,0";"1006,3";"1006,6";"1006,3";"1,7";"151,0";"5,7";"";"3,0"
"02/02/2026";"0300";"24,9";"25,9";"24,6";"92,0";"92,0";"86,0";"23,6";"23,6";"23,1";"1005,6";"1006,3";"1005,6";"1,8";"124,0";"3,5";"";"5,6"
"02/02/2026";"0400";"23,1";"24,9";"23,1";"93,0";"93,0";"92,0";"21,9";"23,6";"21,9";"1008,2";"1008,6";"1005,5";"5,6";"225,0";"12,3";"";"18,6"
"02/02/2026";"0500";"22,5";"23,1";"22,3";"95,0";"95,0";"93,0";"21,6";"21,8";"21,4";"1007,4";"1008,2";"1007,3";"2,8";"175,0";"13,9";"0,60";"9,2"
"02/02/2026";"0600";"22,7";"22,8";"22,5";"95,0";"95,0";"95,0";"21,8";"21,9";"21,6";"1006,7";"1007,5";"1006,6";"1,8";"176,0";"6,6";"";"1,6"
"02/02/2026";"0700";"22,3";"22,7";"22,3";"95,0";"95,0";"94,0";"21,4";"21,8";"21,4";"1005,8";"1007,3";"1005,8";"2,0";"76,0";"4,5";"";"4,0"
"02/02/2026";"0800";"22,5";"22,5";"22,3";"95,0";"95,0";"95,0";"21,7";"21,7";"21,4";"1005,9";"1006,0";"1005,7";"2,1";"337,0";"4,5";"";"0,6"
"02/02/2026";"0900";"22,9";"22,9";"22,5";"95,0";"95,0";"95,0";"22,0";"22,0";"21,6";"1006,2";"1006,2";"1005,8";"2,8";"341,0";"5,5";"23,00";"0,0"
"02/02/2026";"1000";"24,8";"24,8";"22,9";"94,0";"95,0";"94,0";"23,7";"23,7";"22,0";"1006,1";"1006,4";"1006,1";"2,7";"347,0";"6,5";"419,90";"0,0"
"02/02/2026";"1100";"26,4";"26,6";"24,8";"87,0";"94,0";"86,0";"24,1";"24,4";"23,8";"1006,1";"1006,3";"1006,1";"3,1";"351,0";"5,3";"1127,30";"0,2"
"02/02/2026";"1200";"29,7";"29,7";"26,4";"70,0";"87,0";"68,0";"23,6";"24,8";"23,1";"1005,7";"1006,1";"1005,6";"6,1";"299,0";"9,6";"2002,70";"0,0"
"02/02/2026";"1300";"29,8";"30,2";"29,1";"66,0";"70,0";"65,0";"22,7";"23,6";"22,5";"1005,5";"1005,7";"1005,3";"4,9";"319,0";"11,6";"2074,70";"0,0"
"02/02/2026";"1400";"30,5";"30,7";"29,8";"64,0";"67,0";"63,0";"22,9";"23,4";"22,6";"1005,5";"1005,5";"1005,3";"4,5";"331,0";"9,0";"1945,30";"0,0"
"02/02/2026";"1500";"33,4";"33,4";"30,4";"57,0";"65,0";"57,0";"23,7";"24,1";"22,5";"1005,0";"1005,5";"1005,0";"4,5";"316,0";"8,5";"2297,20";"0,0"
"02/02/2026";"1600";"33,8";"34,1";"33,0";"53,0";"58,0";"51,0";"22,8";"24,0";"22,2";"1004,7";"1005,0";"1004,7";"3,5";"297,0";"7,4";"4190,70";"0,0"
"02/02/2026";"1700";"33,9";"34,7";"33,3";"55,0";"56,0";"47,0";"23,5";"24,0";"21,2";"1004,2";"1004,7";"1004,2";"1,3";"181,0";"6,1";"2332,80";"0,0"
"02/02/2026";"1800";"32,4";"35,1";"32,3";"62,0";"63,0";"49,0";"24,3";"24,5";"21,9";"1003,9";"1004,2";"1003,8";"2,6";"137,0";"6,2";"2219,50";"0,0"
"02/02/2026";"1900";"31,8";"32,8";"31,8";"59,0";"65,0";"58,0";"22,9";"25,3";"22,9";"1004,0";"1004,1";"1003,8";"4,3";"204,0";"8,8";"2159,50";"0,0"
"02/02/2026";"2000";"29,5";"32,3";"29,5";"64,0";"65,0";"59,0";"21,8";"23,7";"21,6";"1005,2";"1005,2";"1004,0";"3,8";"185,0";"11,1";"1221,10";"0,0"
"02/02/2026";"2100";"28,7";"29,5";"28,7";"62,0";"67,0";"60,0";"20,7";"22,2";"20,4";"1006,2";"1006,2";"1005,2";"2,1";"168,0";"10,5";"171,20";"0,0"
"02/02/2026";"2200";"27,6";"28,7";"27,6";"69,0";"69,0";"62,0";"21,4";"21,5";"20,8";"1006,5";"1006,5";"1006,1";"1,6";"203,0";"5,5";"7,70";"0,0"
"02/02/2026";"2300";"26,7";"27,7";"26,5";"74,0";"76,0";"69,0";"21,6";"22,0";"21,4";"1007,6";"1007,6";"1006,5";"2,2";"227,0";"3,9";"";"0,0"
"03/02/2026";"0000";"25,7";"26,7";"25,7";"80,0";"80,0";"74,0";"21,9";"21,9";"21,5";"1008,0";"1008,0";"1007,5";"2,3";"234,0";"4,5";"";"0,0"
"03/02/2026";"0100";"24,7";"25,7";"24,7";"89,0";"89,0";"80,0";"22,8";"22,8";"21,9";"1008,3";"1008,3";"1008,0";"1,7";"257,0";"3,3";"";"0,4"
"03/02/2026";"0200";"24,5";"24,8";"24,5";"91,0";"91,0";"89,0";"22,9";"23,0";"22,8";"1008,2";"1008,5";"1008,2";"1,4";"283,0";"3,0";"";"0,6"
"03/02/2026";"0300";"23,8";"24,5";"23,8";"91,0";"91,0";"90,0";"22,1";"22,8";"22,1";"1007,9";"1008,2";"1007,9";"2,1";"267,0";"4,5";"";"0,6"
"03/02/2026";"0400";"23,7";"23,8";"23,7";"92,0";"92,0";"91,0";"22,3";"22,3";"22,1";"1007,4";"1007,9";"1007,4";"2,8";"226,0";"4,4";"";"0,2"
"03/02/2026";"0500";"23,9";"23,9";"23,7";"92,0";"93,0";"92,0";"22,5";"22,6";"22,3";"1006,7";"1007,4";"1006,7";"3,0";"226,0";"4,5";"";"0,0"
"03/02/2026";"0600";"23,7";"23,9";"23,7";"92,0";"93,0";"92,0";"22,4";"22,6";"22,4";"1006,4";"1006,7";"1006,3";"2,1";"241,0";"4,0";"";"0,0"
"03/02/2026";"0700";"23,8";"23,8";"23,7";"92,0";"92,0";"92,0";"22,4";"22,4";"22,3";"1006,7";"1006,7";"1006,4";"1,2";"289,0";"3,5";"";"0,0"
"03/02/2026";"0800";"23,5";"23,8";"23,5";"93,0";"93,0";"92,0";"22,4";"22,5";"22,4";"1006,9";"1006,9";"1006,5";"1,4";"349,0";"2,4";"";"0,2"
"03/02/2026";"0900";"23,9";"23,9";"23,5";"94,0";"94,0";"93,0";"22,8";"22,8";"22,4";"1007,8";"1007,8";"1006,9";"2,8";"358,0";"4,4";"15,30";"0,0"
"03/02/2026";"1000";"23,9";"24,0";"23,9";"93,0";"94,0";"93,0";"22,8";"22,9";"22,7";"1007,8";"1007,9";"1007,7";"1,9";"354,0";"5,5";"112,40";"0,2"
"03/02/2026";"1100";"24,6";"24,6";"23,9";"93,0";"93,0";"93,0";"23,3";"23,4";"22,7";"1007,9";"1008,0";"1007,8";"1,5";"342,0";"3,6";"305,70";"0,2"
"03/02/2026";"1200";"26,2";"26,2";"24,6";"87,0";"93,0";"87,0";"23,9";"23,9";"23,4";"1008,2";"1008,2";"1007,9";"2,5";"2,0";"4,9";"829,90";"0,0"
"03/02/2026";"1300";"27,4";"27,4";"26,2";"79,0";"87,0";"78,0";"23,3";"23,9";"23,1";"1008,1";"1008,2";"1008,0";"3,3";"7,0";"5,4";"1432,90";"0,0"
"03/02/2026";"1400";"30,3";"30,4";"27,4";"68,0";"79,0";"67,0";"23,9";"24,5";"23,2";"1008,0";"1008,1";"1007,9";"3,7";"352,0";"6,8";"2884,70";"0,0"
"03/02/2026";"1500";"30,2";"31,7";"29,8";"68,0";"71,0";"63,0";"23,6";"24,6";"22,8";"1007,4";"1008,0";"1007,4";"3,1";"360,0";"6,9";"3806,40";"0,0"
"03/02/2026";"1600";"30,7";"31,2";"30,2";"67,0";"69,0";"64,0";"23,9";"24,5";"23,0";"1006,6";"1007,4";"1006,6";"2,4";"8,0";"5,6";"2137,60";"0,0"
"03/02/2026";"1700";"30,6";"31,1";"30,5";"66,0";"69,0";"65,0";"23,6";"24,6";"23,4";"1005,9";"1006,6";"1005,9";"1,8";"309,0";"4,6";"1410,80";"0,0"
"03/02/2026";"1800";"31,5";"32,0";"30,2";"61,0";"69,0";"60,0";"23,1";"24,2";"22,9";"1005,2";"1005,9";"1005,1";"1,8";"41,0";"3,9";"1819,80";"0,0"
"03/02/2026";"1900";"32,3";"33,3";"31,4";"62,0";"64,0";"57,0";"24,0";"24,2";"22,6";"1004,7";"1005,2";"1004,7";"2,0";"61,0";"3,9";"2459,10";"0,0"
"03/02/2026";"2000";"28,7";"32,5";"28,7";"71,0";"71,0";"59,0";"23,0";"24,6";"22,8";"1005,4";"1005,4";"1004,7";"4,1";"61,0";"9,2";"1499,70";"0,0"
"03/02/2026";"2100";"27,3";"28,7";"27,3";"79,0";"79,0";"71,0";"23,4";"23,4";"22,6";"1005,5";"1005,7";"1005,3";"3,6";"60,0";"7,7";"251,80";"0,0"
"03/02/2026";"2200";"26,6";"27,3";"26,6";"84,0";"84,0";"79,0";"23,7";"23,7";"23,4";"1006,8";"1006,8";"1005,5";"2,2";"41,0";"7,1";"11,40";"0,0"
"03/02/2026";"2300";"22,7";"26,9";"22,2";"94,0";"94,0";"82,0";"21,7";"24,4";"21,0";"1008,4";"1008,7";"1006,7";"3,7";"259,0";"13,3";"1,00";"26,8"
"04/02/2026";"0000";"22,6";"22,8";"22,4";"95,0";"95,0";"94,0";"21,7";"21,8";"21,5";"1008,3";"1008,8";"1007,5";"0,7";"196,0";"8,3";"";"9,0"
"04/02/2026";"0100";"23,1";"23,1";"22,5";"95,0";"95,0";"95,0";"22,2";"22,2";"21,6";"1008,5";"1008,6";"1008,3";"1,6";"25,0";"2,6";"";"1,6"
"04/02/2026";"0200";"23,6";"23,6";"23,1";"95,0";"95,0";"95,0";"22,7";"22,7";"22,3";"1008,7";"1008,7";"1008,4";"2,6";"42,0";"4,6";"";"1,2"
"04/02/2026";"0300";"23,7";"23,8";"23,6";"94,0";"95,0";"94,0";"22,7";"22,8";"22,7";"1008,3";"1008,7";"1008,3";"2,0";"56,0";"4,6";"";"0,6"
"04/02/2026";"0400";"23,8";"23,8";"23,6";"94,0";"94,0";"94,0";"22,8";"22,8";"22,7";"1007,8";"1008,3";"1007,8";"1,9";"39,0";"3,5";"";"0,2"
"04/02/2026";"0500";"23,9";"23,9";"23,8";"94,0";"94,0";"94,0";"23,0";"23,0";"22,8";"1007,6";"1007,8";"1007,5";"2,4";"7,0";"3,6";"";"0,0"
"04/02/2026";"0600";"23,8";"23,9";"23,8";"94,0";"94,0";"94,0";"22,8";"23,0";"22,8";"1006,9";"1007,6";"1006,9";"2,6";"12,0";"4,7";"";"0,2"
"04/02/2026";"0700";"24,0";"24,0";"23,7";"94,0";"94,0";"94,0";"23,0";"23,0";"22,8";"1006,5";"1006,9";"1006,4";"3,1";"22,0";"4,6";"";"0,0"
"04/02/2026";"0800";"23,9";"24,0";"23,9";"94,0";"94,0";"94,0";"22,9";"23,0";"22,9";"1006,5";"1006,6";"1006,4";"3,2";"12,0";"5,8";"";"0,0"
"04/02/2026";"0900";"24,0";"24,0";"23,9";"94,0";"94,0";"94,0";"23,0";"23,0";"22,9";"1006,4";"1006,5";"1006,3";"2,2";"354,0";"5,6";"37,60";"0,0"
"04/02/2026";"1000";"24,8";"24,8";"24,0";"93,0";"94,0";"93,0";"23,6";"23,7";"23,0";"1006,8";"1006,8";"1006,3";"2,8";"352,0";"5,0";"370,80";"0,0"
"04/02/2026";"1100";"27,0";"27,0";"24,8";"86,0";"93,0";"86,0";"24,4";"24,6";"23,6";"1007,0";"1007,0";"1006,8";"3,3";"352,0";"5,5";"1139,70";"0,0"
"04/02/2026";"1200";"29,6";"29,7";"27,0";"70,0";"86,0";"70,0";"23,6";"24,8";"23,1";"1007,3";"1007,4";"1006,9";"4,0";"358,0";"7,0";"2257,70";"0,2"
"04/02/2026";"1300";"29,5";"29,6";"29,0";"72,0";"74,0";"69,0";"23,9";"24,3";"22,9";"1007,2";"1007,3";"1007,2";"3,9";"6,0";"7,8";"2706,20";"0,0"
"04/02/2026";"1400";"31,5";"31,6";"29,6";"66,0";"72,0";"64,0";"24,3";"24,4";"23,5";"1006,9";"1007,2";"1006,9";"4,0";"358,0";"7,5";"3352,10";"0,0"
"04/02/2026";"1500";"32,5";"32,5";"31,2";"61,0";"66,0";"59,0";"23,9";"24,5";"23,4";"1006,6";"1006,9";"1006,5";"5,4";"353,0";"9,5";"3918,10";"0,0"
"04/02/2026";"1600";"33,1";"33,5";"31,6";"55,0";"62,0";"53,0";"22,9";"24,1";"22,3";"1006,1";"1006,6";"1006,1";"4,5";"324,0";"9,5";"3561,40";"0,0"
"04/02/2026";"1700";"33,8";"34,2";"33,1";"53,0";"56,0";"51,0";"22,8";"23,6";"21,9";"1005,7";"1006,1";"1005,7";"3,0";"318,0";"8,3";"3548,20";"0,0"
"04/02/2026";"1800";"34,5";"34,7";"33,3";"52,0";"57,0";"51,0";"23,3";"24,2";"22,6";"1004,9";"1005,7";"1004,9";"2,1";"322,0";"5,9";"3090,30";"0,0"
"04/02/2026";"1900";"32,0";"35,2";"32,0";"63,0";"63,0";"48,0";"24,0";"24,0";"21,9";"1004,8";"1004,9";"1004,6";"1,8";"84,0";"5,0";"2196,60";"0,0"
"04/02/2026";"2000";"29,3";"31,9";"29,3";"73,0";"73,0";"63,0";"23,9";"24,8";"23,4";"1005,1";"1005,6";"1004,5";"3,1";"65,0";"7,2";"559,00";"0,0"
"04/02/2026";"2100";"22,9";"29,3";"22,8";"93,0";"93,0";"67,0";"21,8";"24,0";"20,1";"1007,3";"1008,6";"1005,0";"2,6";"352,0";"18,2";"35,70";"17,8"
"04/02/2026";"2200";"23,6";"23,6";"22,9";"94,0";"94,0";"93,0";"22,5";"22,5";"21,9";"1007,5";"1007,5";"1007,0";"1,9";"239,0";"5,8";"";"1,6"
"04/02/2026";"2300";"23,5";"23,7";"23,5";"94,0";"94,0";"94,0";"22,5";"22,7";"22,4";"1008,2";"1008,2";"1007,5";"1,8";"37,0";"3,8";"";"1,6"
"05/02/2026";"0000";"23,9";"23,9";"23,5";"94,0";"94,0";"94,0";"22,9";"22,9";"22,5";"1009,2";"1009,2";"1008,2";"0,7";"44,0";"2,9";"";"1,4"
"05/02/2026";"0100";"23,8";"23,9";"23,8";"94,0";"94,0";"94,0";"22,8";"22,9";"22,8";"1009,2";"1009,3";"1009,2";"1,2";"249,0";"2,2";"";"1,0"
"05/02/2026";"0200";"24,0";"24,1";"23,8";"94,0";"94,0";"94,0";"23,1";"23,1";"22,8";"1008,7";"1009,2";"1008,7";"0,6";"80,0";"1,7";"";"0,2"
"05/02/2026";"0300";"23,9";"24,0";"23,9";"94,0";"94,0";"94,0";"23,0";"23,1";"22,9";"1008,2";"1008,7";"1008,2";"0,7";"355,0";"1,7";"";"0,0"
"05/02/2026";"0400";"23,9";"24,0";"23,9";"94,0";"94,0";"94,0";"23,0";"23,1";"23,0";"1007,6";"1008,2";"1007,6";"0,3";"228,0";"1,5";"";"0,0"
"05/02/2026";"0500";"23,6";"23,9";"23,6";"95,0";"95,0";"94,0";"22,6";"23,0";"22,6";"1007,1";"1007,6";"1007,1";"0,6";"270,0";"1,0";"";"0,0"
"05/02/2026";"0600";"23,9";"24,0";"23,6";"95,0";"95,0";"95,0";"23,0";"23,1";"22,6";"1007,3";"1007,3";"1007,1";"1,0";"14,0";"1,6";"";"0,0"
"05/02/2026";"0700";"24,1";"24,1";"23,9";"95,0";"95,0";"95,0";"23,2";"23,2";"23,0";"1007,5";"1007,6";"1007,3";"1,0";"308,0";"2,0";"";"0,0"
"05/02/2026";"0800";"23,8";"24,1";"23,8";"95,0";"95,0";"95,0";"22,9";"23,2";"22,9";"1007,3";"1007,5";"1007,0";"1,1";"339,0";"2,3";"";"0,0"
"05/02/2026";"0900";"24,1";"24,1";"23,8";"95,0";"95,0";"95,0";"23,1";"23,1";"22,9";"1008,0";"1008,0";"1007,3";"3,2";"6,0";"5,0";"27,90";"0,0"
"05/02/2026";"1000";"24,3";"24,4";"24,1";"94,0";"95,0";"94,0";"23,3";"23,4";"23,1";"1007,8";"1008,0";"1007,8";"3,0";"10,0";"5,3";"174,60";"0,0"
"05/02/2026";"1100";"25,3";"25,3";"24,3";"92,0";"94,0";"92,0";"23,9";"23,9";"23,3";"1008,1";"1008,1";"1007,8";"2,7";"351,0";"5,2";"342,80";"0,0"
"05/02/2026";"1200";"26,6";"26,6";"25,3";"88,0";"92,0";"88,0";"24,5";"24,5";"23,8";"1007,4";"1008,1";"1007,4";"1,6";"339,0";"5,6";"697,50";"0,0"
"05/02/2026";"1300";"26,8";"26,8";"26,5";"87,0";"89,0";"87,0";"24,5";"24,7";"24,2";"1007,4";"1007,5";"1007,4";"1,9";"324,0";"4,3";"745,60";"0,0"
"05/02/2026";"1400";"27,7";"27,8";"26,8";"81,0";"87,0";"81,0";"24,1";"24,6";"24,1";"1007,9";"1007,9";"1007,4";"2,4";"8,0";"5,3";"1180,50";"0,0"
"05/02/2026";"1500";"28,5";"28,5";"27,7";"77,0";"81,0";"76,0";"24,0";"24,5";"23,8";"1007,8";"1008,0";"1007,8";"3,5";"9,0";"6,1";"1507,20";"0,0"
"05/02/2026";"1600";"29,5";"29,5";"28,5";"72,0";"77,0";"70,0";"24,0";"24,4";"23,3";"1007,4";"1007,8";"1007,4";"1,6";"8,0";"6,1";"1519,70";"0,0"
"05/02/2026";"1700";"30,5";"30,8";"29,4";"67,0";"72,0";"66,0";"23,7";"24,7";"23,5";"1006,7";"1007,4";"1006,7";"0,9";"260,0";"3,7";"1948,00";"0,0"
"05/02/2026";"1800";"30,9";"31,2";"30,2";"64,0";"72,0";"62,0";"23,2";"24,9";"22,8";"1006,1";"1006,7";"1006,1";"1,4";"298,0";"3,7";"1513,20";"0,0"
"05/02/2026";"1900";"29,8";"31,2";"29,4";"72,0";"75,0";"62,0";"24,1";"24,7";"23,0";"1005,8";"1006,1";"1005,8";"2,4";"192,0";"5,8";"1313,80";"0,0"
"05/02/2026";"2000";"27,8";"29,8";"27,8";"79,0";"79,0";"71,0";"23,7";"24,3";"23,4";"1006,3";"1006,3";"1005,7";"1,9";"177,0";"7,3";"656,50";"0,0"
"05/02/2026";"2100";"27,3";"27,8";"27,3";"83,0";"83,0";"78,0";"24,1";"24,2";"23,7";"1006,7";"1006,7";"1006,2";"2,1";"206,0";"5,4";"212,30";"0,0"
"05/02/2026";"2200";"27,0";"27,3";"26,8";"84,0";"84,0";"82,0";"24,0";"24,1";"23,8";"1007,5";"1007,5";"1006,7";"1,2";"146,0";"4,8";"17,90";"0,0"
"05/02/2026";"2300";"26,3";"27,0";"26,0";"89,0";"89,0";"84,0";"24,3";"24,3";"23,9";"1008,5";"1008,5";"1007,5";"0,7";"260,0";"2,6";"";"0,0"
"06/02/2026";"0000";"25,7";"26,3";"25,6";"89,0";"90,0";"88,0";"23,8";"24,3";"23,8";"1009,1";"1009,1";"1008,5";"0,8";"195,0";"2,3";"";"0,0"
"06/02/2026";"0100";"25,5";"25,7";"25,4";"91,0";"91,0";"89,0";"23,9";"23,9";"23,7";"1009,6";"1009,6";"1009,1";"2,2";"213,0";"4,2";"";"0,0"
"06/02/2026";"0200";"25,5";"25,6";"25,4";"90,0";"91,0";"90,0";"23,8";"24,0";"23,7";"1009,0";"1009,6";"1009,0";"1,2";"166,0";"4,4";"";"0,0"
"06/02/2026";"0300";"25,4";"25,6";"25,3";"91,0";"91,0";"90,0";"23,9";"24,0";"23,6";"1008,8";"1009,0";"1008,7";"1,1";"198,0";"3,1";"";"0,0"
"06/02/2026";"0400";"25,1";"25,4";"25,0";"92,0";"92,0";"91,0";"23,7";"23,8";"23,6";"1008,6";"1009,0";"1008,6";"0,7";"181,0";"3,6";"";"0,0"
"06/02/2026";"0500";"24,4";"25,2";"24,4";"92,0";"92,0";"92,0";"23,1";"23,8";"23,0";"1008,4";"1008,6";"1008,2";"1,0";"10,0";"2,1";"";"0,0"
"06/02/2026";"0600";"24,3";"24,5";"24,2";"93,0";"93,0";"92,0";"23,1";"23,2";"23,0";"1007,9";"1008,4";"1007,9";"0,6";"132,0";"1,5";"";"0,0"
"06/02/2026";"0700";"24,4";"24,5";"24,1";"93,0";"94,0";"93,0";"23,1";"23,4";"22,9";"1007,3";"1007,9";"1007,3";"0,7";"100,0";"2,2";"";"0,0"
"06/02/2026";"0800";"23,8";"24,6";"23,7";"93,0";"93,0";"92,0";"22,7";"23,3";"22,5";"1008,1";"1008,1";"1007,3";"0,5";"207,0";"2,2";"";"0,0"
"06/02/2026";"0900";"23,5";"23,9";"23,4";"94,0";"94,0";"93,0";"22,4";"22,8";"22,4";"1008,6";"1008,6";"1008,1";"0,4";"351,0";"1,7";"25,60";"0,0"
"06/02/2026";"1000";"26,2";"26,3";"23,5";"90,0";"94,0";"90,0";"24,5";"24,9";"22,5";"1009,1";"1009,1";"1008,6";"0,6";"212,0";"1,5";"485,50";"0,0"
"06/02/2026";"1100";"28,6";"28,8";"26,1";"72,0";"90,0";"70,0";"23,1";"24,7";"22,4";"1009,3";"1009,3";"1009,1";"0,6";"5,0";"1,8";"1512,00";"0,0"
"06/02/2026";"1200";"29,8";"29,8";"27,5";"71,0";"75,0";"69,0";"23,9";"23,9";"21,9";"1009,8";"1009,8";"1009,3";"1,4";"344,0";"3,2";"2574,50";"0,0"
"06/02/2026";"1300";"30,2";"30,2";"28,4";"67,0";"74,0";"66,0";"23,5";"24,1";"22,6";"1010,0";"1010,1";"1009,8";"1,8";"25,0";"4,2";"2500,00";"0,0"
"06/02/2026";"1400";"30,8";"31,3";"29,7";"64,0";"68,0";"63,0";"23,1";"24,1";"22,3";"1009,6";"1010,0";"1009,6";"1,9";"290,0";"4,6";"2859,90";"0,0"
"06/02/2026";"1500";"31,9";"32,0";"30,4";"63,0";"67,0";"59,0";"24,0";"24,5";"22,7";"1009,1";"1009,6";"1009,1";"2,0";"21,0";"4,3";"3394,30";"0,0"
"06/02/2026";"1600";"32,3";"32,4";"30,9";"60,0";"66,0";"59,0";"23,4";"24,7";"22,8";"1008,4";"1009,1";"1008,4";"1,0";"315,0";"4,5";"2986,90";"0,0"
"06/02/2026";"1700";"32,3";"33,3";"32,1";"58,0";"62,0";"56,0";"23,1";"24,7";"22,6";"1007,6";"1008,4";"1007,6";"1,5";"207,0";"4,8";"3164,10";"0,0"
"06/02/2026";"1800";"32,5";"32,8";"31,2";"65,0";"70,0";"58,0";"25,1";"25,7";"23,0";"1006,7";"1007,6";"1006,7";"1,6";"92,0";"3,9";"1768,10";"0,0"
"06/02/2026";"1900";"30,1";"32,6";"29,5";"70,0";"73,0";"62,0";"24,1";"24,5";"23,7";"1006,5";"1006,8";"1006,5";"2,9";"103,0";"8,6";"561,50";"0,0"
"06/02/2026";"2000";"29,6";"30,4";"29,6";"71,0";"71,0";"68,0";"23,7";"24,0";"23,4";"1007,0";"1007,0";"1006,5";"4,2";"73,0";"7,2";"1106,20";"0,0"
"06/02/2026";"2100";"27,8";"29,6";"27,7";"79,0";"79,0";"70,0";"23,7";"23,8";"23,2";"1007,4";"1007,5";"1006,9";"2,5";"70,0";"7,0";"235,40";"0,0"
"06/02/2026";"2200";"27,0";"27,8";"27,0";"81,0";"81,0";"79,0";"23,5";"23,8";"23,4";"1008,6";"1008,6";"1007,3";"1,8";"73,0";"4,3";"18,30";"0,0"
"06/02/2026";"2300";"26,4";"27,1";"26,4";"83,0";"83,0";"80,0";"23,2";"23,7";"23,1";"1009,2";"1009,3";"1008,6";"1,5";"59,0";"4,0";"";"0,0"
"07/02/2026";"0000";"26,2";"26,4";"26,1";"87,0";"87,0";"83,0";"23,7";"23,9";"23,2";"1009,8";"1009,8";"1009,2";"1,0";"203,0";"2,2";"";"0,0"
"07/02/2026";"0100";"26,0";"26,2";"25,8";"90,0";"90,0";"87,0";"24,3";"24,3";"23,6";"1010,4";"1010,5";"1009,8";"0,7";"208,0";"3,0";"";"0,0"
"07/02/2026";"0200";"26,5";"26,5";"26,0";"83,0";"90,0";"83,0";"23,3";"24,5";"23,3";"1010,3";"1010,4";"1010,1";"1,6";"144,0";"3,1";"";"0,0"
"07/02/2026";"0300";"25,9";"26,5";"25,9";"83,0";"83,0";"82,0";"22,8";"23,3";"22,8";"1009,8";"1010,3";"1009,8";"1,8";"143,0";"3,2";"";"0,0"
"07/02/2026";"0400";"25,8";"26,0";"25,8";"85,0";"85,0";"83,0";"23,0";"23,0";"22,8";"1009,0";"1009,8";"1009,0";"1,6";"151,0";"3,6";"";"0,0"
"07/02/2026";"0500";"25,6";"25,9";"25,6";"86,0";"86,0";"85,0";"23,1";"23,2";"23,0";"1008,9";"1009,1";"1008,9";"1,6";"145,0";"3,0";"";"0,0"
"07/02/2026";"0600";"25,2";"25,6";"25,2";"88,0";"88,0";"86,0";"23,1";"23,2";"23,1";"1008,2";"1008,9";"1008,2";"1,1";"226,0";"2,7";"";"0,0"
"07/02/2026";"0700";"24,9";"25,2";"24,9";"91,0";"91,0";"88,0";"23,4";"23,5";"23,0";"1008,3";"1008,3";"1008,0";"1,5";"231,0";"2,5";"";"0,0"
"07/02/2026";"0800";"24,7";"24,9";"24,7";"92,0";"92,0";"91,0";"23,4";"23,4";"23,3";"1008,7";"1008,7";"1008,3";"1,1";"339,0";"2,1";"";"0,0"
"07/02/2026";"0900";"25,1";"25,1";"24,7";"93,0";"93,0";"92,0";"23,9";"23,9";"23,4";"1009,7";"1009,7";"1008,7";"1,3";"338,0";"2,3";"26,70";"0,0"
"07/02/2026";"1000";"26,5";"26,5";"25,1";"88,0";"93,0";"88,0";"24,4";"24,5";"23,9";"1010,0";"1010,0";"1009,7";"1,9";"12,0";"3,0";"410,80";"0,0"
"07/02/2026";"1100";"27,4";"27,6";"26,5";"80,0";"88,0";"80,0";"23,7";"24,5";"23,6";"1010,5";"1010,5";"1010,0";"3,7";"346,0";"5,9";"1012,60";"0,0"
"07/02/2026";"1200";"28,8";"28,8";"27,4";"77,0";"81,0";"77,0";"24,3";"24,3";"23,6";"1010,6";"1010,6";"1010,4";"3,8";"360,0";"6,6";"1523,50";"0,0"
"07/02/2026";"1300";"30,5";"30,8";"28,7";"71,0";"77,0";"70,0";"24,6";"25,2";"24,2";"1010,4";"1010,7";"1010,4";"3,6";"350,0";"6,6";"2669,50";"0,0"
"07/02/2026";"1400";"32,0";"32,0";"30,5";"67,0";"72,0";"65,0";"24,9";"25,2";"23,7";"1010,0";"1010,4";"1010,0";"4,1";"4,0";"6,5";"3017,80";"0,0"
"07/02/2026";"1500";"32,3";"32,5";"31,3";"63,0";"68,0";"63,0";"24,3";"25,1";"23,9";"1009,4";"1010,0";"1009,4";"3,8";"5,0";"7,7";"2955,20";"0,0"
"07/02/2026";"1600";"32,9";"33,0";"32,1";"62,0";"65,0";"60,0";"24,6";"25,1";"24,0";"1008,8";"1009,4";"1008,8";"3,3";"353,0";"7,3";"2568,30";"0,0"
"07/02/2026";"1700";"33,1";"33,4";"32,6";"60,0";"64,0";"59,0";"24,4";"25,2";"23,6";"1008,0";"1008,8";"1008,0";"1,5";"16,0";"7,3";"2132,00";"0,0"
"07/02/2026";"1800";"32,1";"34,1";"31,1";"65,0";"68,0";"57,0";"24,7";"25,7";"23,8";"1007,3";"1008,0";"1007,3";"3,9";"75,0";"7,0";"2834,70";"0,0"
"07/02/2026";"1900";"30,9";"32,2";"30,7";"64,0";"67,0";"62,0";"23,3";"24,6";"23,2";"1006,9";"1007,4";"1006,8";"4,0";"69,0";"7,8";"2320,70";"0,0"
"07/02/2026";"2000";"29,7";"31,5";"29,7";"66,0";"66,0";"62,0";"22,7";"23,9";"22,6";"1006,9";"1006,9";"1006,6";"4,6";"63,0";"8,7";"1487,10";"0,0"
"07/02/2026";"2100";"27,2";"29,7";"27,2";"76,0";"76,0";"65,0";"22,7";"22,9";"22,4";"1007,4";"1007,5";"1006,9";"3,9";"59,0";"9,5";"275,70";"0,0"
"07/02/2026";"2200";"25,9";"27,2";"25,9";"84,0";"84,0";"76,0";"22,9";"23,0";"22,6";"1008,1";"1008,1";"1007,4";"2,9";"56,0";"6,8";"14,90";"0,0"
"07/02/2026";"2300";"25,5";"25,9";"25,5";"86,0";"86,0";"84,0";"23,0";"23,0";"22,8";"1008,7";"1008,7";"1008,1";"2,6";"61,0";"5,8";"";"0,0"
"08/02/2026";"0000";"25,2";"25,5";"25,2";"88,0";"88,0";"86,0";"23,0";"23,1";"22,9";"1009,7";"1009,7";"1008,7";"1,0";"162,0";"4,9";"";"0,0"
"08/02/2026";"0100";"23,6";"25,8";"23,6";"92,0";"92,0";"85,0";"22,2";"23,6";"22,1";"1011,6";"1011,8";"1009,7";"4,2";"243,0";"10,1";"";"0,2"
"08/02/2026";"0200";"23,1";"23,6";"23,0";"93,0";"94,0";"92,0";"22,0";"22,2";"21,8";"1010,5";"1011,6";"1010,5";"0,8";"92,0";"8,3";"";"3,6"
"08/02/2026";"0300";"23,4";"23,7";"23,1";"93,0";"94,0";"93,0";"22,2";"22,6";"22,0";"1010,2";"1010,4";"1009,6";"1,5";"300,0";"6,2";"";"0,4"
"08/02/2026";"0400";"23,2";"23,4";"23,0";"94,0";"94,0";"93,0";"22,2";"22,2";"21,9";"1009,5";"1010,2";"1009,5";"1,9";"321,0";"3,9";"";"0,0"
"08/02/2026";"0500";"24,1";"24,1";"23,2";"92,0";"94,0";"92,0";"22,7";"22,7";"22,2";"1009,7";"1009,9";"1009,4";"4,0";"314,0";"7,2";"";"0,0"
"08/02/2026";"0600";"23,6";"24,1";"23,6";"91,0";"92,0";"90,0";"22,0";"22,7";"22,0";"1009,0";"1009,8";"1008,9";"0,7";"14,0";"7,2";"";"0,0"
"08/02/2026";"0700";"23,7";"23,7";"23,5";"91,0";"92,0";"91,0";"22,1";"22,2";"22,0";"1008,8";"1009,0";"1008,7";"2,1";"354,0";"3,5";"";"0,0"
"08/02/2026";"0800";"23,7";"23,8";"23,6";"92,0";"92,0";"91,0";"22,2";"22,3";"22,1";"1009,5";"1009,5";"1008,7";"3,9";"354,0";"6,0";"";"0,0"
"08/02/2026";"0900";"23,9";"23,9";"23,6";"91,0";"92,0";"91,0";"22,4";"22,4";"22,2";"1010,2";"1010,3";"1009,5";"2,6";"352,0";"7,4";"31,30";"0,0"
"08/02/2026";"1000";"24,6";"24,6";"23,5";"92,0";"93,0";"91,0";"23,2";"23,2";"22,1";"1010,8";"1010,8";"1010,1";"0,7";"69,0";"4,7";"263,90";"1,0"
"08/02/2026";"1100";"24,6";"24,7";"24,5";"91,0";"92,0";"90,0";"23,0";"23,4";"22,8";"1011,6";"1011,6";"1010,8";"3,2";"10,0";"6,0";"545,60";"0,0"
"08/02/2026";"1200";"26,4";"26,4";"24,6";"84,0";"91,0";"83,0";"23,5";"23,6";"23,0";"1012,0";"1012,1";"1011,6";"3,3";"348,0";"7,3";"1236,50";"0,0"
"08/02/2026";"1300";"28,3";"28,4";"26,4";"69,0";"84,0";"69,0";"22,1";"23,6";"22,1";"1011,2";"1012,1";"1011,2";"2,4";"288,0";"6,5";"1582,20";"0,0"
"08/02/2026";"1400";"28,6";"28,9";"27,5";"70,0";"74,0";"67,0";"22,5";"23,0";"21,9";"1010,9";"1011,2";"1010,9";"1,6";"359,0";"4,8";"1398,60";"0,0"
"08/02/2026";"1500";"28,2";"28,8";"28,1";"74,0";"74,0";"69,0";"23,1";"23,2";"22,2";"1010,2";"1010,9";"1010,2";"2,1";"335,0";"5,2";"1780,50";"0,0"
"08/02/2026";"1600";"29,8";"30,0";"28,2";"67,0";"74,0";"66,0";"23,0";"23,7";"22,2";"1009,3";"1010,2";"1009,3";"2,2";"11,0";"4,2";"2357,00";"0,0"
"08/02/2026";"1700";"30,7";"32,1";"29,6";"63,0";"68,0";"56,0";"22,7";"24,2";"21,9";"1008,2";"1009,3";"1008,2";"1,8";"6,0";"5,1";"3256,80";"0,0"
"08/02/2026";"1800";"31,2";"31,3";"30,2";"61,0";"67,0";"60,0";"22,8";"23,7";"22,6";"1007,6";"1008,2";"1007,6";"1,4";"15,0";"3,6";"2090,40";"0,0"
"08/02/2026";"1900";"29,5";"31,4";"29,5";"72,0";"72,0";"57,0";"23,9";"23,9";"21,5";"1007,5";"1007,6";"1007,3";"2,8";"67,0";"4,7";"1351,00";"0,0"
"08/02/2026";"2000";"28,8";"29,9";"28,6";"71,0";"73,0";"70,0";"23,0";"24,2";"22,7";"1007,7";"1007,9";"1007,5";"2,7";"64,0";"5,6";"1079,80";"0,0"
"08/02/2026";"2100";"27,1";"28,8";"27,1";"77,0";"77,0";"70,0";"22,8";"23,0";"21,8";"1008,3";"1008,5";"1007,5";"1,6";"72,0";"6,1";"287,00";"0,0"
"08/02/2026";"2200";"26,5";"27,1";"26,5";"81,0";"81,0";"77,0";"23,0";"23,0";"22,8";"1008,9";"1009,2";"1008,0";"2,5";"78,0";"4,4";"9,50";"0,0"
"08/02/2026";"2300";"22,4";"26,5";"21,8";"94,0";"94,0";"77,0";"21,3";"23,3";"20,3";"1011,8";"1012,2";"1008,8";"4,5";"274,0";"13,5";"";"7,0"
"09/02/2026";"0000";"22,7";"23,0";"22,3";"94,0";"94,0";"94,0";"21,7";"21,9";"21,2";"1012,6";"1012,6";"1011,8";"1,6";"26,0";"11,4";"";"4,0"
"09/02/2026";"0100";"22,6";"22,7";"22,5";"94,0";"94,0";"94,0";"21,6";"21,7";"21,5";"1012,1";"1012,7";"1012,1";"0,8";"304,0";"3,1";"";"5,8"
"09/02/2026";"0200";"22,6";"22,6";"22,5";"95,0";"95,0";"94,0";"21,7";"21,7";"21,6";"1011,8";"1012,4";"1011,8";"0,8";"238,0";"2,4";"";"2,4"
"09/02/2026";"0300";"22,9";"22,9";"22,6";"95,0";"95,0";"95,0";"22,0";"22,0";"21,7";"1011,4";"1011,8";"1011,4";"1,5";"19,0";"3,4";"";"0,8"
"09/02/2026";"0400";"22,6";"22,9";"22,6";"95,0";"95,0";"95,0";"21,7";"22,0";"21,7";"1010,5";"1011,4";"1010,5";"1,6";"16,0";"4,6";"";"0,2"
"09/02/2026";"0500";"22,6";"22,7";"22,6";"95,0";"95,0";"95,0";"21,7";"21,8";"21,7";"1010,4";"1010,7";"1010,4";"2,2";"11,0";"5,0";"";"0,2"
"09/02/2026";"0600";"22,7";"22,7";"22,6";"94,0";"95,0";"94,0";"21,7";"21,8";"21,7";"1010,4";"1010,4";"1010,3";"3,2";"10,0";"5,6";"";"0,0"
"09/02/2026";"0700";"22,9";"22,9";"22,7";"93,0";"94,0";"93,0";"21,7";"21,8";"21,6";"1010,6";"1010,7";"1010,3";"3,5";"18,0";"5,9";"";"0,0"
"09/02/2026";"0800";"22,8";"23,0";"22,8";"94,0";"94,0";"93,0";"21,8";"21,9";"21,7";"1010,3";"1010,6";"1010,3";"3,0";"43,0";"5,7";"";"0,0"
"09/02/2026";"0900";"22,9";"22,9";"22,8";"94,0";"94,0";"94,0";"21,9";"21,9";"21,7";"1010,5";"1010,5";"1010,2";"2,5";"30,0";"6,0";"25,10";"0,0"
"09/02/2026";"1000";"23,7";"23,7";"22,9";"93,0";"94,0";"93,0";"22,5";"22,5";"21,9";"1011,2";"1011,2";"1010,5";"2,5";"15,0";"5,3";"241,20";"0,0"
"09/02/2026";"1100";"24,7";"24,7";"23,7";"91,0";"93,0";"91,0";"23,1";"23,1";"22,5";"1011,6";"1011,6";"1011,2";"1,3";"307,0";"4,5";"476,50";"0,0"
"09/02/2026";"1200";"25,7";"25,7";"24,7";"86,0";"91,0";"85,0";"23,1";"23,2";"22,8";"1011,9";"1011,9";"1011,6";"1,9";"21,0";"3,3";"908,50";"0,0"
"09/02/2026";"1300";"26,4";"26,7";"25,6";"80,0";"86,0";"79,0";"22,6";"23,4";"22,6";"1012,0";"1012,2";"1011,9";"1,8";"14,0";"3,3";"1085,80";"0,2"
"09/02/2026";"1400";"27,5";"27,5";"26,4";"73,0";"82,0";"73,0";"22,2";"23,2";"22,2";"1011,9";"1012,1";"1011,9";"2,1";"7,0";"3,1";"1120,50";"0,0"
"09/02/2026";"1500";"28,0";"28,0";"27,4";"72,0";"76,0";"72,0";"22,5";"23,1";"22,1";"1011,5";"1011,9";"1011,5";"2,0";"27,0";"3,3";"1228,50";"0,0"
"09/02/2026";"1600";"28,9";"28,9";"28,0";"71,0";"73,0";"69,0";"23,0";"23,1";"22,2";"1011,1";"1011,5";"1011,1";"2,5";"12,0";"4,0";"1524,40";"0,0"
"09/02/2026";"1700";"30,0";"30,4";"28,9";"63,0";"71,0";"61,0";"22,3";"23,2";"21,4";"1010,0";"1011,1";"1010,0";"1,7";"9,0";"4,5";"2731,30";"0,0"
"09/02/2026";"1800";"29,7";"30,6";"29,7";"65,0";"66,0";"61,0";"22,3";"23,1";"21,6";"1009,9";"1010,0";"1009,9";"1,2";"72,0";"2,8";"1652,40";"0,0"
"09/02/2026";"1900";"29,6";"29,9";"29,3";"66,0";"70,0";"65,0";"22,6";"23,3";"22,4";"1009,9";"1010,0";"1009,9";"0,9";"77,0";"2,3";"823,10";"0,0"
"09/02/2026";"2000";"28,0";"29,8";"28,0";"78,0";"79,0";"66,0";"23,8";"23,9";"22,7";"1010,1";"1010,2";"1009,9";"0,9";"174,0";"4,3";"439,60";"0,0"
"09/02/2026";"2100";"26,1";"28,1";"26,1";"88,0";"88,0";"78,0";"23,9";"24,2";"23,8";"1010,6";"1010,6";"1010,0";"2,5";"201,0";"5,7";"99,80";"0,0"
"09/02/2026";"2200";"25,7";"26,1";"25,7";"90,0";"90,0";"88,0";"23,9";"24,0";"23,9";"1011,3";"1011,3";"1010,6";"2,3";"203,0";"5,8";"4,90";"0,0"
"09/02/2026";"2300";"25,5";"25,7";"25,5";"91,0";"91,0";"90,0";"23,9";"24,0";"23,9";"1012,3";"1012,3";"1011,3";"0,9";"200,0";"5,5";"";"0,0"
"10/02/2026";"0000";"25,4";"25,6";"25,4";"91,0";"91,0";"91,0";"23,8";"24,0";"23,8";"1013,0";"1013,0";"1012,3";"1,0";"205,0";"2,9";"";"0,0"
"10/02/2026";"0100";"24,8";"25,4";"24,8";"92,0";"92,0";"91,0";"23,3";"23,8";"23,3";"1013,2";"1013,4";"1013,0";"2,6";"216,0";"4,3";"";"0,0"
"10/02/2026";"0200";"24,5";"24,9";"24,5";"92,0";"92,0";"91,0";"23,1";"23,4";"23,1";"1013,2";"1013,4";"1013,2";"2,3";"215,0";"5,0";"";"0,0"
"10/02/2026";"0300";"24,1";"24,5";"24,1";"92,0";"92,0";"92,0";"22,7";"23,1";"22,7";"1013,1";"1013,2";"1012,8";"2,2";"224,0";"4,4";"";"0,0"
"10/02/2026";"0400";"24,0";"24,1";"24,0";"92,0";"92,0";"92,0";"22,7";"22,7";"22,6";"1012,6";"1013,2";"1012,6";"1,1";"228,0";"4,4";"";"0,0"
"10/02/2026";"0500";"24,0";"24,0";"23,9";"92,0";"92,0";"92,0";"22,5";"22,7";"22,5";"1012,2";"1012,6";"1012,2";"0,7";"252,0";"2,2";"";"0,0"
"10/02/2026";"0600";"23,8";"24,2";"23,7";"90,0";"93,0";"90,0";"22,1";"22,9";"22,1";"1012,6";"1012,6";"1012,2";"3,0";"288,0";"6,4";"";"1,6"
"10/02/2026";"0700";"22,0";"23,8";"22,0";"92,0";"92,0";"88,0";"20,6";"22,0";"20,6";"1012,4";"1012,8";"1012,3";"3,3";"360,0";"6,7";"";"5,0"
"10/02/2026";"0800";"21,8";"22,0";"21,8";"94,0";"94,0";"92,0";"20,7";"20,8";"20,6";"1011,7";"1012,4";"1011,7";"2,5";"323,0";"5,9";"";"1,6"
"10/02/2026";"0900";"22,2";"22,2";"21,8";"94,0";"94,0";"94,0";"21,2";"21,2";"20,7";"1012,0";"1012,0";"1011,7";"2,0";"10,0";"5,0";"7,10";"0,2"
"10/02/2026";"1000";"22,5";"22,6";"22,2";"94,0";"94,0";"94,0";"21,6";"21,6";"21,2";"1012,7";"1012,8";"1012,0";"1,7";"302,0";"3,6";"121,60";"0,2"
"10/02/2026";"1100";"23,8";"23,8";"22,5";"93,0";"94,0";"93,0";"22,5";"22,5";"21,5";"1013,0";"1013,0";"1012,7";"2,2";"335,0";"4,6";"488,60";"0,0"
"10/02/2026";"1200";"25,8";"25,8";"23,8";"83,0";"93,0";"82,0";"22,8";"22,9";"22,2";"1013,3";"1013,3";"1012,9";"2,8";"341,0";"5,1";"1199,60";"0,0"
"10/02/2026";"1300";"27,8";"27,8";"25,8";"73,0";"83,0";"73,0";"22,6";"23,0";"21,8";"1013,5";"1013,6";"1013,3";"2,9";"337,0";"6,5";"2127,20";"0,0"
"10/02/2026";"1400";"28,5";"28,6";"27,4";"71,0";"75,0";"70,0";"22,7";"23,5";"21,9";"1013,2";"1013,6";"1013,2";"2,9";"357,0";"6,3";"2457,90";"0,0"
"10/02/2026";"1500";"30,9";"30,9";"28,5";"65,0";"72,0";"63,0";"23,6";"23,6";"22,1";"1012,6";"1013,2";"1012,6";"4,0";"30,0";"7,1";"2841,50";"0,0"
"10/02/2026";"1600";"30,9";"31,4";"29,7";"63,0";"67,0";"59,0";"23,0";"23,8";"21,7";"1011,8";"1012,6";"1011,8";"2,7";"12,0";"7,4";"3225,50";"0,0"
"10/02/2026";"1700";"31,6";"32,1";"30,9";"56,0";"63,0";"56,0";"21,8";"23,8";"21,8";"1011,1";"1011,8";"1011,1";"2,1";"322,0";"5,1";"3010,50";"0,0"
"10/02/2026";"1800";"30,9";"32,5";"30,6";"65,0";"65,0";"56,0";"23,6";"23,9";"21,7";"1010,7";"1011,1";"1010,7";"3,0";"78,0";"4,9";"2709,80";"0,0"
"10/02/2026";"1900";"29,1";"30,9";"29,1";"71,0";"71,0";"64,0";"23,4";"24,1";"23,0";"1011,0";"1011,0";"1010,7";"4,0";"51,0";"7,1";"1150,70";"0,0"
"10/02/2026";"2000";"27,2";"29,1";"27,0";"81,0";"84,0";"71,0";"23,8";"24,1";"23,2";"1010,8";"1011,0";"1010,8";"1,4";"60,0";"9,6";"588,90";"0,0"
"10/02/2026";"2100";"25,7";"27,3";"25,7";"82,0";"82,0";"79,0";"22,4";"23,8";"22,4";"1010,9";"1011,0";"1010,8";"2,4";"46,0";"4,0";"230,00";"0,0"
"10/02/2026";"2200";"24,2";"25,7";"24,2";"85,0";"86,0";"82,0";"21,6";"22,3";"21,6";"1011,8";"1011,8";"1010,9";"3,0";"37,0";"5,6";"20,40";"0,0"
"10/02/2026";"2300";"24,4";"24,4";"24,0";"86,0";"87,0";"85,0";"21,9";"22,0";"21,6";"1012,4";"1012,4";"1011,8";"2,2";"35,0";"4,9";"";"0,0"
"11/02/2026";"0000";"23,9";"24,4";"23,9";"90,0";"90,0";"86,0";"22,1";"22,1";"21,8";"1012,8";"1012,9";"1012,4";"1,2";"25,0";"3,6";"";"0,0"
"11/02/2026";"0100";"24,0";"24,0";"23,8";"91,0";"91,0";"90,0";"22,4";"22,5";"22,1";"1012,8";"1012,9";"1012,8";"1,6";"44,0";"2,6";"";"0,0"
"11/02/2026";"0200";"24,3";"24,3";"24,0";"92,0";"92,0";"91,0";"23,0";"23,0";"22,4";"1012,8";"1012,9";"1012,8";"1,5";"63,0";"2,9";"";"0,0"
"11/02/2026";"0300";"23,9";"24,3";"23,9";"91,0";"92,0";"91,0";"22,3";"23,0";"22,3";"1012,4";"1012,8";"1012,4";"1,2";"35,0";"3,2";"";"0,0"
"11/02/2026";"0400";"23,9";"24,0";"23,8";"90,0";"91,0";"90,0";"22,2";"22,3";"22,1";"1011,6";"1012,4";"1011,6";"1,8";"66,0";"3,2";"";"0,0"
"11/02/2026";"0500";"23,8";"23,9";"23,8";"90,0";"90,0";"90,0";"22,1";"22,1";"22,0";"1011,3";"1011,6";"1011,3";"2,6";"64,0";"3,8";"";"0,0"
"11/02/2026";"0600";"23,6";"23,8";"23,5";"91,0";"91,0";"90,0";"22,1";"22,1";"22,0";"1011,0";"1011,3";"1011,0";"1,9";"48,0";"4,0";"";"0,0"
"11/02/2026";"0700";"23,6";"23,6";"23,4";"92,0";"92,0";"91,0";"22,3";"22,3";"22,0";"1011,2";"1011,2";"1010,9";"2,8";"26,0";"5,4";"";"0,0"
"11/02/2026";"0800";"23,6";"23,7";"23,4";"91,0";"92,0";"91,0";"22,1";"22,2";"22,0";"1011,3";"1011,5";"1011,2";"2,4";"47,0";"4,4";"";"0,0"
"11/02/2026";"0900";"23,3";"23,6";"23,3";"92,0";"92,0";"91,0";"22,0";"22,1";"21,9";"1012,1";"1012,1";"1011,3";"1,9";"68,0";"4,3";"17,00";"0,0"
"11/02/2026";"1000";"25,2";"25,3";"23,3";"87,0";"93,0";"87,0";"22,9";"23,3";"22,1";"1012,6";"1012,7";"1012,1";"2,6";"37,0";"4,2";"376,40";"0,0"
"11/02/2026";"1100";"27,3";"27,3";"25,2";"82,0";"87,0";"82,0";"23,9";"24,0";"22,4";"1013,3";"1013,3";"1012,6";"2,9";"44,0";"5,0";"812,30";"0,0"
"11/02/2026";"1200";"28,0";"28,6";"26,7";"76,0";"82,0";"75,0";"23,4";"24,4";"22,9";"1013,8";"1013,8";"1013,3";"3,6";"25,0";"6,4";"2164,80";"0,0"
"11/02/2026";"1300";"29,8";"29,9";"28,0";"70,0";"77,0";"68,0";"23,8";"24,4";"23,0";"1013,9";"1014,0";"1013,8";"2,5";"25,0";"6,4";"2388,20";"0,0"
"11/02/2026";"1400";"31,0";"31,2";"29,6";"64,0";"71,0";"62,0";"23,5";"24,4";"22,9";"1013,6";"1013,9";"1013,6";"2,9";"23,0";"5,9";"3045,70";"0,0"
"11/02/2026";"1500";"32,4";"32,5";"30,8";"58,0";"64,0";"56,0";"23,1";"24,0";"21,9";"1013,1";"1013,6";"1013,1";"2,8";"9,0";"6,0";"3318,10";"0,0"
"11/02/2026";"1600";"32,8";"33,1";"31,9";"55,0";"58,0";"52,0";"22,6";"23,2";"21,1";"1012,6";"1013,1";"1012,5";"3,6";"358,0";"7,0";"3894,70";"0,0"
"11/02/2026";"1700";"31,3";"33,2";"30,9";"61,0";"62,0";"52,0";"22,9";"23,7";"21,5";"1012,0";"1012,6";"1012,0";"4,7";"68,0";"9,1";"3690,60";"0,0"
"11/02/2026";"1800";"30,6";"31,4";"29,9";"62,0";"64,0";"59,0";"22,4";"23,2";"21,5";"1011,5";"1012,0";"1011,5";"4,5";"55,0";"9,1";"2229,20";"0,0"
"11/02/2026";"1900";"28,6";"31,6";"28,6";"66,0";"67,0";"59,0";"21,7";"23,4";"21,7";"1011,6";"1011,6";"1011,4";"6,0";"70,0";"9,7";"2124,60";"0,0"
"11/02/2026";"2000";"28,8";"29,6";"28,6";"68,0";"68,0";"65,0";"22,2";"22,7";"21,8";"1011,8";"1011,8";"1011,5";"4,9";"63,0";"10,8";"1378,20";"0,0"
"11/02/2026";"2100";"26,9";"28,8";"26,9";"74,0";"74,0";"67,0";"21,8";"22,4";"21,8";"1012,3";"1012,3";"1011,8";"4,1";"59,0";"9,7";"461,60";"0,0"
"11/02/2026";"2200";"25,8";"26,9";"25,8";"77,0";"77,0";"74,0";"21,4";"21,9";"21,4";"1012,6";"1012,6";"1012,2";"3,7";"57,0";"7,8";"16,00";"0,0"
"11/02/2026";"2300";"25,4";"25,9";"25,4";"74,0";"77,0";"74,0";"20,4";"21,4";"20,4";"1013,2";"1013,2";"1012,6";"3,5";"53,0";"6,7";"";"0,0"
"12/02/2026";"0000";"25,1";"25,4";"25,0";"78,0";"78,0";"74,0";"21,0";"21,0";"20,3";"1013,9";"1013,9";"1013,2";"3,0";"54,0";"6,3";"";"0,0"
"12/02/2026";"0100";"24,8";"25,1";"24,8";"81,0";"81,0";"78,0";"21,3";"21,3";"21,0";"1014,4";"1014,4";"1013,9";"2,6";"49,0";"5,5";"";"0,0"
"12/02/2026";"0200";"24,7";"24,9";"24,7";"85,0";"85,0";"81,0";"22,0";"22,0";"21,3";"1014,4";"1014,5";"1014,2";"2,7";"57,0";"5,4";"";"0,0"
"12/02/2026";"0300";"24,2";"24,8";"24,2";"89,0";"89,0";"85,0";"22,2";"22,3";"22,0";"1014,3";"1014,5";"1014,3";"1,5";"354,0";"5,3";"";"0,0"
"12/02/2026";"0400";"23,8";"24,2";"23,5";"92,0";"92,0";"89,0";"22,4";"22,4";"22,0";"1013,6";"1014,3";"1013,6";"1,8";"61,0";"2,7";"";"0,0"
"12/02/2026";"0500";"23,8";"23,9";"23,7";"92,0";"92,0";"91,0";"22,4";"22,5";"22,3";"1013,1";"1013,6";"1013,1";"2,2";"64,0";"4,2";"";"0,0"
"12/02/2026";"0600";"23,6";"23,8";"23,6";"92,0";"92,0";"92,0";"22,2";"22,3";"22,2";"1013,0";"1013,1";"1013,0";"2,2";"63,0";"4,2";"";"0,0"
"12/02/2026";"0700";"23,4";"23,6";"23,4";"92,0";"92,0";"92,0";"22,1";"22,3";"22,1";"1013,2";"1013,3";"1013,0";"2,5";"57,0";"4,4";"";"0,0"
"12/02/2026";"0800";"23,4";"23,5";"23,4";"92,0";"92,0";"92,0";"22,0";"22,2";"22,0";"1013,3";"1013,3";"1013,2";"2,7";"56,0";"4,6";"";"0,0"
"12/02/2026";"0900";"23,6";"23,6";"23,3";"91,0";"92,0";"91,0";"22,0";"22,0";"21,8";"1014,1";"1014,1";"1013,3";"2,6";"44,0";"5,0";"44,70";"0,0"
"12/02/2026";"1000";"25,2";"25,2";"23,6";"85,0";"91,0";"85,0";"22,5";"22,7";"22,0";"1014,6";"1014,6";"1014,1";"2,7";"44,0";"4,6";"436,40";"0,0"
"12/02/2026";"1100";"27,6";"27,6";"25,2";"74,0";"85,0";"74,0";"22,5";"22,9";"22,0";"1015,4";"1015,4";"1014,6";"2,9";"26,0";"5,5";"1417,00";"0,0"
"12/02/2026";"1200";"28,9";"28,9";"27,6";"67,0";"74,0";"67,0";"22,2";"22,7";"21,8";"1015,7";"1015,7";"1015,4";"3,8";"25,0";"6,2";"2310,80";"0,0"
"12/02/2026";"1300";"31,1";"31,2";"28,9";"56,0";"68,0";"56,0";"21,3";"22,8";"20,8";"1015,7";"1015,8";"1015,7";"3,4";"46,0";"6,5";"3008,60";"0,0"
"12/02/2026";"1400";"31,7";"32,1";"30,5";"53,0";"57,0";"51,0";"21,0";"22,1";"19,9";"1015,1";"1015,7";"1015,1";"3,8";"58,0";"8,2";"3397,10";"0,0"
"12/02/2026";"1500";"31,6";"32,4";"31,2";"53,0";"53,0";"43,0";"20,9";"21,1";"17,8";"1014,7";"1015,1";"1014,7";"5,0";"65,0";"9,6";"3882,10";"0,0"
"12/02/2026";"1600";"31,4";"32,0";"31,1";"47,0";"53,0";"45,0";"18,8";"20,9";"18,1";"1014,1";"1014,7";"1014,1";"6,0";"61,0";"10,6";"3753,30";"0,0"
"12/02/2026";"1700";"31,6";"31,7";"31,1";"48,0";"51,0";"45,0";"19,1";"19,7";"18,4";"1013,4";"1014,1";"1013,4";"6,0";"61,0";"10,9";"3639,80";"0,0"
"12/02/2026";"1800";"30,6";"31,7";"30,6";"52,0";"53,0";"46,0";"19,6";"20,1";"18,7";"1012,8";"1013,4";"1012,8";"5,8";"57,0";"11,2";"3166,00";"0,0"
"12/02/2026";"1900";"29,5";"30,9";"29,5";"58,0";"58,0";"51,0";"20,3";"20,6";"19,3";"1012,7";"1012,9";"1012,7";"7,0";"72,0";"10,9";"2457,00";"0,0"
"12/02/2026";"2000";"28,6";"29,6";"28,6";"63,0";"63,0";"58,0";"20,8";"21,0";"20,3";"1012,9";"1012,9";"1012,7";"6,2";"57,0";"11,9";"1557,30";"0,0"
"12/02/2026";"2100";"26,8";"28,6";"26,8";"75,0";"75,0";"63,0";"22,1";"22,1";"20,7";"1013,1";"1013,1";"1012,8";"4,7";"60,0";"11,4";"616,20";"0,0"
"12/02/2026";"2200";"25,8";"26,8";"25,8";"81,0";"81,0";"75,0";"22,3";"22,4";"22,0";"1013,7";"1013,7";"1013,1";"3,9";"62,0";"9,1";"14,80";"0,0"
"12/02/2026";"2300";"25,5";"25,8";"25,2";"86,0";"86,0";"81,0";"22,8";"22,8";"22,4";"1014,6";"1014,6";"1013,7";"2,8";"58,0";"7,3";"";"0,0"
"13/02/2026";"0000";"25,4";"25,6";"25,3";"86,0";"87,0";"85,0";"23,0";"23,1";"22,7";"1015,3";"1015,3";"1014,6";"3,2";"60,0";"7,6";"";"0,0"
"13/02/2026";"0100";"25,2";"25,6";"25,2";"88,0";"88,0";"86,0";"23,1";"23,2";"23,0";"1016,0";"1016,0";"1015,3";"3,1";"59,0";"6,8";"";"0,0"
"13/02/2026";"0200";"25,1";"25,3";"25,1";"88,0";"88,0";"87,0";"23,0";"23,1";"23,0";"1015,9";"1016,1";"1015,9";"3,3";"56,0";"6,5";"";"0,0"
"13/02/2026";"0300";"24,6";"25,1";"24,6";"89,0";"89,0";"88,0";"22,8";"23,1";"22,8";"1015,3";"1015,9";"1015,3";"2,5";"51,0";"6,5";"";"0,0"
"13/02/2026";"0400";"24,5";"24,7";"24,4";"90,0";"90,0";"89,0";"22,7";"22,8";"22,6";"1015,3";"1015,4";"1015,2";"2,3";"64,0";"4,7";"";"0,0"
"13/02/2026";"0500";"24,3";"24,6";"24,3";"90,0";"91,0";"90,0";"22,7";"22,9";"22,6";"1015,1";"1015,3";"1015,1";"2,4";"68,0";"4,7";"";"0,0"
"13/02/2026";"0600";"24,4";"24,6";"24,3";"91,0";"91,0";"90,0";"22,7";"23,0";"22,6";"1015,0";"1015,1";"1014,9";"2,8";"61,0";"5,6";"";"0,0"
"13/02/2026";"0700";"24,0";"24,4";"24,0";"90,0";"91,0";"90,0";"22,3";"22,7";"22,3";"1015,0";"1015,1";"1014,9";"2,2";"55,0";"5,2";"";"0,0"
"13/02/2026";"0800";"23,1";"24,0";"23,1";"92,0";"92,0";"90,0";"21,8";"22,4";"21,8";"1015,1";"1015,1";"1014,9";"1,6";"34,0";"3,7";"";"0,0"
"13/02/2026";"0900";"23,3";"23,3";"23,0";"93,0";"93,0";"92,0";"22,1";"22,1";"21,7";"1015,8";"1015,8";"1015,1";"1,2";"19,0";"3,4";"26,50";"0,0"
"13/02/2026";"1000";"25,3";"25,4";"23,3";"86,0";"93,0";"86,0";"22,8";"23,1";"22,1";"1016,3";"1016,3";"1015,8";"2,3";"7,0";"3,7";"551,40";"0,0"
"13/02/2026";"1100";"27,3";"27,3";"25,3";"75,0";"86,0";"75,0";"22,5";"23,0";"22,3";"1016,6";"1016,6";"1016,3";"3,3";"25,0";"6,9";"1426,70";"0,0"
"13/02/2026";"1200";"29,3";"29,3";"27,3";"66,0";"76,0";"66,0";"22,4";"22,9";"21,9";"1016,6";"1016,8";"1016,6";"3,4";"18,0";"6,3";"2278,10";"0,0"
"13/02/2026";"1300";"30,9";"31,0";"29,3";"58,0";"66,0";"56,0";"21,7";"22,4";"21,0";"1016,5";"1016,7";"1016,5";"4,2";"23,0";"7,1";"3034,20";"0,0"
"13/02/2026";"1400";"31,6";"31,9";"30,9";"55,0";"58,0";"52,0";"21,4";"22,1";"20,5";"1016,2";"1016,6";"1016,2";"3,6";"13,0";"7,6";"3493,60";"0,0"
"13/02/2026";"1500";"30,8";"32,1";"29,7";"58,0";"61,0";"51,0";"21,7";"22,9";"20,0";"1015,5";"1016,2";"1015,5";"4,9";"70,0";"8,7";"2730,70";"0,0"
"13/02/2026";"1600";"31,0";"31,6";"30,4";"54,0";"61,0";"53,0";"20,6";"22,2";"20,5";"1014,8";"1015,6";"1014,8";"4,8";"62,0";"11,2";"3856,40";"0,0"
"13/02/2026";"1700";"30,6";"31,4";"30,2";"55,0";"58,0";"51,0";"20,6";"21,4";"19,6";"1014,0";"1014,8";"1014,0";"5,2";"62,0";"10,1";"3609,10";"0,0"
"13/02/2026";"1800";"30,3";"30,9";"30,1";"57,0";"57,0";"50,0";"20,8";"20,8";"18,7";"1013,4";"1014,0";"1013,4";"5,0";"59,0";"9,9";"3120,90";"0,0"
"13/02/2026";"1900";"29,5";"30,3";"29,3";"57,0";"61,0";"55,0";"19,9";"21,0";"19,9";"1013,0";"1013,4";"1013,0";"5,5";"68,0";"11,5";"2410,10";"0,0"
"13/02/2026";"2000";"28,6";"29,5";"28,5";"61,0";"62,0";"56,0";"20,3";"20,8";"19,8";"1013,0";"1013,0";"1012,9";"5,2";"52,0";"11,2";"1541,10";"0,0"
"13/02/2026";"2100";"26,8";"28,6";"26,8";"70,0";"70,0";"61,0";"20,8";"21,0";"20,3";"1013,0";"1013,1";"1012,9";"5,1";"61,0";"9,7";"613,00";"0,0"
"13/02/2026";"2200";"25,5";"26,8";"25,5";"81,0";"81,0";"70,0";"21,9";"22,0";"20,6";"1012,9";"1013,2";"1012,9";"3,5";"57,0";"8,4";"28,70";"0,0"
"13/02/2026";"2300";"24,9";"25,5";"24,9";"85,0";"85,0";"81,0";"22,2";"22,4";"21,9";"1013,0";"1013,1";"1012,9";"3,2";"56,0";"7,6";"";"0,0"
"14/02/2026";"0000";"24,6";"25,0";"24,6";"86,0";"86,0";"85,0";"22,2";"22,4";"22,0";"1013,9";"1013,9";"1013,0";"2,5";"48,0";"6,0";"";"0,0"
"14/02/2026";"0100";"24,5";"24,6";"24,4";"88,0";"88,0";"86,0";"22,3";"22,3";"22,1";"1014,3";"1014,3";"1013,9";"2,7";"53,0";"4,4";"";"0,0"
"14/02/2026";"0200";"24,3";"24,5";"24,3";"88,0";"88,0";"87,0";"22,2";"22,3";"22,1";"1014,1";"1014,3";"1014,1";"1,6";"66,0";"4,6";"";"0,0"
"14/02/2026";"0300";"24,0";"24,4";"24,0";"89,0";"89,0";"88,0";"22,1";"22,4";"22,0";"1013,9";"1014,1";"1013,9";"1,5";"49,0";"3,9";"";"0,0"
"14/02/2026";"0400";"24,0";"24,1";"23,7";"89,0";"90,0";"89,0";"22,1";"22,3";"21,9";"1013,6";"1014,0";"1013,6";"2,1";"57,0";"3,3";"";"0,0"
"14/02/2026";"0500";"23,8";"24,0";"23,7";"90,0";"90,0";"89,0";"22,1";"22,2";"22,0";"1013,3";"1013,6";"1013,3";"1,0";"48,0";"3,3";"";"0,0"
"14/02/2026";"0600";"23,4";"23,8";"23,4";"92,0";"92,0";"90,0";"22,0";"22,1";"21,9";"1013,0";"1013,3";"1013,0";"1,4";"57,0";"2,3";"";"0,0"
"14/02/2026";"0700";"23,4";"23,6";"23,3";"92,0";"92,0";"92,0";"22,1";"22,3";"21,9";"1012,9";"1013,0";"1012,8";"2,0";"57,0";"3,2";"";"0,0"
"14/02/2026";"0800";"23,0";"23,4";"23,0";"93,0";"93,0";"92,0";"21,8";"22,0";"21,7";"1013,1";"1013,1";"1012,8";"1,6";"57,0";"3,3";"";"0,0"
"14/02/2026";"0900";"22,8";"23,0";"22,5";"93,0";"93,0";"92,0";"21,7";"21,7";"21,3";"1013,7";"1013,7";"1013,0";"1,7";"37,0";"2,8";"27,50";"0,0"
"14/02/2026";"1000";"25,1";"25,3";"22,8";"87,0";"94,0";"87,0";"22,8";"23,4";"21,8";"1014,4";"1014,4";"1013,7";"2,1";"16,0";"3,3";"527,00";"0,0"
"14/02/2026";"1100";"27,4";"27,4";"25,1";"76,0";"87,0";"75,0";"22,8";"23,2";"22,3";"1015,0";"1015,1";"1014,4";"2,5";"4,0";"4,4";"1396,40";"0,0"
"14/02/2026";"1200";"29,3";"29,4";"27,5";"67,0";"76,0";"66,0";"22,6";"23,1";"22,3";"1015,0";"1015,1";"1015,0";"2,8";"23,0";"5,2";"2243,40";"0,0"
"14/02/2026";"1300";"30,8";"31,3";"29,3";"58,0";"67,0";"58,0";"21,6";"22,9";"21,6";"1014,6";"1015,0";"1014,6";"2,7";"7,0";"5,5";"2973,00";"0,0"
"14/02/2026";"1400";"32,0";"32,1";"30,7";"54,0";"62,0";"54,0";"21,5";"23,0";"21,3";"1013,9";"1014,6";"1013,9";"3,4";"28,0";"6,2";"3480,30";"0,0"
"14/02/2026";"1500";"32,7";"33,3";"32,0";"51,0";"55,0";"47,0";"21,3";"22,4";"20,1";"1013,2";"1013,9";"1013,2";"2,9";"45,0";"6,3";"3751,40";"0,0"
"14/02/2026";"1600";"33,0";"33,8";"32,4";"53,0";"56,0";"46,0";"22,2";"22,8";"20,4";"1012,3";"1013,2";"1012,3";"3,5";"75,0";"7,2";"3889,80";"0,0"
"14/02/2026";"1700";"31,3";"33,5";"31,3";"53,0";"56,0";"50,0";"20,6";"22,8";"20,4";"1011,8";"1012,4";"1011,8";"5,0";"88,0";"8,6";"3633,60";"0,0"
"14/02/2026";"1800";"30,7";"31,8";"30,7";"55,0";"56,0";"52,0";"20,6";"21,7";"20,3";"1011,3";"1011,8";"1011,3";"5,1";"64,0";"8,9";"3082,90";"0,0"
"14/02/2026";"1900";"30,0";"30,9";"29,9";"57,0";"58,0";"53,0";"20,7";"21,0";"19,9";"1011,1";"1011,3";"1011,1";"4,9";"67,0";"9,8";"2386,10";"0,0"
"14/02/2026";"2000";"28,5";"30,1";"28,5";"64,0";"65,0";"57,0";"21,2";"21,4";"20,4";"1011,5";"1011,5";"1011,1";"5,6";"72,0";"10,7";"1523,30";"0,0"
"14/02/2026";"2100";"27,1";"28,5";"27,1";"71,0";"71,0";"64,0";"21,5";"21,7";"20,8";"1012,1";"1012,1";"1011,5";"4,7";"60,0";"10,1";"593,50";"0,0"
"14/02/2026";"2200";"25,8";"27,1";"25,8";"83,0";"83,0";"71,0";"22,7";"22,8";"21,4";"1012,6";"1012,6";"1012,1";"2,7";"69,0";"8,1";"21,40";"0,0"
"14/02/2026";"2300";"25,4";"25,8";"25,4";"88,0";"88,0";"83,0";"23,3";"23,4";"22,8";"1013,0";"1013,0";"1012,6";"2,6";"72,0";"5,1";"";"0,0"
"15/02/2026";"0000";"25,1";"25,5";"25,0";"90,0";"90,0";"88,0";"23,3";"23,5";"23,2";"1013,6";"1013,6";"1013,0";"1,9";"65,0";"4,6";"";"0,0"
"15/02/2026";"0100";"24,8";"25,2";"24,8";"91,0";"91,0";"90,0";"23,3";"23,5";"23,2";"1014,0";"1014,0";"1013,6";"1,4";"69,0";"3,5";"";"0,0"
"15/02/2026";"0200";"24,5";"24,8";"24,5";"92,0";"92,0";"91,0";"23,1";"23,3";"23,1";"1013,7";"1014,0";"1013,7";"1,4";"58,0";"2,4";"";"0,0"
"15/02/2026";"0300";"24,4";"24,6";"24,3";"92,0";"92,0";"92,0";"23,0";"23,2";"22,9";"1013,3";"1013,7";"1013,3";"1,5";"56,0";"2,9";"";"0,0"
"15/02/2026";"0400";"24,3";"24,6";"24,3";"92,0";"92,0";"92,0";"22,9";"23,2";"22,8";"1012,6";"1013,3";"1012,6";"1,9";"53,0";"3,3";"";"0,0"
"15/02/2026";"0500";"24,4";"24,5";"24,2";"92,0";"92,0";"92,0";"23,0";"23,1";"22,8";"1012,2";"1012,6";"1012,2";"2,0";"59,0";"3,8";"";"0,0"
"15/02/2026";"0600";"23,8";"24,4";"23,7";"92,0";"92,0";"92,0";"22,4";"23,0";"22,3";"1012,4";"1012,4";"1012,2";"0,5";"48,0";"3,2";"";"0,0"
"15/02/2026";"0700";"24,4";"24,4";"23,5";"93,0";"93,0";"92,0";"23,1";"23,1";"22,2";"1012,5";"1012,5";"1012,4";"1,2";"102,0";"2,2";"";"0,0"
"15/02/2026";"0800";"24,3";"24,6";"24,3";"91,0";"93,0";"91,0";"22,7";"23,1";"22,7";"1012,6";"1012,6";"1012,5";"1,3";"70,0";"3,1";"";"0,0"
"15/02/2026";"0900";"24,4";"24,4";"24,2";"91,0";"92,0";"91,0";"22,9";"22,9";"22,6";"1013,3";"1013,3";"1012,6";"1,3";"78,0";"3,1";"24,90";"0,0"
"15/02/2026";"1000";"25,8";"25,8";"24,3";"88,0";"91,0";"88,0";"23,7";"23,7";"22,5";"1013,9";"1013,9";"1013,3";"0,8";"328,0";"2,5";"505,10";"0,0"
"15/02/2026";"1100";"27,8";"27,9";"25,8";"76,0";"88,0";"75,0";"23,1";"23,9";"23,0";"1014,2";"1014,2";"1013,9";"2,3";"25,0";"4,1";"1401,30";"0,0"
"15/02/2026";"1200";"29,4";"29,6";"27,8";"66,0";"76,0";"64,0";"22,4";"23,5";"21,5";"1014,3";"1014,5";"1014,2";"1,9";"33,0";"4,4";"2272,00";"0,0"
"15/02/2026";"1300";"31,4";"31,4";"29,4";"58,0";"66,0";"55,0";"22,0";"22,6";"20,4";"1014,3";"1014,4";"1014,2";"2,7";"47,0";"7,4";"2895,50";"0,0"
"15/02/2026";"1400";"31,7";"32,0";"30,7";"52,0";"58,0";"49,0";"20,6";"22,0";"19,5";"1014,1";"1014,3";"1014,1";"3,4";"66,0";"7,0";"3476,70";"0,0"
"15/02/2026";"1500";"31,7";"32,3";"30,9";"51,0";"54,0";"47,0";"20,4";"21,3";"19,2";"1013,5";"1014,1";"1013,5";"3,5";"71,0";"7,4";"3753,60";"0,0"
"15/02/2026";"1600";"31,4";"32,3";"31,2";"50,0";"53,0";"48,0";"19,8";"21,2";"19,5";"1013,0";"1013,5";"1013,0";"4,7";"69,0";"8,5";"3748,20";"0,0"
"15/02/2026";"1700";"31,3";"32,0";"31,1";"53,0";"55,0";"49,0";"20,6";"21,4";"19,5";"1012,6";"1013,0";"1012,5";"4,6";"81,0";"8,5";"3570,20";"0,0"
"15/02/2026";"1800";"30,7";"31,6";"30,6";"54,0";"56,0";"52,0";"20,2";"21,4";"20,1";"1012,4";"1012,6";"1012,4";"5,1";"76,0";"9,2";"3075,80";"0,0"
"15/02/2026";"1900";"30,0";"30,9";"30,0";"58,0";"60,0";"53,0";"20,9";"21,5";"20,0";"1012,1";"1012,4";"1012,1";"5,4";"71,0";"9,6";"2377,40";"0,0"
"15/02/2026";"2000";"28,8";"30,2";"28,8";"65,0";"66,0";"58,0";"21,6";"22,1";"20,9";"1012,5";"1012,5";"1012,1";"5,1";"76,0";"9,7";"1518,20";"0,0"
"15/02/2026";"2100";"27,4";"28,8";"27,4";"70,0";"70,0";"64,0";"21,4";"21,6";"21,0";"1013,2";"1013,2";"1012,5";"4,2";"66,0";"9,0";"578,40";"0,0"
"15/02/2026";"2200";"26,1";"27,4";"26,1";"82,0";"82,0";"70,0";"22,8";"22,8";"21,4";"1013,7";"1013,7";"1013,2";"2,9";"60,0";"8,1";"23,20";"0,0"
"15/02/2026";"2300";"25,7";"26,1";"25,6";"87,0";"87,0";"82,0";"23,4";"23,4";"22,8";"1014,0";"1014,0";"1013,7";"2,2";"65,0";"5,3";"";"0,0"
"16/02/2026";"0000";"25,2";"25,7";"25,2";"89,0";"89,0";"87,0";"23,2";"23,4";"23,2";"1014,5";"1014,5";"1014,0";"1,7";"60,0";"4,7";"";"0,0"
"16/02/2026";"0100";"24,7";"25,3";"24,7";"90,0";"90,0";"89,0";"23,0";"23,3";"22,9";"1014,8";"1014,9";"1014,5";"1,9";"50,0";"4,1";"";"0,0"
"16/02/2026";"0200";"24,5";"24,8";"24,2";"92,0";"92,0";"90,0";"23,1";"23,1";"22,6";"1014,6";"1014,9";"1014,6";"1,7";"56,0";"3,2";"";"0,0"
"16/02/2026";"0300";"24,1";"24,6";"24,0";"92,0";"92,0";"91,0";"22,7";"23,1";"22,6";"1014,4";"1014,6";"1014,4";"0,7";"46,0";"3,6";"";"0,0"
"16/02/2026";"0400";"24,1";"24,3";"23,8";"93,0";"93,0";"92,0";"22,9";"22,9";"22,4";"1013,8";"1014,4";"1013,8";"1,3";"70,0";"2,9";"";"0,0"
"16/02/2026";"0500";"23,9";"24,2";"23,7";"92,0";"93,0";"92,0";"22,6";"23,0";"22,4";"1013,5";"1013,9";"1013,5";"1,6";"65,0";"2,9";"";"0,0"
"16/02/2026";"0600";"23,8";"23,9";"23,6";"93,0";"93,0";"92,0";"22,6";"22,6";"22,4";"1013,4";"1013,6";"1013,3";"1,1";"74,0";"2,5";"";"0,0"
"16/02/2026";"0700";"23,5";"23,8";"23,3";"93,0";"93,0";"93,0";"22,4";"22,7";"22,1";"1013,5";"1013,5";"1013,4";"0,8";"252,0";"2,3";"";"0,0"
"16/02/2026";"0800";"23,2";"23,8";"23,0";"94,0";"94,0";"93,0";"22,1";"22,7";"21,9";"1013,6";"1013,7";"1013,4";"0,6";"289,0";"2,1";"";"0,0"
"16/02/2026";"0900";"23,4";"23,5";"22,9";"94,0";"94,0";"94,0";"22,4";"22,5";"21,9";"1014,0";"1014,0";"1013,6";"0,2";"292,0";"1,0";"23,30";"0,0"
"16/02/2026";"1000";"25,6";"25,7";"23,2";"90,0";"94,0";"90,0";"23,9";"24,3";"22,2";"1014,6";"1014,6";"1014,0";"1,0";"25,0";"2,0";"533,00";"0,0"
"16/02/2026";"1100";"27,7";"27,7";"25,6";"76,0";"90,0";"75,0";"23,2";"24,5";"22,3";"1015,0";"1015,1";"1014,6";"2,6";"49,0";"4,5";"1397,70";"0,0"
"16/02/2026";"1200";"27,9";"29,1";"27,5";"69,0";"76,0";"65,0";"21,6";"23,4";"21,4";"1015,2";"1015,2";"1014,8";"3,9";"32,0";"6,8";"1979,70";"0,0"
"16/02/2026";"1300";"30,5";"30,6";"27,7";"60,0";"70,0";"59,0";"21,7";"22,5";"21,4";"1014,9";"1015,2";"1014,9";"3,0";"38,0";"6,8";"2053,10";"0,0"
"16/02/2026";"1400";"30,8";"31,1";"29,7";"63,0";"63,0";"58,0";"23,1";"23,1";"21,0";"1014,6";"1014,9";"1014,6";"2,5";"45,0";"5,9";"2820,10";"0,0"
"16/02/2026";"1500";"31,1";"31,9";"30,2";"57,0";"63,0";"53,0";"21,5";"22,9";"20,2";"1014,0";"1014,6";"1014,0";"4,0";"79,0";"7,9";"3839,10";"0,0"
"16/02/2026";"1600";"31,4";"31,8";"30,2";"57,0";"61,0";"54,0";"21,8";"22,7";"20,7";"1013,4";"1014,0";"1013,4";"3,7";"68,0";"7,6";"3773,80";"0,0"
"16/02/2026";"1700";"30,8";"31,5";"30,5";"59,0";"61,0";"55,0";"21,7";"22,7";"21,0";"1012,6";"1013,4";"1012,6";"4,6";"73,0";"8,5";"3611,80";"0,0"
"16/02/2026";"1800";"30,6";"31,7";"30,3";"58,0";"60,0";"55,0";"21,5";"22,2";"21,0";"1011,9";"1012,6";"1011,9";"4,6";"62,0";"8,7";"3069,10";"0,0"
"16/02/2026";"1900";"29,7";"30,8";"29,7";"62,0";"63,0";"58,0";"21,7";"22,5";"21,0";"1012,0";"1012,0";"1011,9";"4,5";"66,0";"8,8";"2351,80";"0,0"
"16/02/2026";"2000";"28,7";"29,9";"28,6";"65,0";"66,0";"59,0";"21,4";"22,0";"20,7";"1012,2";"1012,2";"1012,0";"5,6";"71,0";"9,6";"1492,60";"0,0"
"16/02/2026";"2100";"27,3";"28,7";"27,3";"73,0";"73,0";"64,0";"22,0";"22,0";"21,2";"1012,6";"1012,6";"1012,2";"4,6";"63,0";"10,5";"562,30";"0,0"
"16/02/2026";"2200";"26,0";"27,3";"26,0";"81,0";"81,0";"72,0";"22,6";"22,7";"21,8";"1012,9";"1013,0";"1012,6";"2,9";"64,0";"8,9";"14,90";"0,0"
"16/02/2026";"2300";"25,5";"26,0";"25,5";"87,0";"87,0";"81,0";"23,2";"23,3";"22,6";"1013,6";"1013,6";"1012,9";"2,6";"50,0";"5,3";"";"0,0"
"17/02/2026";"0000";"25,4";"25,6";"25,3";"85,0";"87,0";"85,0";"22,7";"23,3";"22,7";"1014,3";"1014,3";"1013,6";"2,6";"54,0";"5,5";"";"0,0"
"17/02/2026";"0100";"25,4";"25,4";"25,3";"87,0";"87,0";"85,0";"23,0";"23,0";"22,7";"1014,4";"1014,4";"1014,3";"2,4";"54,0";"5,3";"";"0,0"
"17/02/2026";"0200";"25,4";"25,4";"25,2";"87,0";"87,0";"86,0";"23,0";"23,1";"22,9";"1014,4";"1014,6";"1014,4";"3,0";"52,0";"5,2";"";"0,0"
"17/02/2026";"0300";"24,8";"25,4";"24,8";"88,0";"88,0";"87,0";"22,7";"23,0";"22,7";"1013,9";"1014,4";"1013,9";"2,1";"39,0";"5,7";"";"0,0"
"17/02/2026";"0400";"24,1";"24,8";"24,1";"90,0";"90,0";"88,0";"22,4";"22,7";"22,4";"1013,4";"1013,9";"1013,4";"1,8";"36,0";"4,2";"";"0,0"
"17/02/2026";"0500";"24,2";"24,3";"24,0";"90,0";"91,0";"90,0";"22,4";"22,6";"22,3";"1012,6";"1013,4";"1012,6";"2,5";"53,0";"4,0";"";"0,0"
"17/02/2026";"0600";"23,6";"24,2";"23,6";"91,0";"91,0";"90,0";"22,1";"22,5";"22,0";"1012,2";"1012,6";"1012,2";"1,5";"34,0";"4,0";"";"0,0"
"17/02/2026";"0700";"23,2";"23,6";"23,1";"93,0";"93,0";"91,0";"21,9";"22,1";"21,8";"1012,2";"1012,3";"1012,0";"1,5";"349,0";"2,8";"";"0,0"
"17/02/2026";"0800";"22,8";"23,2";"22,8";"93,0";"93,0";"93,0";"21,7";"22,0";"21,6";"1012,5";"1012,5";"1012,1";"1,2";"2,0";"2,6";"";"0,0"
"17/02/2026";"0900";"23,1";"23,1";"22,6";"93,0";"93,0";"93,0";"22,0";"22,0";"21,5";"1012,7";"1012,8";"1012,5";"2,2";"28,0";"3,6";"24,50";"0,0"
"17/02/2026";"1000";"25,2";"25,2";"23,1";"84,0";"93,0";"84,0";"22,3";"22,8";"22,0";"1013,1";"1013,1";"1012,7";"3,6";"18,0";"6,1";"514,30";"0,0"
"17/02/2026";"1100";"27,3";"27,3";"25,2";"71,0";"84,0";"71,0";"21,6";"22,7";"21,3";"1013,3";"1013,3";"1013,0";"4,6";"25,0";"7,3";"1393,10";"0,0"
"17/02/2026";"1200";"29,8";"29,9";"27,3";"64,0";"72,0";"63,0";"22,4";"22,8";"21,4";"1013,4";"1013,5";"1013,3";"2,7";"359,0";"7,3";"2239,90";"0,0"
"17/02/2026";"1300";"31,1";"31,2";"29,8";"58,0";"65,0";"56,0";"21,8";"22,9";"21,4";"1013,1";"1013,4";"1013,1";"3,4";"352,0";"6,8";"2982,10";"0,0"
"17/02/2026";"1400";"32,2";"32,3";"30,9";"56,0";"61,0";"53,0";"22,3";"23,2";"21,1";"1012,7";"1013,1";"1012,7";"3,4";"339,0";"6,8";"3440,20";"0,0"
"17/02/2026";"1500";"32,5";"32,9";"30,9";"54,0";"57,0";"51,0";"22,0";"22,6";"20,3";"1012,2";"1012,7";"1012,2";"2,8";"347,0";"6,9";"3520,80";"0,0"
"17/02/2026";"1600";"33,4";"33,8";"32,2";"48,0";"54,0";"46,0";"20,8";"22,2";"20,2";"1011,2";"1012,2";"1011,2";"3,2";"6,0";"6,4";"3969,90";"0,0"
"17/02/2026";"1700";"32,4";"34,0";"31,3";"55,0";"57,0";"45,0";"22,3";"22,3";"20,4";"1010,3";"1011,2";"1010,3";"4,2";"65,0";"7,2";"3424,30";"0,0"
"17/02/2026";"1800";"30,9";"32,5";"30,9";"56,0";"57,0";"53,0";"21,2";"22,4";"20,9";"1009,8";"1010,3";"1009,8";"5,0";"68,0";"9,7";"2943,20";"0,0"
"17/02/2026";"1900";"30,6";"31,2";"30,4";"57,0";"59,0";"56,0";"21,2";"22,1";"20,7";"1009,5";"1009,8";"1009,5";"5,1";"62,0";"9,7";"2141,70";"0,0"
"17/02/2026";"2000";"28,4";"30,6";"28,4";"66,0";"66,0";"56,0";"21,4";"21,7";"20,9";"1009,2";"1009,6";"1009,2";"5,5";"60,0";"10,5";"1336,60";"0,0"
"17/02/2026";"2100";"27,4";"28,5";"27,4";"70,0";"70,0";"65,0";"21,4";"21,7";"21,2";"1009,4";"1009,4";"1009,1";"4,9";"57,0";"11,7";"510,70";"0,0"
"17/02/2026";"2200";"26,2";"27,3";"26,2";"75,0";"75,0";"70,0";"21,3";"21,4";"21,1";"1009,7";"1009,7";"1009,4";"4,6";"51,0";"9,1";"10,60";"0,0"
"17/02/2026";"2300";"25,9";"26,2";"25,7";"76,0";"77,0";"75,0";"21,4";"21,5";"21,3";"1010,2";"1010,2";"1009,6";"4,0";"52,0";"8,6";"";"0,0"
"18/02/2026";"0000";"25,7";"25,9";"25,6";"77,0";"77,0";"76,0";"21,3";"21,4";"21,1";"1010,5";"1010,5";"1010,1";"3,7";"51,0";"8,2";"";"0,0"
"18/02/2026";"0100";"25,1";"25,7";"25,0";"80,0";"80,0";"77,0";"21,4";"21,4";"21,2";"1010,6";"1010,7";"1010,5";"2,6";"43,0";"6,6";"";"0,0"
"18/02/2026";"0200";"24,5";"25,3";"24,5";"83,0";"83,0";"80,0";"21,5";"21,6";"21,3";"1010,5";"1010,6";"1010,5";"1,6";"30,0";"5,5";"";"0,0"
"18/02/2026";"0300";"24,1";"24,6";"24,1";"86,0";"86,0";"83,0";"21,6";"21,9";"21,4";"1010,0";"1010,5";"1010,0";"1,7";"58,0";"4,3";"";"0,0"
"18/02/2026";"0400";"23,7";"24,2";"23,6";"88,0";"89,0";"86,0";"21,7";"21,8";"21,4";"1009,4";"1010,0";"1009,4";"1,8";"56,0";"3,6";"";"0,0"
"18/02/2026";"0500";"23,4";"23,7";"23,4";"90,0";"90,0";"88,0";"21,7";"21,7";"21,6";"1008,8";"1009,4";"1008,8";"2,4";"57,0";"3,6";"";"0,0"
"18/02/2026";"0600";"23,0";"23,5";"22,8";"92,0";"92,0";"90,0";"21,6";"21,7";"21,3";"1008,8";"1008,9";"1008,8";"2,1";"40,0";"3,6";"";"0,0"
"18/02/2026";"0700";"23,2";"23,4";"23,0";"89,0";"92,0";"89,0";"21,4";"21,8";"21,4";"1008,4";"1008,8";"1008,4";"3,0";"38,0";"4,6";"";"0,0"
"18/02/2026";"0800";"22,9";"23,3";"22,9";"91,0";"91,0";"89,0";"21,4";"21,5";"21,2";"1008,7";"1008,7";"1008,4";"2,2";"35,0";"4,8";"";"0,0"
"18/02/2026";"0900";"23,3";"23,3";"22,8";"91,0";"92,0";"91,0";"21,8";"21,8";"21,4";"1009,2";"1009,2";"1008,7";"3,1";"36,0";"5,4";"21,60";"0,0"
"18/02/2026";"1000";"25,8";"25,9";"23,3";"82,0";"91,0";"82,0";"22,5";"22,7";"21,8";"1009,2";"1009,3";"1009,1";"3,1";"25,0";"5,5";"499,90";"0,0"
"18/02/2026";"1100";"28,8";"28,8";"25,8";"71,0";"82,0";"71,0";"23,0";"23,3";"22,3";"1009,6";"1009,7";"1009,2";"3,2";"12,0";"5,9";"1361,30";"0,0"
"18/02/2026";"1200";"30,8";"30,8";"28,8";"59,0";"71,0";"59,0";"21,9";"23,2";"21,6";"1009,6";"1009,6";"1009,4";"3,9";"5,0";"6,9";"2243,10";"0,0"
"18/02/2026";"1300";"32,3";"32,5";"30,8";"53,0";"59,0";"52,0";"21,4";"22,3";"21,0";"1009,5";"1009,7";"1009,5";"3,9";"7,0";"7,4";"2956,70";"0,0"
"18/02/2026";"1400";"33,2";"33,6";"32,3";"51,0";"56,0";"50,0";"21,7";"22,7";"21,5";"1009,2";"1009,5";"1009,2";"4,0";"13,0";"7,1";"3471,30";"0,0"
"18/02/2026";"1500";"33,9";"34,4";"33,2";"47,0";"52,0";"46,0";"21,0";"22,3";"20,9";"1008,5";"1009,2";"1008,5";"3,8";"5,0";"6,5";"3756,00";"0,0"
"18/02/2026";"1600";"33,1";"35,4";"32,9";"53,0";"53,0";"42,0";"22,2";"22,2";"20,0";"1007,8";"1008,5";"1007,8";"4,0";"68,0";"8,1";"3824,90";"0,0"
"18/02/2026";"1700";"32,2";"33,4";"32,1";"52,0";"55,0";"50,0";"21,0";"22,6";"20,6";"1007,1";"1007,8";"1007,1";"5,9";"73,0";"8,8";"3584,90";"0,0"
"18/02/2026";"1800";"31,8";"32,7";"31,6";"54,0";"55,0";"50,0";"21,4";"21,9";"20,4";"1006,5";"1007,1";"1006,5";"5,7";"66,0";"10,0";"3033,60";"0,0"
"18/02/2026";"1900";"31,0";"32,1";"30,9";"54,0";"56,0";"52,0";"20,6";"21,5";"20,3";"1006,1";"1006,5";"1006,0";"4,7";"66,0";"10,3";"2318,20";"0,0"
"18/02/2026";"2000";"29,6";"31,2";"29,6";"60,0";"60,0";"53,0";"20,9";"21,0";"20,1";"1005,9";"1006,1";"1005,8";"4,7";"62,0";"10,1";"1446,80";"0,0"
"18/02/2026";"2100";"27,5";"29,6";"27,5";"70,0";"70,0";"59,0";"21,6";"21,9";"20,8";"1006,0";"1006,0";"1005,7";"4,7";"61,0";"9,3";"518,00";"0,0"
"18/02/2026";"2200";"26,0";"27,5";"26,0";"74,0";"75,0";"70,0";"21,0";"21,8";"21,0";"1007,0";"1007,0";"1006,0";"2,8";"55,0";"8,8";"7,40";"0,0"
"18/02/2026";"2300";"25,3";"26,0";"25,3";"75,0";"75,0";"74,0";"20,6";"21,0";"20,5";"1007,1";"1007,2";"1007,0";"2,8";"54,0";"5,4";"";"0,0"
"19/02/2026";"0000";"24,7";"25,4";"24,7";"79,0";"79,0";"75,0";"20,8";"20,8";"20,6";"1007,8";"1007,8";"1007,1";"1,8";"37,0";"5,4";"";"0,0"
"19/02/2026";"0100";"24,7";"25,1";"24,5";"82,0";"82,0";"79,0";"21,4";"21,4";"20,8";"1007,9";"1007,9";"1007,8";"2,1";"55,0";"5,1";"";"0,0"
"19/02/2026";"0200";"24,1";"24,8";"24,1";"86,0";"86,0";"82,0";"21,7";"21,8";"21,4";"1008,1";"1008,2";"1007,9";"1,4";"43,0";"3,4";"";"0,0"
"19/02/2026";"0300";"24,0";"24,2";"23,7";"89,0";"89,0";"86,0";"22,0";"22,0";"21,5";"1007,9";"1008,1";"1007,8";"1,4";"64,0";"2,4";"";"0,0"
"19/02/2026";"0400";"23,7";"24,0";"23,6";"90,0";"90,0";"88,0";"21,9";"22,0";"21,7";"1007,4";"1007,9";"1007,4";"1,3";"70,0";"1,9";"";"0,0"
"19/02/2026";"0500";"23,5";"23,8";"23,5";"90,0";"91,0";"90,0";"21,8";"22,2";"21,8";"1006,5";"1007,4";"1006,5";"1,2";"59,0";"2,7";"";"0,0"
"19/02/2026";"0600";"22,9";"23,5";"22,9";"92,0";"92,0";"90,0";"21,6";"21,8";"21,5";"1006,3";"1006,5";"1006,2";"1,2";"35,0";"2,7";"";"0,0"
"19/02/2026";"0700";"22,9";"23,2";"22,8";"93,0";"93,0";"92,0";"21,7";"21,9";"21,5";"1005,7";"1006,3";"1005,7";"1,2";"51,0";"2,7";"";"0,0"
"19/02/2026";"0800";"22,9";"23,0";"22,8";"93,0";"93,0";"93,0";"21,7";"21,8";"21,6";"1005,8";"1005,8";"1005,6";"1,8";"40,0";"3,6";"";"0,0"
"19/02/2026";"0900";"23,4";"23,4";"22,8";"93,0";"93,0";"93,0";"22,1";"22,1";"21,5";"1006,3";"1006,3";"1005,7";"1,6";"42,0";"3,3";"21,00";"0,0"
"19/02/2026";"1000";"26,2";"26,2";"23,4";"81,0";"93,0";"81,0";"22,8";"22,9";"22,2";"1006,9";"1006,9";"1006,3";"1,9";"8,0";"3,4";"499,30";"0,0"
"19/02/2026";"1100";"28,8";"28,8";"26,2";"69,0";"81,0";"69,0";"22,5";"22,9";"22,1";"1007,5";"1007,5";"1006,9";"2,6";"4,0";"4,8";"1357,60";"0,0"
"19/02/2026";"1200";"31,0";"31,1";"28,7";"60,0";"69,0";"59,0";"22,2";"23,0";"21,8";"1007,8";"1007,8";"1007,5";"2,7";"337,0";"4,9";"2215,30";"0,0"
"19/02/2026";"1300";"32,4";"32,5";"30,9";"51,0";"60,0";"50,0";"20,9";"22,6";"20,6";"1007,6";"1007,8";"1007,6";"3,1";"3,0";"5,6";"2928,50";"0,0"
"19/02/2026";"1400";"33,2";"33,6";"32,2";"49,0";"54,0";"49,0";"21,2";"22,7";"21,0";"1007,4";"1007,6";"1007,4";"3,1";"360,0";"6,0";"3438,10";"0,0"
"19/02/2026";"1500";"33,8";"34,2";"33,1";"48,0";"52,0";"46,0";"21,2";"22,5";"20,6";"1006,9";"1007,4";"1006,9";"2,5";"347,0";"5,8";"3704,40";"0,0"
"19/02/2026";"1600";"33,2";"35,2";"33,2";"47,0";"51,0";"44,0";"20,3";"22,6";"20,1";"1006,4";"1006,9";"1006,4";"3,1";"358,0";"6,1";"3286,50";"0,0"
"19/02/2026";"1700";"31,9";"34,8";"31,9";"56,0";"56,0";"44,0";"22,1";"22,4";"20,3";"1005,8";"1006,4";"1005,7";"2,8";"63,0";"5,4";"1887,80";"0,0"
"19/02/2026";"1800";"28,0";"32,3";"28,0";"69,0";"69,0";"49,0";"21,9";"22,7";"19,1";"1006,4";"1006,6";"1005,7";"3,4";"161,0";"8,0";"592,10";"0,0"
"19/02/2026";"1900";"26,7";"28,0";"26,1";"83,0";"85,0";"70,0";"23,5";"23,7";"21,8";"1006,3";"1006,5";"1006,1";"1,5";"93,0";"8,0";"309,70";"1,4"
"19/02/2026";"2000";"29,3";"30,3";"26,7";"67,0";"83,0";"64,0";"22,4";"24,4";"22,4";"1006,6";"1006,6";"1006,2";"1,3";"39,0";"3,3";"794,10";"0,0"
"19/02/2026";"2100";"27,8";"29,3";"27,8";"74,0";"76,0";"67,0";"22,7";"24,4";"22,4";"1006,5";"1006,8";"1006,5";"1,5";"82,0";"2,7";"245,80";"0,0"
"19/02/2026";"2200";"26,3";"27,8";"26,2";"83,0";"83,0";"73,0";"23,1";"23,1";"22,1";"1007,2";"1007,2";"1006,5";"1,9";"87,0";"3,8";"6,10";"0,0"
"19/02/2026";"2300";"25,6";"26,3";"25,5";"85,0";"86,0";"83,0";"22,8";"23,2";"22,8";"1008,0";"1008,0";"1007,2";"2,9";"46,0";"4,5";"";"0,0"
"20/02/2026";"0000";"25,3";"25,6";"25,3";"87,0";"87,0";"85,0";"23,0";"23,0";"22,6";"1008,4";"1008,4";"1008,0";"2,1";"78,0";"4,5";"";"0,0"
"20/02/2026";"0100";"25,2";"25,3";"25,1";"88,0";"89,0";"87,0";"23,2";"23,3";"23,0";"1009,0";"1009,0";"1008,3";"1,4";"90,0";"4,4";"";"0,2"
"20/02/2026";"0200";"25,0";"25,3";"24,9";"90,0";"90,0";"88,0";"23,3";"23,3";"23,0";"1008,8";"1009,2";"1008,8";"1,9";"77,0";"3,0";"";"0,0"
"20/02/2026";"0300";"24,8";"25,1";"24,5";"91,0";"91,0";"90,0";"23,2";"23,4";"22,9";"1008,9";"1009,1";"1008,8";"0,6";"247,0";"3,0";"";"0,0"
"20/02/2026";"0400";"24,4";"24,8";"24,1";"92,0";"93,0";"91,0";"23,1";"23,2";"22,6";"1008,5";"1009,0";"1008,5";"0,8";"101,0";"1,3";"";"0,0"
"20/02/2026";"0500";"24,5";"24,7";"24,4";"93,0";"93,0";"92,0";"23,2";"23,4";"23,0";"1007,7";"1008,5";"1007,7";"0,6";"91,0";"2,6";"";"0,0"
"20/02/2026";"0600";"23,9";"24,5";"23,8";"93,0";"93,0";"92,0";"22,7";"23,2";"22,5";"1007,7";"1007,7";"1007,4";"0,4";"328,0";"3,0";"";"0,0"
"20/02/2026";"0700";"23,4";"23,9";"23,3";"94,0";"94,0";"93,0";"22,3";"22,5";"22,2";"1007,4";"1007,8";"1007,4";"0,7";"275,0";"1,5";"";"0,0"
"20/02/2026";"0800";"23,9";"23,9";"23,3";"94,0";"94,0";"94,0";"22,9";"22,9";"22,3";"1007,3";"1007,5";"1007,2";"0,6";"251,0";"2,1";"";"0,0"
"20/02/2026";"0900";"23,5";"23,9";"23,4";"94,0";"94,0";"94,0";"22,6";"22,9";"22,5";"1007,4";"1007,5";"1007,2";"0,9";"19,0";"1,7";"20,40";"0,0"
"20/02/2026";"1000";"24,1";"24,4";"23,5";"94,0";"95,0";"94,0";"23,2";"23,5";"22,6";"1008,2";"1008,2";"1007,4";"2,0";"355,0";"3,3";"208,40";"0,0"
"20/02/2026";"1100";"26,8";"26,9";"24,1";"86,0";"95,0";"86,0";"24,1";"25,3";"23,2";"1008,4";"1008,4";"1008,1";"2,0";"348,0";"3,5";"1184,00";"0,0"
"20/02/2026";"1200";"29,2";"29,2";"26,3";"71,0";"86,0";"68,0";"23,5";"24,4";"22,3";"1008,5";"1008,7";"1008,4";"1,3";"352,0";"4,5";"2032,60";"0,0"
"20/02/2026";"1300";"31,0";"31,0";"29,1";"67,0";"71,0";"63,0";"24,1";"24,1";"22,1";"1008,1";"1008,6";"1008,1";"1,4";"184,0";"5,6";"2879,10";"0,0"
"20/02/2026";"1400";"31,7";"32,3";"30,3";"60,0";"66,0";"59,0";"23,0";"24,0";"22,5";"1007,5";"1008,2";"1007,5";"1,5";"46,0";"5,6";"3246,10";"0,0"
"20/02/2026";"1500";"32,8";"32,9";"31,5";"55,0";"62,0";"55,0";"22,5";"23,8";"22,0";"1006,6";"1007,5";"1006,6";"1,6";"140,0";"3,9";"3758,70";"0,0"
"20/02/2026";"1600";"33,9";"34,3";"32,2";"49,0";"58,0";"49,0";"21,8";"23,5";"21,8";"1005,8";"1006,6";"1005,8";"1,8";"46,0";"3,9";"3647,90";"0,0"
"20/02/2026";"1700";"35,2";"35,2";"33,7";"46,0";"51,0";"45,0";"21,7";"22,6";"20,7";"1004,8";"1005,8";"1004,8";"2,0";"59,0";"4,2";"3585,70";"0,0"
"20/02/2026";"1800";"32,0";"35,2";"31,5";"59,0";"62,0";"44,0";"22,9";"24,2";"21,1";"1004,5";"1004,9";"1004,5";"4,5";"75,0";"7,8";"2662,10";"0,0"
"20/02/2026";"1900";"31,1";"32,6";"31,1";"62,0";"63,0";"59,0";"22,8";"24,0";"22,6";"1004,4";"1004,6";"1004,4";"4,1";"82,0";"7,6";"2228,30";"0,0"
"20/02/2026";"2000";"28,6";"31,1";"28,5";"70,0";"71,0";"62,0";"22,7";"23,0";"22,3";"1005,3";"1005,4";"1004,4";"2,5";"87,0";"7,6";"210,90";"0,0"
"20/02/2026";"2100";"26,4";"28,7";"26,4";"71,0";"76,0";"70,0";"20,7";"23,2";"20,7";"1006,3";"1006,4";"1005,3";"3,6";"234,0";"5,8";"54,90";"0,0"
"20/02/2026";"2200";"26,6";"26,6";"25,1";"74,0";"80,0";"71,0";"21,5";"21,7";"20,5";"1006,4";"1006,5";"1006,3";"1,9";"112,0";"5,8";"2,20";"0,0"
"20/02/2026";"2300";"26,5";"27,1";"26,5";"84,0";"84,0";"70,0";"23,6";"23,6";"21,1";"1007,4";"1007,4";"1006,4";"1,6";"92,0";"3,8";"";"0,0"
"21/02/2026";"0000";"26,0";"26,5";"25,4";"88,0";"89,0";"84,0";"23,8";"23,9";"23,3";"1008,1";"1008,1";"1007,4";"1,1";"120,0";"2,9";"";"0,0"
"21/02/2026";"0100";"25,4";"26,0";"24,6";"88,0";"88,0";"85,0";"23,4";"23,7";"22,1";"1008,5";"1008,6";"1008,1";"1,2";"126,0";"2,4";"";"0,0"
"21/02/2026";"0200";"26,1";"26,2";"25,4";"87,0";"89,0";"86,0";"23,7";"24,0";"23,2";"1008,3";"1008,6";"1008,3";"1,9";"88,0";"3,5";"";"0,0"
"21/02/2026";"0300";"25,3";"26,1";"25,2";"87,0";"87,0";"86,0";"23,0";"23,7";"23,0";"1007,8";"1008,4";"1007,8";"0,7";"191,0";"3,4";"";"0,0"
"21/02/2026";"0400";"24,9";"25,4";"24,6";"91,0";"91,0";"87,0";"23,3";"23,3";"22,6";"1007,4";"1007,8";"1007,4";"0,8";"41,0";"1,6";"";"0,0"
"21/02/2026";"0500";"24,2";"24,9";"24,2";"93,0";"93,0";"91,0";"22,9";"23,3";"22,9";"1006,8";"1007,4";"1006,7";"1,5";"228,0";"2,3";"";"0,0"
"21/02/2026";"0600";"24,0";"24,3";"24,0";"92,0";"93,0";"92,0";"22,6";"23,0";"22,6";"1006,6";"1006,8";"1006,4";"1,3";"260,0";"2,7";"";"0,0"
"21/02/2026";"0700";"23,3";"24,0";"23,3";"93,0";"93,0";"92,0";"22,0";"22,6";"22,0";"1006,8";"1006,8";"1006,6";"0,9";"313,0";"2,4";"";"0,0"
"21/02/2026";"0800";"23,0";"23,3";"22,9";"94,0";"94,0";"93,0";"21,9";"22,1";"21,8";"1007,2";"1007,2";"1006,8";"0,8";"299,0";"1,9";"";"0,0"
"21/02/2026";"0900";"23,3";"23,3";"22,7";"94,0";"94,0";"94,0";"22,3";"22,3";"21,7";"1007,8";"1007,8";"1007,1";"1,5";"354,0";"2,2";"25,20";"0,0"
"21/02/2026";"1000";"25,8";"25,9";"23,4";"88,0";"94,0";"88,0";"23,7";"24,0";"22,3";"1008,3";"1008,3";"1007,8";"0,8";"299,0";"2,2";"498,80";"0,0"
"21/02/2026";"1100";"27,4";"27,7";"25,8";"76,0";"88,0";"76,0";"22,8";"23,9";"22,6";"1008,8";"1008,8";"1008,3";"1,6";"244,0";"3,1";"1274,60";"0,0"
"21/02/2026";"1200";"29,4";"30,1";"27,4";"68,0";"77,0";"66,0";"22,7";"23,4";"22,4";"1009,1";"1009,1";"1008,8";"1,5";"34,0";"3,1";"2179,30";"0,0"
"21/02/2026";"1300";"31,7";"31,7";"29,3";"60,0";"69,0";"59,0";"23,0";"24,0";"22,0";"1009,1";"1009,2";"1009,0";"1,4";"346,0";"3,8";"2899,70";"0,0"
"21/02/2026";"1400";"33,1";"33,1";"31,0";"54,0";"62,0";"53,0";"22,6";"23,7";"22,0";"1008,9";"1009,1";"1008,9";"1,6";"16,0";"3,7";"3440,60";"0,0"
"21/02/2026";"1500";"32,3";"33,9";"31,8";"59,0";"59,0";"50,0";"23,2";"23,3";"21,7";"1008,6";"1008,9";"1008,6";"1,3";"172,0";"3,8";"2841,80";"0,0"
"21/02/2026";"1600";"33,2";"34,1";"32,0";"61,0";"64,0";"49,0";"24,8";"24,8";"21,4";"1007,6";"1008,6";"1007,6";"1,9";"88,0";"5,5";"3630,60";"0,0"
"21/02/2026";"1700";"31,7";"33,6";"31,7";"62,0";"63,0";"56,0";"23,5";"24,8";"22,9";"1007,0";"1007,6";"1006,9";"2,4";"101,0";"6,8";"2199,40";"0,0"
"21/02/2026";"1800";"29,8";"31,7";"29,8";"67,0";"68,0";"61,0";"23,0";"23,6";"22,7";"1006,9";"1007,0";"1006,4";"3,0";"70,0";"6,3";"673,80";"0,0"
"21/02/2026";"1900";"28,9";"29,8";"28,8";"66,0";"68,0";"65,0";"22,0";"23,1";"21,7";"1007,9";"1007,9";"1006,8";"1,6";"45,0";"6,2";"488,70";"0,0"
"21/02/2026";"2000";"26,1";"28,9";"26,0";"72,0";"73,0";"65,0";"20,6";"22,3";"20,3";"1008,3";"1008,6";"1007,8";"3,8";"322,0";"8,9";"427,70";"0,0"
"21/02/2026";"2100";"24,9";"26,3";"24,9";"78,0";"78,0";"71,0";"20,7";"20,9";"20,5";"1007,9";"1008,3";"1007,9";"1,6";"345,0";"6,5";"195,50";"0,0"
"21/02/2026";"2200";"23,8";"24,9";"23,7";"87,0";"87,0";"78,0";"21,5";"21,5";"20,7";"1007,9";"1008,1";"1007,8";"1,5";"35,0";"4,4";"3,40";"0,0"
"21/02/2026";"2300";"23,9";"24,5";"23,6";"84,0";"88,0";"83,0";"21,1";"22,1";"21,1";"1009,0";"1009,0";"1007,9";"2,2";"64,0";"4,0";"";"0,0"
"22/02/2026";"0000";"24,2";"24,4";"23,6";"86,0";"86,0";"83,0";"21,7";"21,7";"20,9";"1010,0";"1010,0";"1009,0";"1,4";"235,0";"3,3";"";"0,0"
"22/02/2026";"0100";"24,0";"24,2";"23,5";"87,0";"89,0";"86,0";"21,7";"22,1";"21,5";"1010,4";"1010,4";"1009,9";"0,8";"197,0";"2,4";"";"0,0"
"22/02/2026";"0200";"23,4";"24,4";"23,3";"89,0";"89,0";"85,0";"21,4";"21,7";"21,3";"1010,2";"1010,4";"1010,1";"1,6";"221,0";"2,4";"";"0,0"
"22/02/2026";"0300";"23,4";"24,4";"23,2";"91,0";"91,0";"89,0";"21,9";"22,8";"21,4";"1009,8";"1010,2";"1009,8";"1,1";"249,0";"2,4";"";"0,0"
"22/02/2026";"0400";"23,3";"23,5";"23,1";"92,0";"92,0";"91,0";"21,9";"22,1";"21,7";"1009,4";"1009,8";"1009,4";"0,8";"205,0";"3,1";"";"0,0"
"22/02/2026";"0500";"22,8";"23,3";"22,8";"93,0";"93,0";"92,0";"21,7";"22,0";"21,6";"1008,7";"1009,4";"1008,7";"1,2";"232,0";"2,3";"";"0,0"
"22/02/2026";"0600";"22,5";"23,0";"22,5";"94,0";"94,0";"93,0";"21,5";"22,0";"21,5";"1008,3";"1008,7";"1008,3";"1,1";"217,0";"2,6";"";"0,0"
"22/02/2026";"0700";"23,3";"23,3";"22,3";"94,0";"94,0";"94,0";"22,3";"22,3";"21,2";"1008,5";"1008,6";"1008,3";"0,2";"307,0";"2,1";"";"0,0"
"22/02/2026";"0800";"23,4";"23,4";"23,3";"94,0";"94,0";"94,0";"22,4";"22,4";"22,2";"1008,7";"1008,7";"1008,4";"1,0";"284,0";"2,0";"";"0,2"
"22/02/2026";"0900";"23,2";"23,4";"22,9";"94,0";"94,0";"94,0";"22,3";"22,4";"21,9";"1008,8";"1008,9";"1008,6";"1,1";"295,0";"1,9";"8,30";"0,0"
"22/02/2026";"1000";"23,9";"24,1";"23,2";"94,0";"94,0";"94,0";"22,9";"23,1";"22,3";"1009,6";"1009,6";"1008,8";"0,6";"341,0";"1,9";"157,20";"0,0"
"22/02/2026";"1100";"24,9";"24,9";"23,9";"91,0";"94,0";"91,0";"23,3";"23,4";"22,9";"1010,4";"1010,4";"1009,6";"1,4";"360,0";"2,8";"465,00";"0,0"
"22/02/2026";"1200";"27,8";"27,8";"24,8";"76,0";"91,0";"75,0";"23,2";"23,5";"22,7";"1010,4";"1010,5";"1010,4";"1,3";"37,0";"3,7";"1565,10";"0,0"
"22/02/2026";"1300";"29,0";"29,0";"26,9";"71,0";"78,0";"69,0";"23,2";"23,7";"21,9";"1010,3";"1010,5";"1010,3";"1,4";"64,0";"4,0";"2895,00";"0,0"
"22/02/2026";"1400";"31,0";"31,1";"28,3";"60,0";"71,0";"59,0";"22,4";"23,4";"21,8";"1009,6";"1010,3";"1009,6";"1,7";"26,0";"3,8";"2702,60";"0,0"
"22/02/2026";"1500";"31,9";"31,9";"30,0";"58,0";"64,0";"56,0";"22,7";"23,0";"21,5";"1009,2";"1009,7";"1009,2";"1,4";"283,0";"4,8";"3496,00";"0,0"
"22/02/2026";"1600";"32,5";"33,2";"31,2";"53,0";"60,0";"52,0";"21,8";"23,3";"21,2";"1008,3";"1009,2";"1008,3";"1,6";"205,0";"3,9";"3850,90";"0,0"
"22/02/2026";"1700";"31,9";"33,1";"31,3";"61,0";"61,0";"49,0";"23,5";"23,5";"20,7";"1007,5";"1008,3";"1007,5";"1,8";"56,0";"3,6";"2119,70";"0,0"
"22/02/2026";"1800";"32,3";"32,8";"31,0";"58,0";"62,0";"53,0";"23,0";"23,4";"21,4";"1006,8";"1007,5";"1006,8";"2,2";"60,0";"4,8";"2283,40";"0,0"
"22/02/2026";"1900";"28,5";"32,3";"28,5";"67,0";"67,0";"57,0";"21,8";"23,2";"21,7";"1007,0";"1007,0";"1006,7";"4,4";"76,0";"8,5";"875,60";"0,0"
"22/02/2026";"2000";"27,2";"28,5";"27,2";"75,0";"75,0";"66,0";"22,3";"22,4";"21,6";"1007,5";"1007,5";"1006,9";"3,7";"69,0";"8,0";"232,90";"0,0"
"22/02/2026";"2100";"26,4";"27,2";"26,4";"76,0";"78,0";"75,0";"21,8";"22,6";"21,8";"1008,2";"1008,2";"1007,4";"2,3";"245,0";"6,5";"42,30";"0,0"
"22/02/2026";"2200";"25,8";"26,4";"25,1";"78,0";"81,0";"76,0";"21,8";"22,0";"21,1";"1008,4";"1008,7";"1008,2";"1,3";"125,0";"4,5";"";"0,0"
"22/02/2026";"2300";"26,1";"26,2";"25,5";"82,0";"82,0";"78,0";"22,7";"22,8";"21,7";"1009,0";"1009,0";"1008,4";"1,5";"112,0";"4,0";"";"0,0"
"23/02/2026";"0000";"25,9";"26,1";"25,7";"84,0";"84,0";"82,0";"22,9";"23,0";"22,8";"1009,5";"1009,6";"1009,0";"1,3";"137,0";"4,3";"";"0,0"
"23/02/2026";"0100";"25,8";"26,0";"25,7";"85,0";"85,0";"84,0";"23,1";"23,1";"22,8";"1009,9";"1009,9";"1009,5";"0,6";"176,0";"3,2";"";"0,0"
"23/02/2026";"0200";"25,5";"25,9";"25,4";"88,0";"88,0";"85,0";"23,3";"23,3";"23,0";"1009,6";"1010,0";"1009,6";"1,8";"75,0";"3,3";"";"0,0"
"23/02/2026";"0300";"25,5";"25,6";"25,3";"88,0";"88,0";"87,0";"23,3";"23,4";"23,2";"1009,2";"1009,6";"1009,2";"2,6";"67,0";"4,6";"";"0,0"
"23/02/2026";"0400";"25,1";"25,5";"25,1";"89,0";"89,0";"88,0";"23,2";"23,4";"23,2";"1008,6";"1009,2";"1008,6";"2,2";"57,0";"5,8";"";"0,0"
"23/02/2026";"0500";"24,7";"25,1";"24,7";"90,0";"90,0";"89,0";"22,9";"23,2";"22,8";"1007,6";"1008,6";"1007,6";"2,2";"57,0";"4,7";"";"0,0"
"23/02/2026";"0600";"24,4";"24,8";"24,4";"91,0";"91,0";"90,0";"22,8";"23,0";"22,8";"1007,2";"1007,7";"1007,2";"1,9";"53,0";"4,5";"";"0,0"
"23/02/2026";"0700";"23,8";"24,4";"23,6";"93,0";"93,0";"91,0";"22,5";"22,8";"22,3";"1007,3";"1007,6";"1007,2";"0,3";"51,0";"3,2";"";"0,0"
"23/02/2026";"0800";"24,1";"24,2";"23,5";"93,0";"93,0";"92,0";"22,9";"23,0";"22,3";"1007,4";"1007,7";"1007,3";"0,4";"261,0";"1,3";"";"0,0"
"23/02/2026";"0900";"23,7";"24,1";"23,5";"93,0";"93,0";"93,0";"22,5";"22,8";"22,3";"1007,8";"1007,8";"1007,3";"0,6";"47,0";"1,1";"26,10";"0,0"
"23/02/2026";"1000";"26,2";"26,2";"23,6";"86,0";"93,0";"86,0";"23,6";"24,4";"22,4";"1008,2";"1008,2";"1007,7";"1,6";"59,0";"3,6";"493,40";"0,0"
"23/02/2026";"1100";"27,8";"27,9";"26,1";"75,0";"86,0";"75,0";"23,0";"23,8";"22,7";"1008,5";"1008,6";"1008,2";"1,5";"33,0";"4,4";"1073,80";"0,0"
"23/02/2026";"1200";"29,2";"29,5";"27,5";"69,0";"76,0";"69,0";"22,9";"23,5";"22,5";"1008,7";"1008,7";"1008,5";"2,1";"23,0";"3,9";"2017,60";"0,0"
"23/02/2026";"1300";"31,0";"31,0";"29,1";"63,0";"70,0";"63,0";"23,1";"23,7";"22,4";"1008,5";"1008,7";"1008,5";"2,3";"28,0";"4,7";"2416,50";"0,0"
"23/02/2026";"1400";"31,6";"32,1";"30,8";"57,0";"65,0";"57,0";"22,1";"23,8";"21,9";"1008,1";"1008,6";"1008,1";"1,7";"14,0";"5,0";"3012,20";"0,0"
"23/02/2026";"1500";"31,7";"31,7";"30,1";"59,0";"67,0";"57,0";"22,6";"23,7";"21,8";"1007,3";"1008,1";"1007,3";"1,1";"91,0";"3,6";"1467,20";"0,0"
"23/02/2026";"1600";"27,2";"31,9";"26,6";"80,0";"81,0";"55,0";"23,4";"24,4";"21,6";"1006,6";"1007,3";"1006,6";"2,6";"99,0";"5,3";"1428,00";"4,6"
"23/02/2026";"1700";"30,5";"30,5";"27,2";"67,0";"81,0";"65,0";"23,7";"24,7";"22,8";"1005,6";"1006,6";"1005,6";"4,0";"74,0";"6,9";"2158,00";"0,2"
"23/02/2026";"1800";"29,6";"30,5";"29,4";"67,0";"70,0";"65,0";"22,7";"23,9";"22,3";"1005,2";"1005,6";"1005,0";"5,1";"81,0";"9,2";"2670,30";"0,0"
"23/02/2026";"1900";"27,7";"29,6";"27,7";"75,0";"75,0";"66,0";"22,8";"23,2";"21,9";"1005,7";"1005,8";"1005,2";"4,5";"69,0";"9,2";"1229,10";"0,0"
"23/02/2026";"2000";"26,9";"27,7";"26,9";"80,0";"80,0";"75,0";"23,1";"23,1";"22,7";"1006,0";"1006,0";"1005,6";"5,1";"69,0";"9,6";"362,30";"0,0"
"23/02/2026";"2100";"26,6";"26,9";"26,6";"82,0";"82,0";"79,0";"23,3";"23,3";"22,9";"1006,5";"1006,5";"1005,9";"4,0";"70,0";"9,6";"54,40";"0,0"
"23/02/2026";"2200";"26,5";"26,6";"26,4";"83,0";"83,0";"82,0";"23,4";"23,5";"23,3";"1007,1";"1007,1";"1006,5";"2,2";"61,0";"8,2";"";"0,0"
"23/02/2026";"2300";"25,6";"26,5";"25,6";"90,0";"90,0";"83,0";"23,8";"23,9";"23,4";"1007,9";"1007,9";"1007,1";"1,7";"81,0";"5,0";"";"1,4"
"24/02/2026";"0000";"25,8";"25,8";"25,5";"92,0";"92,0";"90,0";"24,3";"24,3";"23,9";"1008,1";"1008,3";"1007,9";"2,4";"85,0";"4,4";"";"1,0"
"24/02/2026";"0100";"25,8";"26,0";"25,7";"91,0";"92,0";"91,0";"24,3";"24,4";"24,2";"1008,0";"1008,2";"1008,0";"2,4";"73,0";"5,1";"";"0,4"
"24/02/2026";"0200";"25,8";"25,8";"25,7";"92,0";"92,0";"91,0";"24,3";"24,4";"24,2";"1007,8";"1008,0";"1007,6";"1,6";"73,0";"4,8";"";"0,4"
"24/02/2026";"0300";"25,9";"26,0";"25,8";"91,0";"92,0";"91,0";"24,3";"24,4";"24,3";"1007,3";"1007,8";"1007,3";"2,4";"72,0";"4,8";"";"0,0"
"24/02/2026";"0400";"25,2";"25,9";"25,2";"92,0";"92,0";"91,0";"23,8";"24,3";"23,8";"1007,0";"1007,4";"1006,9";"2,0";"58,0";"4,8";"";"0,2"
"24/02/2026";"0500";"24,9";"25,2";"24,9";"93,0";"93,0";"92,0";"23,6";"23,8";"23,6";"1006,2";"1007,0";"1006,2";"1,3";"77,0";"3,4";"";"0,0"
"24/02/2026";"0600";"24,7";"24,9";"24,7";"93,0";"93,0";"93,0";"23,5";"23,7";"23,5";"1005,8";"1006,2";"1005,8";"0,9";"65,0";"2,3";"";"0,0"
"24/02/2026";"0700";"24,7";"24,7";"24,6";"93,0";"94,0";"93,0";"23,5";"23,6";"23,5";"1005,9";"1005,9";"1005,8";"1,4";"94,0";"2,4";"";"0,0"
"24/02/2026";"0800";"24,4";"24,7";"24,4";"92,0";"93,0";"92,0";"23,1";"23,5";"23,1";"1006,3";"1006,3";"1005,9";"1,3";"71,0";"3,2";"";"0,0"
"24/02/2026";"0900";"24,3";"24,4";"24,2";"93,0";"93,0";"92,0";"23,1";"23,1";"22,9";"1006,4";"1006,4";"1006,3";"1,3";"68,0";"2,9";"4,90";"0,2"
"24/02/2026";"1000";"25,1";"25,1";"24,3";"93,0";"93,0";"93,0";"23,9";"24,0";"23,1";"1006,7";"1006,7";"1006,4";"1,0";"55,0";"3,1";"245,70";"0,0"
"24/02/2026";"1100";"25,7";"25,7";"25,1";"91,0";"93,0";"91,0";"24,1";"24,2";"23,9";"1006,7";"1006,7";"1006,6";"1,6";"353,0";"2,9";"499,60";"0,0"
"24/02/2026";"1200";"27,2";"27,3";"25,7";"84,0";"91,0";"84,0";"24,2";"24,6";"24,1";"1006,8";"1006,8";"1006,7";"2,1";"358,0";"3,4";"1089,70";"0,0"
"24/02/2026";"1300";"27,3";"27,7";"26,8";"83,0";"85,0";"82,0";"24,0";"24,7";"23,8";"1007,0";"1007,0";"1006,8";"2,4";"342,0";"4,8";"1340,40";"0,0"
"24/02/2026";"1400";"28,0";"28,2";"27,2";"76,0";"83,0";"74,0";"23,3";"24,1";"22,9";"1006,4";"1007,0";"1006,4";"1,7";"351,0";"4,5";"1585,10";"0,0"
"24/02/2026";"1500";"29,8";"29,9";"28,0";"68,0";"76,0";"68,0";"23,3";"24,6";"22,8";"1005,9";"1006,4";"1005,9";"1,7";"36,0";"4,1";"2043,90";"0,0"
"24/02/2026";"1600";"29,9";"30,2";"29,1";"67,0";"71,0";"66,0";"23,2";"24,2";"22,6";"1005,2";"1005,9";"1005,2";"0,5";"141,0";"3,5";"1801,50";"0,0"
"24/02/2026";"1700";"31,0";"31,5";"29,6";"63,0";"70,0";"61,0";"23,2";"24,0";"22,5";"1004,4";"1005,2";"1004,4";"1,8";"24,0";"3,4";"2048,70";"0,0"
"24/02/2026";"1800";"29,9";"31,4";"29,8";"72,0";"72,0";"60,0";"24,1";"24,6";"22,3";"1003,4";"1004,4";"1003,3";"3,2";"75,0";"6,0";"2108,60";"0,2"
"24/02/2026";"1900";"28,9";"30,2";"28,7";"73,0";"75,0";"71,0";"23,7";"24,6";"23,6";"1003,0";"1003,4";"1003,0";"3,5";"90,0";"7,2";"1330,20";"0,0"
"24/02/2026";"2000";"26,9";"28,9";"26,9";"77,0";"78,0";"73,0";"22,6";"23,6";"22,6";"1003,1";"1003,1";"1003,0";"4,1";"83,0";"8,2";"405,50";"0,0"
"24/02/2026";"2100";"25,9";"26,8";"25,9";"84,0";"84,0";"77,0";"23,1";"23,1";"22,6";"1003,8";"1003,9";"1002,9";"2,8";"66,0";"7,0";"21,40";"0,0"
"24/02/2026";"2200";"25,4";"25,9";"25,4";"90,0";"90,0";"84,0";"23,5";"23,6";"23,1";"1004,9";"1004,9";"1003,8";"0,6";"248,0";"5,4";"";"0,0"
"24/02/2026";"2300";"25,1";"25,4";"25,1";"92,0";"92,0";"90,0";"23,6";"23,7";"23,5";"1005,4";"1005,4";"1004,9";"0,7";"114,0";"2,0";"";"1,2"
"25/02/2026";"0000";"24,8";"25,1";"24,8";"92,0";"92,0";"92,0";"23,5";"23,6";"23,4";"1005,5";"1005,7";"1005,4";"0,5";"59,0";"2,0";"";"1,0"
"25/02/2026";"0100";"24,2";"24,8";"24,2";"93,0";"93,0";"92,0";"23,0";"23,5";"23,0";"1005,2";"1005,5";"1005,2";"0,5";"263,0";"2,5";"";"0,2"
"25/02/2026";"0200";"24,1";"24,2";"24,1";"94,0";"94,0";"93,0";"23,1";"23,1";"23,0";"1004,6";"1005,2";"1004,6";"0,9";"232,0";"3,2";"";"0,0"
"25/02/2026";"0300";"24,2";"24,2";"24,1";"94,0";"94,0";"94,0";"23,2";"23,2";"23,0";"1004,1";"1004,6";"1004,1";"0,4";"180,0";"2,2";"";"0,0"
"25/02/2026";"0400";"24,2";"24,3";"24,1";"94,0";"94,0";"94,0";"23,2";"23,3";"23,1";"1003,7";"1004,1";"1003,6";"0,7";"182,0";"1,9";"";"0,0"
"25/02/2026";"0500";"24,2";"24,2";"24,0";"94,0";"94,0";"94,0";"23,2";"23,2";"23,0";"1003,0";"1003,7";"1003,0";"0,5";"187,0";"1,6";"";"0,0"
"25/02/2026";"0600";"23,9";"24,2";"23,8";"94,0";"94,0";"94,0";"23,0";"23,2";"22,8";"1002,7";"1003,0";"1002,6";"1,0";"232,0";"2,2";"";"0,0"
"25/02/2026";"0700";"24,0";"24,1";"23,9";"94,0";"94,0";"94,0";"23,1";"23,1";"23,0";"1002,5";"1002,7";"1002,4";"0,9";"266,0";"1,5";"";"0,0"
"25/02/2026";"0800";"23,9";"24,1";"23,8";"95,0";"95,0";"94,0";"23,0";"23,1";"22,9";"1003,0";"1003,0";"1002,5";"1,1";"325,0";"2,3";"";"0,0"
"25/02/2026";"0900";"23,8";"23,9";"23,8";"95,0";"95,0";"95,0";"22,9";"23,0";"22,9";"1003,5";"1003,5";"1003,0";"1,3";"311,0";"2,1";"20,00";"0,0"
"25/02/2026";"1000";"24,9";"24,9";"23,8";"94,0";"95,0";"94,0";"23,9";"23,9";"22,9";"1003,9";"1003,9";"1003,5";"1,5";"11,0";"3,1";"284,50";"0,0"
"25/02/2026";"1100";"27,1";"27,1";"24,9";"87,0";"94,0";"87,0";"24,8";"25,3";"23,9";"1004,2";"1004,2";"1003,9";"2,4";"12,0";"3,9";"1027,90";"0,0"
"25/02/2026";"1200";"28,8";"28,8";"27,1";"77,0";"88,0";"77,0";"24,4";"25,0";"23,8";"1004,1";"1004,2";"1004,1";"3,2";"6,0";"5,2";"2119,20";"0,0"
"25/02/2026";"1300";"31,0";"31,1";"28,8";"66,0";"77,0";"63,0";"23,8";"24,7";"22,9";"1003,7";"1004,1";"1003,7";"2,4";"340,0";"5,5";"2936,70";"0,0"
"25/02/2026";"1400";"32,0";"32,0";"30,6";"64,0";"67,0";"62,0";"24,4";"24,4";"23,1";"1003,1";"1003,7";"1003,1";"2,9";"309,0";"7,0";"3351,30";"0,0"
"25/02/2026";"1500";"33,0";"33,1";"31,3";"57,0";"66,0";"55,0";"23,3";"24,5";"22,3";"1002,2";"1003,1";"1002,2";"3,5";"308,0";"7,2";"3279,20";"0,0"
"25/02/2026";"1600";"33,3";"33,6";"32,3";"53,0";"58,0";"51,0";"22,5";"23,6";"21,7";"1001,3";"1002,2";"1001,3";"3,6";"288,0";"7,1";"3588,70";"0,0"
"25/02/2026";"1700";"34,0";"34,2";"33,1";"48,0";"54,0";"48,0";"21,6";"23,3";"21,6";"1000,5";"1001,3";"1000,5";"2,6";"294,0";"7,0";"3439,70";"0,0"
"25/02/2026";"1800";"30,9";"34,7";"30,2";"64,0";"68,0";"46,0";"23,3";"24,1";"21,2";"1000,1";"1000,5";"1000,1";"4,1";"66,0";"7,4";"2630,30";"0,0"
"25/02/2026";"1900";"30,1";"31,6";"29,9";"64,0";"66,0";"58,0";"22,5";"24,1";"21,3";"1000,0";"1000,1";"999,9";"5,4";"68,0";"9,7";"2156,40";"0,0"
"25/02/2026";"2000";"28,5";"30,1";"28,2";"72,0";"73,0";"63,0";"22,9";"23,1";"21,9";"1000,0";"1000,1";"1000,0";"4,5";"56,0";"9,7";"1306,90";"0,0"
"25/02/2026";"2100";"27,5";"28,5";"27,5";"75,0";"76,0";"72,0";"22,7";"23,1";"22,5";"1000,0";"1000,0";"999,6";"3,8";"50,0";"9,0";"397,40";"0,0"
"25/02/2026";"2200";"26,5";"27,5";"26,5";"80,0";"80,0";"75,0";"22,8";"22,8";"22,5";"1000,5";"1000,5";"1000,0";"2,5";"51,0";"7,8";"2,20";"0,0"
"25/02/2026";"2300";"26,2";"26,5";"26,2";"83,0";"84,0";"80,0";"23,2";"23,3";"22,8";"1001,5";"1001,5";"1000,5";"2,4";"64,0";"5,0";"";"0,0"
"26/02/2026";"0000";"25,9";"26,3";"25,9";"86,0";"86,0";"83,0";"23,3";"23,3";"23,1";"1002,2";"1002,2";"1001,5";"1,5";"62,0";"4,5";"";"0,0"
"26/02/2026";"0100";"25,6";"25,9";"25,6";"86,0";"87,0";"86,0";"23,1";"23,4";"23,1";"1001,7";"1002,2";"1001,7";"1,6";"48,0";"3,0";"";"0,0"
"26/02/2026";"0200";"25,0";"25,7";"25,0";"88,0";"88,0";"86,0";"22,9";"23,2";"22,9";"1000,7";"1001,7";"1000,7";"1,6";"48,0";"3,3";"";"0,0"
"26/02/2026";"0300";"24,5";"25,0";"24,5";"90,0";"90,0";"88,0";"22,8";"22,9";"22,7";"1000,3";"1000,7";"1000,3";"0,5";"61,0";"2,6";"";"0,0"
"26/02/2026";"0400";"25,1";"25,1";"24,3";"88,0";"91,0";"88,0";"23,0";"23,2";"22,7";"999,2";"1000,3";"999,2";"1,3";"126,0";"2,1";"";"0,0"
"26/02/2026";"0500";"24,6";"25,1";"24,6";"91,0";"91,0";"87,0";"23,1";"23,1";"22,8";"999,2";"999,4";"999,1";"1,8";"70,0";"4,2";"";"0,0"
"26/02/2026";"0600";"24,3";"24,6";"24,3";"93,0";"93,0";"91,0";"23,1";"23,2";"23,0";"999,3";"999,3";"999,1";"1,6";"56,0";"3,4";"";"0,0"
"26/02/2026";"0700";"24,2";"24,3";"24,2";"93,0";"93,0";"93,0";"22,9";"23,1";"22,9";"998,9";"999,4";"998,9";"1,8";"51,0";"3,4";"";"0,0"
"26/02/2026";"0800";"24,3";"24,3";"24,1";"93,0";"93,0";"93,0";"23,1";"23,1";"22,9";"999,2";"999,2";"998,8";"2,6";"15,0";"4,2";"";"0,0"
"26/02/2026";"0900";"24,8";"24,8";"24,3";"91,0";"93,0";"91,0";"23,2";"23,3";"23,1";"999,6";"999,7";"999,2";"2,9";"344,0";"4,9";"3,20";"0,0"
"26/02/2026";"1000";"25,5";"25,5";"24,8";"90,0";"91,0";"90,0";"23,7";"23,7";"23,1";"999,7";"999,7";"999,6";"1,7";"340,0";"4,5";"156,70";"0,0"
"26/02/2026";"1100";"27,7";"27,7";"25,5";"81,0";"90,0";"80,0";"24,1";"24,2";"23,7";"1000,0";"1000,0";"999,6";"1,7";"341,0";"3,2";"619,00";"0,0"
"26/02/2026";"1200";"28,8";"28,8";"27,7";"75,0";"80,0";"75,0";"24,0";"24,2";"23,7";"1000,6";"1000,6";"1000,0";"3,3";"346,0";"6,2";"1075,30";"0,0"
"26/02/2026";"1300";"31,8";"31,9";"28,8";"61,0";"75,0";"60,0";"23,2";"24,6";"23,0";"1000,4";"1000,6";"1000,4";"4,3";"300,0";"7,3";"2448,00";"0,0"
"26/02/2026";"1400";"34,3";"34,3";"31,8";"54,0";"62,0";"51,0";"23,7";"24,0";"22,5";"1000,2";"1000,4";"1000,1";"3,0";"265,0";"7,3";"3495,40";"0,0"
"26/02/2026";"1500";"31,8";"34,4";"31,8";"61,0";"64,0";"52,0";"23,4";"24,6";"22,4";"1000,5";"1000,6";"1000,2";"2,4";"175,0";"7,0";"2405,30";"0,0"
"26/02/2026";"1600";"32,7";"33,2";"31,7";"61,0";"64,0";"58,0";"24,2";"25,1";"22,9";"1000,0";"1000,6";"1000,0";"3,0";"183,0";"7,9";"2922,60";"0,0"
"26/02/2026";"1700";"31,6";"33,3";"31,5";"64,0";"64,0";"58,0";"23,9";"24,8";"23,1";"999,9";"1000,1";"999,8";"4,1";"156,0";"8,2";"3147,50";"0,0"
"26/02/2026";"1800";"25,9";"31,7";"25,8";"91,0";"91,0";"62,0";"24,3";"24,3";"23,1";"999,9";"1000,1";"999,9";"5,1";"65,0";"9,0";"445,40";"3,8"
"26/02/2026";"1900";"26,4";"26,4";"25,8";"89,0";"92,0";"89,0";"24,5";"24,7";"24,2";"999,6";"1000,1";"999,6";"3,3";"72,0";"10,1";"655,90";"1,6"
"26/02/2026";"2000";"26,8";"27,1";"26,4";"85,0";"90,0";"85,0";"24,1";"24,8";"24,1";"999,8";"999,8";"999,5";"2,7";"57,0";"5,6";"595,40";"0,0"
"26/02/2026";"2100";"26,1";"26,8";"26,1";"87,0";"88,0";"85,0";"23,7";"24,0";"23,7";"1000,2";"1000,2";"999,6";"1,5";"89,0";"5,2";"88,60";"0,2"
"26/02/2026";"2200";"25,4";"26,2";"25,4";"91,0";"91,0";"87,0";"23,8";"24,0";"23,6";"1001,6";"1001,6";"1000,2";"1,9";"259,0";"3,9";"";"0,8"
"26/02/2026";"2300";"24,5";"25,4";"24,5";"94,0";"94,0";"91,0";"23,4";"23,8";"23,4";"1002,5";"1002,5";"1001,6";"3,6";"234,0";"8,4";"";"6,2"
"27/02/2026";"0000";"24,5";"24,5";"24,4";"95,0";"95,0";"94,0";"23,5";"23,5";"23,3";"1003,6";"1003,6";"1002,5";"1,5";"323,0";"6,0";"";"24,4"
"27/02/2026";"0100";"24,1";"24,5";"24,1";"95,0";"95,0";"95,0";"23,2";"23,6";"23,2";"1004,1";"1004,1";"1003,6";"2,7";"239,0";"4,6";"";"17,8"
"27/02/2026";"0200";"23,7";"24,1";"23,7";"95,0";"95,0";"95,0";"22,8";"23,2";"22,8";"1003,5";"1004,2";"1003,5";"2,2";"207,0";"6,5";"";"9,8"
"27/02/2026";"0300";"23,1";"23,7";"23,1";"95,0";"95,0";"95,0";"22,3";"22,8";"22,3";"1002,3";"1003,5";"1002,3";"2,6";"227,0";"4,4";"";"4,0"
"27/02/2026";"0400";"23,2";"23,4";"23,1";"95,0";"95,0";"95,0";"22,4";"22,6";"22,3";"1001,3";"1002,4";"1001,3";"0,7";"210,0";"3,8";"";"1,6"
"27/02/2026";"0500";"23,2";"23,3";"23,1";"95,0";"95,0";"95,0";"22,3";"22,4";"22,3";"1000,9";"1001,3";"1000,7";"1,3";"290,0";"2,0";"";"0,0"
"27/02/2026";"0600";"23,5";"23,5";"23,2";"95,0";"95,0";"95,0";"22,6";"22,6";"22,3";"1000,6";"1000,9";"1000,6";"1,8";"273,0";"3,4";"";"0,2"
"27/02/2026";"0700";"23,7";"23,7";"23,5";"95,0";"95,0";"95,0";"22,8";"22,8";"22,6";"1000,5";"1000,6";"1000,4";"1,2";"212,0";"4,7";"";"0,0"
"27/02/2026";"0800";"23,4";"23,7";"23,4";"95,0";"95,0";"95,0";"22,5";"22,8";"22,5";"1001,3";"1001,3";"1000,5";"0,4";"347,0";"2,9";"";"0,0"
"27/02/2026";"0900";"23,6";"23,7";"23,3";"95,0";"95,0";"95,0";"22,6";"22,8";"22,4";"1002,5";"1002,5";"1001,3";"0,8";"33,0";"2,4";"3,90";"0,0"
"27/02/2026";"1000";"24,6";"24,6";"23,6";"94,0";"95,0";"94,0";"23,6";"23,6";"22,6";"1003,1";"1003,1";"1002,5";"0,4";"72,0";"2,1";"169,50";"0,0"
"27/02/2026";"1100";"26,0";"26,1";"24,6";"90,0";"94,0";"89,0";"24,2";"24,8";"23,6";"1003,1";"1003,1";"1002,8";"0,9";"249,0";"1,8";"798,60";"0,0"
"27/02/2026";"1200";"27,0";"27,1";"26,0";"81,0";"90,0";"81,0";"23,4";"24,2";"23,4";"1003,9";"1003,9";"1003,1";"0,9";"247,0";"2,5";"1136,00";"0,0"
"27/02/2026";"1300";"28,2";"28,2";"26,8";"77,0";"82,0";"75,0";"23,7";"24,0";"23,1";"1003,8";"1003,9";"1003,7";"1,0";"205,0";"2,3";"1464,40";"0,0"
"27/02/2026";"1400";"28,2";"28,9";"28,1";"77,0";"78,0";"74,0";"23,8";"24,3";"23,5";"1004,0";"1004,1";"1003,8";"2,3";"233,0";"4,0";"1745,70";"0,0"
"27/02/2026";"1500";"27,7";"29,3";"27,3";"77,0";"80,0";"73,0";"23,2";"24,6";"23,2";"1003,7";"1004,0";"1003,6";"5,4";"214,0";"9,5";"1464,30";"0,0"
"27/02/2026";"1600";"27,7";"28,3";"27,4";"77,0";"79,0";"73,0";"23,3";"23,7";"22,9";"1003,3";"1003,7";"1003,3";"4,7";"207,0";"11,9";"1569,10";"0,0"
"27/02/2026";"1700";"26,6";"27,7";"26,6";"78,0";"81,0";"75,0";"22,5";"23,6";"22,4";"1003,3";"1003,5";"1003,3";"6,1";"216,0";"12,1";"1136,90";"0,0"
"27/02/2026";"1800";"25,5";"26,6";"25,5";"83,0";"83,0";"78,0";"22,3";"22,5";"22,1";"1003,1";"1003,3";"1002,9";"6,7";"212,0";"13,8";"668,90";"0,0"
"27/02/2026";"1900";"24,4";"25,5";"24,4";"90,0";"90,0";"82,0";"22,6";"22,6";"22,1";"1003,2";"1003,3";"1003,0";"6,0";"221,0";"12,7";"267,70";"0,0"
"27/02/2026";"2000";"24,4";"24,4";"24,2";"91,0";"92,0";"90,0";"22,9";"22,9";"22,6";"1003,5";"1003,5";"1003,1";"5,1";"221,0";"10,0";"149,70";"0,6"
"27/02/2026";"2100";"24,3";"24,5";"24,3";"90,0";"91,0";"90,0";"22,6";"22,9";"22,6";"1004,3";"1004,3";"1003,5";"4,9";"217,0";"10,1";"78,50";"0,0"
"27/02/2026";"2200";"24,2";"24,3";"24,2";"89,0";"91,0";"88,0";"22,2";"22,6";"22,2";"1005,0";"1005,0";"1004,3";"3,8";"207,0";"8,8";"1,90";"0,0"
"27/02/2026";"2300";"24,0";"24,4";"23,8";"90,0";"91,0";"88,0";"22,2";"22,3";"22,1";"1006,1";"1006,1";"1005,0";"5,4";"218,0";"11,2";"";"0,0"
"28/02/2026";"0000";"23,7";"24,0";"23,7";"92,0";"92,0";"89,0";"22,3";"22,3";"22,0";"1006,8";"1006,8";"1006,0";"4,4";"208,0";"11,2";"";"0,2"
"28/02/2026";"0100";"23,4";"23,8";"23,4";"91,0";"93,0";"91,0";"22,0";"22,4";"22,0";"1007,1";"1007,1";"1006,7";"6,1";"216,0";"10,5";"";"0,2"
"28/02/2026";"0200";"23,4";"23,4";"23,3";"92,0";"92,0";"91,0";"22,0";"22,1";"21,9";"1006,4";"1007,1";"1006,4";"3,8";"222,0";"10,5";"";"0,0"
"28/02/2026";"0300";"23,5";"23,6";"23,4";"90,0";"92,0";"90,0";"21,8";"22,1";"21,8";"1006,3";"1006,5";"1006,2";"3,6";"221,0";"6,7";"";"0,0"
"28/02/2026";"0400";"23,5";"23,7";"23,5";"87,0";"90,0";"87,0";"21,1";"21,8";"21,1";"1005,7";"1006,3";"1005,7";"4,8";"224,0";"7,4";"";"0,0"
"28/02/2026";"0500";"23,3";"23,5";"23,3";"81,0";"87,0";"81,0";"19,9";"21,1";"19,9";"1005,2";"1005,7";"1005,2";"4,5";"224,0";"8,1";"";"0,0"
"28/02/2026";"0600";"23,2";"23,4";"23,1";"79,0";"81,0";"79,0";"19,4";"19,9";"19,3";"1004,9";"1005,2";"1004,9";"4,7";"220,0";"7,9";"";"0,0"
"28/02/2026";"0700";"23,0";"23,2";"22,9";"77,0";"79,0";"77,0";"18,8";"19,3";"18,7";"1004,9";"1004,9";"1004,8";"4,2";"221,0";"8,1";"";"0,0"
"28/02/2026";"0800";"22,9";"23,1";"22,9";"76,0";"78,0";"76,0";"18,5";"18,9";"18,5";"1005,3";"1005,3";"1004,9";"4,2";"225,0";"6,5";"";"0,0"
"28/02/2026";"0900";"23,1";"23,1";"22,8";"77,0";"77,0";"76,0";"18,8";"18,8";"18,5";"1005,4";"1005,5";"1005,3";"4,1";"226,0";"7,4";"11,00";"0,0"
"28/02/2026";"1000";"23,6";"23,6";"23,0";"78,0";"78,0";"77,0";"19,5";"19,5";"18,7";"1006,0";"1006,0";"1005,4";"2,4";"215,0";"5,8";"321,10";"0,0"
"28/02/2026";"1100";"24,3";"24,3";"23,6";"76,0";"78,0";"75,0";"19,8";"20,1";"19,3";"1006,9";"1006,9";"1006,0";"2,0";"203,0";"5,0";"478,70";"0,0"
"28/02/2026";"1200";"24,9";"24,9";"24,3";"72,0";"77,0";"72,0";"19,6";"20,1";"19,2";"1007,1";"1007,2";"1006,9";"3,2";"221,0";"6,1";"766,60";"0,0"
"28/02/2026";"1300";"26,8";"26,8";"24,9";"69,0";"73,0";"67,0";"20,7";"20,8";"19,4";"1007,2";"1007,3";"1007,1";"4,7";"223,0";"10,7";"1734,60";"0,0"
"28/02/2026";"1400";"26,7";"27,0";"26,4";"67,0";"71,0";"66,0";"20,0";"20,9";"19,9";"1006,9";"1007,2";"1006,9";"5,0";"219,0";"12,5";"1955,60";"0,0"
"28/02/2026";"1500";"28,0";"28,6";"26,7";"62,0";"67,0";"60,0";"20,0";"20,9";"19,8";"1006,3";"1007,0";"1006,3";"6,5";"212,0";"11,6";"3353,00";"0,0"
"28/02/2026";"1600";"28,8";"28,9";"27,4";"61,0";"63,0";"58,0";"20,4";"21,0";"19,1";"1006,0";"1006,4";"1006,0";"5,7";"207,0";"11,1";"2977,60";"0,0"
"28/02/2026";"1700";"27,7";"29,1";"27,7";"59,0";"61,0";"56,0";"18,9";"20,4";"18,6";"1005,8";"1006,0";"1005,7";"5,1";"207,0";"14,3";"2998,90";"0,2"
"28/02/2026";"1800";"26,3";"28,2";"26,3";"68,0";"68,0";"58,0";"19,8";"20,1";"18,7";"1005,5";"1005,8";"1005,5";"5,2";"199,0";"12,6";"1252,50";"0,0"
"28/02/2026";"1900";"26,4";"26,6";"26,2";"62,0";"68,0";"62,0";"18,6";"19,8";"18,6";"1005,5";"1005,6";"1005,4";"6,0";"217,0";"12,7";"867,80";"0,0"
"28/02/2026";"2000";"26,1";"27,0";"26,1";"61,0";"64,0";"60,0";"18,0";"19,0";"17,9";"1005,9";"1005,9";"1005,5";"4,6";"207,0";"10,9";"879,10";"0,0"
"28/02/2026";"2100";"25,4";"26,1";"25,3";"63,0";"64,0";"61,0";"18,0";"18,3";"17,7";"1006,2";"1006,2";"1005,9";"4,8";"211,0";"10,8";"227,80";"0,0"
"28/02/2026";"2200";"24,9";"25,4";"24,9";"67,0";"67,0";"63,0";"18,4";"18,4";"17,9";"1006,8";"1006,8";"1006,2";"4,2";"223,0";"10,8";"2,80";"0,0"
"28/02/2026";"2300";"24,0";"25,0";"24,0";"71,0";"71,0";"65,0";"18,4";"18,5";"18,0";"1007,6";"1007,6";"1006,8";"3,8";"218,0";"8,6";"";"0,0"
"01/03/2026";"0000";"23,3";"24,1";"23,3";"74,0";"74,0";"70,0";"18,4";"18,4";"18,2";"1008,2";"1008,3";"1007,6";"3,7";"217,0";"7,1";"";"0,0"
"01/03/2026";"0100";"22,8";"23,4";"22,8";"77,0";"77,0";"73,0";"18,5";"18,5";"18,3";"1008,5";"1008,5";"1008,2";"3,5";"216,0";"6,9";"";"0,0"
"01/03/2026";"0200";"22,9";"22,9";"22,5";"79,0";"80,0";"76,0";"19,0";"19,0";"18,5";"1008,6";"1008,6";"1008,5";"5,0";"220,0";"8,3";"";"0,0"
"01/03/2026";"0300";"23,0";"23,5";"22,9";"81,0";"81,0";"77,0";"19,7";"19,7";"19,1";"1008,5";"1008,8";"1008,5";"2,9";"216,0";"10,3";"";"0,0"
"01/03/2026";"0400";"22,4";"23,0";"22,4";"83,0";"83,0";"81,0";"19,4";"19,7";"19,4";"1007,8";"1008,5";"1007,8";"2,9";"227,0";"5,6";"";"0,0"
"01/03/2026";"0500";"22,4";"22,7";"22,4";"82,0";"83,0";"81,0";"19,2";"19,6";"19,2";"1007,2";"1007,8";"1007,2";"2,2";"217,0";"4,7";"";"0,0"
"01/03/2026";"0600";"22,6";"22,8";"21,9";"78,0";"84,0";"77,0";"18,5";"19,3";"18,5";"1007,0";"1007,2";"1007,0";"2,9";"232,0";"5,5";"";"0,0"
"01/03/2026";"0700";"22,6";"22,7";"22,0";"77,0";"81,0";"77,0";"18,3";"18,8";"18,3";"1007,2";"1007,2";"1007,0";"3,9";"226,0";"6,6";"";"0,0"
"01/03/2026";"0800";"22,1";"22,6";"22,1";"78,0";"78,0";"77,0";"18,1";"18,3";"18,1";"1007,3";"1007,3";"1007,1";"3,5";"225,0";"6,6";"";"0,0"
"01/03/2026";"0900";"21,4";"22,2";"21,3";"81,0";"81,0";"77,0";"18,0";"18,1";"17,8";"1007,6";"1007,6";"1007,3";"2,5";"229,0";"6,0";"10,00";"0,0"
"01/03/2026";"1000";"22,7";"22,7";"21,4";"81,0";"81,0";"76,0";"19,2";"19,2";"17,9";"1008,3";"1008,3";"1007,6";"1,5";"316,0";"4,1";"412,20";"0,0"
"01/03/2026";"1100";"25,7";"25,7";"22,7";"62,0";"81,0";"61,0";"17,8";"19,5";"17,8";"1008,5";"1008,5";"1008,3";"4,5";"226,0";"9,1";"1331,60";"0,0"
"01/03/2026";"1200";"26,8";"26,8";"25,7";"59,0";"62,0";"58,0";"18,1";"18,3";"17,4";"1008,8";"1008,8";"1008,5";"5,6";"219,0";"10,8";"2298,90";"0,0"
"01/03/2026";"1300";"27,7";"28,0";"26,7";"57,0";"60,0";"55,0";"18,3";"19,0";"17,3";"1008,9";"1008,9";"1008,7";"4,5";"225,0";"11,8";"2994,80";"0,0"
"01/03/2026";"1400";"28,5";"28,5";"27,4";"55,0";"59,0";"52,0";"18,4";"19,0";"17,4";"1008,7";"1008,9";"1008,7";"4,0";"221,0";"9,1";"3051,80";"0,0"
"01/03/2026";"1500";"29,4";"29,6";"28,4";"48,0";"55,0";"45,0";"17,3";"18,6";"16,5";"1008,0";"1008,7";"1008,0";"4,8";"215,0";"8,7";"3479,60";"0,0"
"01/03/2026";"1600";"30,4";"30,4";"29,3";"53,0";"54,0";"47,0";"19,7";"19,8";"17,2";"1007,3";"1008,0";"1007,3";"3,1";"209,0";"8,6";"3901,50";"0,0"
"01/03/2026";"1700";"28,1";"30,5";"27,9";"60,0";"64,0";"48,0";"19,6";"21,6";"17,9";"1006,9";"1007,3";"1006,9";"3,7";"167,0";"8,1";"3143,40";"0,0"
"01/03/2026";"1800";"27,3";"29,2";"27,1";"62,0";"62,0";"57,0";"19,5";"20,8";"18,8";"1006,7";"1006,9";"1006,7";"4,4";"174,0";"10,3";"3046,10";"0,0"
"01/03/2026";"1900";"26,5";"27,8";"26,5";"66,0";"66,0";"61,0";"19,6";"20,3";"19,2";"1006,8";"1006,9";"1006,7";"3,8";"190,0";"9,8";"1796,60";"0,0"
"01/03/2026";"2000";"25,5";"26,5";"25,5";"65,0";"67,0";"63,0";"18,5";"19,6";"18,4";"1007,2";"1007,2";"1006,8";"4,0";"196,0";"10,8";"588,80";"0,0"
"01/03/2026";"2100";"24,8";"25,5";"24,8";"68,0";"69,0";"65,0";"18,6";"19,2";"18,5";"1008,0";"1008,0";"1007,2";"3,9";"207,0";"9,9";"193,90";"0,0"
"01/03/2026";"2200";"24,1";"24,8";"24,1";"75,0";"75,0";"68,0";"19,4";"19,4";"18,4";"1009,0";"1009,0";"1008,0";"4,0";"209,0";"9,7";"2,30";"0,0"
"01/03/2026";"2300";"23,8";"24,1";"23,8";"74,0";"78,0";"74,0";"18,9";"19,6";"18,8";"1009,6";"1009,6";"1009,0";"3,2";"200,0";"7,9";"";"0,0"
"02/03/2026";"0000";"23,7";"23,8";"23,7";"77,0";"78,0";"74,0";"19,5";"19,7";"18,8";"1010,0";"1010,0";"1009,6";"3,3";"215,0";"6,5";"";"0,0"
"02/03/2026";"0100";"23,2";"23,7";"23,2";"82,0";"82,0";"77,0";"19,9";"19,9";"19,5";"1010,0";"1010,1";"1010,0";"3,2";"223,0";"5,9";"";"0,0"
"02/03/2026";"0200";"22,9";"23,2";"22,8";"79,0";"82,0";"78,0";"19,0";"19,9";"19,0";"1009,6";"1010,0";"1009,6";"2,2";"213,0";"5,5";"";"0,0"
"02/03/2026";"0300";"22,5";"22,9";"22,5";"81,0";"81,0";"79,0";"19,1";"19,1";"19,0";"1009,0";"1009,6";"1009,0";"2,1";"214,0";"4,9";"";"0,0"
"02/03/2026";"0400";"22,3";"22,7";"22,2";"79,0";"81,0";"79,0";"18,6";"19,1";"18,5";"1008,6";"1009,0";"1008,6";"1,3";"216,0";"4,3";"";"0,0"
"02/03/2026";"0500";"22,1";"22,4";"21,9";"80,0";"82,0";"78,0";"18,5";"18,8";"18,4";"1008,2";"1008,6";"1008,1";"1,6";"216,0";"2,5";"";"0,0"
"02/03/2026";"0600";"21,2";"22,1";"21,2";"83,0";"83,0";"79,0";"18,1";"18,6";"18,0";"1007,9";"1008,2";"1007,9";"1,9";"228,0";"2,5";"";"0,0"
"02/03/2026";"0700";"21,3";"21,8";"21,2";"83,0";"83,0";"80,0";"18,3";"18,4";"18,1";"1008,1";"1008,1";"1007,8";"0,9";"232,0";"2,8";"";"0,0"
"02/03/2026";"0800";"21,2";"21,7";"21,1";"87,0";"87,0";"83,0";"18,9";"19,1";"18,3";"1008,4";"1008,4";"1008,1";"0,8";"257,0";"1,8";"";"0,0"
"02/03/2026";"0900";"21,0";"21,2";"20,9";"89,0";"89,0";"87,0";"19,2";"19,3";"18,9";"1008,9";"1008,9";"1008,4";"1,5";"277,0";"2,3";"11,30";"0,0"
"02/03/2026";"1000";"23,0";"23,0";"20,8";"87,0";"92,0";"87,0";"20,7";"20,9";"19,1";"1009,6";"1009,6";"1008,9";"0,7";"272,0";"2,1";"323,10";"0,0"
"02/03/2026";"1100";"25,4";"25,4";"23,0";"69,0";"87,0";"67,0";"19,2";"20,8";"18,6";"1009,9";"1009,9";"1009,6";"1,2";"271,0";"3,3";"1002,90";"0,0"
"02/03/2026";"1200";"27,1";"27,2";"25,3";"57,0";"69,0";"57,0";"17,8";"19,5";"17,6";"1010,0";"1010,1";"1009,9";"3,0";"226,0";"5,3";"2211,50";"0,0"
"02/03/2026";"1300";"28,1";"28,1";"27,0";"57,0";"61,0";"54,0";"18,7";"19,6";"17,6";"1010,1";"1010,2";"1010,0";"2,9";"221,0";"5,7";"2904,80";"0,0"
"02/03/2026";"1400";"28,7";"29,4";"27,0";"51,0";"59,0";"50,0";"17,6";"19,3";"17,3";"1009,9";"1010,2";"1009,9";"2,6";"213,0";"6,5";"3385,30";"0,0"
"02/03/2026";"1500";"28,6";"29,4";"27,7";"54,0";"58,0";"48,0";"18,5";"19,1";"16,7";"1009,4";"1009,9";"1009,4";"2,0";"206,0";"6,3";"2795,10";"0,0"
"02/03/2026";"1600";"29,0";"29,7";"27,9";"53,0";"59,0";"50,0";"18,6";"20,2";"17,1";"1008,7";"1009,4";"1008,7";"2,9";"196,0";"7,0";"2877,00";"0,0"
"02/03/2026";"1700";"28,6";"29,3";"27,3";"57,0";"60,0";"53,0";"19,1";"20,2";"17,9";"1008,2";"1008,8";"1008,2";"2,1";"171,0";"6,9";"1876,00";"0,0"
"02/03/2026";"1800";"28,4";"28,8";"27,3";"57,0";"61,0";"55,0";"19,1";"19,8";"18,3";"1008,1";"1008,2";"1008,1";"2,6";"171,0";"7,6";"2077,90";"0,0"
"02/03/2026";"1900";"26,9";"29,0";"26,9";"62,0";"62,0";"54,0";"19,0";"19,7";"18,3";"1008,6";"1008,6";"1008,1";"3,3";"169,0";"7,4";"1745,90";"0,0"
"02/03/2026";"2000";"26,1";"27,6";"26,1";"65,0";"65,0";"61,0";"19,1";"19,9";"18,6";"1008,8";"1008,8";"1008,6";"2,4";"193,0";"7,4";"755,60";"0,0"
"02/03/2026";"2100";"25,2";"26,1";"25,2";"72,0";"73,0";"65,0";"19,8";"19,9";"18,9";"1009,4";"1009,4";"1008,8";"1,7";"173,0";"7,4";"150,60";"0,0"
"02/03/2026";"2200";"24,5";"25,2";"24,5";"73,0";"74,0";"72,0";"19,5";"20,0";"19,4";"1009,8";"1009,8";"1009,3";"1,4";"190,0";"6,0";"1,70";"0,0"
"02/03/2026";"2300";"23,9";"24,6";"23,9";"79,0";"79,0";"73,0";"20,1";"20,1";"19,4";"1010,3";"1010,3";"1009,8";"1,5";"192,0";"4,9";"";"0,0"
"03/03/2026";"0000";"23,3";"23,9";"23,3";"82,0";"82,0";"79,0";"20,1";"20,1";"20,0";"1010,7";"1010,7";"1010,3";"3,0";"210,0";"5,9";"";"0,0"
"03/03/2026";"0100";"22,4";"23,3";"22,4";"87,0";"87,0";"82,0";"20,1";"20,2";"20,0";"1010,9";"1010,9";"1010,7";"2,3";"221,0";"5,5";"";"0,0"
"03/03/2026";"0200";"21,8";"22,4";"21,7";"88,0";"88,0";"87,0";"19,7";"20,1";"19,6";"1010,5";"1010,9";"1010,5";"1,0";"208,0";"3,4";"";"0,0"
"03/03/2026";"0300";"21,3";"22,0";"21,3";"87,0";"88,0";"86,0";"19,1";"19,8";"19,1";"1010,3";"1010,6";"1010,3";"1,4";"219,0";"2,7";"";"0,0"
"03/03/2026";"0400";"21,2";"21,7";"21,1";"89,0";"89,0";"86,0";"19,3";"19,5";"19,1";"1010,1";"1010,3";"1010,1";"1,4";"229,0";"2,3";"";"0,0"
"03/03/2026";"0500";"20,3";"21,3";"20,1";"93,0";"93,0";"89,0";"19,1";"19,5";"18,8";"1009,6";"1010,1";"1009,6";"1,2";"310,0";"1,9";"";"0,0"
"03/03/2026";"0600";"20,1";"20,4";"19,9";"93,0";"94,0";"93,0";"19,0";"19,3";"18,8";"1009,3";"1009,6";"1009,2";"1,2";"275,0";"1,7";"";"0,0"
"03/03/2026";"0700";"19,9";"20,1";"19,6";"94,0";"94,0";"93,0";"18,8";"18,9";"18,5";"1009,3";"1009,3";"1009,2";"1,1";"295,0";"2,1";"";"0,0"
"03/03/2026";"0800";"19,7";"20,2";"19,7";"94,0";"94,0";"94,0";"18,7";"19,2";"18,7";"1009,5";"1009,6";"1009,3";"1,7";"291,0";"2,3";"";"0,0"
"03/03/2026";"0900";"19,8";"19,9";"19,7";"94,0";"94,0";"94,0";"18,9";"19,0";"18,7";"1009,9";"1009,9";"1009,5";"1,4";"284,0";"2,3";"8,50";"0,0"
"03/03/2026";"1000";"22,1";"22,1";"19,8";"91,0";"94,0";"91,0";"20,6";"20,7";"18,9";"1010,7";"1010,7";"1009,9";"1,5";"278,0";"2,5";"445,90";"0,0"
"03/03/2026";"1100";"24,7";"24,7";"22,1";"79,0";"92,0";"79,0";"20,8";"20,9";"20,1";"1010,9";"1011,0";"1010,7";"1,1";"289,0";"2,5";"1298,00";"0,0"
"03/03/2026";"1200";"27,0";"27,0";"24,6";"65,0";"79,0";"64,0";"19,9";"20,9";"19,0";"1011,2";"1011,2";"1010,9";"1,4";"214,0";"3,0";"2166,40";"0,0"
"03/03/2026";"1300";"27,6";"28,0";"26,8";"59,0";"67,0";"57,0";"18,9";"20,1";"18,4";"1011,2";"1011,4";"1011,2";"1,4";"183,0";"3,1";"2909,60";"0,0"
"03/03/2026";"1400";"29,6";"29,6";"27,5";"57,0";"60,0";"53,0";"20,2";"20,2";"18,0";"1010,9";"1011,2";"1010,9";"1,2";"155,0";"3,3";"3530,40";"0,0"
"03/03/2026";"1500";"28,7";"29,8";"28,5";"57,0";"58,0";"51,0";"19,4";"20,3";"17,9";"1010,7";"1010,9";"1010,7";"1,4";"213,0";"3,7";"2196,30";"0,0"
"03/03/2026";"1600";"29,6";"30,2";"28,3";"52,0";"59,0";"49,0";"18,6";"20,5";"17,8";"1009,9";"1010,7";"1009,9";"2,1";"152,0";"5,2";"2183,20";"0,0"
"03/03/2026";"1700";"27,5";"29,6";"27,4";"64,0";"64,0";"49,0";"19,9";"20,3";"17,5";"1009,5";"1009,9";"1009,5";"3,6";"98,0";"7,3";"1103,30";"0,0"
"03/03/2026";"1800";"27,1";"27,5";"26,6";"66,0";"69,0";"61,0";"20,1";"20,5";"19,4";"1009,3";"1009,6";"1009,3";"2,8";"86,0";"6,7";"607,40";"0,0"
"03/03/2026";"1900";"26,9";"27,1";"26,8";"61,0";"66,0";"60,0";"18,8";"19,9";"18,6";"1009,4";"1009,4";"1009,3";"2,4";"124,0";"6,2";"409,20";"0,0"
"03/03/2026";"2000";"26,3";"26,9";"26,3";"68,0";"68,0";"61,0";"20,0";"20,1";"18,8";"1009,5";"1009,5";"1009,4";"2,7";"148,0";"6,5";"435,70";"0,0"
"03/03/2026";"2100";"25,3";"26,3";"25,3";"74,0";"74,0";"68,0";"20,3";"20,3";"19,8";"1009,9";"1009,9";"1009,5";"1,6";"142,0";"5,5";"158,50";"0,0"
"03/03/2026";"2200";"25,0";"25,4";"25,0";"76,0";"76,0";"73,0";"20,4";"20,4";"20,1";"1010,2";"1010,2";"1009,9";"1,9";"146,0";"4,9";"0,80";"0,0"
"03/03/2026";"2300";"24,3";"25,0";"24,3";"79,0";"79,0";"76,0";"20,5";"20,6";"20,4";"1010,7";"1010,7";"1010,1";"1,4";"145,0";"4,6";"";"0,0"
"04/03/2026";"0000";"24,1";"24,3";"23,4";"82,0";"83,0";"79,0";"20,8";"20,8";"20,3";"1011,6";"1011,6";"1010,6";"0,7";"172,0";"2,8";"";"0,0"
"04/03/2026";"0100";"22,9";"24,1";"22,5";"90,0";"91,0";"81,0";"21,2";"21,3";"20,5";"1011,6";"1011,7";"1011,6";"0,6";"244,0";"1,5";"";"0,0"
"04/03/2026";"0200";"22,1";"22,9";"22,1";"92,0";"92,0";"90,0";"20,7";"21,2";"20,6";"1011,6";"1011,7";"1011,5";"1,1";"285,0";"1,7";"";"0,0"
"04/03/2026";"0300";"22,1";"22,3";"22,0";"93,0";"93,0";"92,0";"20,9";"21,1";"20,7";"1011,5";"1011,6";"1011,3";"1,1";"298,0";"1,8";"";"0,0"
"04/03/2026";"0400";"21,5";"22,1";"21,5";"94,0";"94,0";"93,0";"20,5";"20,9";"20,4";"1011,1";"1011,5";"1011,1";"1,5";"304,0";"1,9";"";"0,0"
"04/03/2026";"0500";"21,3";"21,5";"21,2";"94,0";"94,0";"94,0";"20,3";"20,5";"20,2";"1010,6";"1011,1";"1010,6";"0,9";"311,0";"1,7";"";"0,0"
"04/03/2026";"0600";"21,2";"21,5";"21,1";"94,0";"94,0";"94,0";"20,3";"20,5";"20,1";"1010,2";"1010,7";"1010,2";"1,5";"223,0";"2,2";"";"0,0"
"04/03/2026";"0700";"21,3";"21,4";"21,1";"95,0";"95,0";"95,0";"20,4";"20,5";"20,2";"1009,8";"1010,2";"1009,8";"0,8";"263,0";"2,2";"";"0,0"
"04/03/2026";"0800";"20,6";"21,4";"20,6";"95,0";"95,0";"95,0";"19,7";"20,5";"19,7";"1010,3";"1010,3";"1009,8";"1,4";"280,0";"1,8";"";"0,0"
"04/03/2026";"0900";"20,4";"20,6";"20,2";"95,0";"95,0";"95,0";"19,6";"19,8";"19,4";"1010,3";"1010,4";"1010,2";"1,0";"306,0";"1,8";"9,70";"0,0"
"04/03/2026";"1000";"23,2";"23,2";"20,4";"94,0";"95,0";"94,0";"22,2";"22,2";"19,6";"1011,0";"1011,0";"1010,3";"0,9";"240,0";"1,7";"412,80";"0,0"
"04/03/2026";"1100";"25,3";"25,3";"23,2";"82,0";"94,0";"82,0";"22,0";"22,9";"21,9";"1011,6";"1011,6";"1011,0";"1,2";"235,0";"2,4";"1281,50";"0,0"
"04/03/2026";"1200";"27,7";"27,8";"25,3";"66,0";"83,0";"64,0";"20,8";"22,4";"19,8";"1011,8";"1011,8";"1011,6";"0,7";"260,0";"2,3";"2161,10";"0,0"
"04/03/2026";"1300";"28,9";"28,9";"27,2";"61,0";"67,0";"61,0";"20,5";"20,9";"19,7";"1011,8";"1011,9";"1011,7";"1,0";"77,0";"3,0";"2861,00";"0,0"
"04/03/2026";"1400";"28,9";"29,9";"27,9";"56,0";"61,0";"52,0";"19,3";"21,1";"18,5";"1011,5";"1011,8";"1011,5";"1,4";"84,0";"4,3";"3434,90";"0,0"
"04/03/2026";"1500";"29,9";"30,6";"28,4";"52,0";"59,0";"51,0";"19,1";"20,7";"18,5";"1011,0";"1011,5";"1011,0";"1,2";"85,0";"4,3";"3191,10";"0,0"
"04/03/2026";"1600";"28,4";"30,5";"28,4";"60,0";"63,0";"50,0";"20,0";"21,4";"18,5";"1010,5";"1011,0";"1010,5";"2,8";"99,0";"6,2";"2792,90";"0,0"
"04/03/2026";"1700";"28,0";"28,4";"27,8";"59,0";"62,0";"58,0";"19,2";"20,2";"18,9";"1010,1";"1010,5";"1010,1";"3,2";"119,0";"5,8";"1097,40";"0,0"
"04/03/2026";"1800";"28,3";"29,3";"28,0";"55,0";"60,0";"54,0";"18,4";"19,9";"18,2";"1009,6";"1010,1";"1009,6";"2,2";"94,0";"5,3";"1783,50";"0,0"
"04/03/2026";"1900";"28,1";"29,2";"28,1";"55,0";"57,0";"52,0";"18,2";"19,3";"17,6";"1009,6";"1009,7";"1009,5";"2,2";"96,0";"5,7";"1703,70";"0,0"
"04/03/2026";"2000";"27,7";"29,2";"27,7";"55,0";"57,0";"51,0";"17,8";"18,8";"17,7";"1010,0";"1010,0";"1009,6";"4,0";"79,0";"6,8";"1245,20";"0,0"
"04/03/2026";"2100";"26,5";"27,7";"26,5";"59,0";"60,0";"54,0";"17,8";"18,4";"17,5";"1010,4";"1010,4";"1009,9";"2,8";"107,0";"6,8";"298,90";"0,0"
"04/03/2026";"2200";"25,2";"26,5";"25,2";"70,0";"70,0";"59,0";"19,4";"19,4";"17,8";"1010,8";"1010,8";"1010,4";"1,6";"104,0";"6,0";"3,20";"0,0"
"04/03/2026";"2300";"24,9";"25,3";"24,8";"76,0";"76,0";"70,0";"20,3";"20,3";"19,5";"1011,6";"1011,6";"1010,8";"1,3";"111,0";"4,1";"";"0,0"
"05/03/2026";"0000";"23,7";"25,1";"23,7";"85,0";"85,0";"76,0";"21,0";"21,0";"20,3";"1012,6";"1012,6";"1011,6";"1,0";"330,0";"3,2";"";"0,0"
"05/03/2026";"0100";"23,9";"24,0";"23,7";"85,0";"86,0";"85,0";"21,3";"21,4";"21,0";"1012,7";"1012,7";"1012,6";"0,5";"36,0";"1,9";"";"0,0"
"05/03/2026";"0200";"23,6";"23,9";"23,6";"88,0";"88,0";"85,0";"21,5";"21,6";"21,3";"1012,4";"1012,7";"1012,4";"0,7";"258,0";"1,4";"";"0,0"
"05/03/2026";"0300";"23,3";"23,7";"23,3";"89,0";"89,0";"88,0";"21,4";"21,6";"21,4";"1012,0";"1012,5";"1012,0";"0,9";"287,0";"1,1";"";"0,0"
"05/03/2026";"0400";"23,3";"23,3";"23,1";"89,0";"91,0";"89,0";"21,3";"21,6";"21,3";"1011,7";"1012,0";"1011,7";"0,6";"235,0";"1,4";"";"0,0"
"05/03/2026";"0500";"22,5";"23,3";"22,5";"91,0";"91,0";"89,0";"20,9";"21,5";"20,9";"1011,2";"1011,7";"1011,2";"1,0";"221,0";"1,8";"";"0,0"
"05/03/2026";"0600";"22,6";"22,6";"22,1";"92,0";"92,0";"91,0";"21,2";"21,3";"20,7";"1011,0";"1011,2";"1010,9";"1,1";"238,0";"1,6";"";"0,0"
"05/03/2026";"0700";"22,4";"22,7";"22,2";"93,0";"93,0";"92,0";"21,2";"21,4";"20,9";"1011,0";"1011,1";"1010,9";"0,9";"256,0";"1,4";"";"0,0"
"05/03/2026";"0800";"22,1";"22,4";"21,9";"94,0";"94,0";"93,0";"21,0";"21,1";"20,8";"1011,1";"1011,1";"1011,0";"0,9";"239,0";"1,6";"";"0,0"
"05/03/2026";"0900";"22,5";"22,5";"22,0";"94,0";"94,0";"94,0";"21,5";"21,5";"20,9";"1011,4";"1011,4";"1011,0";"0,7";"243,0";"1,4";"16,30";"0,0"
"05/03/2026";"1000";"24,5";"24,6";"22,5";"91,0";"94,0";"91,0";"22,9";"23,0";"21,5";"1012,1";"1012,1";"1011,4";"0,7";"309,0";"1,2";"541,10";"0,0"
"05/03/2026";"1100";"27,3";"27,3";"24,3";"72,0";"91,0";"72,0";"21,9";"22,9";"21,2";"1013,0";"1013,0";"1012,1";"1,1";"25,0";"2,1";"1275,80";"0,0"
"05/03/2026";"1200";"27,4";"27,4";"26,0";"70,0";"77,0";"70,0";"21,6";"22,4";"20,7";"1013,0";"1013,0";"1013,0";"1,8";"355,0";"3,1";"1206,80";"0,0"
"05/03/2026";"1300";"28,3";"29,1";"27,4";"63,0";"70,0";"62,0";"20,6";"21,7";"20,2";"1013,0";"1013,1";"1013,0";"0,9";"336,0";"3,9";"2478,40";"0,0"
"05/03/2026";"1400";"30,4";"30,5";"28,3";"55,0";"64,0";"55,0";"20,4";"21,4";"19,7";"1013,0";"1013,1";"1013,0";"2,3";"33,0";"8,1";"2793,30";"0,0"
"05/03/2026";"1500";"30,2";"30,9";"29,9";"56,0";"58,0";"53,0";"20,3";"21,3";"19,6";"1012,2";"1013,0";"1012,2";"2,5";"81,0";"5,3";"3620,60";"0,0"
"05/03/2026";"1600";"30,5";"31,3";"29,7";"53,0";"58,0";"52,0";"19,7";"21,4";"19,3";"1011,6";"1012,2";"1011,6";"3,5";"78,0";"5,8";"3199,70";"0,0"
"05/03/2026";"1700";"31,2";"31,4";"30,4";"52,0";"55,0";"47,0";"20,2";"20,4";"18,5";"1011,2";"1011,6";"1011,2";"3,1";"85,0";"6,5";"3440,30";"0,0"
"05/03/2026";"1800";"29,7";"31,2";"29,6";"58,0";"58,0";"50,0";"20,5";"20,7";"19,0";"1011,0";"1011,2";"1011,0";"4,0";"76,0";"7,7";"2875,70";"0,0"
"05/03/2026";"1900";"28,9";"30,3";"28,8";"61,0";"61,0";"55,0";"20,6";"21,2";"19,9";"1011,0";"1011,0";"1010,9";"3,8";"84,0";"8,1";"2131,30";"0,0"
"05/03/2026";"2000";"27,9";"29,2";"27,9";"65,0";"66,0";"60,0";"20,7";"21,1";"20,5";"1011,0";"1011,1";"1011,0";"3,5";"86,0";"7,9";"1267,20";"0,0"
"05/03/2026";"2100";"26,3";"27,9";"26,3";"74,0";"74,0";"65,0";"21,4";"21,4";"20,6";"1011,3";"1011,3";"1010,9";"3,3";"74,0";"7,1";"370,60";"0,0"
"05/03/2026";"2200";"25,5";"26,3";"25,5";"79,0";"79,0";"75,0";"21,6";"21,8";"21,4";"1011,8";"1011,8";"1011,3";"2,0";"103,0";"5,8";"0,70";"0,0"
"05/03/2026";"2300";"25,3";"25,6";"25,2";"81,0";"81,0";"79,0";"21,7";"21,7";"21,5";"1012,3";"1012,3";"1011,8";"2,4";"98,0";"5,6";"";"0,0"
"06/03/2026";"0000";"24,2";"25,3";"24,1";"89,0";"89,0";"81,0";"22,2";"22,2";"21,7";"1013,1";"1013,1";"1012,3";"1,1";"81,0";"4,9";"";"0,0"
"06/03/2026";"0100";"23,6";"24,2";"23,5";"91,0";"92,0";"89,0";"22,1";"22,3";"22,0";"1013,5";"1013,6";"1013,1";"0,3";"76,0";"2,3";"";"0,0"
"06/03/2026";"0200";"23,7";"24,0";"23,4";"93,0";"93,0";"91,0";"22,5";"22,6";"21,9";"1013,2";"1013,6";"1013,1";"0,7";"100,0";"1,4";"";"0,0"
"06/03/2026";"0300";"23,5";"24,2";"23,4";"93,0";"93,0";"92,0";"22,2";"22,9";"22,1";"1013,2";"1013,3";"1013,2";"1,4";"285,0";"2,7";"";"0,0"
"06/03/2026";"0400";"23,4";"23,5";"23,1";"94,0";"94,0";"93,0";"22,3";"22,3";"22,0";"1012,7";"1013,2";"1012,7";"0,6";"230,0";"2,1";"";"0,0"
"06/03/2026";"0500";"23,6";"23,6";"23,2";"93,0";"94,0";"93,0";"22,4";"22,5";"22,1";"1012,0";"1012,7";"1012,0";"0,8";"245,0";"1,1";"";"0,0"
"06/03/2026";"0600";"22,7";"23,7";"22,7";"94,0";"94,0";"93,0";"21,7";"22,6";"21,6";"1011,6";"1012,0";"1011,6";"1,7";"240,0";"2,4";"";"0,0"
"06/03/2026";"0700";"23,0";"23,0";"22,7";"94,0";"94,0";"94,0";"22,0";"22,0";"21,7";"1011,5";"1011,6";"1011,4";"1,0";"244,0";"2,9";"";"0,0"
"06/03/2026";"0800";"22,6";"23,0";"22,6";"94,0";"94,0";"94,0";"21,7";"22,0";"21,7";"1011,5";"1011,5";"1011,4";"1,2";"311,0";"1,7";"";"0,0"
"06/03/2026";"0900";"22,7";"22,8";"22,5";"95,0";"95,0";"94,0";"21,8";"21,9";"21,5";"1011,7";"1011,7";"1011,5";"1,0";"272,0";"1,7";"6,40";"0,0"
"06/03/2026";"1000";"24,6";"24,6";"22,7";"94,0";"95,0";"94,0";"23,6";"23,6";"21,8";"1012,5";"1012,5";"1011,7";"0,9";"286,0";"2,0";"409,30";"0,0"
"06/03/2026";"1100";"26,8";"26,9";"24,6";"79,0";"94,0";"79,0";"22,7";"24,7";"22,7";"1012,8";"1012,8";"1012,5";"0,6";"338,0";"1,8";"1039,90";"0,0"
"06/03/2026";"1200";"29,2";"29,4";"26,7";"69,0";"79,0";"67,0";"22,9";"23,5";"22,0";"1012,8";"1012,9";"1012,8";"0,9";"31,0";"3,6";"1809,50";"0,0"
"06/03/2026";"1300";"30,6";"30,6";"28,4";"63,0";"69,0";"62,0";"22,6";"23,4";"21,2";"1012,8";"1012,9";"1012,7";"1,3";"25,0";"3,7";"3057,10";"0,0"
"06/03/2026";"1400";"30,9";"31,2";"29,7";"58,0";"66,0";"58,0";"21,8";"23,3";"21,0";"1012,3";"1012,8";"1012,3";"2,3";"42,0";"4,3";"3492,60";"0,0"
"06/03/2026";"1500";"31,9";"32,3";"30,6";"55,0";"62,0";"53,0";"21,6";"22,8";"21,1";"1011,5";"1012,3";"1011,5";"1,5";"6,0";"4,6";"3763,40";"0,0"
"06/03/2026";"1600";"32,0";"33,0";"31,5";"51,0";"58,0";"49,0";"20,5";"23,4";"19,8";"1010,4";"1011,5";"1010,4";"1,2";"226,0";"4,0";"3722,50";"0,0"
"06/03/2026";"1700";"32,2";"33,1";"31,4";"50,0";"55,0";"48,0";"20,5";"22,1";"20,2";"1009,5";"1010,4";"1009,5";"0,8";"139,0";"3,8";"2752,70";"0,0"
"06/03/2026";"1800";"31,5";"33,5";"31,4";"62,0";"63,0";"46,0";"23,4";"23,8";"19,8";"1009,0";"1009,5";"1009,0";"3,4";"100,0";"8,6";"2977,30";"0,0"
"06/03/2026";"1900";"30,2";"32,0";"29,8";"68,0";"68,0";"61,0";"23,7";"23,9";"23,0";"1009,0";"1009,1";"1009,0";"4,3";"107,0";"9,2";"1581,60";"0,0"
"06/03/2026";"2000";"28,6";"30,2";"28,6";"72,0";"73,0";"68,0";"23,1";"23,7";"23,0";"1009,1";"1009,2";"1009,0";"3,6";"105,0";"9,2";"642,10";"0,0"
"06/03/2026";"2100";"27,0";"28,7";"27,0";"80,0";"80,0";"72,0";"23,2";"23,4";"23,1";"1009,5";"1009,6";"1009,1";"3,6";"80,0";"7,3";"110,50";"0,0"
"06/03/2026";"2200";"26,7";"27,1";"26,6";"81,0";"81,0";"80,0";"23,2";"23,2";"23,0";"1009,9";"1009,9";"1009,5";"3,4";"75,0";"6,6";"";"0,0"
"06/03/2026";"2300";"26,5";"26,8";"26,5";"81,0";"82,0";"80,0";"23,0";"23,2";"23,0";"1010,8";"1010,8";"1009,9";"2,1";"105,0";"6,1";"";"0,0"
"07/03/2026";"0000";"26,1";"26,5";"26,1";"85,0";"85,0";"81,0";"23,3";"23,3";"23,0";"1011,5";"1011,5";"1010,8";"1,7";"81,0";"4,0";"";"0,0"
"07/03/2026";"0100";"26,0";"26,1";"25,8";"86,0";"87,0";"85,0";"23,4";"23,6";"23,3";"1011,3";"1011,5";"1011,3";"1,2";"105,0";"2,9";"";"0,0"
"07/03/2026";"0200";"25,5";"26,1";"25,5";"88,0";"88,0";"85,0";"23,3";"23,5";"23,3";"1011,2";"1011,3";"1011,1";"0,9";"116,0";"3,6";"";"0,0"
"07/03/2026";"0300";"25,5";"25,8";"25,4";"89,0";"89,0";"87,0";"23,6";"23,7";"23,2";"1011,1";"1011,2";"1011,1";"1,4";"66,0";"2,5";"";"0,0"
"07/03/2026";"0400";"24,7";"25,5";"24,7";"92,0";"92,0";"89,0";"23,2";"23,6";"23,0";"1010,6";"1011,2";"1010,6";"0,8";"238,0";"2,4";"";"0,0"
"07/03/2026";"0500";"24,7";"24,7";"24,5";"93,0";"93,0";"92,0";"23,4";"23,4";"23,2";"1010,0";"1010,6";"1010,0";"0,9";"261,0";"1,8";"";"0,0"
"07/03/2026";"0600";"24,9";"25,0";"24,7";"93,0";"93,0";"93,0";"23,7";"23,7";"23,5";"1010,0";"1010,1";"1009,9";"1,0";"241,0";"1,9";"";"0,0"
"07/03/2026";"0700";"24,3";"24,9";"24,2";"93,0";"93,0";"93,0";"23,2";"23,7";"23,0";"1009,5";"1010,0";"1009,5";"0,4";"155,0";"1,9";"";"0,0"
"07/03/2026";"0800";"24,5";"24,5";"24,1";"94,0";"94,0";"93,0";"23,4";"23,4";"22,9";"1009,6";"1009,6";"1009,4";"0,3";"177,0";"1,7";"";"0,0"
"07/03/2026";"0900";"24,8";"24,8";"24,5";"93,0";"94,0";"93,0";"23,6";"23,6";"23,4";"1010,0";"1010,0";"1009,6";"0,5";"243,0";"1,0";"15,00";"0,0"
"07/03/2026";"1000";"26,6";"26,6";"24,7";"84,0";"93,0";"84,0";"23,6";"24,5";"23,5";"1010,4";"1010,4";"1010,0";"0,6";"224,0";"1,5";"345,20";"0,0"
"07/03/2026";"1100";"28,0";"28,3";"26,6";"75,0";"84,0";"75,0";"23,1";"24,2";"22,9";"1010,7";"1010,7";"1010,4";"1,5";"51,0";"3,0";"1117,50";"0,0"
"07/03/2026";"1200";"30,0";"30,0";"27,1";"71,0";"80,0";"71,0";"24,1";"24,3";"22,6";"1010,7";"1010,8";"1010,7";"1,5";"21,0";"3,2";"1817,10";"0,0"
"07/03/2026";"1300";"30,6";"31,1";"29,0";"68,0";"74,0";"66,0";"24,1";"24,6";"23,4";"1010,5";"1010,8";"1010,5";"2,3";"360,0";"5,1";"2692,20";"0,0"
"07/03/2026";"1400";"32,3";"32,6";"30,7";"60,0";"68,0";"59,0";"23,7";"24,5";"22,9";"1009,6";"1010,5";"1009,6";"3,0";"352,0";"5,5";"3331,80";"0,0"
"07/03/2026";"1500";"33,3";"33,7";"32,1";"55,0";"63,0";"55,0";"23,2";"24,4";"22,8";"1008,7";"1009,6";"1008,7";"3,2";"351,0";"6,4";"3614,50";"0,0"
"07/03/2026";"1600";"34,0";"34,3";"32,9";"52,0";"57,0";"50,0";"22,8";"23,8";"22,2";"1007,5";"1008,7";"1007,5";"3,1";"359,0";"6,7";"3475,10";"0,0"
"07/03/2026";"1700";"31,2";"34,5";"31,2";"66,0";"67,0";"47,0";"24,1";"25,0";"21,2";"1006,9";"1007,5";"1006,9";"4,0";"72,0";"7,2";"2787,20";"0,0"
"07/03/2026";"1800";"31,9";"32,4";"30,8";"62,0";"68,0";"60,0";"23,7";"25,1";"23,2";"1006,6";"1006,9";"1006,5";"4,4";"65,0";"8,5";"2577,90";"0,0"
"07/03/2026";"1900";"30,1";"32,4";"30,0";"63,0";"64,0";"57,0";"22,4";"23,7";"21,7";"1006,5";"1006,7";"1006,5";"4,3";"48,0";"8,7";"1211,50";"0,0"
"07/03/2026";"2000";"29,8";"30,6";"29,8";"63,0";"64,0";"61,0";"21,9";"22,8";"21,7";"1006,8";"1006,8";"1006,3";"4,3";"27,0";"8,9";"632,10";"0,0"
"07/03/2026";"2100";"27,9";"29,8";"27,9";"71,0";"72,0";"60,0";"22,3";"22,4";"21,2";"1007,3";"1007,3";"1006,6";"2,8";"43,0";"8,7";"100,10";"0,0"
"07/03/2026";"2200";"26,8";"27,9";"26,8";"80,0";"80,0";"71,0";"23,0";"23,0";"22,3";"1007,7";"1007,8";"1007,3";"2,8";"53,0";"5,1";"";"0,0"
"07/03/2026";"2300";"26,4";"26,8";"26,4";"84,0";"84,0";"80,0";"23,4";"23,4";"23,0";"1008,7";"1008,7";"1007,7";"2,4";"55,0";"6,9";"";"0,0"
"08/03/2026";"0000";"26,1";"26,4";"26,1";"85,0";"86,0";"84,0";"23,5";"23,6";"23,3";"1008,8";"1008,8";"1008,3";"2,6";"50,0";"5,6";"";"0,0"
"08/03/2026";"0100";"25,8";"26,1";"25,8";"87,0";"87,0";"85,0";"23,5";"23,5";"23,3";"1009,9";"1010,2";"1008,8";"1,5";"351,0";"5,3";"";"0,0"
"08/03/2026";"0200";"25,6";"25,8";"25,5";"90,0";"90,0";"87,0";"23,8";"23,9";"23,5";"1009,6";"1009,9";"1009,6";"1,3";"27,0";"2,5";"";"0,0"
"08/03/2026";"0300";"24,8";"25,8";"24,8";"85,0";"90,0";"82,0";"22,1";"23,9";"22,0";"1009,5";"1009,7";"1009,4";"0,8";"223,0";"3,5";"";"0,0"
"08/03/2026";"0400";"24,2";"24,8";"24,2";"89,0";"89,0";"85,0";"22,4";"22,4";"22,0";"1008,5";"1009,5";"1008,5";"1,6";"2,0";"2,6";"";"0,0"
"08/03/2026";"0500";"24,2";"24,3";"24,2";"91,0";"91,0";"89,0";"22,7";"22,7";"22,4";"1007,9";"1008,6";"1007,9";"1,9";"338,0";"3,3";"";"0,0"
"08/03/2026";"0600";"23,8";"24,2";"23,8";"90,0";"91,0";"90,0";"22,0";"22,7";"22,0";"1007,1";"1007,9";"1007,1";"2,2";"336,0";"4,9";"";"0,0"
"08/03/2026";"0700";"23,5";"23,8";"23,4";"90,0";"90,0";"88,0";"21,6";"22,0";"21,5";"1006,8";"1007,2";"1006,8";"2,4";"353,0";"4,9";"";"0,0"
"08/03/2026";"0800";"23,3";"23,5";"23,3";"90,0";"90,0";"89,0";"21,6";"21,8";"21,5";"1006,6";"1006,8";"1006,5";"3,0";"349,0";"4,9";"";"0,0"
"08/03/2026";"0900";"23,5";"23,5";"23,1";"90,0";"91,0";"90,0";"21,8";"21,8";"21,4";"1007,3";"1007,3";"1006,6";"3,2";"357,0";"6,0";"10,50";"0,0"
"08/03/2026";"1000";"25,5";"25,5";"23,5";"83,0";"90,0";"83,0";"22,3";"22,4";"21,8";"1007,7";"1007,7";"1007,3";"3,5";"11,0";"6,2";"391,30";"0,0"
"08/03/2026";"1100";"28,5";"28,6";"25,4";"66,0";"83,0";"66,0";"21,5";"22,4";"21,5";"1008,0";"1008,0";"1007,7";"4,3";"6,0";"7,6";"1308,80";"0,0"
"08/03/2026";"1200";"28,9";"29,7";"27,9";"64,0";"68,0";"63,0";"21,5";"22,4";"21,2";"1008,4";"1008,4";"1007,9";"3,5";"345,0";"7,8";"1349,90";"0,0"
"08/03/2026";"1300";"31,2";"31,8";"28,7";"58,0";"67,0";"58,0";"22,1";"23,1";"21,4";"1008,3";"1008,5";"1008,3";"3,9";"8,0";"6,6";"2692,00";"0,0"
"08/03/2026";"1400";"31,5";"31,8";"30,5";"59,0";"63,0";"58,0";"22,5";"23,2";"21,8";"1008,2";"1008,4";"1008,2";"3,3";"340,0";"6,6";"2440,70";"0,0"
"08/03/2026";"1500";"31,9";"31,9";"31,0";"60,0";"62,0";"58,0";"23,2";"23,4";"22,1";"1007,4";"1008,2";"1007,4";"3,6";"358,0";"6,9";"2223,10";"0,0"
"08/03/2026";"1600";"33,4";"33,7";"31,8";"55,0";"61,0";"53,0";"23,0";"23,9";"21,9";"1006,9";"1007,4";"1006,9";"4,1";"314,0";"6,5";"3328,10";"0,0"
"08/03/2026";"1700";"34,1";"34,4";"33,3";"49,0";"55,0";"47,0";"21,9";"23,0";"21,1";"1006,1";"1006,9";"1006,1";"4,1";"335,0";"8,5";"3323,00";"0,0"
"08/03/2026";"1800";"34,6";"34,8";"34,0";"47,0";"50,0";"47,0";"21,7";"22,5";"21,4";"1005,8";"1006,1";"1005,4";"2,7";"308,0";"7,0";"2964,00";"0,0"
"08/03/2026";"1900";"30,6";"35,3";"30,6";"63,0";"63,0";"46,0";"22,8";"23,8";"21,0";"1005,8";"1005,8";"1005,6";"4,0";"58,0";"8,0";"1467,00";"0,0"
"08/03/2026";"2000";"29,7";"31,2";"29,7";"67,0";"67,0";"60,0";"22,9";"23,2";"22,3";"1005,7";"1006,3";"1005,6";"3,0";"38,0";"8,0";"515,20";"0,0"
"08/03/2026";"2100";"27,5";"29,7";"27,5";"70,0";"71,0";"65,0";"21,6";"23,3";"21,4";"1007,8";"1007,8";"1005,7";"5,3";"216,0";"11,1";"86,60";"0,0"
"08/03/2026";"2200";"24,0";"27,5";"24,0";"90,0";"90,0";"70,0";"22,3";"22,4";"21,6";"1008,4";"1008,4";"1007,6";"3,8";"212,0";"11,1";"";"0,0"
"08/03/2026";"2300";"23,9";"24,0";"23,7";"89,0";"90,0";"89,0";"21,9";"22,3";"21,9";"1009,3";"1009,3";"1008,3";"3,3";"220,0";"7,1";"";"0,0"
"09/03/2026";"0000";"24,0";"24,0";"23,9";"89,0";"89,0";"89,0";"22,1";"22,1";"21,9";"1009,8";"1009,9";"1009,3";"0,8";"189,0";"5,0";"";"0,0"
"09/03/2026";"0100";"24,7";"24,8";"23,9";"85,0";"89,0";"85,0";"22,1";"22,2";"22,0";"1009,6";"1009,8";"1009,6";"1,1";"199,0";"3,5";"";"0,0"
"09/03/2026";"0200";"24,3";"25,0";"24,3";"89,0";"89,0";"84,0";"22,4";"22,4";"22,0";"1009,9";"1009,9";"1009,6";"1,5";"4,0";"3,0";"";"0,0"
"09/03/2026";"0300";"24,1";"24,4";"24,0";"91,0";"92,0";"89,0";"22,6";"22,6";"22,4";"1009,8";"1009,9";"1009,8";"1,0";"310,0";"2,8";"";"0,0"
"09/03/2026";"0400";"24,0";"24,1";"24,0";"92,0";"92,0";"91,0";"22,5";"22,6";"22,5";"1009,4";"1009,9";"1009,4";"0,9";"313,0";"2,7";"";"0,0"
"09/03/2026";"0500";"23,7";"24,0";"23,7";"93,0";"93,0";"92,0";"22,5";"22,6";"22,4";"1009,2";"1009,4";"1009,2";"1,1";"304,0";"2,2";"";"0,0"
"09/03/2026";"0600";"23,1";"23,7";"23,0";"93,0";"93,0";"93,0";"21,9";"22,5";"21,8";"1008,9";"1009,2";"1008,9";"0,6";"180,0";"2,5";"";"0,0"
"09/03/2026";"0700";"23,0";"23,3";"22,9";"93,0";"94,0";"93,0";"21,9";"22,2";"21,7";"1009,1";"1009,2";"1008,9";"1,5";"329,0";"3,5";"";"0,0"
"09/03/2026";"0800";"22,7";"23,0";"22,7";"94,0";"94,0";"93,0";"21,7";"21,9";"21,6";"1009,6";"1009,6";"1009,1";"1,7";"326,0";"3,0";"";"0,0"
"09/03/2026";"0900";"22,6";"22,7";"22,5";"94,0";"94,0";"94,0";"21,6";"21,7";"21,4";"1010,0";"1010,0";"1009,6";"1,4";"336,0";"2,5";"8,40";"0,0"
"09/03/2026";"1000";"24,4";"24,4";"22,6";"92,0";"94,0";"92,0";"22,9";"23,2";"21,6";"1010,9";"1010,9";"1010,0";"1,8";"326,0";"3,0";"385,60";"0,0"
"09/03/2026";"1100";"27,2";"27,2";"24,4";"78,0";"92,0";"78,0";"23,0";"23,6";"22,7";"1011,6";"1011,6";"1010,9";"1,0";"335,0";"3,0";"1216,20";"0,0"
"09/03/2026";"1200";"28,2";"29,5";"27,2";"72,0";"79,0";"68,0";"22,7";"23,7";"22,3";"1012,4";"1012,4";"1011,6";"2,0";"220,0";"4,5";"2028,80";"0,0"
"09/03/2026";"1300";"29,8";"30,0";"27,9";"67,0";"76,0";"67,0";"23,2";"24,1";"22,8";"1012,5";"1012,7";"1012,4";"2,5";"242,0";"5,0";"1884,30";"0,0"
"09/03/2026";"1400";"29,9";"30,8";"28,8";"66,0";"72,0";"63,0";"22,9";"24,0";"22,4";"1012,1";"1012,6";"1012,1";"2,6";"227,0";"5,0";"2031,40";"0,0"
"09/03/2026";"1500";"30,4";"31,9";"29,6";"67,0";"67,0";"60,0";"23,7";"24,4";"22,3";"1011,5";"1012,1";"1011,5";"3,4";"203,0";"7,9";"2507,30";"0,0"
"09/03/2026";"1600";"29,9";"31,6";"29,6";"69,0";"71,0";"63,0";"23,7";"24,4";"23,0";"1010,9";"1011,6";"1010,9";"3,8";"184,0";"9,5";"2886,20";"0,0"
"09/03/2026";"1700";"27,8";"29,9";"27,8";"73,0";"73,0";"69,0";"22,5";"23,8";"22,2";"1011,2";"1011,2";"1010,7";"4,3";"202,0";"10,8";"1517,60";"0,0"
"09/03/2026";"1800";"27,3";"27,8";"27,3";"75,0";"76,0";"72,0";"22,3";"22,8";"22,2";"1011,0";"1011,2";"1011,0";"4,0";"199,0";"10,1";"501,20";"0,0"
"09/03/2026";"1900";"27,1";"27,3";"27,1";"75,0";"76,0";"73,0";"22,3";"22,5";"22,0";"1011,3";"1011,3";"1011,0";"3,5";"198,0";"10,7";"510,70";"0,0"
"09/03/2026";"2000";"26,6";"27,1";"26,6";"78,0";"79,0";"75,0";"22,5";"22,8";"22,2";"1011,6";"1011,6";"1011,3";"3,6";"210,0";"9,5";"338,40";"0,0"
"09/03/2026";"2100";"25,6";"26,6";"25,6";"82,0";"82,0";"78,0";"22,2";"22,5";"22,2";"1012,3";"1012,3";"1011,6";"3,4";"215,0";"9,4";"68,80";"0,0"
"09/03/2026";"2200";"25,0";"25,6";"24,9";"82,0";"82,0";"81,0";"21,7";"22,2";"21,7";"1012,7";"1012,7";"1012,3";"3,3";"215,0";"6,4";"";"0,0"
"09/03/2026";"2300";"25,0";"25,0";"24,8";"83,0";"83,0";"82,0";"21,9";"21,9";"21,7";"1013,3";"1013,3";"1012,7";"3,1";"222,0";"5,9";"";"0,0"
"10/03/2026";"0000";"24,1";"25,0";"24,1";"88,0";"88,0";"83,0";"22,0";"22,0";"21,9";"1013,9";"1013,9";"1013,2";"4,4";"222,0";"8,2";"";"0,0"
"10/03/2026";"0100";"23,5";"24,1";"23,5";"91,0";"91,0";"88,0";"21,9";"22,0";"21,8";"1013,8";"1014,0";"1013,8";"3,3";"230,0";"7,5";"";"0,0"
"10/03/2026";"0200";"23,7";"23,7";"23,4";"89,0";"91,0";"89,0";"21,8";"21,9";"21,8";"1013,4";"1013,8";"1013,4";"3,5";"216,0";"6,3";"";"0,0"
"10/03/2026";"0300";"23,6";"23,8";"23,6";"87,0";"89,0";"87,0";"21,4";"21,8";"21,4";"1013,3";"1013,4";"1013,3";"2,9";"223,0";"6,3";"";"0,0"
"10/03/2026";"0400";"23,8";"24,0";"23,5";"87,0";"88,0";"87,0";"21,6";"21,6";"21,3";"1012,8";"1013,3";"1012,8";"3,1";"206,0";"6,8";"";"0,0"
"10/03/2026";"0500";"23,4";"23,8";"23,4";"91,0";"91,0";"87,0";"21,9";"22,0";"21,6";"1012,5";"1012,9";"1012,5";"3,5";"225,0";"7,3";"";"0,0"
"10/03/2026";"0600";"22,9";"23,4";"22,9";"94,0";"94,0";"91,0";"21,8";"22,0";"21,8";"1012,2";"1012,5";"1012,1";"2,7";"242,0";"5,7";"";"2,0"
"10/03/2026";"0700";"22,9";"22,9";"22,8";"94,0";"94,0";"94,0";"21,9";"21,9";"21,7";"1012,0";"1012,2";"1011,9";"2,6";"243,0";"4,6";"";"4,2"
"10/03/2026";"0800";"22,9";"22,9";"22,8";"94,0";"94,0";"94,0";"21,9";"21,9";"21,8";"1012,3";"1012,3";"1012,0";"2,0";"246,0";"6,0";"";"3,0"
"10/03/2026";"0900";"23,0";"23,1";"22,9";"95,0";"95,0";"94,0";"22,1";"22,2";"21,9";"1013,0";"1013,0";"1012,3";"2,4";"246,0";"4,2";"2,20";"0,6"
"10/03/2026";"1000";"23,3";"23,3";"23,0";"95,0";"95,0";"95,0";"22,3";"22,3";"22,1";"1013,8";"1013,8";"1013,0";"0,7";"246,0";"3,6";"68,40";"0,0"
"10/03/2026";"1100";"24,1";"24,2";"23,2";"94,0";"95,0";"94,0";"23,2";"23,2";"22,3";"1014,4";"1014,4";"1013,8";"1,8";"246,0";"3,1";"292,70";"0,6"
"10/03/2026";"1200";"25,4";"25,4";"24,1";"91,0";"94,0";"91,0";"23,8";"24,0";"23,1";"1014,6";"1014,6";"1014,4";"3,3";"225,0";"5,1";"832,50";"0,0"
"10/03/2026";"1300";"27,2";"27,7";"25,3";"82,0";"91,0";"79,0";"23,9";"25,0";"23,2";"1014,6";"1014,8";"1014,5";"2,3";"213,0";"5,3";"1794,20";"0,0"
"10/03/2026";"1400";"27,0";"27,9";"26,1";"80,0";"84,0";"76,0";"23,3";"24,3";"22,7";"1014,6";"1014,6";"1014,5";"3,2";"201,0";"9,7";"1907,40";"0,0"
"10/03/2026";"1500";"27,2";"27,3";"25,9";"78,0";"82,0";"77,0";"23,2";"23,5";"22,1";"1014,2";"1014,6";"1014,2";"2,2";"194,0";"7,9";"1956,20";"0,0"
"10/03/2026";"1600";"25,6";"27,8";"25,3";"87,0";"87,0";"71,0";"23,2";"23,2";"21,8";"1013,5";"1014,2";"1013,5";"2,7";"155,0";"6,3";"1641,10";"0,2"
"10/03/2026";"1700";"25,3";"27,4";"24,9";"85,0";"87,0";"76,0";"22,7";"24,5";"21,9";"1012,8";"1013,5";"1012,8";"2,5";"135,0";"7,2";"1346,60";"0,6"
"10/03/2026";"1800";"24,8";"26,2";"24,8";"87,0";"87,0";"78,0";"22,5";"23,0";"22,0";"1012,7";"1012,8";"1012,5";"1,6";"163,0";"5,3";"660,90";"1,6"
"10/03/2026";"1900";"25,7";"25,9";"24,5";"76,0";"89,0";"76,0";"21,2";"23,1";"21,2";"1012,5";"1012,7";"1012,4";"2,9";"154,0";"6,9";"360,80";"1,0"
"10/03/2026";"2000";"25,7";"25,9";"25,5";"76,0";"77,0";"74,0";"21,1";"21,2";"20,8";"1012,9";"1012,9";"1012,5";"2,7";"154,0";"6,1";"108,30";"0,0"
"10/03/2026";"2100";"24,4";"25,8";"24,4";"84,0";"84,0";"75,0";"21,4";"21,6";"21,0";"1013,2";"1013,2";"1012,9";"1,7";"214,0";"5,2";"74,40";"0,0"
"10/03/2026";"2200";"23,7";"24,3";"23,6";"92,0";"92,0";"84,0";"22,3";"22,3";"21,5";"1013,7";"1013,7";"1013,2";"2,2";"206,0";"4,5";"";"0,0"
"10/03/2026";"2300";"23,5";"23,9";"23,5";"90,0";"92,0";"88,0";"21,8";"22,4";"21,7";"1014,3";"1014,3";"1013,7";"2,7";"215,0";"4,6";"";"0,0"
"11/03/2026";"0000";"22,9";"23,5";"22,9";"92,0";"92,0";"90,0";"21,6";"21,9";"21,6";"1014,3";"1014,4";"1014,3";"2,6";"217,0";"4,6";"";"0,8"
"11/03/2026";"0100";"22,7";"22,9";"22,6";"94,0";"94,0";"92,0";"21,7";"21,7";"21,5";"1013,7";"1014,3";"1013,7";"1,9";"206,0";"4,3";"";"1,2"
"11/03/2026";"0200";"22,4";"22,8";"22,4";"94,0";"94,0";"94,0";"21,4";"21,7";"21,4";"1013,4";"1013,7";"1013,4";"2,9";"223,0";"5,4";"";"0,0"
"11/03/2026";"0300";"22,5";"22,5";"22,3";"94,0";"94,0";"94,0";"21,5";"21,5";"21,4";"1013,3";"1013,4";"1013,2";"2,1";"231,0";"4,8";"";"0,2"
"11/03/2026";"0400";"22,5";"22,5";"22,5";"94,0";"94,0";"94,0";"21,6";"21,6";"21,5";"1012,9";"1013,3";"1012,9";"1,3";"233,0";"3,2";"";"0,0"
"11/03/2026";"0500";"22,5";"22,6";"22,5";"94,0";"94,0";"94,0";"21,6";"21,6";"21,6";"1012,3";"1012,9";"1012,3";"0,9";"219,0";"1,9";"";"0,0"
"11/03/2026";"0600";"22,6";"22,6";"22,5";"95,0";"95,0";"94,0";"21,7";"21,7";"21,5";"1011,7";"1012,3";"1011,7";"1,1";"211,0";"1,8";"";"0,0"
"11/03/2026";"0700";"22,5";"22,6";"22,5";"94,0";"95,0";"94,0";"21,5";"21,7";"21,5";"1011,8";"1011,8";"1011,6";"1,8";"220,0";"3,3";"";"0,0"
"11/03/2026";"0800";"22,3";"22,5";"22,3";"94,0";"94,0";"94,0";"21,4";"21,5";"21,3";"1011,7";"1011,8";"1011,6";"1,1";"210,0";"2,9";"";"0,0"
"11/03/2026";"0900";"22,5";"22,6";"22,3";"94,0";"94,0";"94,0";"21,5";"21,5";"21,3";"1012,0";"1012,0";"1011,7";"0,9";"191,0";"3,0";"4,60";"0,0"
"11/03/2026";"1000";"22,9";"23,0";"22,4";"93,0";"94,0";"93,0";"21,8";"21,8";"21,3";"1012,5";"1012,5";"1012,0";"1,3";"259,0";"2,9";"217,10";"0,0"
"11/03/2026";"1100";"24,1";"24,1";"22,9";"90,0";"93,0";"90,0";"22,3";"22,4";"21,8";"1013,4";"1013,4";"1012,6";"1,4";"233,0";"2,7";"501,90";"0,0"
"11/03/2026";"1200";"25,8";"25,9";"24,1";"78,0";"90,0";"77,0";"21,6";"22,7";"21,6";"1013,3";"1013,5";"1013,3";"1,1";"239,0";"2,6";"1021,40";"0,0"
"11/03/2026";"1300";"28,5";"28,5";"25,8";"60,0";"78,0";"60,0";"20,1";"21,9";"18,8";"1013,1";"1013,3";"1013,1";"0,7";"254,0";"2,1";"2102,20";"0,0"
"11/03/2026";"1400";"28,5";"28,8";"27,7";"61,0";"62,0";"55,0";"20,2";"20,4";"18,1";"1012,8";"1013,2";"1012,8";"1,3";"268,0";"3,1";"2855,10";"0,0"
"11/03/2026";"1500";"29,2";"29,8";"28,1";"55,0";"64,0";"54,0";"19,2";"20,7";"18,4";"1012,1";"1012,8";"1012,1";"1,5";"75,0";"3,2";"2976,40";"0,0"
"11/03/2026";"1600";"30,3";"30,4";"29,0";"58,0";"62,0";"51,0";"21,1";"21,8";"18,8";"1011,1";"1012,1";"1011,1";"1,0";"76,0";"3,5";"3314,40";"0,0"
"11/03/2026";"1700";"30,7";"30,8";"29,4";"58,0";"59,0";"53,0";"21,3";"21,3";"19,4";"1010,3";"1011,1";"1010,3";"1,5";"112,0";"4,8";"3183,10";"0,0"
"11/03/2026";"1800";"28,1";"30,7";"28,1";"62,0";"63,0";"54,0";"20,1";"20,9";"19,5";"1009,9";"1010,3";"1009,9";"2,1";"103,0";"5,9";"805,10";"0,0"
"11/03/2026";"1900";"27,6";"28,1";"27,5";"63,0";"64,0";"61,0";"19,9";"20,2";"19,6";"1010,0";"1010,0";"1009,7";"2,8";"91,0";"5,9";"401,70";"0,0"
"11/03/2026";"2000";"26,9";"27,6";"26,9";"66,0";"66,0";"62,0";"19,9";"20,3";"19,4";"1010,4";"1010,4";"1010,0";"3,3";"133,0";"6,4";"293,90";"0,0"
"11/03/2026";"2100";"26,0";"26,9";"26,0";"70,0";"70,0";"66,0";"20,3";"20,3";"19,8";"1010,9";"1011,0";"1010,4";"3,0";"150,0";"6,5";"70,00";"0,0"
"11/03/2026";"2200";"25,4";"26,1";"25,4";"79,0";"79,0";"70,0";"21,5";"21,5";"20,3";"1011,5";"1011,5";"1010,9";"1,2";"161,0";"5,3";"";"0,0"
"11/03/2026";"2300";"24,8";"25,5";"24,8";"86,0";"86,0";"78,0";"22,3";"22,3";"21,4";"1012,0";"1012,0";"1011,5";"0,8";"194,0";"3,4";"";"0,0"
"12/03/2026";"0000";"24,6";"24,8";"24,6";"87,0";"87,0";"86,0";"22,2";"22,3";"22,2";"1012,6";"1012,6";"1012,0";"0,8";"187,0";"3,0";"";"0,0"
"12/03/2026";"0100";"24,2";"24,6";"24,2";"90,0";"90,0";"86,0";"22,4";"22,4";"22,1";"1012,7";"1012,9";"1012,6";"2,3";"219,0";"3,4";"";"0,0"
"12/03/2026";"0200";"23,7";"24,2";"23,7";"92,0";"92,0";"90,0";"22,4";"22,4";"22,3";"1012,3";"1012,7";"1012,3";"1,4";"241,0";"3,4";"";"0,2"
"12/03/2026";"0300";"23,6";"23,7";"23,6";"93,0";"93,0";"92,0";"22,5";"22,5";"22,4";"1011,6";"1012,3";"1011,6";"0,8";"205,0";"3,0";"";"0,2"
"12/03/2026";"0400";"23,6";"23,6";"23,5";"94,0";"94,0";"93,0";"22,5";"22,5";"22,3";"1010,8";"1011,6";"1010,8";"1,2";"226,0";"2,2";"";"0,0"
"12/03/2026";"0500";"23,6";"23,6";"23,6";"94,0";"94,0";"94,0";"22,5";"22,6";"22,5";"1010,2";"1010,8";"1010,2";"1,2";"195,0";"4,7";"";"1,2"
"12/03/2026";"0600";"23,8";"23,9";"23,5";"94,0";"94,0";"94,0";"22,8";"22,9";"22,5";"1009,7";"1010,2";"1009,7";"0,7";"206,0";"4,7";"";"0,4"
"12/03/2026";"0700";"23,7";"23,8";"23,7";"94,0";"94,0";"94,0";"22,7";"22,8";"22,7";"1009,7";"1009,9";"1009,7";"0,6";"296,0";"1,5";"";"0,0"
"12/03/2026";"0800";"23,8";"23,8";"23,6";"94,0";"94,0";"94,0";"22,8";"22,8";"22,7";"1010,0";"1010,0";"1009,7";"0,6";"282,0";"1,8";"";"1,2"
"12/03/2026";"0900";"23,7";"23,8";"23,6";"95,0";"95,0";"94,0";"22,7";"22,8";"22,7";"1010,5";"1010,5";"1010,0";"0,7";"237,0";"2,4";"2,60";"1,6"
"12/03/2026";"1000";"23,9";"24,0";"23,6";"95,0";"95,0";"95,0";"23,0";"23,0";"22,7";"1010,9";"1010,9";"1010,5";"1,1";"223,0";"2,3";"139,50";"0,0"
"12/03/2026";"1100";"24,5";"24,5";"23,9";"95,0";"95,0";"95,0";"23,6";"23,6";"23,0";"1011,4";"1011,4";"1010,9";"0,4";"233,0";"1,6";"214,90";"2,2"
"12/03/2026";"1200";"26,2";"26,9";"24,2";"89,0";"95,0";"89,0";"24,4";"25,7";"23,3";"1011,4";"1011,5";"1011,4";"1,3";"19,0";"2,7";"1063,10";"0,2"
"12/03/2026";"1300";"27,3";"27,3";"25,9";"82,0";"89,0";"81,0";"23,9";"24,3";"23,4";"1011,0";"1011,5";"1011,0";"0,5";"125,0";"3,1";"1124,40";"0,0"
"12/03/2026";"1400";"28,7";"28,8";"26,9";"75,0";"82,0";"73,0";"23,8";"24,5";"23,2";"1010,4";"1011,0";"1010,4";"1,2";"85,0";"2,5";"1892,80";"0,0"
"12/03/2026";"1500";"29,0";"29,9";"28,4";"73,0";"76,0";"70,0";"23,6";"24,6";"23,0";"1009,6";"1010,4";"1009,6";"2,4";"85,0";"4,4";"3254,50";"0,0"
"12/03/2026";"1600";"28,6";"29,5";"27,9";"73,0";"79,0";"72,0";"23,4";"24,7";"23,1";"1008,8";"1009,6";"1008,8";"2,7";"92,0";"5,3";"2510,50";"0,0"
"12/03/2026";"1700";"29,0";"30,5";"28,1";"74,0";"76,0";"68,0";"24,0";"24,9";"23,0";"1007,5";"1008,8";"1007,5";"3,9";"75,0";"6,8";"2486,70";"0,0"
"12/03/2026";"1800";"29,1";"29,8";"28,4";"71,0";"75,0";"70,0";"23,3";"24,5";"23,0";"1006,7";"1007,5";"1006,7";"3,4";"94,0";"7,0";"2121,30";"0,0"
"12/03/2026";"1900";"28,2";"29,1";"27,7";"76,0";"76,0";"71,0";"23,6";"23,6";"22,7";"1006,3";"1006,7";"1006,2";"5,2";"73,0";"8,5";"1357,10";"0,0"
"12/03/2026";"2000";"26,7";"28,3";"26,7";"82,0";"82,0";"75,0";"23,2";"23,7";"22,9";"1006,9";"1006,9";"1006,3";"4,2";"75,0";"8,5";"670,70";"0,0"
"12/03/2026";"2100";"26,0";"26,7";"26,0";"84,0";"84,0";"82,0";"23,1";"23,3";"23,0";"1007,2";"1007,2";"1006,8";"3,7";"70,0";"8,4";"100,80";"0,0"
"12/03/2026";"2200";"25,8";"26,0";"25,8";"88,0";"88,0";"84,0";"23,7";"23,7";"23,2";"1008,0";"1008,0";"1007,2";"1,9";"68,0";"7,3";"";"0,0"
"12/03/2026";"2300";"25,5";"25,8";"25,5";"89,0";"89,0";"88,0";"23,7";"23,7";"23,6";"1008,8";"1008,8";"1008,0";"1,4";"61,0";"4,0";"";"0,0"
"13/03/2026";"0000";"25,2";"25,5";"25,2";"91,0";"91,0";"89,0";"23,7";"23,7";"23,6";"1009,2";"1009,2";"1008,8";"1,5";"38,0";"2,6";"";"0,2"
"13/03/2026";"0100";"24,9";"25,2";"24,9";"93,0";"93,0";"91,0";"23,7";"23,7";"23,7";"1009,0";"1009,3";"1009,0";"0,9";"2,0";"2,6";"";"0,8"
"13/03/2026";"0200";"24,8";"24,9";"24,8";"94,0";"94,0";"93,0";"23,7";"23,7";"23,6";"1007,9";"1009,0";"1007,9";"1,6";"8,0";"3,0";"";"0,6"
"13/03/2026";"0300";"24,9";"24,9";"24,8";"94,0";"94,0";"94,0";"23,8";"23,9";"23,7";"1007,7";"1007,9";"1007,6";"1,7";"349,0";"4,5";"";"0,0"
"13/03/2026";"0400";"24,7";"24,9";"24,7";"94,0";"94,0";"94,0";"23,6";"23,8";"23,6";"1007,1";"1007,7";"1007,1";"2,0";"351,0";"3,1";"";"0,0"
"13/03/2026";"0500";"24,7";"24,7";"24,7";"94,0";"94,0";"94,0";"23,7";"23,7";"23,6";"1006,0";"1007,1";"1006,0";"1,5";"10,0";"3,1";"";"0,0"
"13/03/2026";"0600";"24,3";"24,7";"24,3";"94,0";"94,0";"94,0";"23,3";"23,7";"23,3";"1005,3";"1006,0";"1005,3";"2,1";"341,0";"4,2";"";"0,4"
"13/03/2026";"0700";"24,1";"24,3";"24,0";"94,0";"94,0";"94,0";"23,0";"23,3";"23,0";"1005,0";"1005,3";"1005,0";"2,5";"357,0";"4,0";"";"0,0"
"13/03/2026";"0800";"24,2";"24,2";"24,1";"94,0";"94,0";"94,0";"23,2";"23,2";"23,0";"1005,5";"1005,5";"1005,0";"3,0";"5,0";"4,9";"";"0,0"
"13/03/2026";"0900";"24,1";"24,2";"24,1";"93,0";"94,0";"93,0";"22,9";"23,2";"22,9";"1005,7";"1005,7";"1005,5";"2,9";"352,0";"4,8";"5,90";"0,0"
"13/03/2026";"1000";"24,7";"24,7";"24,1";"90,0";"93,0";"90,0";"22,9";"23,0";"22,9";"1006,1";"1006,1";"1005,6";"3,5";"348,0";"6,1";"230,10";"0,0"
"13/03/2026";"1100";"25,6";"25,6";"24,7";"86,0";"90,0";"86,0";"23,1";"23,1";"22,9";"1006,7";"1006,7";"1006,1";"2,8";"343,0";"6,1";"498,00";"0,0"
"13/03/2026";"1200";"27,6";"27,7";"25,6";"78,0";"86,0";"76,0";"23,5";"23,8";"22,9";"1006,9";"1006,9";"1006,7";"3,3";"342,0";"5,1";"1117,90";"0,0"
"13/03/2026";"1300";"27,6";"27,7";"27,4";"77,0";"78,0";"75,0";"23,2";"23,5";"22,8";"1007,1";"1007,1";"1006,9";"2,7";"349,0";"5,6";"1116,00";"0,0"
"13/03/2026";"1400";"28,1";"28,1";"27,3";"76,0";"81,0";"76,0";"23,5";"24,0";"23,1";"1006,9";"1007,2";"1006,9";"2,0";"344,0";"4,3";"1128,50";"0,0"
"13/03/2026";"1500";"29,2";"29,3";"28,0";"71,0";"77,0";"70,0";"23,4";"24,1";"23,1";"1006,1";"1007,0";"1006,1";"2,3";"337,0";"4,1";"1259,80";"0,0"
"13/03/2026";"1600";"29,8";"30,3";"28,9";"68,0";"73,0";"65,0";"23,3";"24,3";"22,6";"1005,3";"1006,1";"1005,3";"3,2";"328,0";"5,0";"1797,90";"0,0"
"13/03/2026";"1700";"29,9";"30,1";"29,6";"69,0";"71,0";"67,0";"23,6";"24,0";"23,1";"1004,8";"1005,3";"1004,8";"2,8";"350,0";"5,8";"1041,20";"0,0"
"13/03/2026";"1800";"30,7";"30,7";"29,5";"71,0";"75,0";"68,0";"24,9";"25,2";"23,4";"1004,4";"1004,8";"1004,4";"0,8";"349,0";"4,7";"823,60";"0,0"
"13/03/2026";"1900";"29,7";"30,8";"29,7";"74,0";"74,0";"64,0";"24,6";"25,0";"22,8";"1004,5";"1004,7";"1004,3";"0,5";"103,0";"3,5";"712,50";"0,0"
"13/03/2026";"2000";"27,2";"29,7";"27,2";"81,0";"82,0";"74,0";"23,7";"25,7";"23,6";"1005,5";"1005,5";"1004,1";"2,6";"197,0";"9,5";"404,30";"0,0"
"13/03/2026";"2100";"26,2";"27,2";"26,1";"84,0";"84,0";"81,0";"23,2";"23,7";"23,2";"1006,0";"1006,0";"1005,4";"2,0";"173,0";"6,5";"149,70";"0,0"
"13/03/2026";"2200";"25,7";"26,2";"25,7";"86,0";"86,0";"84,0";"23,2";"23,3";"23,1";"1006,8";"1006,8";"1006,0";"2,1";"182,0";"5,9";"";"0,0"
"13/03/2026";"2300";"25,5";"25,7";"25,5";"87,0";"87,0";"86,0";"23,1";"23,2";"23,1";"1007,2";"1007,3";"1006,8";"1,8";"171,0";"5,5";"";"0,0"
"14/03/2026";"0000";"24,7";"25,5";"24,7";"87,0";"87,0";"85,0";"22,3";"23,1";"22,3";"1007,1";"1007,3";"1007,1";"1,9";"203,0";"6,1";"";"0,0"
"14/03/2026";"0100";"24,4";"24,7";"24,4";"88,0";"88,0";"86,0";"22,2";"22,3";"22,1";"1007,0";"1007,3";"1006,9";"2,0";"200,0";"6,0";"";"0,0"
"14/03/2026";"0200";"24,3";"24,4";"24,3";"87,0";"88,0";"87,0";"22,0";"22,2";"21,9";"1006,7";"1007,2";"1006,7";"1,7";"210,0";"4,7";"";"0,0"
"14/03/2026";"0300";"24,2";"24,3";"24,2";"88,0";"88,0";"87,0";"22,1";"22,1";"21,9";"1006,7";"1006,8";"1006,5";"1,6";"197,0";"6,6";"";"0,0"
"14/03/2026";"0400";"22,9";"24,2";"22,9";"94,0";"94,0";"88,0";"21,9";"22,1";"21,8";"1007,0";"1007,2";"1006,7";"1,0";"314,0";"3,8";"";"29,2"
"14/03/2026";"0500";"22,7";"23,0";"22,7";"95,0";"95,0";"94,0";"21,8";"22,0";"21,8";"1006,5";"1007,1";"1006,5";"1,5";"334,0";"2,8";"";"4,6"
"14/03/2026";"0600";"22,5";"22,7";"22,5";"95,0";"95,0";"95,0";"21,6";"21,8";"21,6";"1006,0";"1006,6";"1006,0";"0,8";"335,0";"2,9";"";"0,8"
"14/03/2026";"0700";"22,4";"22,5";"22,4";"95,0";"95,0";"95,0";"21,5";"21,7";"21,5";"1005,9";"1006,1";"1005,9";"1,8";"358,0";"3,1";"";"1,2"
"14/03/2026";"0800";"22,1";"22,4";"22,1";"95,0";"95,0";"95,0";"21,3";"21,5";"21,2";"1006,4";"1006,4";"1005,9";"2,1";"350,0";"4,6";"";"0,0"
"14/03/2026";"0900";"22,2";"22,2";"22,1";"95,0";"95,0";"95,0";"21,4";"21,4";"21,3";"1007,1";"1007,1";"1006,4";"2,1";"353,0";"4,2";"0,20";"0,0"
"14/03/2026";"1000";"22,8";"22,8";"22,2";"94,0";"95,0";"94,0";"21,9";"21,9";"21,4";"1007,6";"1007,6";"1007,1";"1,9";"346,0";"3,9";"109,70";"0,0"
"14/03/2026";"1100";"24,2";"24,2";"22,8";"91,0";"94,0";"91,0";"22,7";"22,7";"21,9";"1007,8";"1007,8";"1007,5";"1,7";"326,0";"3,7";"578,50";"0,0"
"14/03/2026";"1200";"26,1";"26,4";"24,2";"81,0";"91,0";"80,0";"22,6";"23,3";"22,2";"1008,0";"1008,1";"1007,8";"1,4";"299,0";"3,8";"1540,10";"0,0"
"14/03/2026";"1300";"26,9";"27,1";"26,1";"78,0";"81,0";"75,0";"22,7";"23,3";"22,1";"1008,0";"1008,0";"1008,0";"1,6";"236,0";"3,0";"1796,40";"0,0"
"14/03/2026";"1400";"28,9";"29,6";"26,8";"64,0";"79,0";"62,0";"21,3";"23,9";"21,3";"1008,0";"1008,0";"1007,9";"1,8";"214,0";"4,4";"3451,90";"0,0"
"14/03/2026";"1500";"30,0";"30,2";"28,7";"60,0";"68,0";"59,0";"21,5";"22,5";"20,5";"1007,6";"1008,0";"1007,6";"1,2";"196,0";"3,4";"2160,20";"0,2"
"14/03/2026";"1600";"29,0";"30,1";"28,5";"66,0";"68,0";"60,0";"21,9";"22,5";"20,9";"1007,1";"1007,6";"1007,1";"1,8";"189,0";"4,5";"1952,80";"0,0"
"14/03/2026";"1700";"28,4";"29,3";"28,3";"66,0";"68,0";"61,0";"21,3";"22,4";"20,6";"1006,3";"1007,1";"1006,3";"2,5";"157,0";"5,0";"1816,10";"0,0"
"14/03/2026";"1800";"27,4";"28,9";"27,3";"74,0";"75,0";"65,0";"22,3";"23,4";"21,3";"1006,3";"1006,5";"1006,2";"3,4";"201,0";"8,6";"1558,10";"0,0"
"14/03/2026";"1900";"27,3";"27,4";"26,4";"73,0";"79,0";"73,0";"22,0";"22,9";"21,6";"1006,2";"1006,4";"1006,1";"3,3";"199,0";"8,6";"957,10";"0,0"
"14/03/2026";"2000";"26,4";"27,4";"26,3";"78,0";"79,0";"73,0";"22,2";"22,5";"21,8";"1006,5";"1006,5";"1006,0";"2,9";"202,0";"7,5";"650,60";"0,0"
"14/03/2026";"2100";"24,4";"26,4";"24,4";"87,0";"87,0";"74,0";"22,0";"22,1";"21,2";"1007,1";"1007,1";"1006,5";"2,4";"218,0";"7,8";"204,60";"0,0"
"14/03/2026";"2200";"24,0";"24,4";"23,9";"92,0";"92,0";"87,0";"22,7";"22,7";"22,1";"1007,8";"1007,9";"1007,1";"0,7";"113,0";"4,4";"";"1,6"
"14/03/2026";"2300";"24,1";"24,4";"24,0";"92,0";"92,0";"91,0";"22,7";"22,9";"22,7";"1008,5";"1008,5";"1007,8";"1,2";"232,0";"2,2";"";"0,0"
"15/03/2026";"0000";"24,0";"24,2";"24,0";"93,0";"93,0";"92,0";"22,8";"22,9";"22,7";"1009,1";"1009,3";"1008,5";"0,7";"313,0";"2,2";"";"0,0"
"15/03/2026";"0100";"23,7";"24,0";"23,7";"94,0";"94,0";"93,0";"22,6";"22,8";"22,5";"1009,0";"1009,3";"1009,0";"1,2";"248,0";"2,0";"";"0,0"
"15/03/2026";"0200";"23,2";"23,7";"23,2";"94,0";"94,0";"94,0";"22,2";"22,6";"22,2";"1008,9";"1009,0";"1008,8";"0,7";"23,0";"2,3";"";"0,0"
"15/03/2026";"0300";"23,2";"23,3";"23,0";"94,0";"94,0";"94,0";"22,3";"22,3";"22,1";"1009,1";"1009,3";"1008,9";"0,4";"2,0";"1,5";"";"0,0"
"15/03/2026";"0400";"23,1";"23,4";"23,1";"94,0";"94,0";"94,0";"22,1";"22,5";"22,1";"1008,4";"1009,1";"1008,4";"0,9";"285,0";"1,7";"";"0,0"
"15/03/2026";"0500";"23,0";"23,1";"22,7";"94,0";"94,0";"94,0";"22,1";"22,1";"21,7";"1008,1";"1008,4";"1008,1";"0,6";"258,0";"1,4";"";"0,0"
"15/03/2026";"0600";"22,4";"23,0";"22,3";"95,0";"95,0";"94,0";"21,5";"21,9";"21,3";"1007,8";"1008,1";"1007,7";"0,4";"296,0";"1,6";"";"0,0"
"15/03/2026";"0700";"22,2";"22,8";"22,2";"95,0";"95,0";"95,0";"21,3";"21,9";"21,3";"1007,7";"1007,9";"1007,7";"1,3";"225,0";"1,6";"";"0,2"
"15/03/2026";"0800";"21,9";"22,5";"21,8";"95,0";"95,0";"95,0";"21,1";"21,7";"20,9";"1008,4";"1008,4";"1007,7";"1,4";"317,0";"1,8";"";"0,0"
"15/03/2026";"0900";"21,7";"22,0";"21,7";"95,0";"95,0";"95,0";"20,9";"21,2";"20,9";"1008,7";"1008,7";"1008,4";"1,1";"328,0";"1,8";"2,80";"0,0"
"15/03/2026";"1000";"24,3";"24,3";"21,7";"95,0";"95,0";"95,0";"23,4";"23,4";"20,9";"1009,3";"1009,3";"1008,7";"0,5";"4,0";"1,6";"336,60";"0,0"
"15/03/2026";"1100";"26,7";"26,7";"24,3";"78,0";"95,0";"76,0";"22,5";"23,8";"21,7";"1009,8";"1009,8";"1009,3";"1,0";"117,0";"2,4";"1237,30";"0,0"
"15/03/2026";"1200";"27,8";"28,6";"26,3";"69,0";"78,0";"66,0";"21,6";"22,5";"21,1";"1010,3";"1010,3";"1009,8";"0,8";"185,0";"2,3";"2045,20";"0,0"
"15/03/2026";"1300";"28,4";"29,1";"27,1";"68,0";"73,0";"64,0";"21,9";"22,4";"20,9";"1010,2";"1010,3";"1010,2";"1,2";"22,0";"3,1";"2176,30";"0,0"
"15/03/2026";"1400";"28,7";"29,2";"27,9";"67,0";"71,0";"63,0";"22,0";"22,5";"20,7";"1009,9";"1010,2";"1009,9";"1,3";"286,0";"4,2";"2169,10";"0,0"
"15/03/2026";"1500";"29,7";"30,5";"28,7";"59,0";"68,0";"58,0";"20,7";"23,0";"20,6";"1009,0";"1009,9";"1009,0";"1,8";"22,0";"4,2";"2153,60";"0,0"
"15/03/2026";"1600";"31,6";"31,7";"29,7";"55,0";"62,0";"54,0";"21,6";"22,6";"20,5";"1008,3";"1009,0";"1008,3";"1,9";"34,0";"7,0";"3878,00";"0,0"
"15/03/2026";"1700";"30,7";"32,0";"30,2";"56,0";"59,0";"52,0";"20,9";"22,0";"20,4";"1007,5";"1008,3";"1007,5";"1,5";"31,0";"4,2";"2785,00";"0,0"
"15/03/2026";"1800";"31,9";"32,4";"30,2";"50,0";"58,0";"48,0";"20,0";"21,4";"19,7";"1006,6";"1007,5";"1006,6";"1,5";"23,0";"4,1";"2642,80";"0,0"
"15/03/2026";"1900";"30,8";"32,5";"30,8";"59,0";"59,0";"46,0";"21,7";"21,7";"19,1";"1006,8";"1006,8";"1006,5";"1,5";"94,0";"4,2";"1963,20";"0,0"
"15/03/2026";"2000";"28,0";"30,8";"28,0";"64,0";"66,0";"59,0";"20,6";"22,4";"20,5";"1007,4";"1007,4";"1006,8";"4,0";"82,0";"7,1";"960,60";"0,0"
"15/03/2026";"2100";"26,5";"28,0";"26,5";"71,0";"71,0";"63,0";"20,7";"20,8";"20,2";"1008,5";"1008,5";"1007,4";"3,1";"104,0";"7,5";"268,40";"0,0"
"15/03/2026";"2200";"24,9";"26,5";"24,9";"79,0";"79,0";"71,0";"21,1";"21,2";"20,7";"1009,9";"1009,9";"1008,5";"1,5";"75,0";"6,6";"";"0,0"
"15/03/2026";"2300";"24,6";"25,0";"24,6";"84,0";"84,0";"79,0";"21,7";"21,8";"21,1";"1010,8";"1010,8";"1009,9";"1,1";"62,0";"3,0";"";"0,0"
"16/03/2026";"0000";"24,0";"24,6";"23,9";"90,0";"90,0";"84,0";"22,3";"22,3";"21,7";"1011,5";"1011,5";"1010,8";"1,2";"31,0";"2,4";"";"0,0"
"16/03/2026";"0100";"23,4";"24,0";"23,4";"92,0";"92,0";"90,0";"22,0";"22,4";"22,0";"1011,4";"1011,6";"1011,4";"1,2";"26,0";"2,0";"";"0,0"
"16/03/2026";"0200";"23,2";"23,5";"23,1";"93,0";"93,0";"92,0";"22,0";"22,2";"21,8";"1011,2";"1011,5";"1011,2";"1,2";"333,0";"2,1";"";"0,0"
"16/03/2026";"0300";"22,9";"23,2";"22,7";"94,0";"94,0";"93,0";"21,9";"22,0";"21,6";"1010,8";"1011,2";"1010,8";"1,6";"318,0";"2,1";"";"0,0"
"16/03/2026";"0400";"23,1";"23,1";"22,6";"94,0";"94,0";"94,0";"22,2";"22,2";"21,6";"1010,6";"1010,9";"1010,6";"0,8";"245,0";"1,8";"";"0,0"
"16/03/2026";"0500";"22,9";"23,1";"22,6";"95,0";"95,0";"94,0";"22,0";"22,2";"21,7";"1010,3";"1010,6";"1010,3";"0,7";"256,0";"1,0";"";"0,0"
"16/03/2026";"0600";"22,9";"23,1";"22,6";"95,0";"95,0";"95,0";"22,0";"22,2";"21,7";"1010,0";"1010,3";"1009,9";"1,0";"201,0";"1,2";"";"0,0"
"16/03/2026";"0700";"22,6";"22,9";"22,6";"95,0";"95,0";"95,0";"21,8";"22,0";"21,8";"1009,8";"1010,0";"1009,8";"0,4";"224,0";"1,3";"";"0,0"
"16/03/2026";"0800";"22,6";"22,9";"22,5";"95,0";"95,0";"95,0";"21,8";"22,1";"21,6";"1009,9";"1009,9";"1009,7";"0,5";"255,0";"0,9";"";"0,0"
"16/03/2026";"0900";"22,2";"22,8";"22,0";"95,0";"95,0";"95,0";"21,4";"21,9";"21,2";"1010,4";"1010,4";"1009,9";"0,9";"342,0";"1,5";"5,30";"0,0"
"16/03/2026";"1000";"23,5";"23,5";"22,1";"95,0";"95,0";"95,0";"22,7";"22,7";"21,3";"1010,9";"1010,9";"1010,4";"1,3";"358,0";"2,0";"205,30";"0,0"
"16/03/2026";"1100";"25,8";"25,8";"23,5";"94,0";"95,0";"94,0";"24,7";"24,8";"22,7";"1011,7";"1011,7";"1010,9";"1,7";"31,0";"2,8";"1279,50";"0,0"
"16/03/2026";"1200";"27,8";"27,8";"25,5";"76,0";"94,0";"76,0";"23,3";"25,0";"23,1";"1011,7";"1011,8";"1011,6";"2,9";"4,0";"4,8";"1611,50";"0,0"
"16/03/2026";"1300";"29,2";"29,3";"27,7";"65,0";"77,0";"64,0";"21,9";"23,7";"21,7";"1011,7";"1011,8";"1011,6";"2,9";"17,0";"6,3";"2791,10";"0,0"
"16/03/2026";"1400";"30,5";"30,7";"29,1";"56,0";"65,0";"55,0";"20,8";"22,3";"20,5";"1011,3";"1011,7";"1011,3";"3,6";"29,0";"6,4";"3324,60";"0,0"
"16/03/2026";"1500";"31,3";"31,6";"30,5";"55,0";"58,0";"51,0";"21,1";"21,4";"19,9";"1010,6";"1011,3";"1010,6";"2,0";"41,0";"5,8";"3574,20";"0,0"
"16/03/2026";"1600";"32,8";"32,8";"30,9";"49,0";"56,0";"47,0";"20,6";"21,6";"19,4";"1009,9";"1010,6";"1009,9";"2,2";"20,0";"6,5";"3651,10";"0,0"
"16/03/2026";"1700";"31,2";"33,0";"29,8";"55,0";"60,0";"44,0";"21,2";"22,4";"18,5";"1009,2";"1009,9";"1009,2";"3,4";"77,0";"7,1";"3076,30";"0,0"
"16/03/2026";"1800";"29,7";"31,2";"29,6";"51,0";"56,0";"51,0";"18,6";"20,8";"18,5";"1008,9";"1009,2";"1008,8";"4,4";"84,0";"8,2";"2766,80";"0,0"
"16/03/2026";"1900";"29,0";"29,9";"29,0";"52,0";"53,0";"47,0";"18,1";"19,1";"16,9";"1008,8";"1009,0";"1008,8";"4,3";"77,0";"8,2";"2021,00";"0,0"
"16/03/2026";"2000";"27,8";"29,1";"27,8";"59,0";"59,0";"48,0";"19,1";"19,1";"16,7";"1009,1";"1009,1";"1008,8";"4,0";"83,0";"7,6";"1131,30";"0,0"
"16/03/2026";"2100";"26,2";"27,8";"26,2";"77,0";"77,0";"59,0";"21,7";"21,7";"19,0";"1009,7";"1009,7";"1009,0";"3,1";"84,0";"7,5";"254,60";"0,0"
"16/03/2026";"2200";"24,4";"26,2";"24,4";"86,0";"86,0";"76,0";"22,0";"22,1";"21,7";"1010,5";"1010,5";"1009,7";"1,7";"56,0";"6,1";"";"0,0"
"16/03/2026";"2300";"23,6";"24,4";"23,5";"90,0";"90,0";"86,0";"21,9";"22,1";"21,7";"1011,2";"1011,2";"1010,5";"1,2";"72,0";"2,6";"";"0,0"
"17/03/2026";"0000";"23,1";"23,6";"23,1";"90,0";"91,0";"89,0";"21,2";"22,0";"21,2";"1012,0";"1012,0";"1011,2";"0,9";"39,0";"2,6";"";"0,0"
"17/03/2026";"0100";"23,2";"23,3";"22,7";"92,0";"92,0";"90,0";"21,8";"21,9";"21,1";"1012,5";"1012,5";"1012,0";"0,3";"241,0";"1,4";"";"0,0"
"17/03/2026";"0200";"22,8";"23,4";"22,7";"93,0";"93,0";"91,0";"21,5";"22,0";"21,5";"1012,2";"1012,5";"1012,2";"0,6";"250,0";"1,4";"";"0,0"
"17/03/2026";"0300";"22,6";"22,9";"22,4";"94,0";"94,0";"93,0";"21,6";"21,7";"21,3";"1012,1";"1012,2";"1012,0";"1,0";"235,0";"1,6";"";"0,0"
"17/03/2026";"0400";"22,5";"22,6";"22,1";"95,0";"95,0";"94,0";"21,6";"21,7";"21,1";"1011,9";"1012,1";"1011,9";"0,9";"248,0";"1,7";"";"0,0"
"17/03/2026";"0500";"22,2";"22,6";"22,2";"95,0";"95,0";"95,0";"21,3";"21,7";"21,3";"1010,9";"1011,9";"1010,9";"1,0";"203,0";"1,3";"";"0,0"
"17/03/2026";"0600";"21,9";"22,3";"21,9";"95,0";"95,0";"95,0";"21,1";"21,4";"21,0";"1010,6";"1010,9";"1010,6";"1,2";"251,0";"1,8";"";"0,0"
"17/03/2026";"0700";"21,6";"22,0";"21,5";"95,0";"95,0";"95,0";"20,8";"21,2";"20,7";"1010,1";"1010,6";"1010,1";"1,2";"299,0";"2,0";"";"0,0"
"17/03/2026";"0800";"21,3";"21,6";"21,3";"95,0";"95,0";"95,0";"20,5";"20,8";"20,5";"1010,5";"1010,5";"1010,1";"1,3";"287,0";"1,6";"";"0,2"
"17/03/2026";"0900";"21,1";"21,4";"20,9";"95,0";"95,0";"95,0";"20,3";"20,6";"20,1";"1011,0";"1011,0";"1010,5";"1,3";"273,0";"2,0";"6,00";"0,0"
"17/03/2026";"1000";"23,3";"23,3";"21,1";"95,0";"95,0";"95,0";"22,4";"22,4";"20,3";"1011,9";"1011,9";"1011,0";"0,5";"244,0";"2,0";"381,40";"0,0"
"17/03/2026";"1100";"26,2";"26,3";"23,3";"81,0";"95,0";"81,0";"22,7";"23,7";"22,6";"1012,5";"1012,5";"1011,9";"0,8";"335,0";"1,9";"1240,20";"0,0"
"17/03/2026";"1200";"27,2";"27,7";"26,1";"69,0";"81,0";"69,0";"21,1";"22,8";"21,1";"1012,7";"1012,7";"1012,5";"2,4";"38,0";"4,4";"1895,20";"0,0"
"17/03/2026";"1300";"29,4";"29,4";"27,2";"61,0";"70,0";"61,0";"21,2";"21,8";"20,4";"1012,6";"1012,8";"1012,6";"1,7";"17,0";"4,5";"2328,40";"0,0"
"17/03/2026";"1400";"30,1";"30,3";"28,9";"56,0";"62,0";"52,0";"20,5";"21,2";"19,0";"1011,5";"1012,6";"1011,5";"2,6";"49,0";"5,6";"3285,50";"0,0"
"17/03/2026";"1500";"31,6";"31,7";"30,1";"48,0";"57,0";"45,0";"19,4";"20,8";"17,8";"1010,9";"1011,5";"1010,9";"2,1";"16,0";"5,6";"3601,80";"0,0"
"17/03/2026";"1600";"30,8";"31,7";"30,0";"55,0";"58,0";"45,0";"20,7";"21,6";"18,1";"1010,0";"1010,9";"1010,0";"2,6";"73,0";"6,5";"3350,80";"0,0"
"17/03/2026";"1700";"30,8";"31,5";"30,1";"58,0";"59,0";"53,0";"21,6";"22,3";"20,2";"1009,2";"1010,0";"1009,2";"3,3";"82,0";"5,7";"3294,10";"0,0"
"17/03/2026";"1800";"30,1";"30,9";"29,9";"59,0";"61,0";"56,0";"21,2";"22,2";"20,8";"1008,8";"1009,2";"1008,8";"3,0";"82,0";"6,9";"2766,10";"0,0"
"17/03/2026";"1900";"29,1";"30,4";"29,0";"59,0";"61,0";"56,0";"20,3";"21,6";"19,8";"1008,4";"1008,8";"1008,4";"4,3";"79,0";"7,5";"1977,70";"0,0"
"17/03/2026";"2000";"28,0";"29,1";"28,0";"61,0";"61,0";"56,0";"19,7";"20,0";"19,0";"1008,5";"1008,6";"1008,4";"3,7";"79,0";"7,8";"1125,20";"0,0"
"17/03/2026";"2100";"25,5";"28,0";"25,5";"72,0";"72,0";"60,0";"20,2";"20,2";"19,2";"1009,1";"1009,1";"1008,5";"2,2";"62,0";"6,9";"232,70";"0,0"
"17/03/2026";"2200";"24,2";"25,5";"24,2";"84,0";"84,0";"72,0";"21,3";"21,3";"20,2";"1009,8";"1009,8";"1009,1";"1,3";"73,0";"4,3";"";"0,0"
"17/03/2026";"2300";"24,0";"24,4";"24,0";"86,0";"86,0";"84,0";"21,4";"21,5";"21,1";"1010,8";"1010,8";"1009,8";"1,5";"73,0";"2,1";"";"0,0"
"18/03/2026";"0000";"23,6";"24,0";"23,5";"90,0";"90,0";"86,0";"21,8";"21,9";"21,3";"1011,3";"1011,3";"1010,8";"0,7";"108,0";"2,2";"";"0,0"
"18/03/2026";"0100";"23,6";"24,1";"23,3";"89,0";"90,0";"88,0";"21,7";"22,2";"21,4";"1011,4";"1011,4";"1011,2";"0,5";"76,0";"2,0";"";"0,0"
"18/03/2026";"0200";"22,5";"23,6";"22,5";"93,0";"93,0";"89,0";"21,2";"22,0";"21,1";"1011,3";"1011,4";"1011,2";"1,2";"282,0";"1,7";"";"0,0"
"18/03/2026";"0300";"22,5";"22,5";"22,3";"94,0";"94,0";"92,0";"21,4";"21,4";"21,1";"1011,2";"1011,4";"1011,2";"1,2";"243,0";"1,9";"";"0,0"
"18/03/2026";"0400";"22,2";"22,5";"22,1";"94,0";"94,0";"94,0";"21,3";"21,4";"21,2";"1010,5";"1011,2";"1010,5";"1,4";"221,0";"2,0";"";"0,0"
"18/03/2026";"0500";"22,4";"22,5";"22,2";"94,0";"94,0";"94,0";"21,4";"21,5";"21,2";"1009,6";"1010,5";"1009,6";"1,4";"234,0";"1,8";"";"0,0"
"18/03/2026";"0600";"22,4";"22,5";"22,1";"95,0";"95,0";"94,0";"21,5";"21,5";"21,2";"1009,1";"1009,6";"1009,1";"1,0";"253,0";"1,9";"";"0,0"
"18/03/2026";"0700";"21,8";"22,4";"21,8";"95,0";"95,0";"95,0";"20,9";"21,5";"20,9";"1009,1";"1009,1";"1008,9";"1,0";"239,0";"1,7";"";"0,0"
"18/03/2026";"0800";"21,5";"21,8";"21,5";"95,0";"95,0";"95,0";"20,6";"20,9";"20,6";"1009,5";"1009,5";"1009,1";"1,0";"240,0";"2,1";"";"0,0"
"18/03/2026";"0900";"20,9";"21,5";"20,9";"95,0";"95,0";"95,0";"20,1";"20,7";"20,1";"1010,3";"1010,3";"1009,5";"1,3";"282,0";"2,4";"7,50";"0,0"
"18/03/2026";"1000";"22,9";"22,9";"20,9";"94,0";"95,0";"94,0";"22,0";"22,0";"20,1";"1010,5";"1010,5";"1010,3";"1,5";"313,0";"2,1";"372,10";"0,0"
"18/03/2026";"1100";"25,8";"25,8";"22,8";"83,0";"94,0";"83,0";"22,7";"23,0";"21,8";"1011,2";"1011,2";"1010,5";"1,6";"275,0";"2,8";"1239,20";"0,0"
"18/03/2026";"1200";"27,5";"27,9";"25,8";"69,0";"83,0";"69,0";"21,4";"23,0";"21,3";"1011,1";"1011,3";"1011,1";"1,9";"16,0";"3,8";"2040,10";"0,0"
"18/03/2026";"1300";"29,3";"29,8";"27,4";"64,0";"72,0";"61,0";"21,7";"22,9";"21,1";"1010,6";"1011,1";"1010,6";"2,3";"12,0";"4,1";"2259,00";"0,0"
"18/03/2026";"1400";"30,3";"30,3";"29,1";"60,0";"65,0";"59,0";"21,8";"22,4";"21,0";"1009,9";"1010,6";"1009,9";"2,5";"13,0";"5,1";"3041,60";"0,0"
"18/03/2026";"1500";"30,6";"31,0";"29,5";"59,0";"63,0";"58,0";"21,8";"22,3";"20,7";"1009,0";"1009,9";"1009,0";"2,4";"14,0";"5,0";"2472,50";"0,0"
"18/03/2026";"1600";"31,5";"31,7";"30,4";"58,0";"60,0";"55,0";"22,1";"22,7";"21,0";"1008,0";"1009,0";"1008,0";"2,4";"6,0";"5,7";"3225,10";"0,0"
"18/03/2026";"1700";"32,1";"32,3";"31,0";"54,0";"57,0";"52,0";"21,5";"22,2";"20,9";"1006,7";"1008,0";"1006,7";"2,0";"347,0";"5,0";"3215,10";"0,0"
"18/03/2026";"1800";"32,0";"32,6";"31,3";"53,0";"58,0";"51,0";"21,1";"22,3";"20,7";"1006,0";"1006,7";"1006,0";"1,5";"87,0";"4,7";"2629,10";"0,0"
"18/03/2026";"1900";"29,2";"32,1";"29,0";"69,0";"69,0";"53,0";"22,9";"23,3";"21,0";"1005,6";"1006,0";"1005,6";"3,3";"62,0";"6,9";"1133,90";"0,0"
"18/03/2026";"2000";"27,4";"29,2";"27,4";"74,0";"74,0";"68,0";"22,3";"22,9";"22,1";"1005,8";"1006,0";"1005,6";"4,7";"80,0";"7,8";"503,20";"0,0"
"18/03/2026";"2100";"26,4";"27,4";"26,4";"77,0";"77,0";"74,0";"22,2";"22,5";"22,1";"1006,4";"1006,4";"1005,8";"3,8";"81,0";"8,0";"83,50";"0,0"
"18/03/2026";"2200";"26,1";"26,4";"26,1";"82,0";"82,0";"78,0";"22,8";"22,8";"22,2";"1007,4";"1007,4";"1006,4";"1,6";"89,0";"7,5";"";"0,0"
"18/03/2026";"2300";"26,2";"26,3";"26,1";"81,0";"82,0";"81,0";"22,7";"22,9";"22,7";"1008,0";"1008,1";"1007,4";"1,3";"103,0";"4,5";"";"0,0"
"19/03/2026";"0000";"26,1";"26,2";"26,1";"83,0";"83,0";"81,0";"22,9";"22,9";"22,7";"1008,6";"1008,6";"1008,0";"1,6";"82,0";"3,8";"";"0,0"
"19/03/2026";"0100";"26,1";"26,2";"26,0";"82,0";"83,0";"82,0";"22,9";"23,0";"22,9";"1008,8";"1008,9";"1008,6";"1,2";"151,0";"2,8";"";"0,0"
"19/03/2026";"0200";"26,0";"26,2";"26,0";"83,0";"83,0";"82,0";"22,8";"22,9";"22,8";"1008,6";"1008,8";"1008,6";"1,2";"100,0";"2,4";"";"0,0"
"19/03/2026";"0300";"25,7";"26,1";"25,5";"84,0";"85,0";"82,0";"22,9";"22,9";"22,7";"1008,2";"1008,7";"1008,2";"1,1";"140,0";"2,4";"";"0,0"
"19/03/2026";"0400";"25,5";"25,8";"25,4";"86,0";"86,0";"84,0";"22,9";"22,9";"22,7";"1007,5";"1008,2";"1007,5";"1,2";"101,0";"2,9";"";"0,0"
"19/03/2026";"0500";"24,6";"25,6";"24,5";"91,0";"91,0";"85,0";"22,9";"22,9";"22,6";"1007,1";"1007,6";"1007,1";"0,5";"336,0";"2,7";"";"0,0"
"19/03/2026";"0600";"24,3";"24,6";"24,2";"93,0";"93,0";"91,0";"23,0";"23,0";"22,7";"1006,6";"1007,1";"1006,6";"1,1";"277,0";"1,8";"";"0,0"
"19/03/2026";"0700";"23,9";"24,4";"23,9";"93,0";"93,0";"93,0";"22,7";"23,2";"22,7";"1006,9";"1006,9";"1006,5";"1,2";"314,0";"2,1";"";"0,0"
"19/03/2026";"0800";"23,8";"24,0";"23,8";"93,0";"93,0";"93,0";"22,7";"22,9";"22,6";"1006,9";"1006,9";"1006,7";"0,5";"166,0";"2,1";"";"0,0"
"19/03/2026";"0900";"23,7";"23,9";"23,6";"94,0";"94,0";"93,0";"22,7";"22,7";"22,5";"1006,9";"1007,1";"1006,9";"0,7";"252,0";"1,4";"4,60";"0,0"
"19/03/2026";"1000";"25,5";"25,5";"23,7";"92,0";"94,0";"92,0";"24,1";"24,1";"22,6";"1007,3";"1007,4";"1006,9";"0,4";"173,0";"1,9";"348,70";"0,0"
"19/03/2026";"1100";"27,2";"27,6";"25,5";"80,0";"92,0";"79,0";"23,5";"24,9";"23,3";"1007,8";"1007,8";"1007,3";"1,7";"5,0";"3,5";"903,40";"0,0"
"19/03/2026";"1200";"29,2";"29,2";"27,2";"74,0";"81,0";"71,0";"24,1";"24,3";"22,7";"1007,7";"1007,9";"1007,7";"1,7";"30,0";"3,8";"1653,00";"0,0"
"19/03/2026";"1300";"29,3";"29,6";"28,3";"71,0";"76,0";"69,0";"23,4";"24,2";"22,9";"1007,6";"1007,7";"1007,6";"1,7";"27,0";"4,5";"1533,10";"0,0"
"19/03/2026";"1400";"30,1";"30,1";"28,8";"65,0";"72,0";"65,0";"22,9";"23,9";"22,8";"1007,3";"1007,6";"1007,3";"2,3";"11,0";"3,6";"1371,40";"0,0"
"19/03/2026";"1500";"30,5";"31,1";"29,9";"63,0";"67,0";"62,0";"22,7";"23,7";"21,9";"1006,4";"1007,3";"1006,4";"1,7";"357,0";"4,6";"2196,50";"0,0"
"19/03/2026";"1600";"30,9";"31,5";"30,4";"62,0";"65,0";"60,0";"22,7";"23,5";"22,3";"1005,3";"1006,4";"1005,3";"1,1";"78,0";"4,6";"2104,00";"0,0"
"19/03/2026";"1700";"31,4";"32,1";"30,7";"61,0";"65,0";"58,0";"22,9";"24,0";"22,5";"1004,4";"1005,3";"1004,4";"2,6";"360,0";"4,7";"1640,30";"0,0"
"19/03/2026";"1800";"28,6";"31,7";"28,6";"73,0";"73,0";"60,0";"23,3";"23,7";"22,6";"1004,1";"1004,4";"1004,0";"2,8";"64,0";"6,4";"965,10";"0,0"
"19/03/2026";"1900";"25,4";"28,6";"24,6";"89,0";"92,0";"73,0";"23,4";"23,9";"22,6";"1004,2";"1004,2";"1003,9";"3,1";"55,0";"7,9";"210,90";"7,6"
"19/03/2026";"2000";"25,3";"25,9";"25,1";"89,0";"91,0";"86,0";"23,3";"24,4";"22,6";"1004,4";"1004,6";"1004,2";"2,4";"63,0";"7,3";"179,10";"0,2"
"19/03/2026";"2100";"25,5";"25,6";"25,3";"86,0";"90,0";"86,0";"23,0";"23,8";"22,9";"1005,0";"1005,0";"1004,4";"1,6";"154,0";"4,3";"44,60";"0,0"
"19/03/2026";"2200";"25,0";"25,6";"24,8";"90,0";"90,0";"86,0";"23,3";"23,4";"22,9";"1005,8";"1005,8";"1005,0";"0,5";"1,0";"3,0";"";"0,0"
"19/03/2026";"2300";"23,7";"25,0";"23,7";"92,0";"92,0";"90,0";"22,3";"23,5";"22,3";"1006,4";"1006,4";"1005,8";"2,5";"234,0";"3,8";"";"0,2"
"20/03/2026";"0000";"23,2";"23,7";"23,1";"91,0";"92,0";"91,0";"21,7";"22,2";"21,7";"1006,6";"1006,6";"1006,4";"1,3";"199,0";"3,8";"";"0,0"
"20/03/2026";"0100";"23,5";"23,5";"23,1";"89,0";"92,0";"89,0";"21,7";"21,8";"21,6";"1007,0";"1007,0";"1006,6";"0,8";"158,0";"3,4";"";"0,0"
"20/03/2026";"0200";"23,4";"23,6";"23,2";"89,0";"89,0";"87,0";"21,4";"21,6";"21,2";"1007,6";"1007,6";"1007,0";"0,7";"200,0";"2,6";"";"0,0"
"20/03/2026";"0300";"23,1";"23,4";"23,1";"91,0";"91,0";"89,0";"21,6";"21,7";"21,4";"1007,2";"1007,6";"1007,2";"1,2";"232,0";"2,1";"";"0,0"
"20/03/2026";"0400";"22,8";"23,1";"22,8";"92,0";"92,0";"91,0";"21,4";"21,7";"21,4";"1007,0";"1007,2";"1006,8";"1,4";"237,0";"3,4";"";"0,0"
"20/03/2026";"0500";"22,6";"22,8";"22,6";"93,0";"93,0";"92,0";"21,4";"21,4";"21,3";"1006,5";"1007,0";"1006,5";"1,1";"267,0";"2,5";"";"0,0"
"20/03/2026";"0600";"22,7";"22,8";"22,6";"94,0";"94,0";"93,0";"21,6";"21,6";"21,4";"1005,9";"1006,5";"1005,9";"1,1";"238,0";"2,4";"";"0,0"
"20/03/2026";"0700";"22,8";"22,9";"22,7";"94,0";"94,0";"93,0";"21,7";"21,8";"21,6";"1005,7";"1005,9";"1005,7";"1,1";"345,0";"1,9";"";"0,2"
"20/03/2026";"0800";"22,9";"22,9";"22,7";"94,0";"94,0";"94,0";"21,9";"21,9";"21,6";"1006,0";"1006,0";"1005,6";"1,1";"328,0";"2,1";"";"0,6"
"20/03/2026";"0900";"23,1";"23,2";"22,9";"94,0";"94,0";"94,0";"22,1";"22,2";"21,9";"1007,0";"1007,0";"1006,0";"2,0";"332,0";"3,8";"0,20";"0,6"
"20/03/2026";"1000";"23,2";"23,2";"23,1";"94,0";"94,0";"94,0";"22,2";"22,2";"22,1";"1007,6";"1007,6";"1007,0";"1,8";"354,0";"3,7";"71,70";"0,8"
"20/03/2026";"1100";"23,4";"23,4";"23,2";"94,0";"94,0";"94,0";"22,4";"22,4";"22,2";"1008,3";"1008,3";"1007,6";"0,9";"320,0";"3,1";"180,80";"1,6"
"20/03/2026";"1200";"23,4";"23,4";"23,2";"94,0";"94,0";"94,0";"22,4";"22,4";"22,2";"1008,6";"1008,6";"1008,3";"0,9";"27,0";"2,8";"154,30";"2,6"
"20/03/2026";"1300";"24,0";"24,0";"23,4";"93,0";"94,0";"93,0";"22,9";"22,9";"22,4";"1008,4";"1008,6";"1008,4";"1,1";"46,0";"2,2";"493,00";"1,6"
"20/03/2026";"1400";"25,4";"25,4";"24,0";"89,0";"93,0";"88,0";"23,5";"23,5";"22,8";"1008,3";"1008,4";"1008,2";"1,4";"21,0";"2,7";"1017,90";"0,0"
"20/03/2026";"1500";"26,3";"26,3";"25,4";"84,0";"89,0";"81,0";"23,4";"23,6";"22,6";"1007,8";"1008,3";"1007,8";"1,4";"19,0";"3,4";"1318,10";"0,0"
"20/03/2026";"1600";"26,2";"26,5";"25,5";"86,0";"88,0";"82,0";"23,7";"23,7";"22,7";"1007,0";"1007,8";"1007,0";"2,3";"74,0";"3,7";"1119,00";"0,4"
"20/03/2026";"1700";"26,4";"26,8";"26,2";"84,0";"86,0";"82,0";"23,4";"23,8";"23,0";"1005,9";"1007,0";"1005,9";"2,9";"89,0";"5,4";"1565,80";"0,0"
"20/03/2026";"1800";"26,5";"26,5";"26,1";"83,0";"84,0";"81,0";"23,5";"23,5";"22,8";"1005,6";"1006,0";"1005,6";"2,8";"92,0";"5,1";"748,40";"0,0"
"20/03/2026";"1900";"26,0";"26,6";"26,0";"83,0";"84,0";"81,0";"23,0";"23,5";"22,7";"1005,3";"1005,7";"1005,2";"3,5";"99,0";"6,8";"565,50";"0,0"
"20/03/2026";"2000";"25,0";"26,0";"25,0";"92,0";"92,0";"83,0";"23,5";"23,5";"22,9";"1005,5";"1005,6";"1005,0";"2,3";"105,0";"7,2";"184,20";"2,2"
"20/03/2026";"2100";"23,5";"25,0";"23,5";"94,0";"94,0";"92,0";"22,4";"23,6";"22,4";"1006,1";"1006,5";"1005,4";"4,8";"141,0";"9,2";"14,00";"27,4"
"20/03/2026";"2200";"23,8";"23,8";"23,0";"95,0";"95,0";"94,0";"22,9";"22,9";"22,0";"1006,8";"1006,8";"1005,8";"1,9";"163,0";"9,2";"0,20";"18,2"
"20/03/2026";"2300";"23,4";"23,8";"23,3";"95,0";"95,0";"94,0";"22,4";"22,9";"22,4";"1008,0";"1008,0";"1006,7";"1,5";"309,0";"4,4";"";"0,6"
"21/03/2026";"0000";"23,1";"23,4";"23,1";"95,0";"95,0";"95,0";"22,2";"22,5";"22,2";"1007,8";"1008,3";"1007,7";"1,1";"293,0";"3,3";"";"2,6"
"21/03/2026";"0100";"22,6";"23,1";"22,6";"95,0";"95,0";"95,0";"21,8";"22,2";"21,8";"1008,7";"1008,7";"1007,8";"1,4";"335,0";"3,1";"";"1,8"
"21/03/2026";"0200";"22,7";"22,7";"22,6";"95,0";"95,0";"95,0";"21,8";"21,8";"21,7";"1008,4";"1008,7";"1008,2";"1,9";"240,0";"3,4";"";"0,2"
"21/03/2026";"0300";"23,0";"23,1";"22,7";"95,0";"95,0";"95,0";"22,2";"22,2";"21,8";"1008,3";"1008,4";"1008,1";"1,2";"239,0";"4,4";"";"0,0"
"21/03/2026";"0400";"23,0";"23,0";"22,9";"95,0";"95,0";"95,0";"22,1";"22,2";"22,0";"1008,0";"1008,4";"1008,0";"2,3";"219,0";"3,8";"";"0,0"
"21/03/2026";"0500";"22,6";"23,0";"22,5";"95,0";"95,0";"95,0";"21,7";"22,1";"21,7";"1007,4";"1008,0";"1007,4";"1,0";"241,0";"3,8";"";"0,0"
"21/03/2026";"0600";"22,5";"22,7";"22,5";"95,0";"95,0";"95,0";"21,7";"21,8";"21,7";"1006,9";"1007,4";"1006,9";"1,2";"307,0";"2,8";"";"0,0"
"21/03/2026";"0700";"22,1";"22,5";"22,1";"95,0";"95,0";"95,0";"21,3";"21,7";"21,3";"1007,0";"1007,0";"1006,7";"1,2";"249,0";"2,7";"";"0,0"
"21/03/2026";"0800";"22,0";"22,1";"21,6";"95,0";"95,0";"95,0";"21,2";"21,3";"20,8";"1007,2";"1007,2";"1006,9";"1,5";"69,0";"2,3";"";"0,0"
"21/03/2026";"0900";"21,7";"22,0";"21,5";"95,0";"95,0";"95,0";"20,9";"21,2";"20,7";"1007,6";"1007,6";"1007,2";"1,4";"313,0";"2,0";"2,00";"0,0"
"21/03/2026";"1000";"23,2";"23,2";"21,7";"95,0";"95,0";"95,0";"22,4";"22,4";"21,0";"1007,9";"1007,9";"1007,6";"0,6";"280,0";"1,8";"288,10";"0,0"
"21/03/2026";"1100";"25,0";"25,0";"23,2";"91,0";"95,0";"91,0";"23,5";"23,7";"22,3";"1008,8";"1008,8";"1007,9";"1,7";"226,0";"4,3";"741,60";"0,0"
"21/03/2026";"1200";"26,5";"26,6";"24,9";"83,0";"91,0";"83,0";"23,3";"23,8";"23,0";"1009,4";"1009,4";"1008,7";"3,1";"227,0";"5,7";"1540,30";"0,0"
"21/03/2026";"1300";"26,4";"26,8";"25,4";"82,0";"85,0";"80,0";"23,2";"23,5";"22,4";"1009,8";"1009,8";"1009,4";"3,5";"201,0";"7,8";"1591,10";"0,0"
"21/03/2026";"1400";"24,8";"26,4";"24,4";"91,0";"92,0";"81,0";"23,2";"23,4";"22,3";"1010,0";"1010,0";"1009,8";"3,0";"204,0";"7,9";"1377,30";"0,6"
"21/03/2026";"1500";"26,5";"26,6";"24,8";"81,0";"92,0";"81,0";"23,1";"23,7";"22,8";"1009,4";"1010,0";"1009,4";"1,2";"174,0";"6,2";"1583,70";"0,0"
"21/03/2026";"1600";"27,3";"28,1";"26,5";"78,0";"83,0";"73,0";"23,1";"23,8";"22,5";"1008,8";"1009,4";"1008,8";"3,4";"214,0";"7,2";"1837,20";"0,0"
"21/03/2026";"1700";"28,0";"28,4";"26,9";"73,0";"80,0";"73,0";"22,7";"23,5";"22,7";"1008,4";"1008,9";"1008,4";"2,6";"204,0";"7,0";"1616,10";"0,0"
"21/03/2026";"1800";"29,1";"29,1";"27,6";"71,0";"76,0";"70,0";"23,3";"23,5";"22,1";"1008,5";"1008,5";"1008,3";"2,5";"174,0";"6,9";"2213,50";"0,0"
"21/03/2026";"1900";"26,5";"29,1";"26,3";"77,0";"78,0";"69,0";"22,2";"23,3";"21,9";"1008,8";"1008,9";"1008,5";"3,8";"149,0";"8,3";"1474,40";"0,0"
"21/03/2026";"2000";"26,2";"27,1";"26,2";"77,0";"78,0";"74,0";"21,8";"22,5";"21,8";"1008,8";"1008,9";"1008,7";"3,5";"156,0";"7,3";"1057,80";"0,0"
"21/03/2026";"2100";"25,9";"26,4";"25,8";"79,0";"79,0";"75,0";"22,0";"22,2";"21,6";"1009,4";"1009,4";"1008,8";"2,1";"154,0";"6,7";"190,70";"0,0"
"21/03/2026";"2200";"24,8";"25,9";"24,8";"87,0";"87,0";"79,0";"22,5";"22,7";"22,0";"1009,9";"1009,9";"1009,4";"0,9";"175,0";"3,8";"";"0,0"
"21/03/2026";"2300";"24,4";"24,8";"23,8";"91,0";"92,0";"87,0";"22,8";"23,0";"22,3";"1010,8";"1010,8";"1009,9";"1,1";"179,0";"2,3";"";"0,0"
"22/03/2026";"0000";"23,5";"24,4";"23,5";"93,0";"93,0";"91,0";"22,3";"22,7";"22,3";"1011,5";"1011,5";"1010,8";"1,6";"227,0";"3,2";"";"0,0"
"22/03/2026";"0100";"23,1";"23,5";"23,1";"94,0";"94,0";"93,0";"22,1";"22,3";"22,0";"1011,5";"1011,6";"1011,5";"1,0";"223,0";"2,5";"";"0,0"
"22/03/2026";"0200";"22,7";"23,1";"22,6";"94,0";"94,0";"94,0";"21,8";"22,1";"21,6";"1011,2";"1011,5";"1011,2";"1,4";"232,0";"1,9";"";"0,0"
"22/03/2026";"0300";"22,7";"22,9";"22,4";"95,0";"95,0";"94,0";"21,8";"22,0";"21,5";"1010,8";"1011,2";"1010,8";"0,5";"256,0";"1,9";"";"0,0"
"22/03/2026";"0400";"22,7";"22,7";"22,1";"95,0";"95,0";"95,0";"21,8";"21,8";"21,2";"1010,3";"1010,8";"1010,3";"1,1";"231,0";"1,8";"";"0,0"
"22/03/2026";"0500";"22,0";"22,8";"22,0";"95,0";"95,0";"95,0";"21,1";"21,9";"21,1";"1010,0";"1010,3";"1009,9";"1,5";"275,0";"2,4";"";"0,0"
"22/03/2026";"0600";"21,7";"22,1";"21,7";"95,0";"95,0";"95,0";"20,9";"21,2";"20,9";"1009,7";"1010,0";"1009,6";"1,3";"297,0";"2,4";"";"0,0"
"22/03/2026";"0700";"21,5";"21,7";"21,4";"95,0";"95,0";"95,0";"20,7";"20,9";"20,6";"1009,5";"1009,7";"1009,4";"1,5";"313,0";"2,1";"";"0,0"
"22/03/2026";"0800";"21,1";"21,6";"21,1";"95,0";"95,0";"95,0";"20,4";"20,8";"20,4";"1009,7";"1009,7";"1009,4";"1,4";"295,0";"2,0";"";"0,0"
"22/03/2026";"0900";"21,3";"21,3";"20,8";"96,0";"96,0";"95,0";"20,5";"20,6";"20,1";"1010,1";"1010,1";"1009,6";"0,8";"299,0";"2,0";"3,40";"0,0"
"22/03/2026";"1000";"23,2";"23,2";"21,1";"95,0";"96,0";"95,0";"22,4";"22,4";"20,4";"1010,4";"1010,5";"1010,1";"0,9";"22,0";"1,8";"358,30";"0,0"
"22/03/2026";"1100";"25,4";"25,6";"23,2";"88,0";"95,0";"87,0";"23,2";"23,8";"22,4";"1010,7";"1010,7";"1010,4";"1,9";"314,0";"3,2";"1199,20";"0,2"
"22/03/2026";"1200";"27,8";"28,1";"25,5";"73,0";"88,0";"72,0";"22,6";"23,5";"22,5";"1011,0";"1011,0";"1010,7";"2,4";"352,0";"4,5";"2030,40";"0,0"
"22/03/2026";"1300";"29,6";"29,8";"27,7";"64,0";"74,0";"62,0";"22,1";"23,2";"21,3";"1010,7";"1011,0";"1010,7";"2,2";"7,0";"4,5";"2731,80";"0,0"
"22/03/2026";"1400";"30,7";"31,1";"29,6";"55,0";"65,0";"55,0";"20,7";"22,5";"20,7";"1010,5";"1010,7";"1010,5";"2,0";"30,0";"5,0";"3267,60";"0,0"
"22/03/2026";"1500";"31,6";"31,9";"30,5";"51,0";"59,0";"50,0";"20,4";"22,1";"19,9";"1010,0";"1010,5";"1010,0";"1,9";"26,0";"4,6";"3854,60";"0,0"
"22/03/2026";"1600";"29,5";"32,0";"28,7";"65,0";"67,0";"52,0";"22,2";"22,2";"19,7";"1009,1";"1010,0";"1009,1";"3,4";"81,0";"6,2";"1479,50";"0,0"
"22/03/2026";"1700";"28,8";"30,3";"28,8";"64,0";"65,0";"60,0";"21,3";"22,4";"21,0";"1008,5";"1009,1";"1008,5";"3,2";"81,0";"7,3";"2715,20";"0,0"
"22/03/2026";"1800";"27,1";"29,4";"27,1";"70,0";"70,0";"61,0";"21,1";"21,7";"20,6";"1008,4";"1008,5";"1008,3";"2,5";"89,0";"6,2";"938,40";"0,2"
"22/03/2026";"1900";"28,1";"28,4";"26,4";"61,0";"73,0";"60,0";"19,8";"22,3";"19,6";"1008,1";"1008,4";"1008,1";"3,1";"104,0";"6,5";"1970,80";"0,2"
"22/03/2026";"2000";"27,6";"28,3";"27,3";"61,0";"63,0";"54,0";"19,5";"20,0";"18,2";"1008,3";"1008,3";"1008,0";"2,3";"113,0";"6,2";"940,20";"0,0"
"22/03/2026";"2100";"26,2";"27,6";"26,2";"75,0";"75,0";"61,0";"21,5";"21,5";"19,5";"1009,0";"1009,0";"1008,2";"2,0";"113,0";"4,9";"179,00";"0,0"
"22/03/2026";"2200";"26,0";"26,3";"25,9";"78,0";"78,0";"75,0";"21,8";"21,8";"21,5";"1009,9";"1009,9";"1009,0";"1,9";"126,0";"4,5";"";"0,0"
"22/03/2026";"2300";"25,9";"26,0";"25,8";"77,0";"78,0";"77,0";"21,6";"21,8";"21,5";"1010,7";"1010,7";"1009,9";"1,6";"137,0";"4,3";"";"0,0"
"23/03/2026";"0000";"24,2";"25,9";"24,2";"89,0";"89,0";"77,0";"22,4";"22,4";"21,5";"1011,1";"1011,1";"1010,7";"1,9";"237,0";"3,1";"";"0,0"
"23/03/2026";"0100";"23,8";"24,2";"23,7";"93,0";"93,0";"89,0";"22,5";"22,5";"22,3";"1011,3";"1011,4";"1011,1";"0,7";"211,0";"3,2";"";"0,0"
"23/03/2026";"0200";"23,7";"24,0";"23,7";"92,0";"93,0";"92,0";"22,4";"22,7";"22,3";"1011,1";"1011,3";"1011,1";"2,8";"225,0";"4,1";"";"0,0"
"23/03/2026";"0300";"23,4";"23,7";"23,4";"92,0";"92,0";"92,0";"22,1";"22,3";"22,1";"1011,3";"1011,3";"1011,1";"1,9";"247,0";"4,1";"";"0,0"
"23/03/2026";"0400";"23,3";"23,4";"23,2";"93,0";"93,0";"92,0";"22,2";"22,2";"22,0";"1010,9";"1011,3";"1010,9";"0,6";"222,0";"3,1";"";"0,2"
"23/03/2026";"0500";"22,9";"23,4";"22,9";"93,0";"94,0";"93,0";"21,8";"22,3";"21,8";"1010,2";"1010,9";"1010,2";"0,5";"190,0";"3,8";"";"0,0"
"23/03/2026";"0600";"22,5";"23,0";"22,4";"94,0";"94,0";"93,0";"21,4";"21,9";"21,3";"1009,9";"1010,2";"1009,8";"0,7";"257,0";"3,1";"";"0,0"
"23/03/2026";"0700";"22,4";"22,5";"22,4";"94,0";"94,0";"94,0";"21,5";"21,5";"21,3";"1009,6";"1009,9";"1009,6";"1,2";"214,0";"2,3";"";"0,0"
"23/03/2026";"0800";"22,5";"22,5";"22,2";"94,0";"94,0";"94,0";"21,5";"21,5";"21,3";"1010,1";"1010,1";"1009,6";"1,4";"236,0";"2,2";"";"0,0"
"23/03/2026";"0900";"22,4";"22,5";"22,4";"94,0";"94,0";"94,0";"21,4";"21,6";"21,4";"1010,3";"1010,3";"1010,1";"0,3";"315,0";"2,2";"2,60";"0,0"
"23/03/2026";"1000";"23,3";"23,4";"22,3";"92,0";"94,0";"92,0";"22,0";"22,4";"21,3";"1011,0";"1011,0";"1010,3";"1,1";"236,0";"2,4";"204,50";"0,0"
"23/03/2026";"1100";"23,7";"23,8";"23,2";"92,0";"92,0";"91,0";"22,3";"22,3";"21,7";"1011,7";"1011,7";"1011,0";"1,7";"13,0";"3,6";"412,10";"0,6"
"23/03/2026";"1200";"25,7";"26,1";"23,7";"84,0";"92,0";"80,0";"22,7";"23,6";"21,7";"1011,8";"1011,9";"1011,7";"1,8";"345,0";"3,0";"1493,70";"0,0"
"23/03/2026";"1300";"26,8";"28,0";"25,6";"73,0";"83,0";"71,0";"21,5";"23,5";"21,5";"1011,6";"1012,0";"1011,6";"1,5";"136,0";"3,2";"2229,00";"0,0"
"23/03/2026";"1400";"25,8";"27,7";"24,8";"87,0";"87,0";"67,0";"23,4";"23,4";"20,8";"1011,2";"1011,6";"1011,2";"1,2";"176,0";"5,5";"1097,90";"0,0"
"23/03/2026";"1500";"23,7";"26,0";"23,7";"88,0";"89,0";"83,0";"21,6";"23,3";"21,5";"1010,6";"1011,2";"1010,6";"1,9";"134,0";"7,6";"862,20";"0,6"
"23/03/2026";"1600";"22,4";"23,9";"22,2";"94,0";"94,0";"88,0";"21,4";"21,9";"20,8";"1009,7";"1010,7";"1009,7";"3,0";"192,0";"7,1";"239,50";"18,0"
"23/03/2026";"1700";"25,3";"25,3";"22,3";"90,0";"94,0";"90,0";"23,6";"23,7";"21,3";"1009,0";"1009,7";"1009,0";"2,8";"135,0";"7,0";"792,70";"2,2"
"23/03/2026";"1800";"27,4";"27,4";"25,3";"77,0";"90,0";"76,0";"23,0";"24,2";"22,3";"1008,7";"1009,0";"1008,7";"3,4";"118,0";"7,1";"2864,20";"0,0"
"23/03/2026";"1900";"26,7";"27,6";"26,7";"76,0";"78,0";"72,0";"22,1";"23,0";"21,7";"1008,7";"1008,7";"1008,5";"2,9";"84,0";"7,6";"1283,70";"0,2"
"23/03/2026";"2000";"26,2";"26,7";"26,2";"79,0";"79,0";"75,0";"22,2";"22,3";"21,7";"1008,8";"1008,9";"1008,7";"2,3";"106,0";"5,8";"227,30";"0,0"
"23/03/2026";"2100";"22,3";"26,2";"22,3";"90,0";"90,0";"76,0";"20,6";"22,3";"19,2";"1009,6";"1009,6";"1008,6";"1,4";"201,0";"9,5";"50,90";"1,8"
"23/03/2026";"2200";"22,5";"22,5";"22,2";"93,0";"93,0";"90,0";"21,4";"21,4";"20,6";"1010,5";"1010,5";"1009,6";"1,9";"227,0";"3,7";"";"0,0"
"23/03/2026";"2300";"22,2";"22,5";"22,2";"94,0";"94,0";"93,0";"21,1";"21,4";"21,1";"1010,1";"1010,5";"1010,1";"2,6";"215,0";"4,9";"";"0,0"
"24/03/2026";"0000";"21,7";"22,7";"21,7";"93,0";"94,0";"92,0";"20,5";"21,4";"20,5";"1009,8";"1010,1";"1009,3";"1,3";"359,0";"4,6";"";"0,0"
"24/03/2026";"0100";"21,7";"21,9";"21,6";"94,0";"94,0";"93,0";"20,7";"20,8";"20,4";"1010,1";"1010,2";"1009,6";"1,4";"60,0";"2,3";"";"0,0"
"24/03/2026";"0200";"21,5";"21,7";"21,2";"95,0";"95,0";"94,0";"20,6";"20,6";"20,3";"1010,4";"1010,4";"1010,1";"0,8";"204,0";"2,9";"";"0,0"
"24/03/2026";"0300";"21,3";"21,5";"21,1";"95,0";"95,0";"94,0";"20,4";"20,6";"20,2";"1010,5";"1010,7";"1010,4";"0,3";"166,0";"2,1";"";"0,0"
"24/03/2026";"0400";"21,2";"21,6";"21,0";"95,0";"95,0";"95,0";"20,3";"20,7";"20,1";"1010,8";"1010,9";"1010,5";"0,9";"310,0";"2,7";"";"0,2"
"24/03/2026";"0500";"21,3";"21,5";"21,1";"95,0";"95,0";"95,0";"20,5";"20,7";"20,3";"1010,4";"1010,8";"1010,4";"1,4";"297,0";"2,0";"";"0,0"
"24/03/2026";"0600";"21,1";"21,3";"21,1";"95,0";"95,0";"95,0";"20,3";"20,5";"20,3";"1009,8";"1010,5";"1009,8";"1,2";"355,0";"2,1";"";"0,0"
"24/03/2026";"0700";"21,3";"21,3";"20,9";"95,0";"95,0";"95,0";"20,5";"20,6";"20,2";"1009,7";"1009,8";"1009,5";"1,8";"75,0";"2,5";"";"0,0"
"24/03/2026";"0800";"20,8";"21,3";"20,8";"95,0";"95,0";"95,0";"20,1";"20,5";"20,0";"1010,1";"1010,2";"1009,7";"0,5";"306,0";"2,8";"";"0,0"
"24/03/2026";"0900";"21,2";"21,3";"20,7";"95,0";"95,0";"95,0";"20,4";"20,6";"19,9";"1010,3";"1010,4";"1010,1";"1,6";"68,0";"3,7";"6,90";"0,0"
"24/03/2026";"1000";"22,0";"22,0";"21,2";"95,0";"95,0";"95,0";"21,2";"21,2";"20,5";"1010,7";"1010,8";"1010,3";"1,8";"81,0";"2,8";"211,10";"0,0"
"24/03/2026";"1100";"23,2";"23,8";"22,0";"92,0";"95,0";"92,0";"21,8";"22,7";"21,2";"1011,7";"1011,7";"1010,7";"2,0";"336,0";"3,9";"643,40";"0,0"
"24/03/2026";"1200";"25,5";"25,8";"23,2";"84,0";"93,0";"83,0";"22,5";"23,3";"22,0";"1012,0";"1012,0";"1011,7";"3,4";"12,0";"7,9";"1605,50";"0,0"
"24/03/2026";"1300";"28,6";"28,6";"25,4";"69,0";"83,0";"69,0";"22,3";"22,8";"22,0";"1011,8";"1012,3";"1011,8";"5,2";"29,0";"9,3";"1807,40";"0,0"
"24/03/2026";"1400";"29,4";"29,4";"27,1";"68,0";"74,0";"67,0";"22,9";"23,3";"21,5";"1011,7";"1011,8";"1011,6";"4,4";"41,0";"9,1";"2664,50";"0,0"
"24/03/2026";"1500";"30,1";"30,2";"28,0";"62,0";"71,0";"62,0";"22,1";"23,2";"21,8";"1010,8";"1011,7";"1010,8";"4,2";"28,0";"8,9";"3379,40";"0,0"
"24/03/2026";"1600";"29,9";"30,9";"29,1";"66,0";"68,0";"59,0";"22,9";"23,4";"21,7";"1009,8";"1010,8";"1009,8";"3,2";"69,0";"7,5";"3020,90";"0,0"
"24/03/2026";"1700";"29,3";"32,0";"28,5";"70,0";"72,0";"55,0";"23,3";"23,7";"21,0";"1009,1";"1009,8";"1009,1";"4,6";"68,0";"8,4";"2422,10";"0,0"
"24/03/2026";"1800";"29,7";"29,9";"28,8";"67,0";"71,0";"66,0";"22,8";"23,5";"22,4";"1008,5";"1009,1";"1008,4";"4,7";"71,0";"9,0";"2353,40";"0,0"
"24/03/2026";"1900";"28,3";"29,8";"27,9";"68,0";"68,0";"64,0";"21,8";"23,1";"21,1";"1008,5";"1008,6";"1008,4";"5,8";"57,0";"10,9";"1838,20";"0,0"
"24/03/2026";"2000";"27,0";"28,3";"27,0";"73,0";"73,0";"67,0";"21,7";"21,8";"21,4";"1008,8";"1008,8";"1008,4";"5,2";"55,0";"10,7";"1000,10";"0,0"
"24/03/2026";"2100";"25,5";"27,0";"25,5";"80,0";"80,0";"73,0";"21,7";"21,7";"21,4";"1009,8";"1009,8";"1008,8";"4,3";"61,0";"9,6";"93,60";"0,0"
"24/03/2026";"2200";"25,2";"25,5";"25,1";"83,0";"83,0";"80,0";"22,2";"22,2";"21,7";"1010,5";"1010,6";"1009,8";"3,3";"65,0";"8,8";"";"0,0"
"24/03/2026";"2300";"25,0";"25,2";"24,9";"87,0";"87,0";"83,0";"22,6";"22,7";"22,2";"1010,7";"1010,7";"1010,5";"3,4";"53,0";"7,8";"";"0,0"
"25/03/2026";"0000";"24,9";"25,0";"24,7";"88,0";"88,0";"87,0";"22,8";"22,8";"22,6";"1011,0";"1011,0";"1010,6";"3,4";"45,0";"7,8";"";"0,0"
"25/03/2026";"0100";"24,4";"24,9";"24,4";"89,0";"89,0";"88,0";"22,5";"22,7";"22,5";"1011,4";"1011,4";"1010,9";"2,4";"40,0";"7,1";"";"0,0"
"25/03/2026";"0200";"23,9";"24,4";"23,9";"90,0";"90,0";"89,0";"22,2";"22,5";"22,2";"1011,2";"1011,5";"1011,2";"2,2";"38,0";"4,1";"";"0,0"
"25/03/2026";"0300";"23,4";"23,9";"23,4";"92,0";"92,0";"90,0";"22,0";"22,2";"21,9";"1011,5";"1011,5";"1011,2";"1,6";"44,0";"3,9";"";"0,0"
"25/03/2026";"0400";"23,3";"23,5";"22,8";"93,0";"93,0";"92,0";"22,1";"22,1";"21,5";"1011,6";"1011,6";"1011,5";"2,0";"67,0";"3,1";"";"0,0"
"25/03/2026";"0500";"22,6";"23,3";"22,6";"93,0";"93,0";"93,0";"21,4";"22,1";"21,4";"1011,2";"1011,6";"1011,2";"1,4";"23,0";"3,7";"";"0,0"
"25/03/2026";"0600";"22,6";"22,6";"22,4";"94,0";"94,0";"93,0";"21,5";"21,5";"21,3";"1011,5";"1011,5";"1011,2";"1,8";"26,0";"3,1";"";"0,0"
"25/03/2026";"0700";"22,7";"23,0";"22,5";"92,0";"94,0";"91,0";"21,2";"21,7";"21,2";"1011,5";"1011,6";"1011,4";"2,0";"348,0";"3,8";"";"0,0"
"25/03/2026";"0800";"22,4";"22,8";"22,4";"92,0";"93,0";"92,0";"21,1";"21,6";"21,1";"1012,3";"1012,4";"1011,5";"2,0";"49,0";"3,8";"";"0,0"
"25/03/2026";"0900";"22,3";"22,4";"22,2";"94,0";"94,0";"92,0";"21,2";"21,3";"21,0";"1012,8";"1012,8";"1012,3";"2,1";"69,0";"3,5";"1,70";"0,0"
"25/03/2026";"1000";"24,5";"24,5";"22,2";"87,0";"94,0";"87,0";"22,2";"22,6";"21,2";"1013,4";"1013,4";"1012,8";"1,4";"32,0";"3,6";"307,00";"0,0"
"25/03/2026";"1100";"26,9";"26,9";"24,5";"76,0";"87,0";"76,0";"22,4";"22,7";"21,8";"1013,7";"1013,7";"1013,4";"2,8";"17,0";"4,6";"1155,20";"0,0"
"25/03/2026";"1200";"29,0";"29,2";"26,9";"63,0";"76,0";"62,0";"21,2";"22,4";"21,1";"1014,1";"1014,1";"1013,7";"3,5";"33,0";"5,5";"1983,40";"0,0"
"25/03/2026";"1300";"30,6";"30,7";"29,0";"57,0";"64,0";"56,0";"21,2";"22,2";"20,3";"1014,1";"1014,2";"1014,0";"3,1";"42,0";"6,1";"2670,70";"0,0"
"25/03/2026";"1400";"30,1";"30,9";"29,4";"62,0";"66,0";"56,0";"22,0";"22,6";"20,7";"1014,0";"1014,1";"1013,9";"4,1";"79,0";"8,0";"3119,50";"0,0"
"25/03/2026";"1500";"31,1";"31,4";"29,7";"55,0";"63,0";"53,0";"21,1";"22,1";"19,8";"1013,6";"1014,0";"1013,6";"4,2";"49,0";"8,9";"3115,50";"0,0"
"25/03/2026";"1600";"30,8";"31,4";"30,3";"55,0";"60,0";"55,0";"20,8";"22,0";"20,8";"1012,9";"1013,6";"1012,9";"4,9";"53,0";"9,4";"3335,30";"0,0"
"25/03/2026";"1700";"30,4";"31,1";"29,7";"57,0";"60,0";"55,0";"21,0";"21,6";"20,1";"1012,5";"1012,9";"1012,4";"5,0";"62,0";"9,4";"2979,90";"0,0"
"25/03/2026";"1800";"29,8";"30,6";"29,4";"59,0";"61,0";"56,0";"21,1";"21,5";"20,5";"1012,7";"1012,8";"1012,4";"5,6";"51,0";"10,6";"2644,00";"0,0"
"25/03/2026";"1900";"28,7";"29,8";"28,7";"64,0";"65,0";"59,0";"21,3";"21,6";"20,8";"1012,3";"1012,8";"1012,3";"5,9";"70,0";"11,3";"1874,00";"0,0"
"25/03/2026";"2000";"27,2";"28,7";"27,2";"71,0";"74,0";"64,0";"21,6";"22,1";"21,2";"1012,6";"1012,7";"1012,3";"5,1";"57,0";"10,5";"570,80";"0,0"
"25/03/2026";"2100";"25,8";"27,2";"25,8";"81,0";"81,0";"71,0";"22,4";"22,4";"21,5";"1013,1";"1013,1";"1012,6";"3,0";"54,0";"9,8";"96,30";"0,0"
"25/03/2026";"2200";"25,1";"25,9";"25,1";"88,0";"88,0";"81,0";"22,9";"22,9";"22,4";"1013,7";"1013,7";"1013,0";"2,4";"50,0";"6,1";"";"0,0"
"25/03/2026";"2300";"24,8";"25,1";"24,8";"90,0";"90,0";"88,0";"23,0";"23,1";"22,9";"1014,0";"1014,0";"1013,7";"2,6";"54,0";"5,4";"";"0,0"
"26/03/2026";"0000";"24,4";"24,9";"24,3";"90,0";"91,0";"89,0";"22,8";"23,1";"22,6";"1014,6";"1014,6";"1014,0";"2,6";"51,0";"5,2";"";"0,0"
"26/03/2026";"0100";"24,1";"24,4";"23,9";"91,0";"92,0";"90,0";"22,6";"22,7";"22,4";"1014,9";"1014,9";"1014,6";"2,2";"50,0";"4,5";"";"0,0"
"26/03/2026";"0200";"24,0";"24,2";"23,9";"91,0";"92,0";"91,0";"22,5";"22,7";"22,4";"1014,7";"1015,0";"1014,7";"2,5";"54,0";"4,2";"";"0,0"
"26/03/2026";"0300";"24,0";"24,1";"23,8";"91,0";"92,0";"91,0";"22,4";"22,5";"22,4";"1014,6";"1014,8";"1014,6";"2,9";"58,0";"4,9";"";"0,0"
"26/03/2026";"0400";"23,6";"24,1";"23,6";"91,0";"91,0";"90,0";"22,0";"22,4";"21,9";"1014,1";"1014,6";"1014,1";"2,2";"68,0";"5,0";"";"0,0"
"26/03/2026";"0500";"22,5";"23,6";"22,4";"93,0";"93,0";"91,0";"21,4";"22,0";"21,2";"1013,8";"1014,1";"1013,8";"1,7";"24,0";"3,6";"";"0,0"
"26/03/2026";"0600";"22,2";"22,9";"22,0";"93,0";"93,0";"92,0";"21,1";"21,7";"20,8";"1013,3";"1013,8";"1013,3";"1,0";"335,0";"3,2";"";"0,0"
"26/03/2026";"0700";"22,0";"22,2";"21,9";"94,0";"94,0";"93,0";"21,0";"21,2";"20,9";"1013,1";"1013,3";"1013,0";"1,1";"334,0";"1,8";"";"0,0"
"26/03/2026";"0800";"21,6";"22,0";"21,6";"94,0";"94,0";"94,0";"20,7";"21,0";"20,7";"1013,4";"1013,4";"1013,0";"1,5";"322,0";"1,9";"";"0,0"
"26/03/2026";"0900";"21,6";"21,8";"21,2";"95,0";"95,0";"94,0";"20,8";"20,8";"20,3";"1014,2";"1014,2";"1013,4";"1,2";"71,0";"1,9";"2,40";"0,0"
"26/03/2026";"1000";"24,6";"24,6";"21,6";"86,0";"95,0";"86,0";"22,1";"22,8";"20,7";"1014,7";"1014,7";"1014,2";"1,5";"41,0";"3,0";"344,10";"0,0"
"26/03/2026";"1100";"26,2";"26,2";"24,6";"75,0";"86,0";"75,0";"21,6";"22,3";"21,1";"1015,4";"1015,4";"1014,7";"2,0";"27,0";"3,2";"1159,10";"0,0"
"26/03/2026";"1200";"28,5";"28,6";"26,3";"68,0";"75,0";"66,0";"22,0";"22,6";"21,4";"1015,9";"1015,9";"1015,4";"2,3";"13,0";"3,7";"1984,30";"0,0"
"26/03/2026";"1300";"30,0";"30,1";"28,5";"61,0";"68,0";"58,0";"21,8";"22,5";"20,5";"1015,9";"1015,9";"1015,8";"3,3";"35,0";"6,5";"2610,60";"0,0"
"26/03/2026";"1400";"29,8";"31,3";"29,6";"57,0";"61,0";"53,0";"20,5";"22,0";"20,3";"1015,5";"1015,9";"1015,5";"3,6";"39,0";"7,6";"2693,70";"0,0"
"26/03/2026";"1500";"30,9";"31,9";"29,8";"60,0";"61,0";"53,0";"22,1";"22,7";"20,2";"1014,9";"1015,5";"1014,9";"3,3";"51,0";"7,6";"2981,50";"0,0"
"26/03/2026";"1600";"31,2";"32,2";"29,7";"56,0";"61,0";"54,0";"21,4";"23,0";"20,2";"1014,2";"1014,9";"1014,2";"4,4";"66,0";"7,8";"2926,90";"0,0"
"26/03/2026";"1700";"30,5";"31,5";"30,4";"56,0";"59,0";"54,0";"20,8";"22,3";"20,2";"1013,6";"1014,2";"1013,6";"4,5";"75,0";"9,0";"3146,50";"0,0"
"26/03/2026";"1800";"30,1";"31,0";"30,0";"57,0";"60,0";"55,0";"20,8";"21,5";"20,3";"1013,3";"1013,7";"1013,3";"4,2";"79,0";"8,5";"2604,90";"0,0"
"26/03/2026";"1900";"29,0";"30,1";"29,0";"62,0";"64,0";"57,0";"21,0";"21,7";"20,3";"1013,2";"1013,4";"1013,2";"4,3";"86,0";"7,6";"1871,50";"0,0"
"26/03/2026";"2000";"27,9";"29,1";"27,9";"68,0";"68,0";"60,0";"21,4";"21,5";"20,4";"1013,2";"1013,2";"1013,1";"3,4";"81,0";"7,8";"1007,10";"0,0"
"26/03/2026";"2100";"26,1";"27,9";"26,1";"77,0";"77,0";"68,0";"21,9";"22,1";"21,3";"1013,7";"1013,7";"1013,2";"3,0";"80,0";"7,5";"181,60";"0,0"
"26/03/2026";"2200";"24,8";"26,1";"24,8";"87,0";"87,0";"77,0";"22,6";"22,6";"21,9";"1014,2";"1014,2";"1013,7";"1,9";"76,0";"5,1";"";"0,0"
"26/03/2026";"2300";"24,2";"24,8";"24,2";"91,0";"91,0";"87,0";"22,7";"22,7";"22,4";"1014,9";"1014,9";"1014,2";"1,3";"74,0";"2,9";"";"0,0"
"27/03/2026";"0000";"23,4";"24,2";"23,3";"93,0";"93,0";"91,0";"22,1";"22,7";"22,1";"1015,6";"1015,7";"1014,9";"0,5";"34,0";"2,0";"";"0,0"
"27/03/2026";"0100";"23,7";"24,0";"23,3";"94,0";"94,0";"93,0";"22,6";"22,9";"22,2";"1015,9";"1015,9";"1015,6";"0,9";"74,0";"1,7";"";"0,0"
"27/03/2026";"0200";"23,4";"23,7";"22,8";"95,0";"95,0";"93,0";"22,5";"22,6";"21,7";"1015,7";"1015,9";"1015,7";"0,6";"289,0";"1,2";"";"0,0"
"27/03/2026";"0300";"23,4";"23,6";"23,1";"95,0";"95,0";"94,0";"22,5";"22,7";"22,1";"1015,5";"1015,7";"1015,5";"0,8";"228,0";"1,0";"";"0,0"
"27/03/2026";"0400";"22,9";"23,5";"22,9";"95,0";"95,0";"95,0";"22,1";"22,6";"22,1";"1015,1";"1015,5";"1015,1";"1,1";"226,0";"1,7";"";"0,0"
"27/03/2026";"0500";"23,0";"23,4";"22,9";"95,0";"95,0";"95,0";"22,2";"22,5";"22,0";"1014,8";"1015,2";"1014,8";"0,8";"253,0";"1,5";"";"0,0"
"27/03/2026";"0600";"23,2";"23,2";"22,9";"95,0";"95,0";"95,0";"22,3";"22,4";"22,1";"1014,6";"1014,8";"1014,6";"0,7";"253,0";"1,1";"";"0,0"
"27/03/2026";"0700";"23,2";"23,4";"23,0";"95,0";"95,0";"95,0";"22,3";"22,5";"22,1";"1014,5";"1014,6";"1014,4";"0,9";"260,0";"1,2";"";"0,0"
"27/03/2026";"0800";"23,1";"23,3";"23,0";"95,0";"95,0";"95,0";"22,3";"22,5";"22,1";"1015,0";"1015,0";"1014,5";"0,8";"243,0";"1,1";"";"0,0"
"27/03/2026";"0900";"22,5";"23,1";"22,4";"95,0";"95,0";"95,0";"21,8";"22,3";"21,6";"1015,3";"1015,4";"1015,0";"1,1";"237,0";"1,7";"1,70";"0,0"
"27/03/2026";"1000";"23,8";"24,0";"22,5";"95,0";"95,0";"95,0";"22,9";"23,1";"21,7";"1015,7";"1015,7";"1015,3";"1,0";"226,0";"2,4";"305,50";"0,0"
"27/03/2026";"1100";"26,1";"26,3";"23,8";"86,0";"95,0";"86,0";"23,6";"24,7";"23,0";"1016,6";"1016,6";"1015,7";"0,8";"277,0";"2,4";"1102,20";"0,0"
"27/03/2026";"1200";"26,6";"27,1";"26,1";"81,0";"86,0";"80,0";"23,0";"23,9";"22,8";"1017,0";"1017,0";"1016,6";"1,5";"58,0";"2,8";"1138,90";"0,2"
"27/03/2026";"1300";"28,3";"28,4";"26,2";"69,0";"82,0";"69,0";"22,0";"23,1";"22,0";"1017,2";"1017,2";"1017,0";"1,3";"57,0";"4,2";"1661,60";"0,0"
"27/03/2026";"1400";"28,9";"29,0";"27,8";"64,0";"73,0";"63,0";"21,4";"22,6";"21,4";"1016,8";"1017,2";"1016,8";"1,9";"100,0";"5,2";"1993,50";"0,0"
"27/03/2026";"1500";"29,9";"30,0";"28,8";"61,0";"66,0";"56,0";"21,7";"22,4";"19,6";"1015,9";"1016,7";"1015,9";"2,6";"79,0";"5,9";"2480,70";"0,0"
"27/03/2026";"1600";"30,9";"30,9";"29,1";"56,0";"62,0";"55,0";"21,0";"22,1";"20,2";"1015,0";"1015,9";"1015,0";"2,6";"80,0";"5,6";"2794,60";"0,0"
"27/03/2026";"1700";"29,1";"31,2";"29,1";"62,0";"62,0";"53,0";"21,2";"21,8";"20,3";"1014,7";"1015,0";"1014,7";"3,7";"75,0";"6,4";"1712,60";"0,0"
"27/03/2026";"1800";"30,0";"30,5";"28,9";"57,0";"65,0";"57,0";"20,6";"21,8";"20,5";"1014,7";"1014,7";"1014,6";"3,4";"80,0";"6,6";"2016,40";"0,0"
"27/03/2026";"1900";"28,7";"30,3";"28,6";"65,0";"65,0";"57,0";"21,4";"21,6";"20,6";"1014,7";"1014,7";"1014,6";"4,0";"89,0";"7,1";"2204,20";"0,0"
"27/03/2026";"2000";"27,9";"28,8";"27,9";"65,0";"67,0";"63,0";"20,7";"21,7";"20,6";"1015,1";"1015,1";"1014,7";"3,5";"74,0";"7,3";"1014,30";"0,0"
"27/03/2026";"2100";"26,4";"27,9";"26,4";"76,0";"76,0";"65,0";"21,7";"21,7";"20,6";"1015,4";"1015,4";"1015,1";"2,7";"93,0";"6,9";"215,70";"0,0"
"27/03/2026";"2200";"25,9";"26,4";"25,9";"80,0";"80,0";"76,0";"22,2";"22,3";"21,8";"1016,1";"1016,1";"1015,4";"2,1";"115,0";"5,8";"";"0,0"
"27/03/2026";"2300";"25,8";"25,9";"25,7";"82,0";"82,0";"80,0";"22,4";"22,5";"22,2";"1016,7";"1016,7";"1016,1";"1,8";"111,0";"5,2";"";"0,0"
"28/03/2026";"0000";"25,3";"25,8";"25,2";"84,0";"84,0";"82,0";"22,4";"22,4";"22,2";"1017,1";"1017,1";"1016,7";"1,5";"133,0";"3,6";"";"0,0"
"28/03/2026";"0100";"24,7";"25,4";"24,7";"86,0";"86,0";"83,0";"22,3";"22,5";"22,1";"1017,1";"1017,2";"1017,1";"1,4";"156,0";"2,7";"";"0,0"
"28/03/2026";"0200";"24,1";"24,8";"24,0";"90,0";"90,0";"86,0";"22,4";"22,5";"22,2";"1016,9";"1017,1";"1016,9";"0,8";"185,0";"2,4";"";"0,0"
"28/03/2026";"0300";"23,5";"24,3";"23,5";"92,0";"92,0";"90,0";"22,2";"22,6";"22,1";"1016,7";"1016,9";"1016,6";"1,3";"219,0";"1,9";"";"0,0"
"28/03/2026";"0400";"23,4";"23,6";"23,2";"93,0";"94,0";"92,0";"22,2";"22,3";"22,1";"1016,0";"1016,7";"1016,0";"0,3";"154,0";"1,9";"";"0,0"
"28/03/2026";"0500";"23,0";"23,4";"23,0";"94,0";"94,0";"93,0";"22,0";"22,3";"22,0";"1015,5";"1016,0";"1015,5";"1,4";"222,0";"2,2";"";"0,0"
"28/03/2026";"0600";"22,9";"23,0";"22,8";"94,0";"94,0";"94,0";"21,9";"22,1";"21,8";"1015,0";"1015,5";"1015,0";"0,9";"201,0";"2,4";"";"0,0"
"28/03/2026";"0700";"22,9";"23,1";"22,8";"94,0";"95,0";"94,0";"22,0";"22,2";"21,8";"1015,0";"1015,1";"1014,8";"0,7";"185,0";"3,1";"";"0,0"
"28/03/2026";"0800";"22,9";"23,0";"22,7";"94,0";"94,0";"94,0";"22,0";"22,1";"21,7";"1015,5";"1015,5";"1015,0";"0,6";"177,0";"2,1";"";"0,0"
"28/03/2026";"0900";"22,7";"22,9";"22,6";"95,0";"95,0";"94,0";"21,8";"22,0";"21,6";"1015,9";"1015,9";"1015,5";"0,8";"200,0";"1,9";"1,50";"0,0"
"28/03/2026";"1000";"24,2";"24,3";"22,7";"95,0";"95,0";"94,0";"23,3";"23,3";"21,8";"1016,8";"1016,8";"1015,9";"1,1";"212,0";"2,5";"232,80";"0,0"
"28/03/2026";"1100";"25,6";"26,4";"24,2";"84,0";"95,0";"83,0";"22,8";"23,9";"22,8";"1017,5";"1017,5";"1016,8";"1,2";"225,0";"3,2";"1152,20";"0,0"
"28/03/2026";"1200";"27,8";"28,1";"25,5";"76,0";"86,0";"74,0";"23,2";"23,7";"22,1";"1017,9";"1017,9";"1017,5";"1,0";"314,0";"3,1";"1551,90";"0,0"
"28/03/2026";"1300";"28,4";"28,4";"25,6";"74,0";"87,0";"72,0";"23,3";"24,2";"22,3";"1017,9";"1018,0";"1017,8";"0,8";"320,0";"3,3";"1858,60";"1,0"
"28/03/2026";"1400";"30,0";"30,1";"27,7";"62,0";"74,0";"58,0";"21,9";"23,7";"20,7";"1017,5";"1018,0";"1017,5";"2,3";"66,0";"4,2";"2753,60";"0,0"
"28/03/2026";"1500";"30,1";"30,8";"28,8";"56,0";"64,0";"54,0";"20,5";"22,4";"19,2";"1016,6";"1017,5";"1016,6";"2,8";"77,0";"5,2";"3372,90";"0,0"
"28/03/2026";"1600";"30,5";"31,2";"29,5";"54,0";"58,0";"50,0";"20,1";"21,3";"18,8";"1015,9";"1016,6";"1015,9";"3,1";"73,0";"6,5";"3235,40";"0,0"
"28/03/2026";"1700";"29,7";"31,3";"29,7";"55,0";"58,0";"49,0";"19,8";"21,2";"18,7";"1015,4";"1015,9";"1015,4";"3,5";"115,0";"7,8";"3312,00";"0,0"
"28/03/2026";"1800";"29,5";"29,7";"28,5";"58,0";"65,0";"54,0";"20,3";"22,0";"19,1";"1014,8";"1015,4";"1014,8";"3,5";"71,0";"8,4";"2259,20";"0,0"
"28/03/2026";"1900";"29,0";"29,7";"28,4";"62,0";"63,0";"56,0";"20,9";"21,5";"19,8";"1014,8";"1014,8";"1014,6";"3,6";"102,0";"7,8";"1752,20";"0,0"
"28/03/2026";"2000";"27,8";"29,1";"27,8";"66,0";"66,0";"60,0";"20,9";"21,1";"20,0";"1015,1";"1015,2";"1014,7";"3,4";"103,0";"7,4";"795,10";"0,0"
"28/03/2026";"2100";"26,5";"27,8";"26,5";"72,0";"73,0";"66,0";"21,1";"21,3";"20,7";"1015,8";"1015,8";"1015,1";"2,5";"108,0";"6,6";"160,10";"0,0"
"28/03/2026";"2200";"25,7";"26,5";"25,7";"79,0";"79,0";"72,0";"21,8";"21,8";"21,1";"1016,5";"1016,5";"1015,8";"2,6";"126,0";"5,7";"";"0,0"
"28/03/2026";"2300";"25,3";"25,8";"25,2";"80,0";"80,0";"79,0";"21,6";"21,8";"21,6";"1017,2";"1017,2";"1016,4";"2,2";"134,0";"5,5";"";"0,0"
"29/03/2026";"0000";"24,6";"25,4";"24,6";"82,0";"82,0";"80,0";"21,3";"21,6";"21,3";"1017,5";"1017,6";"1017,2";"1,3";"144,0";"4,7";"";"0,0"
"29/03/2026";"0100";"23,0";"24,8";"23,0";"89,0";"89,0";"82,0";"21,0";"21,5";"20,9";"1017,6";"1017,6";"1017,3";"1,2";"234,0";"2,7";"";"0,0"
"29/03/2026";"0200";"22,4";"23,2";"22,4";"92,0";"92,0";"89,0";"21,1";"21,6";"21,0";"1017,0";"1017,6";"1017,0";"1,7";"214,0";"2,2";"";"0,0"
"29/03/2026";"0300";"22,4";"22,6";"22,4";"93,0";"93,0";"92,0";"21,3";"21,5";"21,1";"1016,8";"1017,0";"1016,8";"1,8";"234,0";"2,4";"";"0,0"
"29/03/2026";"0400";"22,6";"22,7";"22,2";"93,0";"94,0";"93,0";"21,5";"21,6";"21,1";"1016,2";"1016,7";"1016,2";"1,9";"205,0";"2,8";"";"0,0"
"29/03/2026";"0500";"23,2";"23,2";"22,6";"92,0";"94,0";"92,0";"21,7";"21,8";"21,5";"1015,3";"1016,2";"1015,3";"2,6";"217,0";"4,2";"";"0,0"
"29/03/2026";"0600";"22,8";"23,5";"22,8";"91,0";"92,0";"90,0";"21,3";"21,9";"21,3";"1015,1";"1015,3";"1015,1";"2,1";"223,0";"3,9";"";"0,0"
"29/03/2026";"0700";"22,6";"22,8";"22,4";"92,0";"93,0";"91,0";"21,3";"21,4";"21,2";"1014,5";"1015,1";"1014,5";"2,7";"217,0";"3,9";"";"0,0"
"29/03/2026";"0800";"22,0";"22,6";"21,7";"94,0";"94,0";"92,0";"21,0";"21,3";"20,6";"1015,0";"1015,0";"1014,5";"1,3";"251,0";"4,1";"";"0,0"
"29/03/2026";"0900";"21,9";"22,0";"21,7";"93,0";"94,0";"93,0";"20,7";"20,9";"20,6";"1015,3";"1015,3";"1014,9";"1,4";"236,0";"3,2";"0,10";"0,0"
"29/03/2026";"1000";"23,5";"23,5";"21,9";"90,0";"94,0";"90,0";"21,7";"21,7";"20,8";"1015,6";"1015,7";"1015,3";"2,6";"221,0";"3,7";"240,00";"0,0"
"29/03/2026";"1100";"25,6";"25,6";"23,5";"82,0";"90,0";"82,0";"22,2";"22,5";"21,5";"1016,2";"1016,2";"1015,6";"2,0";"218,0";"4,6";"691,80";"0,0"
"29/03/2026";"1200";"26,4";"27,6";"25,6";"77,0";"82,0";"71,0";"22,1";"23,0";"21,7";"1016,5";"1016,6";"1016,2";"1,3";"255,0";"3,5";"1422,60";"0,0"
"29/03/2026";"1300";"27,8";"28,0";"26,4";"69,0";"77,0";"69,0";"21,7";"22,8";"21,4";"1016,3";"1016,5";"1016,3";"0,6";"290,0";"2,8";"1397,30";"0,0"
"29/03/2026";"1400";"28,8";"29,2";"27,8";"61,0";"72,0";"60,0";"20,7";"22,5";"20,1";"1015,6";"1016,3";"1015,6";"0,5";"310,0";"2,9";"1802,50";"0,0"
"29/03/2026";"1500";"28,8";"30,8";"28,8";"59,0";"63,0";"55,0";"20,0";"21,8";"19,5";"1014,6";"1015,6";"1014,6";"1,7";"89,0";"4,4";"2590,40";"0,0"
"29/03/2026";"1600";"29,4";"30,2";"28,7";"62,0";"64,0";"58,0";"21,3";"22,0";"20,4";"1013,9";"1014,6";"1013,9";"1,9";"104,0";"5,2";"2264,00";"0,0"
"29/03/2026";"1700";"28,5";"30,0";"28,4";"64,0";"67,0";"60,0";"21,1";"22,8";"21,0";"1013,3";"1013,9";"1013,2";"2,2";"120,0";"5,2";"862,60";"0,0"
"29/03/2026";"1800";"26,5";"28,5";"26,5";"79,0";"79,0";"63,0";"22,5";"23,4";"20,9";"1012,9";"1013,3";"1012,9";"1,7";"203,0";"5,3";"554,80";"0,0"
"29/03/2026";"1900";"25,0";"26,5";"24,8";"87,0";"89,0";"79,0";"22,8";"22,9";"22,5";"1012,8";"1012,9";"1012,8";"1,6";"304,0";"4,3";"119,90";"0,8"
"29/03/2026";"2000";"25,3";"25,3";"24,9";"91,0";"91,0";"87,0";"23,6";"23,7";"22,8";"1012,9";"1012,9";"1012,8";"1,0";"224,0";"2,8";"170,10";"0,0"
"29/03/2026";"2100";"25,2";"25,6";"25,1";"83,0";"91,0";"83,0";"22,2";"23,7";"22,2";"1013,4";"1013,4";"1012,9";"1,9";"67,0";"3,2";"42,70";"0,0"
"29/03/2026";"2200";"24,2";"25,3";"24,2";"86,0";"86,0";"82,0";"21,8";"22,1";"21,5";"1014,1";"1014,1";"1013,4";"1,1";"96,0";"3,4";"";"0,0"
"29/03/2026";"2300";"24,9";"25,0";"24,2";"87,0";"87,0";"83,0";"22,6";"22,6";"21,7";"1014,5";"1014,6";"1014,1";"2,1";"155,0";"4,0";"";"0,0"
"30/03/2026";"0000";"24,6";"24,9";"24,5";"87,0";"88,0";"87,0";"22,4";"22,7";"22,3";"1015,0";"1015,0";"1014,5";"1,5";"139,0";"4,1";"";"0,0"
"30/03/2026";"0100";"24,7";"24,7";"24,4";"88,0";"88,0";"87,0";"22,6";"22,6";"22,2";"1015,1";"1015,1";"1015,0";"1,1";"127,0";"2,8";"";"0,0"
"30/03/2026";"0200";"22,9";"24,8";"22,8";"93,0";"93,0";"87,0";"21,8";"22,6";"21,4";"1014,8";"1015,1";"1014,8";"0,8";"261,0";"2,3";"";"0,0"
"30/03/2026";"0300";"22,6";"22,9";"22,6";"94,0";"94,0";"93,0";"21,6";"21,9";"21,6";"1014,2";"1014,8";"1014,2";"1,5";"261,0";"2,2";"";"0,0"
"30/03/2026";"0400";"22,6";"22,8";"22,5";"95,0";"95,0";"94,0";"21,7";"21,9";"21,5";"1013,9";"1014,2";"1013,9";"1,2";"214,0";"2,5";"";"0,0"
"30/03/2026";"0500";"22,6";"22,7";"22,3";"95,0";"95,0";"95,0";"21,7";"21,8";"21,5";"1013,6";"1013,9";"1013,6";"1,6";"207,0";"2,8";"";"0,2"
"30/03/2026";"0600";"21,9";"22,6";"21,9";"95,0";"95,0";"95,0";"21,1";"21,8";"21,0";"1013,0";"1013,6";"1013,0";"1,4";"327,0";"2,7";"";"0,0"
"30/03/2026";"0700";"21,7";"22,3";"21,7";"95,0";"95,0";"95,0";"20,8";"21,5";"20,8";"1012,4";"1013,0";"1012,4";"0,5";"276,0";"2,2";"";"0,0"
"30/03/2026";"0800";"21,6";"22,4";"21,6";"95,0";"95,0";"95,0";"20,8";"21,6";"20,8";"1012,6";"1012,6";"1012,4";"1,6";"298,0";"2,2";"";"0,0"
"30/03/2026";"0900";"21,6";"21,7";"21,5";"95,0";"95,0";"95,0";"20,8";"20,9";"20,7";"1012,7";"1012,9";"1012,6";"1,4";"316,0";"2,5";"1,90";"0,0"
"30/03/2026";"1000";"22,6";"22,6";"21,5";"95,0";"95,0";"95,0";"21,8";"21,8";"20,7";"1013,1";"1013,1";"1012,7";"1,5";"313,0";"2,0";"303,40";"0,0"
"30/03/2026";"1100";"25,0";"25,0";"22,6";"94,0";"95,0";"94,0";"24,0";"24,0";"21,8";"1013,2";"1013,2";"1013,1";"1,6";"322,0";"2,6";"1046,90";"0,0"
"30/03/2026";"1200";"27,9";"27,9";"25,0";"80,0";"94,0";"78,0";"24,1";"24,8";"22,6";"1013,3";"1013,3";"1013,2";"1,8";"10,0";"3,1";"2001,40";"0,0"
"30/03/2026";"1300";"28,5";"28,6";"27,0";"70,0";"80,0";"68,0";"22,4";"23,7";"21,4";"1013,1";"1013,3";"1013,1";"2,5";"338,0";"5,3";"2411,50";"0,0"
"30/03/2026";"1400";"29,6";"30,2";"28,2";"62,0";"70,0";"60,0";"21,6";"22,6";"20,8";"1012,3";"1013,1";"1012,3";"2,1";"345,0";"4,3";"3303,20";"0,0"
"30/03/2026";"1500";"30,4";"30,7";"28,8";"58,0";"65,0";"56,0";"21,1";"22,7";"20,1";"1011,4";"1012,3";"1011,4";"1,7";"352,0";"6,5";"3253,60";"0,0"
"30/03/2026";"1600";"30,9";"31,2";"29,7";"55,0";"60,0";"52,0";"20,8";"22,0";"19,7";"1010,6";"1011,4";"1010,6";"1,0";"280,0";"4,8";"3333,60";"0,0"
"30/03/2026";"1700";"29,9";"32,0";"29,8";"57,0";"57,0";"49,0";"20,5";"21,4";"19,4";"1009,7";"1010,6";"1009,7";"1,2";"277,0";"3,7";"2566,50";"0,0"
"30/03/2026";"1800";"28,8";"32,5";"28,7";"66,0";"68,0";"47,0";"21,9";"22,2";"19,5";"1009,3";"1009,7";"1009,3";"2,7";"144,0";"6,2";"2221,20";"0,0"
"30/03/2026";"1900";"29,3";"29,7";"28,8";"60,0";"67,0";"59,0";"20,7";"22,5";"20,5";"1009,4";"1009,4";"1009,3";"3,1";"109,0";"6,4";"1525,60";"0,0"
"30/03/2026";"2000";"27,5";"29,4";"27,5";"66,0";"66,0";"59,0";"20,5";"20,8";"20,1";"1009,4";"1009,4";"1009,3";"3,2";"95,0";"7,3";"764,00";"0,0"
"30/03/2026";"2100";"26,2";"27,5";"26,2";"73,0";"73,0";"65,0";"21,0";"21,0";"20,1";"1009,7";"1009,7";"1009,4";"2,7";"115,0";"6,3";"92,00";"0,0"
"30/03/2026";"2200";"25,7";"26,3";"25,6";"80,0";"80,0";"73,0";"21,9";"21,9";"21,0";"1010,8";"1010,8";"1009,7";"1,4";"130,0";"6,2";"";"0,0"
"30/03/2026";"2300";"25,3";"25,7";"25,3";"81,0";"81,0";"80,0";"21,8";"22,1";"21,8";"1011,5";"1011,5";"1010,8";"0,8";"114,0";"2,8";"";"0,0"
"31/03/2026";"0000";"24,2";"25,3";"24,1";"90,0";"90,0";"81,0";"22,3";"22,3";"21,7";"1011,7";"1011,8";"1011,5";"0,3";"298,0";"1,7";"";"0,0"
"31/03/2026";"0100";"24,8";"24,8";"23,7";"86,0";"90,0";"86,0";"22,3";"22,5";"21,9";"1011,3";"1011,8";"1011,3";"1,3";"124,0";"2,0";"";"0,0"
"31/03/2026";"0200";"23,7";"24,9";"23,7";"89,0";"89,0";"85,0";"21,8";"22,3";"21,8";"1011,1";"1011,3";"1011,0";"1,0";"239,0";"2,3";"";"0,0"
"31/03/2026";"0300";"23,7";"23,7";"23,2";"93,0";"93,0";"89,0";"22,4";"22,4";"21,5";"1011,1";"1011,3";"1011,1";"0,4";"269,0";"1,8";"";"0,0"
"31/03/2026";"0400";"23,8";"23,9";"23,6";"93,0";"93,0";"92,0";"22,6";"22,6";"22,3";"1010,6";"1011,1";"1010,6";"0,9";"174,0";"1,5";"";"0,0"
"31/03/2026";"0500";"22,9";"23,9";"22,9";"93,0";"93,0";"93,0";"21,7";"22,7";"21,7";"1010,2";"1010,6";"1010,2";"0,8";"347,0";"1,9";"";"0,0"
"31/03/2026";"0600";"22,6";"23,0";"22,6";"94,0";"94,0";"93,0";"21,7";"22,0";"21,6";"1009,1";"1010,2";"1009,1";"0,4";"73,0";"2,5";"";"0,0"
"31/03/2026";"0700";"22,4";"22,9";"22,4";"95,0";"95,0";"94,0";"21,5";"21,9";"21,4";"1008,8";"1009,1";"1008,8";"0,9";"229,0";"2,3";"";"0,0"
"31/03/2026";"0800";"22,5";"22,5";"22,3";"95,0";"95,0";"95,0";"21,7";"21,7";"21,4";"1008,9";"1008,9";"1008,8";"0,7";"239,0";"1,5";"";"0,0"
"31/03/2026";"0900";"22,2";"22,6";"22,2";"95,0";"95,0";"95,0";"21,3";"21,8";"21,3";"1009,4";"1009,4";"1008,9";"0,1";"249,0";"1,0";"1,30";"0,0"
"31/03/2026";"1000";"23,6";"23,6";"22,2";"95,0";"95,0";"95,0";"22,7";"22,7";"21,5";"1010,3";"1010,3";"1009,4";"0,5";"33,0";"1,1";"235,70";"0,0"
"31/03/2026";"1100";"27,4";"27,4";"23,6";"79,0";"95,0";"79,0";"23,4";"24,7";"22,8";"1010,9";"1010,9";"1010,3";"2,2";"30,0";"4,2";"1204,10";"0,0"
"31/03/2026";"1200";"28,4";"28,6";"26,2";"68,0";"79,0";"68,0";"22,0";"23,1";"21,8";"1011,0";"1011,1";"1010,9";"3,1";"32,0";"6,0";"1778,90";"0,0"
"31/03/2026";"1300";"29,2";"30,1";"28,1";"62,0";"69,0";"61,0";"21,3";"22,9";"21,2";"1010,8";"1011,0";"1010,8";"3,0";"9,0";"6,0";"2332,80";"0,0"
"31/03/2026";"1400";"31,2";"31,2";"29,1";"56,0";"64,0";"55,0";"21,3";"22,4";"20,5";"1010,3";"1010,8";"1010,3";"3,7";"15,0";"7,0";"2964,20";"0,0"
"31/03/2026";"1500";"31,4";"32,2";"31,1";"53,0";"57,0";"49,0";"20,6";"21,9";"19,8";"1009,5";"1010,3";"1009,5";"3,3";"23,0";"6,7";"3115,20";"0,0"
"31/03/2026";"1600";"30,4";"32,0";"30,4";"57,0";"59,0";"50,0";"21,1";"22,2";"19,5";"1008,5";"1009,5";"1008,5";"3,7";"62,0";"7,5";"2014,50";"0,0"
"31/03/2026";"1700";"30,1";"31,1";"29,2";"60,0";"63,0";"58,0";"21,5";"23,0";"20,8";"1007,7";"1008,5";"1007,7";"5,1";"77,0";"8,6";"2723,30";"0,0"
"31/03/2026";"1800";"29,7";"30,2";"29,6";"57,0";"61,0";"56,0";"20,3";"21,7";"19,9";"1007,4";"1007,7";"1007,4";"5,2";"61,0";"10,3";"2487,00";"0,0"
"31/03/2026";"1900";"26,9";"29,7";"26,9";"72,0";"72,0";"56,0";"21,4";"21,4";"19,9";"1008,4";"1008,6";"1007,4";"3,7";"50,0";"11,6";"677,70";"0,0"
"31/03/2026";"2000";"26,4";"26,9";"26,4";"78,0";"78,0";"72,0";"22,3";"22,3";"21,4";"1008,5";"1008,6";"1008,1";"3,8";"67,0";"7,6";"119,10";"0,0"
"31/03/2026";"2100";"26,1";"26,5";"26,1";"81,0";"81,0";"78,0";"22,5";"22,5";"22,3";"1009,2";"1009,3";"1008,5";"3,0";"56,0";"7,8";"29,70";"0,0"
"31/03/2026";"2200";"25,8";"26,1";"25,7";"83,0";"83,0";"81,0";"22,6";"22,7";"22,4";"1010,1";"1010,1";"1009,1";"2,5";"58,0";"6,8";"";"0,0"
"31/03/2026";"2300";"25,5";"25,9";"25,4";"84,0";"84,0";"82,0";"22,6";"22,7";"22,4";"1010,8";"1010,8";"1010,1";"2,0";"63,0";"6,0";"";"0,0"
"01/04/2026";"0000";"25,4";"25,6";"25,3";"86,0";"86,0";"84,0";"22,9";"22,9";"22,6";"1011,0";"1011,0";"1010,8";"2,1";"60,0";"5,4";"";"0,0"
"01/04/2026";"0100";"25,0";"25,4";"25,0";"86,0";"86,0";"85,0";"22,6";"22,9";"22,5";"1011,3";"1011,3";"1011,0";"2,3";"51,0";"5,4";"";"0,0"
"01/04/2026";"0200";"24,9";"25,1";"24,9";"87,0";"87,0";"86,0";"22,6";"22,7";"22,6";"1011,4";"1011,4";"1011,1";"1,7";"46,0";"5,6";"";"0,0"
"01/04/2026";"0300";"24,4";"24,9";"24,4";"89,0";"89,0";"87,0";"22,4";"22,7";"22,4";"1011,3";"1011,5";"1011,3";"1,4";"48,0";"3,8";"";"0,0"
"01/04/2026";"0400";"23,7";"24,4";"23,6";"92,0";"92,0";"89,0";"22,2";"22,4";"22,1";"1011,1";"1011,4";"1011,1";"1,6";"41,0";"3,4";"";"0,0"
"01/04/2026";"0500";"23,5";"23,8";"23,5";"92,0";"92,0";"92,0";"22,2";"22,5";"22,1";"1010,6";"1011,1";"1010,6";"1,3";"55,0";"3,4";"";"0,0"
"01/04/2026";"0600";"22,9";"23,6";"22,9";"93,0";"93,0";"92,0";"21,7";"22,2";"21,7";"1010,4";"1010,6";"1010,4";"2,1";"4,0";"3,7";"";"0,0"
"01/04/2026";"0700";"22,3";"22,9";"22,3";"93,0";"94,0";"93,0";"21,1";"21,8";"21,1";"1010,6";"1010,6";"1010,3";"3,3";"355,0";"5,3";"";"0,0"
"01/04/2026";"0800";"21,7";"22,3";"21,7";"92,0";"93,0";"92,0";"20,4";"21,1";"20,4";"1010,6";"1010,6";"1010,5";"2,5";"351,0";"5,3";"";"0,0"
"01/04/2026";"0900";"22,1";"22,1";"21,7";"90,0";"92,0";"90,0";"20,3";"20,6";"20,3";"1010,8";"1010,8";"1010,4";"2,3";"20,0";"4,5";"2,40";"0,0"
"01/04/2026";"1000";"24,6";"24,6";"22,1";"84,0";"90,0";"83,0";"21,6";"21,6";"20,3";"1011,5";"1011,5";"1010,8";"2,0";"18,0";"4,1";"377,80";"0,0"
"01/04/2026";"1100";"25,3";"25,5";"24,3";"80,0";"84,0";"78,0";"21,7";"21,8";"21,0";"1012,3";"1012,3";"1011,5";"1,9";"10,0";"4,1";"826,60";"0,0"
"01/04/2026";"1200";"28,5";"28,5";"25,3";"70,0";"80,0";"68,0";"22,4";"22,5";"21,6";"1013,0";"1013,0";"1012,3";"3,1";"19,0";"5,0";"1992,80";"0,0"
"01/04/2026";"1300";"30,7";"30,8";"28,5";"60,0";"70,0";"60,0";"22,1";"22,6";"21,5";"1012,8";"1013,0";"1012,7";"3,0";"20,0";"5,3";"2845,20";"0,0"
"01/04/2026";"1400";"31,3";"32,3";"30,4";"54,0";"61,0";"53,0";"21,0";"23,0";"20,9";"1012,3";"1012,8";"1012,3";"3,5";"24,0";"6,4";"3205,30";"0,0"
"01/04/2026";"1500";"29,4";"31,8";"29,4";"62,0";"64,0";"54,0";"21,4";"22,6";"21,1";"1011,9";"1012,3";"1011,8";"4,0";"66,0";"7,7";"2312,00";"0,0"
"01/04/2026";"1600";"29,8";"31,2";"29,3";"59,0";"63,0";"56,0";"21,0";"22,3";"20,3";"1011,0";"1011,9";"1011,0";"4,6";"75,0";"8,2";"3123,00";"0,0"
"01/04/2026";"1700";"30,3";"31,0";"29,3";"60,0";"62,0";"55,0";"21,8";"21,8";"20,5";"1010,3";"1011,0";"1010,3";"5,1";"73,0";"9,3";"3066,40";"0,0"
"01/04/2026";"1800";"28,4";"30,4";"28,4";"60,0";"63,0";"57,0";"19,8";"21,7";"19,6";"1010,2";"1010,3";"1010,0";"5,2";"60,0";"9,9";"1170,80";"0,0"
"01/04/2026";"1900";"27,2";"28,4";"27,2";"70,0";"70,0";"60,0";"21,3";"21,3";"19,8";"1010,5";"1010,5";"1010,2";"3,7";"58,0";"9,4";"389,10";"0,0"
"01/04/2026";"2000";"26,6";"27,2";"26,6";"76,0";"76,0";"70,0";"22,0";"22,0";"21,1";"1011,0";"1011,0";"1010,4";"3,4";"67,0";"7,8";"193,00";"0,0"
"01/04/2026";"2100";"25,8";"26,6";"25,8";"82,0";"82,0";"76,0";"22,5";"22,6";"22,0";"1011,5";"1011,5";"1011,0";"2,8";"58,0";"6,6";"50,40";"0,0"
"01/04/2026";"2200";"25,4";"25,8";"25,3";"86,0";"86,0";"82,0";"22,8";"22,9";"22,6";"1011,9";"1011,9";"1011,5";"2,0";"50,0";"5,9";"";"0,0"
"01/04/2026";"2300";"25,1";"25,4";"25,0";"87,0";"87,0";"85,0";"22,8";"22,9";"22,7";"1012,4";"1012,4";"1011,9";"1,7";"48,0";"3,9";"";"0,0"
"02/04/2026";"0000";"24,7";"25,1";"24,6";"89,0";"89,0";"87,0";"22,7";"22,8";"22,6";"1013,0";"1013,0";"1012,4";"1,9";"51,0";"3,1";"";"0,0"
"02/04/2026";"0100";"24,7";"25,0";"24,7";"88,0";"89,0";"88,0";"22,7";"22,9";"22,6";"1012,9";"1013,0";"1012,8";"2,0";"59,0";"4,6";"";"0,0"
"02/04/2026";"0200";"24,3";"24,7";"24,3";"89,0";"89,0";"88,0";"22,5";"22,7";"22,4";"1012,8";"1012,9";"1012,8";"1,8";"45,0";"4,3";"";"0,0"
"02/04/2026";"0300";"23,9";"24,5";"23,9";"91,0";"91,0";"89,0";"22,3";"22,6";"22,2";"1012,8";"1012,9";"1012,8";"1,4";"38,0";"3,4";"";"0,0"
"02/04/2026";"0400";"23,7";"23,9";"23,7";"92,0";"92,0";"91,0";"22,3";"22,5";"22,3";"1012,4";"1012,8";"1012,4";"1,4";"45,0";"2,5";"";"0,0"
"02/04/2026";"0500";"23,7";"23,7";"23,5";"92,0";"93,0";"92,0";"22,4";"22,5";"22,2";"1012,0";"1012,4";"1012,0";"2,0";"59,0";"2,7";"";"0,0"
"02/04/2026";"0600";"23,3";"23,7";"23,3";"93,0";"93,0";"92,0";"22,0";"22,4";"22,0";"1011,5";"1012,0";"1011,4";"1,4";"22,0";"3,5";"";"0,0"
"02/04/2026";"0700";"22,8";"23,3";"22,7";"94,0";"94,0";"93,0";"21,7";"22,0";"21,6";"1011,2";"1011,5";"1011,2";"1,1";"49,0";"3,1";"";"0,0"
"02/04/2026";"0800";"22,7";"22,9";"22,7";"94,0";"94,0";"94,0";"21,6";"21,8";"21,6";"1011,7";"1011,7";"1011,2";"0,6";"20,0";"2,2";"";"0,0"
"02/04/2026";"0900";"22,9";"23,0";"22,6";"94,0";"94,0";"94,0";"21,9";"22,0";"21,6";"1012,0";"1012,0";"1011,7";"1,2";"47,0";"2,7";"2,10";"0,0"
"02/04/2026";"1000";"24,2";"24,2";"22,8";"91,0";"94,0";"91,0";"22,7";"22,7";"21,8";"1012,6";"1012,6";"1011,9";"1,1";"44,0";"2,8";"228,40";"0,0"
"02/04/2026";"1100";"26,1";"26,5";"24,2";"78,0";"91,0";"77,0";"21,9";"23,0";"21,9";"1013,3";"1013,4";"1012,6";"3,3";"23,0";"5,9";"1012,50";"0,0"
"02/04/2026";"1200";"27,9";"27,9";"25,9";"71,0";"79,0";"70,0";"22,3";"22,4";"21,5";"1013,7";"1013,7";"1013,3";"3,0";"31,0";"5,9";"1536,20";"0,0"
"02/04/2026";"1300";"29,9";"30,0";"27,9";"62,0";"71,0";"61,0";"21,9";"22,6";"21,3";"1013,6";"1013,7";"1013,4";"2,7";"33,0";"6,0";"2392,00";"0,0"
"02/04/2026";"1400";"31,3";"31,6";"29,8";"53,0";"62,0";"51,0";"20,7";"22,2";"19,9";"1013,1";"1013,6";"1013,0";"4,0";"36,0";"7,3";"3056,00";"0,0"
"02/04/2026";"1500";"31,0";"32,1";"30,3";"57,0";"60,0";"49,0";"21,4";"22,5";"19,5";"1012,5";"1013,1";"1012,5";"3,6";"59,0";"6,8";"2691,00";"0,0"
"02/04/2026";"1600";"30,7";"31,8";"30,0";"57,0";"60,0";"54,0";"21,2";"22,4";"20,5";"1011,9";"1012,5";"1011,9";"4,5";"71,0";"8,9";"2977,60";"0,0"
"02/04/2026";"1700";"30,6";"31,3";"30,4";"56,0";"58,0";"53,0";"20,8";"21,5";"20,1";"1011,5";"1011,9";"1011,5";"4,7";"65,0";"8,8";"2968,90";"0,0"
"02/04/2026";"1800";"29,9";"30,8";"29,9";"57,0";"58,0";"54,0";"20,6";"21,1";"20,1";"1011,3";"1011,5";"1011,3";"5,0";"72,0";"8,6";"2421,80";"0,0"
"02/04/2026";"1900";"29,3";"30,3";"29,2";"56,0";"58,0";"55,0";"19,7";"20,9";"19,6";"1011,2";"1011,3";"1011,2";"4,2";"68,0";"8,5";"1751,90";"0,0"
"02/04/2026";"2000";"27,3";"29,3";"27,3";"65,0";"65,0";"56,0";"20,2";"20,3";"19,6";"1011,5";"1011,5";"1011,1";"3,2";"63,0";"8,8";"749,50";"0,0"
"02/04/2026";"2100";"25,8";"27,4";"25,8";"77,0";"77,0";"65,0";"21,6";"21,6";"20,3";"1012,1";"1012,1";"1011,5";"2,4";"72,0";"7,7";"43,70";"0,0"
"02/04/2026";"2200";"25,3";"25,8";"25,3";"87,0";"87,0";"77,0";"22,9";"22,9";"21,6";"1012,4";"1012,5";"1012,1";"2,0";"81,0";"4,7";"";"0,0"
"02/04/2026";"2300";"24,7";"25,3";"24,7";"88,0";"89,0";"87,0";"22,7";"22,9";"22,6";"1013,3";"1013,3";"1012,4";"1,4";"59,0";"3,7";"";"0,0"
"03/04/2026";"0000";"24,1";"24,7";"24,1";"90,0";"91,0";"88,0";"22,4";"22,7";"22,3";"1013,9";"1013,9";"1013,3";"0,7";"342,0";"2,2";"";"0,0"
"03/04/2026";"0100";"23,9";"24,5";"23,9";"92,0";"92,0";"90,0";"22,5";"22,9";"22,4";"1014,0";"1014,1";"1013,9";"1,0";"61,0";"1,4";"";"0,0"
"03/04/2026";"0200";"23,8";"24,2";"23,8";"93,0";"93,0";"92,0";"22,6";"22,9";"22,5";"1014,0";"1014,1";"1013,9";"0,8";"26,0";"1,4";"";"0,0"
"03/04/2026";"0300";"23,7";"23,9";"23,6";"93,0";"93,0";"93,0";"22,5";"22,7";"22,4";"1013,5";"1014,0";"1013,5";"0,7";"349,0";"1,4";"";"0,0"
"03/04/2026";"0400";"23,6";"23,8";"23,4";"94,0";"94,0";"93,0";"22,5";"22,7";"22,3";"1012,9";"1013,5";"1012,9";"1,3";"16,0";"1,7";"";"0,0"
"03/04/2026";"0500";"23,4";"23,7";"23,3";"94,0";"94,0";"94,0";"22,4";"22,7";"22,2";"1012,5";"1012,9";"1012,5";"0,4";"7,0";"1,6";"";"0,0"
"03/04/2026";"0600";"23,5";"23,5";"23,1";"94,0";"94,0";"94,0";"22,5";"22,5";"22,1";"1012,1";"1012,5";"1012,1";"1,3";"56,0";"2,6";"";"0,0"
"03/04/2026";"0700";"23,5";"23,8";"23,5";"93,0";"94,0";"93,0";"22,4";"22,7";"22,4";"1012,0";"1012,2";"1012,0";"1,9";"62,0";"2,9";"";"0,0"
"03/04/2026";"0800";"22,8";"23,5";"22,8";"93,0";"94,0";"93,0";"21,7";"22,4";"21,7";"1012,4";"1012,4";"1012,0";"1,6";"42,0";"3,0";"";"0,0"
"03/04/2026";"0900";"22,8";"23,0";"22,7";"94,0";"94,0";"93,0";"21,8";"21,9";"21,7";"1012,8";"1012,8";"1012,4";"1,4";"40,0";"3,7";"0,80";"0,0"
"03/04/2026";"1000";"24,8";"24,8";"22,8";"92,0";"94,0";"92,0";"23,5";"23,5";"21,8";"1013,3";"1013,3";"1012,8";"1,9";"16,0";"3,1";"309,20";"0,0"
"03/04/2026";"1100";"27,6";"27,6";"24,9";"79,0";"92,0";"79,0";"23,5";"23,8";"23,1";"1013,6";"1013,7";"1013,3";"3,1";"7,0";"4,7";"1071,70";"0,0"
"03/04/2026";"1200";"29,5";"29,6";"27,5";"67,0";"79,0";"67,0";"22,8";"23,5";"22,3";"1014,0";"1014,1";"1013,6";"2,9";"352,0";"5,6";"1893,60";"0,0"
"03/04/2026";"1300";"31,1";"31,1";"29,5";"61,0";"68,0";"59,0";"22,8";"23,2";"21,6";"1013,8";"1014,0";"1013,8";"3,3";"357,0";"6,4";"2639,80";"0,0"
"03/04/2026";"1400";"32,4";"32,7";"31,1";"51,0";"61,0";"51,0";"20,9";"22,7";"20,9";"1013,6";"1013,8";"1013,5";"3,5";"344,0";"7,2";"3165,40";"0,0"
"03/04/2026";"1500";"33,3";"33,5";"32,3";"47,0";"53,0";"46,0";"20,6";"22,3";"19,7";"1012,8";"1013,6";"1012,8";"3,8";"8,0";"7,3";"3517,60";"0,0"
"03/04/2026";"1600";"32,2";"33,8";"32,1";"53,0";"55,0";"47,0";"21,4";"22,4";"20,2";"1012,2";"1012,8";"1012,1";"2,4";"354,0";"7,0";"2616,20";"0,0"
"03/04/2026";"1700";"30,3";"32,6";"30,3";"61,0";"61,0";"52,0";"22,0";"22,4";"21,0";"1012,2";"1012,2";"1012,0";"1,4";"68,0";"5,9";"1282,80";"0,0"
"03/04/2026";"1800";"29,0";"30,3";"29,0";"65,0";"66,0";"61,0";"21,8";"22,5";"21,5";"1011,6";"1012,2";"1011,6";"4,0";"72,0";"6,9";"1240,90";"0,0"
"03/04/2026";"1900";"28,8";"30,3";"28,8";"66,0";"68,0";"62,0";"21,8";"22,6";"21,3";"1011,5";"1011,7";"1011,4";"3,9";"63,0";"7,0";"1266,30";"0,0"
"03/04/2026";"2000";"27,8";"28,8";"27,8";"69,0";"69,0";"64,0";"21,6";"21,9";"20,9";"1011,4";"1011,6";"1011,4";"3,0";"59,0";"7,8";"464,40";"0,0"
"03/04/2026";"2100";"26,4";"27,9";"26,4";"75,0";"75,0";"69,0";"21,6";"21,7";"21,5";"1011,9";"1011,9";"1011,4";"2,9";"56,0";"6,2";"56,80";"0,0"
"03/04/2026";"2200";"25,7";"26,4";"25,7";"81,0";"81,0";"75,0";"22,2";"22,2";"21,7";"1012,6";"1012,6";"1011,9";"2,7";"57,0";"5,6";"";"0,0"
"03/04/2026";"2300";"25,6";"25,7";"25,5";"85,0";"85,0";"81,0";"22,9";"22,9";"22,2";"1013,1";"1013,1";"1012,6";"2,6";"54,0";"5,4";"";"0,0"
"04/04/2026";"0000";"25,4";"25,7";"25,4";"87,0";"87,0";"85,0";"23,0";"23,1";"22,9";"1013,9";"1013,9";"1013,1";"2,0";"52,0";"6,3";"";"0,0"
"04/04/2026";"0100";"25,2";"25,5";"25,0";"87,0";"88,0";"86,0";"22,9";"23,1";"22,9";"1014,4";"1014,4";"1013,9";"2,1";"58,0";"4,3";"";"0,0"
"04/04/2026";"0200";"24,7";"25,2";"24,6";"88,0";"88,0";"87,0";"22,6";"22,9";"22,5";"1014,1";"1014,5";"1014,1";"1,8";"53,0";"3,9";"";"0,0"
"04/04/2026";"0300";"24,4";"24,8";"24,4";"90,0";"90,0";"88,0";"22,6";"22,7";"22,6";"1013,7";"1014,1";"1013,7";"1,9";"61,0";"3,0";"";"0,0"
"04/04/2026";"0400";"24,1";"24,4";"24,1";"91,0";"91,0";"90,0";"22,4";"22,7";"22,4";"1013,1";"1013,8";"1013,1";"2,0";"54,0";"3,4";"";"0,0"
"04/04/2026";"0500";"23,9";"24,1";"23,8";"92,0";"92,0";"91,0";"22,5";"22,5";"22,4";"1012,6";"1013,1";"1012,6";"1,4";"73,0";"3,1";"";"0,0"
"04/04/2026";"0600";"23,7";"23,9";"23,7";"92,0";"93,0";"92,0";"22,4";"22,5";"22,4";"1012,1";"1012,6";"1012,1";"0,9";"49,0";"2,6";"";"0,0"
"04/04/2026";"0700";"23,4";"23,7";"23,3";"94,0";"94,0";"92,0";"22,3";"22,4";"22,1";"1011,7";"1012,1";"1011,7";"1,0";"64,0";"1,7";"";"0,0"
"04/04/2026";"0800";"23,4";"23,4";"23,2";"94,0";"94,0";"94,0";"22,4";"22,4";"22,2";"1011,5";"1011,7";"1011,4";"1,7";"24,0";"3,2";"";"0,0"
"04/04/2026";"0900";"23,7";"23,7";"23,4";"94,0";"94,0";"94,0";"22,7";"22,7";"22,3";"1011,8";"1011,9";"1011,5";"2,1";"37,0";"3,3";"1,90";"0,0"
"04/04/2026";"1000";"24,4";"24,4";"23,7";"94,0";"94,0";"94,0";"23,3";"23,3";"22,7";"1012,3";"1012,3";"1011,7";"1,4";"21,0";"3,5";"136,10";"0,0"
"04/04/2026";"1100";"27,6";"27,8";"24,4";"80,0";"94,0";"79,0";"23,8";"24,6";"23,4";"1012,8";"1012,8";"1012,3";"2,4";"28,0";"4,1";"865,20";"0,0"
"04/04/2026";"1200";"30,2";"30,2";"27,2";"69,0";"80,0";"69,0";"23,8";"24,3";"23,2";"1013,1";"1013,1";"1012,8";"2,5";"28,0";"4,5";"1764,20";"0,0"
"04/04/2026";"1300";"32,0";"32,0";"30,0";"63,0";"70,0";"63,0";"24,1";"24,6";"23,1";"1013,3";"1013,4";"1013,1";"2,2";"23,0";"4,6";"2821,50";"0,0"
"04/04/2026";"1400";"29,8";"32,0";"29,8";"67,0";"68,0";"61,0";"23,0";"24,2";"22,8";"1013,2";"1013,3";"1013,2";"2,6";"331,0";"5,4";"1417,00";"0,0"
"04/04/2026";"1500";"30,7";"30,9";"29,8";"64,0";"68,0";"62,0";"23,2";"23,5";"22,6";"1012,7";"1013,3";"1012,7";"2,7";"337,0";"4,5";"1430,20";"0,0"
"04/04/2026";"1600";"31,5";"32,1";"30,6";"62,0";"65,0";"56,0";"23,2";"23,3";"21,9";"1012,0";"1012,7";"1012,0";"2,5";"112,0";"5,0";"2365,80";"0,0"
"04/04/2026";"1700";"30,0";"31,5";"30,0";"65,0";"65,0";"61,0";"22,6";"23,7";"22,5";"1011,3";"1012,0";"1011,3";"3,2";"91,0";"7,3";"1703,90";"0,0"
"04/04/2026";"1800";"29,9";"30,9";"29,8";"63,0";"65,0";"61,0";"22,2";"23,1";"21,7";"1011,0";"1011,3";"1011,0";"3,7";"76,0";"8,2";"1860,90";"0,0"
"04/04/2026";"1900";"28,0";"30,0";"28,0";"70,0";"70,0";"63,0";"22,1";"22,3";"21,5";"1011,0";"1011,2";"1010,9";"4,0";"76,0";"8,3";"811,20";"0,0"
"04/04/2026";"2000";"26,8";"28,0";"26,8";"77,0";"77,0";"70,0";"22,5";"22,5";"21,9";"1011,4";"1011,5";"1011,0";"2,9";"64,0";"8,6";"138,70";"0,0"
"04/04/2026";"2100";"26,2";"26,8";"26,2";"79,0";"80,0";"77,0";"22,3";"22,6";"22,3";"1011,5";"1011,5";"1011,4";"2,7";"60,0";"7,7";"10,80";"0,0"
"04/04/2026";"2200";"26,1";"26,2";"26,0";"79,0";"79,0";"78,0";"22,2";"22,3";"22,1";"1012,3";"1012,3";"1011,5";"2,5";"54,0";"5,3";"";"0,0"
"04/04/2026";"2300";"26,0";"26,1";"25,9";"81,0";"81,0";"79,0";"22,5";"22,5";"22,2";"1012,7";"1012,7";"1012,3";"3,1";"45,0";"5,2";"";"0,0"
"05/04/2026";"0000";"25,8";"26,0";"25,8";"83,0";"83,0";"81,0";"22,8";"22,8";"22,5";"1013,0";"1013,0";"1012,7";"2,4";"46,0";"5,3";"";"0,0"
"05/04/2026";"0100";"25,6";"25,9";"25,5";"84,0";"84,0";"83,0";"22,7";"22,8";"22,7";"1013,1";"1013,1";"1013,0";"1,9";"43,0";"5,1";"";"0,0"
"05/04/2026";"0200";"25,3";"25,6";"25,3";"85,0";"85,0";"84,0";"22,6";"22,8";"22,6";"1012,7";"1013,1";"1012,6";"2,6";"43,0";"4,6";"";"0,0"
"05/04/2026";"0300";"25,0";"25,3";"25,0";"85,0";"85,0";"85,0";"22,3";"22,6";"22,3";"1012,4";"1012,8";"1012,3";"2,1";"57,0";"4,4";"";"0,0"
"05/04/2026";"0400";"24,3";"25,0";"24,3";"88,0";"88,0";"85,0";"22,1";"22,5";"22,1";"1011,8";"1012,4";"1011,8";"1,2";"64,0";"3,2";"";"0,0"
"05/04/2026";"0500";"24,0";"24,3";"23,7";"90,0";"90,0";"88,0";"22,2";"22,4";"21,8";"1011,4";"1011,8";"1011,3";"1,0";"88,0";"2,1";"";"0,0"
"05/04/2026";"0600";"23,7";"24,1";"23,7";"91,0";"91,0";"90,0";"22,1";"22,4";"22,1";"1011,3";"1011,4";"1011,2";"1,1";"71,0";"2,5";"";"0,0"
"05/04/2026";"0700";"23,1";"23,7";"23,0";"92,0";"92,0";"91,0";"21,7";"22,1";"21,7";"1011,1";"1011,3";"1011,0";"1,4";"17,0";"2,7";"";"0,0"
"05/04/2026";"0800";"23,2";"23,3";"23,0";"94,0";"94,0";"92,0";"22,1";"22,2";"21,7";"1011,3";"1011,3";"1011,1";"1,0";"17,0";"2,7";"";"0,0"
"05/04/2026";"0900";"23,2";"23,3";"23,1";"94,0";"94,0";"94,0";"22,2";"22,3";"22,0";"1011,8";"1011,8";"1011,3";"1,5";"16,0";"2,7";"0,10";"0,0"
"05/04/2026";"1000";"24,7";"24,7";"23,1";"91,0";"94,0";"91,0";"23,2";"23,2";"22,2";"1012,5";"1012,5";"1011,8";"2,6";"360,0";"5,0";"257,90";"0,0"
"05/04/2026";"1100";"26,3";"26,4";"24,6";"80,0";"91,0";"78,0";"22,6";"23,1";"22,2";"1013,0";"1013,1";"1012,5";"2,8";"7,0";"5,0";"1013,10";"0,0"
"05/04/2026";"1200";"29,1";"29,1";"26,4";"70,0";"80,0";"69,0";"23,1";"23,3";"22,5";"1013,3";"1013,4";"1013,0";"3,3";"347,0";"6,0";"1825,90";"0,0"
"05/04/2026";"1300";"31,3";"31,3";"29,1";"62,0";"70,0";"62,0";"23,2";"23,6";"22,6";"1013,2";"1013,4";"1013,2";"2,9";"358,0";"6,0";"2515,90";"0,0"
"05/04/2026";"1400";"32,3";"32,6";"31,2";"58,0";"63,0";"57,0";"23,1";"23,8";"22,7";"1012,7";"1013,2";"1012,7";"2,8";"341,0";"5,7";"2953,70";"0,0"
"05/04/2026";"1500";"33,2";"33,4";"32,2";"56,0";"60,0";"54,0";"23,3";"24,0";"22,4";"1011,9";"1012,7";"1011,9";"3,1";"14,0";"5,7";"3111,60";"0,0"
"05/04/2026";"1600";"31,7";"33,7";"31,7";"58,0";"58,0";"50,0";"22,4";"23,5";"21,5";"1011,2";"1011,9";"1011,2";"1,7";"336,0";"5,5";"2566,90";"0,0"
"05/04/2026";"1700";"29,7";"32,4";"29,7";"66,0";"66,0";"57,0";"22,8";"24,2";"22,2";"1011,0";"1011,2";"1010,8";"3,5";"67,0";"8,2";"1715,50";"0,0"
"05/04/2026";"1800";"29,0";"30,9";"29,0";"66,0";"68,0";"62,0";"22,0";"23,3";"21,9";"1010,6";"1011,0";"1010,4";"4,6";"72,0";"8,6";"2254,10";"0,0"
"05/04/2026";"1900";"27,9";"29,0";"27,9";"70,0";"70,0";"65,0";"22,0";"22,2";"21,3";"1011,1";"1011,3";"1010,5";"3,8";"72,0";"8,2";"630,90";"0,0"
"05/04/2026";"2000";"26,9";"27,9";"26,9";"73,0";"73,0";"70,0";"21,6";"21,9";"21,3";"1011,5";"1011,6";"1011,0";"3,3";"64,0";"7,0";"303,90";"0,0"
"05/04/2026";"2100";"26,1";"26,9";"26,0";"78,0";"78,0";"72,0";"21,9";"22,0";"21,5";"1011,6";"1011,7";"1011,4";"2,4";"60,0";"24,6";"42,40";"0,0"
"05/04/2026";"2200";"25,8";"26,2";"25,8";"81,0";"81,0";"77,0";"22,2";"22,3";"21,8";"1012,7";"1012,7";"1011,6";"1,0";"18,0";"24,6";"";"0,0"
"05/04/2026";"2300";"25,4";"25,8";"25,3";"85,0";"85,0";"81,0";"22,6";"22,7";"22,2";"1013,3";"1013,3";"1012,6";"0,8";"58,0";"2,9";"";"0,0"
"06/04/2026";"0000";"25,3";"25,4";"25,0";"85,0";"87,0";"85,0";"22,7";"22,9";"22,4";"1013,7";"1013,8";"1013,3";"0,9";"103,0";"2,1";"";"0,0"
"06/04/2026";"0100";"25,0";"25,5";"25,0";"86,0";"86,0";"85,0";"22,6";"22,8";"22,6";"1013,9";"1013,9";"1013,7";"1,1";"92,0";"2,6";"";"0,0"
"06/04/2026";"0200";"24,4";"25,0";"24,3";"89,0";"89,0";"86,0";"22,5";"22,8";"22,3";"1014,1";"1014,1";"1013,9";"0,9";"149,0";"1,9";"";"0,0"
"06/04/2026";"0300";"24,8";"25,1";"24,4";"88,0";"89,0";"87,0";"22,7";"23,1";"22,2";"1013,9";"1014,2";"1013,9";"0,9";"207,0";"1,8";"";"0,0"
"06/04/2026";"0400";"24,7";"24,9";"24,4";"88,0";"89,0";"88,0";"22,5";"22,9";"22,4";"1013,6";"1013,9";"1013,6";"1,0";"175,0";"2,1";"";"0,0"
"06/04/2026";"0500";"24,5";"25,2";"24,4";"89,0";"89,0";"86,0";"22,6";"22,9";"22,3";"1013,5";"1013,7";"1013,5";"0,8";"190,0";"2,4";"";"0,0"
"06/04/2026";"0600";"24,2";"24,8";"24,2";"91,0";"91,0";"88,0";"22,6";"22,7";"22,4";"1013,5";"1013,6";"1013,3";"1,1";"209,0";"3,0";"";"0,0"
"06/04/2026";"0700";"24,1";"24,3";"23,9";"91,0";"91,0";"90,0";"22,5";"22,7";"22,4";"1013,6";"1013,7";"1013,3";"1,4";"206,0";"3,3";"";"0,0"
"06/04/2026";"0800";"23,7";"24,1";"23,5";"92,0";"92,0";"91,0";"22,4";"22,6";"22,1";"1013,9";"1013,9";"1013,6";"0,9";"202,0";"3,3";"";"0,0"
"06/04/2026";"0900";"23,3";"23,7";"23,1";"93,0";"93,0";"92,0";"22,2";"22,4";"21,9";"1014,6";"1014,6";"1013,9";"1,1";"224,0";"2,4";"1,20";"0,0"
"06/04/2026";"1000";"25,6";"25,6";"23,2";"88,0";"94,0";"88,0";"23,5";"23,6";"22,1";"1014,9";"1014,9";"1014,6";"0,5";"199,0";"1,8";"292,60";"0,0"
"06/04/2026";"1100";"27,7";"27,7";"25,6";"78,0";"88,0";"77,0";"23,4";"23,8";"22,8";"1015,4";"1015,4";"1014,9";"0,8";"79,0";"1,8";"929,20";"0,0"
"06/04/2026";"1200";"28,1";"29,4";"27,1";"68,0";"78,0";"66,0";"21,5";"23,6";"21,5";"1015,5";"1015,5";"1015,4";"2,3";"65,0";"4,9";"1897,90";"0,0"
"06/04/2026";"1300";"29,4";"29,8";"27,9";"62,0";"70,0";"62,0";"21,4";"23,1";"21,2";"1015,5";"1015,7";"1015,5";"1,6";"59,0";"4,9";"2134,10";"0,0"
"06/04/2026";"1400";"29,1";"30,7";"28,9";"63,0";"67,0";"59,0";"21,3";"22,9";"20,8";"1014,9";"1015,5";"1014,9";"1,7";"77,0";"5,1";"2046,40";"0,0"
"06/04/2026";"1500";"30,2";"31,4";"29,0";"57,0";"65,0";"56,0";"20,7";"22,7";"20,5";"1014,3";"1014,9";"1014,3";"1,8";"63,0";"5,8";"2441,80";"0,0"
"06/04/2026";"1600";"30,9";"31,4";"29,9";"57,0";"61,0";"54,0";"21,4";"22,5";"20,3";"1013,8";"1014,3";"1013,8";"3,0";"74,0";"7,7";"2582,60";"0,0"
"06/04/2026";"1700";"31,3";"32,0";"30,7";"52,0";"57,0";"51,0";"20,2";"21,6";"20,1";"1013,2";"1013,8";"1013,2";"3,1";"78,0";"7,7";"2903,80";"0,0"
"06/04/2026";"1800";"30,5";"31,5";"30,5";"56,0";"58,0";"49,0";"20,8";"21,2";"19,1";"1012,9";"1013,2";"1012,9";"3,6";"76,0";"6,9";"2391,90";"0,0"
"06/04/2026";"1900";"29,0";"30,5";"29,0";"62,0";"63,0";"55,0";"20,9";"21,7";"20,4";"1013,4";"1013,4";"1012,8";"3,8";"86,0";"8,0";"1668,60";"0,0"
"06/04/2026";"2000";"27,5";"29,0";"27,5";"66,0";"66,0";"60,0";"20,7";"21,2";"19,9";"1013,8";"1013,8";"1013,4";"4,0";"84,0";"6,9";"813,30";"0,0"
"06/04/2026";"2100";"25,7";"27,6";"25,7";"80,0";"80,0";"66,0";"22,0";"22,0";"20,5";"1014,2";"1014,3";"1013,8";"2,7";"79,0";"6,8";"92,40";"0,0"
"06/04/2026";"2200";"25,1";"25,7";"25,1";"85,0";"85,0";"80,0";"22,4";"22,5";"22,0";"1014,2";"1014,2";"1014,0";"1,3";"98,0";"5,3";"";"0,0"
"06/04/2026";"2300";"24,0";"25,3";"24,0";"90,0";"90,0";"85,0";"22,2";"22,8";"22,2";"1015,0";"1015,0";"1014,2";"0,9";"46,0";"4,5";"";"0,0"
"07/04/2026";"0000";"23,8";"24,0";"23,7";"92,0";"92,0";"90,0";"22,4";"22,6";"22,1";"1015,3";"1015,4";"1015,0";"1,0";"43,0";"1,7";"";"0,0"
"07/04/2026";"0100";"23,5";"23,8";"23,1";"93,0";"93,0";"92,0";"22,4";"22,5";"21,8";"1015,8";"1015,8";"1015,3";"1,0";"273,0";"1,7";"";"0,0"
"07/04/2026";"0200";"23,6";"23,6";"23,4";"94,0";"94,0";"93,0";"22,5";"22,5";"22,3";"1016,0";"1016,0";"1015,8";"1,0";"245,0";"1,6";"";"0,0"
"07/04/2026";"0300";"23,3";"23,6";"23,3";"94,0";"94,0";"93,0";"22,3";"22,6";"22,2";"1015,8";"1016,0";"1015,7";"1,2";"231,0";"1,5";"";"0,0"
"07/04/2026";"0400";"23,4";"23,7";"23,3";"94,0";"94,0";"94,0";"22,3";"22,6";"22,2";"1015,2";"1015,8";"1015,2";"0,8";"116,0";"1,8";"";"0,0"
"07/04/2026";"0500";"23,6";"23,9";"23,3";"94,0";"94,0";"94,0";"22,6";"22,8";"22,2";"1014,9";"1015,2";"1014,8";"0,7";"235,0";"1,4";"";"0,0"
"07/04/2026";"0600";"23,2";"23,7";"23,1";"94,0";"94,0";"93,0";"22,1";"22,7";"22,0";"1014,7";"1015,0";"1014,5";"0,8";"275,0";"1,5";"";"0,0"
"07/04/2026";"0700";"22,8";"23,2";"22,8";"94,0";"94,0";"94,0";"21,8";"22,1";"21,8";"1014,7";"1014,8";"1014,6";"0,9";"217,0";"2,1";"";"0,0"
"07/04/2026";"0800";"22,8";"23,0";"22,5";"95,0";"95,0";"94,0";"21,9";"22,1";"21,5";"1014,9";"1014,9";"1014,7";"0,8";"245,0";"2,7";"";"0,0"
"07/04/2026";"0900";"22,4";"23,0";"22,4";"95,0";"95,0";"94,0";"21,4";"22,1";"21,4";"1015,3";"1015,3";"1014,9";"1,5";"230,0";"2,2";"";"0,0"
"07/04/2026";"1000";"24,1";"24,2";"22,2";"95,0";"95,0";"95,0";"23,3";"23,4";"21,3";"1015,6";"1015,6";"1015,3";"0,3";"239,0";"2,2";"188,70";"0,0"
"07/04/2026";"1100";"26,7";"27,1";"24,1";"82,0";"95,0";"82,0";"23,3";"24,7";"23,3";"1016,3";"1016,4";"1015,5";"0,7";"154,0";"1,7";"966,00";"0,0"
"07/04/2026";"1200";"26,1";"28,7";"25,6";"85,0";"87,0";"72,0";"23,3";"24,3";"22,6";"1016,4";"1016,4";"1016,1";"2,7";"99,0";"5,4";"1405,40";"0,0"
"07/04/2026";"1300";"28,3";"28,4";"26,1";"73,0";"85,0";"70,0";"22,9";"24,1";"21,8";"1016,4";"1016,4";"1016,3";"1,6";"95,0";"5,4";"2208,50";"0,0"
"07/04/2026";"1400";"27,4";"28,5";"26,3";"73,0";"84,0";"69,0";"22,0";"23,7";"21,8";"1015,8";"1016,4";"1015,8";"1,6";"75,0";"5,9";"1029,60";"0,0"
"07/04/2026";"1500";"28,9";"29,9";"27,4";"66,0";"73,0";"64,0";"22,0";"23,5";"21,6";"1014,9";"1015,8";"1014,9";"3,1";"75,0";"5,6";"2084,40";"0,0"
"07/04/2026";"1600";"29,7";"30,9";"28,8";"62,0";"69,0";"61,0";"21,6";"22,9";"21,4";"1014,1";"1014,9";"1014,1";"2,1";"79,0";"5,6";"2381,10";"0,0"
"07/04/2026";"1700";"29,8";"30,6";"29,2";"63,0";"66,0";"61,0";"21,9";"22,8";"21,4";"1013,5";"1014,1";"1013,5";"2,9";"75,0";"5,8";"2121,90";"0,0"
"07/04/2026";"1800";"29,8";"30,6";"29,5";"63,0";"65,0";"60,0";"22,1";"22,7";"21,3";"1013,0";"1013,5";"1013,0";"2,7";"86,0";"6,9";"2365,80";"0,0"
"07/04/2026";"1900";"29,1";"30,1";"29,1";"63,0";"65,0";"61,0";"21,4";"22,5";"21,3";"1012,9";"1013,0";"1012,9";"3,0";"74,0";"5,5";"1636,20";"0,0"
"07/04/2026";"2000";"27,7";"29,2";"27,7";"70,0";"70,0";"63,0";"21,7";"22,2";"21,6";"1012,8";"1012,9";"1012,8";"3,4";"80,0";"5,7";"806,80";"0,0"
"07/04/2026";"2100";"25,5";"27,7";"25,5";"81,0";"81,0";"70,0";"22,0";"22,2";"21,8";"1012,7";"1012,9";"1012,7";"2,0";"65,0";"5,6";"98,30";"0,0"
"07/04/2026";"2200";"24,7";"25,5";"24,7";"88,0";"88,0";"81,0";"22,6";"22,6";"22,0";"1013,1";"1013,1";"1012,7";"1,8";"73,0";"4,3";"";"0,0"
"07/04/2026";"2300";"24,0";"24,7";"24,0";"91,0";"91,0";"88,0";"22,5";"22,7";"22,4";"1013,5";"1013,5";"1013,0";"1,6";"42,0";"3,5";"";"0,0"
"08/04/2026";"0000";"24,0";"24,3";"23,9";"92,0";"93,0";"91,0";"22,7";"23,0";"22,4";"1013,7";"1013,7";"1013,4";"1,2";"47,0";"2,9";"";"0,0"
"08/04/2026";"0100";"23,4";"24,0";"23,3";"94,0";"94,0";"92,0";"22,3";"22,7";"22,2";"1013,6";"1013,7";"1013,6";"0,6";"312,0";"2,1";"";"0,0"
"08/04/2026";"0200";"23,3";"23,6";"23,2";"94,0";"94,0";"94,0";"22,3";"22,5";"22,2";"1013,4";"1013,7";"1013,3";"1,2";"33,0";"2,0";"";"0,0"
"08/04/2026";"0300";"23,8";"23,9";"22,9";"94,0";"95,0";"94,0";"22,8";"22,9";"21,9";"1012,9";"1013,4";"1012,9";"1,7";"43,0";"3,4";"";"0,0"
"08/04/2026";"0400";"23,2";"23,8";"23,1";"94,0";"95,0";"94,0";"22,2";"22,9";"22,1";"1012,3";"1012,9";"1012,3";"0,9";"23,0";"2,5";"";"0,0"
"08/04/2026";"0500";"22,7";"23,5";"22,7";"94,0";"95,0";"94,0";"21,8";"22,5";"21,8";"1011,9";"1012,3";"1011,9";"0,7";"11,0";"2,3";"";"0,0"
"08/04/2026";"0600";"23,3";"23,3";"22,5";"95,0";"95,0";"94,0";"22,4";"22,4";"21,6";"1011,5";"1011,9";"1011,4";"1,8";"60,0";"2,7";"";"0,0"
"08/04/2026";"0700";"23,2";"23,3";"22,9";"95,0";"95,0";"95,0";"22,3";"22,5";"22,0";"1011,3";"1011,5";"1011,3";"2,1";"13,0";"3,4";"";"0,2"
"08/04/2026";"0800";"22,7";"23,2";"22,7";"95,0";"95,0";"95,0";"21,9";"22,3";"21,9";"1011,5";"1011,5";"1011,1";"1,9";"358,0";"3,8";"";"0,0"
"08/04/2026";"0900";"22,6";"22,7";"22,5";"95,0";"95,0";"95,0";"21,8";"21,8";"21,7";"1011,5";"1011,5";"1011,3";"2,3";"4,0";"3,8";"";"0,0"
"08/04/2026";"1000";"24,2";"24,2";"22,6";"95,0";"95,0";"95,0";"23,4";"23,4";"21,8";"1012,0";"1012,0";"1011,5";"1,1";"15,0";"4,8";"284,30";"0,0"
"08/04/2026";"1100";"26,3";"26,3";"24,2";"86,0";"95,0";"86,0";"23,8";"24,1";"23,4";"1012,4";"1012,5";"1012,0";"2,7";"344,0";"5,0";"1040,70";"0,0"
"08/04/2026";"1200";"29,5";"29,5";"26,2";"66,0";"86,0";"65,0";"22,5";"24,1";"22,1";"1012,8";"1012,8";"1012,4";"3,3";"351,0";"5,1";"1850,80";"0,0"
"08/04/2026";"1300";"30,9";"31,0";"29,5";"58,0";"67,0";"57,0";"21,6";"23,1";"21,6";"1012,6";"1012,8";"1012,5";"3,7";"334,0";"7,7";"2500,70";"0,0"
"08/04/2026";"1400";"32,4";"32,4";"30,8";"53,0";"58,0";"53,0";"21,7";"22,0";"20,9";"1011,8";"1012,6";"1011,8";"4,5";"337,0";"8,1";"2954,90";"0,0"
"08/04/2026";"1500";"33,0";"33,0";"32,1";"51,0";"55,0";"51,0";"21,6";"22,2";"21,2";"1010,7";"1011,8";"1010,7";"4,5";"343,0";"9,0";"3161,20";"0,0"
"08/04/2026";"1600";"33,2";"33,3";"32,5";"49,0";"54,0";"49,0";"21,0";"22,2";"20,8";"1009,6";"1010,7";"1009,6";"4,2";"336,0";"9,2";"3100,50";"0,0"
"08/04/2026";"1700";"33,7";"33,9";"32,7";"48,0";"51,0";"47,0";"21,3";"21,9";"20,6";"1008,7";"1009,6";"1008,7";"3,8";"344,0";"8,4";"2817,50";"0,0"
"08/04/2026";"1800";"33,7";"34,0";"33,4";"47,0";"49,0";"46,0";"20,9";"21,6";"20,4";"1008,3";"1008,7";"1008,2";"3,3";"353,0";"7,4";"2297,30";"0,0"
"08/04/2026";"1900";"33,4";"33,9";"33,1";"51,0";"52,0";"47,0";"21,8";"21,9";"20,9";"1008,1";"1008,3";"1008,1";"2,6";"329,0";"6,3";"1586,50";"0,0"
"08/04/2026";"2000";"30,2";"33,4";"30,2";"62,0";"62,0";"50,0";"22,1";"22,2";"21,1";"1008,0";"1008,1";"1008,0";"2,1";"67,0";"5,1";"767,80";"0,0"
"08/04/2026";"2100";"28,2";"30,2";"28,2";"71,0";"71,0";"62,0";"22,5";"22,8";"22,2";"1008,1";"1008,2";"1008,0";"2,6";"54,0";"4,4";"57,70";"0,0"
"08/04/2026";"2200";"26,6";"28,2";"26,5";"79,0";"79,0";"71,0";"22,7";"22,7";"22,4";"1008,6";"1008,6";"1008,0";"2,1";"44,0";"4,3";"";"0,0"
"08/04/2026";"2300";"25,6";"26,6";"25,6";"86,0";"86,0";"79,0";"23,1";"23,1";"22,7";"1009,2";"1009,3";"1008,6";"1,9";"41,0";"5,0";"";"0,0"
"09/04/2026";"0000";"25,4";"25,7";"25,4";"89,0";"89,0";"86,0";"23,4";"23,5";"23,1";"1009,7";"1009,8";"1009,2";"2,5";"53,0";"3,9";"";"0,0"
"09/04/2026";"0100";"25,7";"25,8";"25,2";"76,0";"90,0";"76,0";"21,2";"23,5";"21,2";"1009,3";"1010,1";"1009,3";"2,0";"339,0";"4,1";"";"0,0"
"09/04/2026";"0200";"25,7";"25,9";"25,5";"67,0";"76,0";"66,0";"19,0";"21,1";"18,9";"1008,7";"1009,3";"1008,7";"2,6";"340,0";"5,3";"";"0,0"
"09/04/2026";"0300";"24,1";"25,7";"24,1";"73,0";"73,0";"67,0";"19,0";"19,3";"18,9";"1008,5";"1008,8";"1008,5";"2,3";"346,0";"5,2";"";"0,0"
"09/04/2026";"0400";"24,2";"24,4";"23,9";"72,0";"74,0";"71,0";"18,8";"19,0";"18,8";"1008,0";"1008,5";"1008,0";"2,8";"322,0";"6,3";"";"0,0"
"09/04/2026";"0500";"23,8";"24,5";"23,7";"75,0";"75,0";"71,0";"19,2";"19,2";"18,8";"1007,5";"1008,0";"1007,5";"2,7";"338,0";"5,8";"";"0,0"
"09/04/2026";"0600";"23,0";"23,9";"23,0";"81,0";"81,0";"75,0";"19,6";"19,6";"19,2";"1007,8";"1007,8";"1007,5";"2,1";"12,0";"4,7";"";"0,0"
"09/04/2026";"0700";"23,3";"23,5";"23,0";"80,0";"82,0";"79,0";"19,7";"19,8";"19,6";"1007,5";"1007,8";"1007,4";"3,1";"8,0";"5,6";"";"0,0"
"09/04/2026";"0800";"24,1";"24,1";"23,3";"77,0";"81,0";"76,0";"19,7";"19,9";"19,6";"1007,7";"1007,9";"1007,5";"4,2";"351,0";"6,8";"";"0,0"
"09/04/2026";"0900";"24,1";"24,2";"24,0";"77,0";"78,0";"76,0";"19,9";"19,9";"19,7";"1008,2";"1008,2";"1007,7";"4,1";"353,0";"7,6";"0,60";"0,0"
"09/04/2026";"1000";"24,8";"24,8";"24,1";"75,0";"77,0";"75,0";"20,0";"20,0";"19,8";"1008,9";"1008,9";"1008,2";"2,9";"336,0";"7,4";"140,60";"0,0"
"09/04/2026";"1100";"27,5";"27,5";"24,8";"67,0";"75,0";"67,0";"21,0";"21,0";"19,9";"1009,2";"1009,2";"1008,8";"4,2";"342,0";"7,1";"801,90";"0,0"
"09/04/2026";"1200";"31,0";"31,0";"27,6";"54,0";"68,0";"54,0";"20,8";"21,7";"20,5";"1009,3";"1009,3";"1009,2";"3,3";"332,0";"6,5";"1870,30";"0,0"
"09/04/2026";"1300";"32,7";"33,0";"31,0";"48,0";"55,0";"47,0";"20,2";"21,0";"20,0";"1009,2";"1009,3";"1009,2";"4,4";"315,0";"8,3";"2483,40";"0,0"
"09/04/2026";"1400";"33,5";"33,7";"32,6";"45,0";"48,0";"44,0";"19,9";"20,6";"19,6";"1008,7";"1009,2";"1008,7";"5,2";"304,0";"9,3";"2962,50";"0,0"
"09/04/2026";"1500";"34,6";"34,6";"33,5";"44,0";"46,0";"43,0";"20,6";"20,7";"19,6";"1008,1";"1008,7";"1008,1";"3,8";"312,0";"8,8";"3139,50";"0,0"
"09/04/2026";"1600";"33,1";"35,1";"33,0";"46,0";"46,0";"41,0";"19,9";"21,3";"19,3";"1007,8";"1008,1";"1007,8";"2,4";"215,0";"8,0";"2737,10";"0,0"
"09/04/2026";"1700";"31,4";"33,7";"31,4";"52,0";"53,0";"45,0";"20,4";"20,9";"19,2";"1007,5";"1007,8";"1007,4";"3,1";"162,0";"7,2";"1189,20";"0,0"
"09/04/2026";"1800";"31,8";"32,8";"31,3";"54,0";"54,0";"50,0";"21,3";"21,7";"20,2";"1007,3";"1007,5";"1007,2";"3,4";"165,0";"7,6";"2016,60";"0,0"
"09/04/2026";"1900";"30,2";"32,3";"30,2";"59,0";"60,0";"52,0";"21,3";"22,0";"21,0";"1007,7";"1007,8";"1007,2";"2,8";"186,0";"8,9";"1474,50";"0,0"
"09/04/2026";"2000";"28,3";"30,4";"28,3";"65,0";"65,0";"59,0";"21,1";"21,5";"20,8";"1008,5";"1008,5";"1007,7";"2,8";"184,0";"9,2";"634,30";"0,0"
"09/04/2026";"2100";"27,7";"28,3";"27,7";"65,0";"67,0";"65,0";"20,7";"21,2";"20,7";"1009,2";"1009,2";"1008,5";"3,2";"200,0";"8,5";"23,00";"0,0"
"09/04/2026";"2200";"26,9";"27,7";"26,9";"71,0";"71,0";"65,0";"21,2";"21,2";"20,6";"1009,9";"1009,9";"1009,2";"2,6";"190,0";"8,5";"";"0,0"
"09/04/2026";"2300";"26,7";"27,0";"26,6";"74,0";"75,0";"71,0";"21,7";"21,8";"21,2";"1010,6";"1010,6";"1009,8";"2,8";"198,0";"8,0";"";"0,0"
"10/04/2026";"0000";"26,1";"26,7";"26,0";"81,0";"81,0";"74,0";"22,6";"22,6";"21,7";"1011,3";"1011,4";"1010,5";"3,2";"200,0";"7,7";"";"0,0"
"10/04/2026";"0100";"25,8";"26,1";"25,7";"82,0";"82,0";"81,0";"22,5";"22,6";"22,4";"1011,5";"1011,6";"1011,2";"2,7";"200,0";"7,7";"";"0,0"
"10/04/2026";"0200";"25,7";"26,0";"25,7";"82,0";"82,0";"81,0";"22,4";"22,6";"22,4";"1011,9";"1011,9";"1011,5";"3,8";"206,0";"8,9";"";"0,0"
"10/04/2026";"0300";"25,0";"25,7";"24,9";"84,0";"85,0";"82,0";"22,0";"22,5";"22,0";"1012,3";"1012,3";"1011,8";"2,8";"219,0";"8,8";"";"0,0"
"10/04/2026";"0400";"24,4";"25,0";"24,3";"90,0";"90,0";"84,0";"22,6";"22,6";"22,0";"1012,0";"1012,4";"1012,0";"3,0";"217,0";"5,6";"";"0,0"
"10/04/2026";"0500";"24,2";"24,6";"24,2";"88,0";"90,0";"86,0";"22,1";"22,6";"22,1";"1011,6";"1012,0";"1011,6";"3,3";"225,0";"6,5";"";"0,0"
"10/04/2026";"0600";"24,2";"24,2";"23,9";"86,0";"90,0";"86,0";"21,8";"22,2";"21,8";"1011,7";"1011,7";"1011,4";"3,1";"226,0";"5,6";"";"0,0"
"10/04/2026";"0700";"24,2";"24,4";"24,2";"83,0";"86,0";"83,0";"21,1";"21,8";"21,1";"1011,7";"1011,7";"1011,4";"2,8";"217,0";"5,0";"";"0,0"
"10/04/2026";"0800";"24,1";"24,3";"24,0";"81,0";"83,0";"80,0";"20,6";"21,1";"20,6";"1012,0";"1012,0";"1011,5";"2,8";"215,0";"5,1";"";"0,0"
"10/04/2026";"0900";"24,1";"24,2";"23,9";"82,0";"82,0";"80,0";"20,8";"20,8";"20,6";"1012,4";"1012,4";"1012,0";"2,4";"211,0";"4,7";"";"0,0"
"10/04/2026";"1000";"24,5";"24,5";"24,0";"80,0";"82,0";"80,0";"20,9";"20,9";"20,7";"1013,1";"1013,1";"1012,4";"2,6";"207,0";"6,0";"123,90";"0,0"
"10/04/2026";"1100";"25,3";"25,5";"24,5";"78,0";"80,0";"77,0";"21,2";"21,3";"20,7";"1013,8";"1013,8";"1013,2";"2,2";"222,0";"6,0";"576,80";"0,0"
"10/04/2026";"1200";"26,8";"27,1";"25,3";"70,0";"79,0";"69,0";"20,9";"21,8";"20,7";"1014,5";"1014,5";"1013,8";"1,9";"201,0";"5,0";"1177,10";"0,0"
"10/04/2026";"1300";"27,6";"28,0";"26,6";"67,0";"73,0";"66,0";"20,8";"21,9";"20,7";"1014,7";"1014,7";"1014,5";"2,2";"198,0";"6,6";"1516,60";"0,0"
"10/04/2026";"1400";"26,4";"27,6";"26,4";"70,0";"71,0";"65,0";"20,6";"21,0";"20,0";"1014,6";"1014,7";"1014,6";"2,2";"206,0";"6,5";"1066,60";"0,0"
"10/04/2026";"1500";"22,8";"26,6";"22,8";"88,0";"88,0";"70,0";"20,7";"21,3";"20,4";"1014,8";"1014,8";"1014,5";"2,1";"188,0";"7,8";"377,60";"1,0"
"10/04/2026";"1600";"23,5";"24,1";"22,8";"88,0";"89,0";"85,0";"21,3";"21,9";"20,7";"1014,2";"1014,8";"1014,1";"3,0";"231,0";"5,4";"382,60";"0,2"
"10/04/2026";"1700";"22,2";"23,5";"22,2";"90,0";"91,0";"88,0";"20,5";"21,8";"20,4";"1014,2";"1014,2";"1014,1";"2,8";"198,0";"7,6";"358,10";"1,0"
"10/04/2026";"1800";"23,5";"23,5";"22,2";"84,0";"90,0";"80,0";"20,5";"20,6";"19,7";"1013,5";"1014,2";"1013,5";"1,5";"173,0";"6,7";"427,10";"0,8"
"10/04/2026";"1900";"23,8";"23,9";"23,4";"83,0";"86,0";"82,0";"20,7";"21,2";"20,2";"1013,7";"1013,8";"1013,4";"1,2";"186,0";"5,3";"328,80";"0,0"
"10/04/2026";"2000";"22,7";"24,0";"22,7";"89,0";"89,0";"82,0";"20,9";"21,0";"20,7";"1014,3";"1014,3";"1013,7";"2,3";"227,0";"4,7";"100,60";"0,0"
"10/04/2026";"2100";"21,6";"22,7";"21,6";"92,0";"92,0";"89,0";"20,3";"20,9";"20,3";"1014,7";"1014,8";"1014,3";"3,5";"228,0";"6,0";"10,60";"0,4"
"10/04/2026";"2200";"21,6";"21,9";"21,6";"90,0";"92,0";"89,0";"19,9";"20,3";"19,9";"1015,2";"1015,2";"1014,7";"2,4";"227,0";"5,9";"";"0,0"
"10/04/2026";"2300";"21,2";"21,6";"21,1";"91,0";"91,0";"90,0";"19,7";"19,9";"19,6";"1015,9";"1015,9";"1015,2";"1,5";"227,0";"4,8";"";"0,0"
"11/04/2026";"0000";"21,6";"21,6";"21,1";"91,0";"92,0";"91,0";"20,1";"20,1";"19,6";"1016,6";"1016,6";"1015,9";"0,5";"173,0";"2,3";"";"0,0"
"11/04/2026";"0100";"22,4";"22,4";"21,6";"84,0";"91,0";"84,0";"19,6";"20,2";"19,6";"1016,7";"1016,7";"1016,5";"2,7";"213,0";"5,4";"";"0,0"
"11/04/2026";"0200";"22,1";"22,5";"22,1";"84,0";"84,0";"83,0";"19,2";"19,6";"19,2";"1016,7";"1016,7";"1016,5";"3,6";"213,0";"6,4";"0,40";"0,0"
"11/04/2026";"0300";"22,0";"22,1";"21,9";"84,0";"84,0";"83,0";"19,2";"19,2";"19,1";"1016,3";"1016,7";"1016,3";"2,1";"215,0";"6,1";"";"0,0"
"11/04/2026";"0400";"22,1";"22,1";"21,9";"83,0";"86,0";"83,0";"19,1";"19,4";"19,1";"1016,2";"1016,4";"1016,1";"2,1";"218,0";"4,2";"";"0,0"
"11/04/2026";"0500";"22,2";"22,3";"21,8";"82,0";"85,0";"81,0";"18,9";"19,2";"18,9";"1016,0";"1016,3";"1016,0";"3,4";"209,0";"7,1";"";"0,0"
"11/04/2026";"0600";"21,7";"22,2";"21,7";"87,0";"87,0";"82,0";"19,5";"19,5";"18,9";"1015,9";"1016,0";"1015,8";"3,5";"215,0";"7,7";"";"0,0"
"11/04/2026";"0700";"21,4";"21,7";"21,4";"89,0";"89,0";"87,0";"19,5";"19,5";"19,5";"1015,7";"1015,9";"1015,7";"3,2";"218,0";"7,0";"";"0,0"
"11/04/2026";"0800";"21,3";"21,4";"21,1";"89,0";"90,0";"89,0";"19,4";"19,5";"19,4";"1015,8";"1015,8";"1015,7";"2,4";"212,0";"5,9";"";"0,2"
"11/04/2026";"0900";"21,1";"21,3";"21,1";"88,0";"89,0";"88,0";"19,1";"19,4";"19,0";"1016,3";"1016,3";"1015,8";"1,9";"217,0";"5,2";"";"0,0"
"11/04/2026";"1000";"21,6";"21,6";"21,1";"86,0";"88,0";"86,0";"19,2";"19,3";"19,1";"1017,3";"1017,3";"1016,3";"2,4";"206,0";"4,7";"107,00";"0,0"
"11/04/2026";"1100";"22,4";"22,4";"21,6";"81,0";"87,0";"81,0";"19,0";"19,5";"19,0";"1017,8";"1017,9";"1017,3";"2,2";"208,0";"5,4";"330,40";"0,0"
"11/04/2026";"1200";"23,6";"23,7";"22,4";"74,0";"81,0";"74,0";"18,7";"19,1";"18,4";"1018,0";"1018,0";"1017,8";"2,1";"212,0";"5,6";"701,00";"0,0"
"11/04/2026";"1300";"25,9";"25,9";"23,6";"70,0";"77,0";"69,0";"20,1";"20,1";"18,8";"1018,0";"1018,3";"1018,0";"3,7";"217,0";"6,5";"1538,30";"0,0"
"11/04/2026";"1400";"27,6";"27,6";"25,7";"60,0";"71,0";"60,0";"19,2";"20,7";"18,0";"1017,7";"1018,0";"1017,7";"2,7";"184,0";"6,9";"2946,90";"0,0"
"11/04/2026";"1500";"27,4";"27,9";"25,6";"61,0";"67,0";"59,0";"19,2";"19,9";"18,4";"1017,2";"1017,7";"1017,2";"2,9";"199,0";"8,5";"2441,30";"0,0"
"11/04/2026";"1600";"26,2";"27,3";"26,2";"59,0";"64,0";"57,0";"17,6";"19,5";"17,2";"1016,8";"1017,2";"1016,8";"2,8";"175,0";"9,4";"1766,40";"0,0"
"11/04/2026";"1700";"26,0";"26,5";"25,9";"63,0";"64,0";"59,0";"18,5";"18,7";"17,8";"1016,4";"1016,8";"1016,4";"2,4";"190,0";"7,5";"1112,40";"0,0"
"11/04/2026";"1800";"25,6";"26,0";"25,5";"65,0";"67,0";"62,0";"18,5";"19,2";"18,2";"1016,3";"1016,4";"1016,3";"3,4";"167,0";"7,4";"836,30";"0,0"
"11/04/2026";"1900";"25,0";"25,7";"25,0";"70,0";"70,0";"65,0";"19,1";"19,4";"18,7";"1016,7";"1016,7";"1016,3";"2,5";"194,0";"7,4";"556,70";"0,0"
"11/04/2026";"2000";"24,5";"25,0";"24,5";"72,0";"73,0";"70,0";"19,2";"19,3";"19,1";"1017,1";"1017,1";"1016,7";"2,6";"202,0";"6,5";"269,90";"0,0"
"11/04/2026";"2100";"23,8";"24,5";"23,8";"76,0";"76,0";"72,0";"19,4";"19,4";"19,0";"1017,5";"1017,5";"1017,1";"1,7";"200,0";"6,7";"27,30";"0,0"
"11/04/2026";"2200";"23,3";"23,9";"23,3";"79,0";"79,0";"76,0";"19,5";"19,5";"19,4";"1018,0";"1018,0";"1017,5";"2,3";"206,0";"5,9";"";"0,0"
"11/04/2026";"2300";"22,9";"23,3";"22,8";"84,0";"84,0";"79,0";"20,0";"20,0";"19,5";"1018,9";"1018,9";"1018,0";"1,5";"198,0";"4,5";"";"0,0"
"12/04/2026";"0000";"22,7";"23,1";"22,7";"85,0";"85,0";"83,0";"20,1";"20,1";"19,9";"1019,2";"1019,2";"1018,9";"1,9";"198,0";"4,3";"";"0,0"
"12/04/2026";"0100";"22,5";"22,7";"22,4";"85,0";"86,0";"85,0";"19,9";"20,1";"19,9";"1019,2";"1019,4";"1019,2";"2,5";"216,0";"5,2";"";"0,0"
"12/04/2026";"0200";"22,3";"22,5";"22,1";"85,0";"86,0";"84,0";"19,6";"19,9";"19,6";"1019,0";"1019,2";"1019,0";"2,3";"213,0";"5,3";"";"0,0"
"12/04/2026";"0300";"21,5";"22,5";"21,5";"88,0";"88,0";"84,0";"19,5";"19,7";"19,4";"1018,4";"1019,0";"1018,4";"2,5";"221,0";"4,7";"";"0,0"
"12/04/2026";"0400";"21,4";"21,5";"21,2";"88,0";"89,0";"88,0";"19,2";"19,5";"19,2";"1017,9";"1018,4";"1017,9";"2,9";"218,0";"4,4";"";"0,0"
"12/04/2026";"0500";"21,4";"21,6";"21,3";"88,0";"88,0";"86,0";"19,3";"19,4";"19,1";"1017,4";"1017,9";"1017,4";"3,0";"220,0";"6,4";"";"0,0"
"12/04/2026";"0600";"20,6";"21,4";"20,6";"91,0";"91,0";"88,0";"19,1";"19,4";"19,1";"1016,9";"1017,5";"1016,9";"2,2";"211,0";"5,1";"";"0,0"
"12/04/2026";"0700";"20,6";"21,0";"20,6";"91,0";"92,0";"91,0";"19,2";"19,5";"19,1";"1016,9";"1017,0";"1016,8";"2,0";"230,0";"4,4";"";"0,0"
"12/04/2026";"0800";"20,2";"20,6";"20,1";"93,0";"93,0";"91,0";"19,1";"19,1";"18,9";"1017,3";"1017,3";"1016,9";"1,6";"239,0";"3,3";"";"0,0"
"12/04/2026";"0900";"20,1";"20,5";"20,1";"93,0";"94,0";"93,0";"19,0";"19,4";"19,0";"1017,7";"1017,7";"1017,3";"1,5";"231,0";"2,1";"2,00";"0,0"
"12/04/2026";"1000";"21,9";"22,0";"20,1";"90,0";"94,0";"90,0";"20,2";"20,8";"19,0";"1018,5";"1018,5";"1017,7";"1,4";"210,0";"2,6";"277,30";"0,0"
"12/04/2026";"1100";"24,7";"24,7";"21,9";"78,0";"90,0";"78,0";"20,7";"21,0";"20,1";"1018,8";"1018,8";"1018,5";"1,8";"223,0";"3,6";"1068,50";"0,0"
"12/04/2026";"1200";"26,6";"26,9";"24,7";"70,0";"79,0";"68,0";"20,6";"21,5";"20,1";"1019,0";"1019,0";"1018,8";"1,8";"213,0";"3,9";"1846,30";"0,0"
"12/04/2026";"1300";"26,4";"27,6";"26,3";"70,0";"73,0";"65,0";"20,5";"21,7";"19,7";"1018,8";"1019,0";"1018,8";"1,4";"161,0";"5,1";"1840,00";"0,0"
"12/04/2026";"1400";"26,4";"26,7";"25,0";"70,0";"78,0";"65,0";"20,5";"21,1";"19,6";"1018,5";"1018,8";"1018,5";"0,9";"60,0";"4,3";"968,60";"0,4"
"12/04/2026";"1500";"24,3";"28,4";"24,3";"82,0";"83,0";"61,0";"21,1";"21,4";"19,8";"1017,8";"1018,5";"1017,8";"2,1";"140,0";"8,0";"1893,30";"1,2"
"12/04/2026";"1600";"24,7";"26,2";"24,1";"79,0";"87,0";"75,0";"20,8";"23,4";"20,6";"1017,0";"1017,8";"1017,0";"3,0";"145,0";"5,0";"1219,60";"0,8"
"12/04/2026";"1700";"25,4";"25,4";"23,7";"73,0";"86,0";"73,0";"20,1";"21,7";"20,1";"1016,1";"1017,0";"1016,1";"2,5";"140,0";"7,1";"1373,70";"0,2"
"12/04/2026";"1800";"25,7";"26,2";"25,4";"72,0";"77,0";"68,0";"20,3";"21,5";"19,5";"1015,9";"1016,1";"1015,9";"1,8";"148,0";"7,3";"1379,10";"0,0"
"12/04/2026";"1900";"26,2";"26,4";"25,7";"67,0";"74,0";"65,0";"19,6";"20,7";"19,2";"1015,7";"1015,9";"1015,7";"1,6";"161,0";"4,1";"592,50";"0,0"
"12/04/2026";"2000";"25,5";"26,3";"25,5";"73,0";"73,0";"64,0";"20,3";"20,3";"18,7";"1016,2";"1016,2";"1015,7";"2,6";"153,0";"6,7";"232,00";"0,0"
"12/04/2026";"2100";"24,5";"25,4";"24,5";"79,0";"79,0";"73,0";"20,5";"20,7";"20,2";"1016,8";"1016,8";"1016,2";"1,9";"154,0";"5,6";"50,70";"0,0"
"12/04/2026";"2200";"23,8";"24,5";"23,7";"81,0";"81,0";"79,0";"20,3";"20,6";"20,2";"1017,1";"1017,1";"1016,8";"1,0";"164,0";"3,8";"";"0,0"
"12/04/2026";"2300";"21,7";"23,8";"21,7";"90,0";"90,0";"81,0";"20,0";"20,3";"19,9";"1017,5";"1017,5";"1017,1";"2,0";"230,0";"2,9";"";"0,0"
"13/04/2026";"0000";"22,0";"22,0";"21,0";"87,0";"90,0";"87,0";"19,7";"19,9";"19,2";"1017,8";"1017,8";"1017,5";"1,1";"199,0";"2,9";"";"0,0"
"13/04/2026";"0100";"21,4";"22,0";"21,1";"90,0";"90,0";"86,0";"19,7";"19,8";"19,2";"1017,3";"1017,8";"1017,3";"0,8";"181,0";"2,2";"";"0,0"
"13/04/2026";"0200";"21,0";"21,6";"21,0";"90,0";"90,0";"89,0";"19,3";"19,8";"19,3";"1017,0";"1017,3";"1017,0";"1,6";"240,0";"2,3";"";"0,0"
"13/04/2026";"0300";"20,3";"21,0";"20,3";"93,0";"93,0";"90,0";"19,1";"19,3";"19,0";"1016,5";"1017,0";"1016,5";"1,2";"230,0";"2,3";"";"0,0"
"13/04/2026";"0400";"20,2";"20,3";"20,0";"94,0";"94,0";"93,0";"19,3";"19,3";"19,0";"1015,7";"1016,5";"1015,7";"1,4";"231,0";"1,7";"";"0,0"
"13/04/2026";"0500";"20,1";"20,2";"19,9";"95,0";"95,0";"94,0";"19,3";"19,3";"19,0";"1015,2";"1015,7";"1015,2";"1,4";"241,0";"1,9";"";"0,0"
"13/04/2026";"0600";"19,9";"20,1";"19,8";"95,0";"95,0";"95,0";"19,1";"19,3";"19,0";"1014,8";"1015,2";"1014,8";"1,3";"245,0";"2,9";"";"0,0"
"13/04/2026";"0700";"19,7";"19,9";"19,7";"95,0";"95,0";"95,0";"18,9";"19,1";"18,8";"1014,4";"1014,8";"1014,4";"1,1";"233,0";"2,4";"";"0,0"
"13/04/2026";"0800";"19,6";"19,8";"19,4";"95,0";"95,0";"95,0";"18,8";"19,0";"18,6";"1014,4";"1014,5";"1014,4";"1,2";"267,0";"2,4";"";"0,0"
"13/04/2026";"0900";"19,3";"19,6";"19,3";"95,0";"95,0";"95,0";"18,6";"18,8";"18,5";"1014,9";"1014,9";"1014,5";"1,3";"212,0";"2,5";"";"0,0"
"13/04/2026";"1000";"20,8";"20,8";"19,3";"95,0";"95,0";"95,0";"20,0";"20,0";"18,5";"1015,6";"1015,6";"1014,9";"1,5";"228,0";"2,5";"266,70";"0,0"
"13/04/2026";"1100";"23,6";"23,6";"20,8";"89,0";"95,0";"89,0";"21,6";"21,6";"20,0";"1015,9";"1015,9";"1015,5";"1,7";"250,0";"3,6";"991,10";"0,0"
"13/04/2026";"1200";"25,2";"25,6";"23,4";"76,0";"89,0";"75,0";"20,7";"21,7";"20,5";"1016,4";"1016,5";"1015,9";"1,3";"224,0";"3,6";"1690,10";"0,0"
"13/04/2026";"1300";"26,0";"27,7";"25,2";"68,0";"78,0";"62,0";"19,7";"21,4";"19,0";"1016,3";"1016,5";"1016,3";"0,7";"74,0";"3,0";"2165,50";"0,0"
"13/04/2026";"1400";"28,4";"29,0";"26,0";"54,0";"69,0";"52,0";"18,1";"20,5";"17,7";"1015,7";"1016,3";"1015,7";"1,9";"57,0";"4,1";"2915,30";"0,0"
"13/04/2026";"1500";"29,0";"30,1";"28,2";"52,0";"56,0";"48,0";"18,1";"19,5";"17,5";"1014,7";"1015,7";"1014,7";"1,9";"115,0";"6,4";"3432,30";"0,0"
"13/04/2026";"1600";"29,2";"29,6";"27,9";"53,0";"61,0";"52,0";"18,6";"20,2";"18,1";"1014,0";"1014,7";"1014,0";"2,2";"109,0";"6,4";"3321,10";"0,0"
"13/04/2026";"1700";"27,5";"29,3";"27,0";"60,0";"61,0";"53,0";"19,0";"19,5";"18,2";"1013,3";"1014,0";"1013,3";"2,7";"79,0";"5,6";"1404,80";"0,0"
"13/04/2026";"1800";"27,1";"28,7";"27,0";"59,0";"62,0";"54,0";"18,3";"19,8";"17,9";"1013,3";"1013,3";"1013,0";"2,9";"108,0";"6,1";"1492,80";"0,0"
"13/04/2026";"1900";"26,7";"27,3";"26,6";"61,0";"62,0";"58,0";"18,5";"19,1";"17,8";"1013,2";"1013,3";"1013,1";"3,2";"64,0";"6,6";"714,90";"0,0"
"13/04/2026";"2000";"25,5";"26,7";"25,5";"63,0";"63,0";"59,0";"17,9";"18,6";"17,6";"1013,5";"1013,6";"1013,2";"3,1";"85,0";"6,3";"406,60";"0,0"
"13/04/2026";"2100";"23,9";"25,5";"23,9";"72,0";"72,0";"63,0";"18,6";"18,6";"17,9";"1013,9";"1013,9";"1013,5";"2,0";"84,0";"4,8";"25,10";"0,0"
"13/04/2026";"2200";"23,4";"24,0";"23,2";"75,0";"77,0";"71,0";"18,7";"18,9";"18,3";"1014,3";"1014,3";"1013,9";"1,0";"117,0";"3,2";"";"0,0"
"13/04/2026";"2300";"23,7";"24,2";"23,2";"76,0";"76,0";"72,0";"19,2";"19,2";"18,6";"1014,7";"1014,7";"1014,3";"1,1";"150,0";"3,4";"";"0,0"
"14/04/2026";"0000";"22,9";"23,7";"22,7";"84,0";"84,0";"76,0";"20,0";"20,1";"19,2";"1014,8";"1014,9";"1014,7";"0,8";"185,0";"2,0";"";"0,0"
"14/04/2026";"0100";"21,9";"22,9";"21,9";"91,0";"91,0";"84,0";"20,4";"20,4";"19,8";"1014,7";"1015,0";"1014,7";"1,4";"227,0";"2,1";"";"0,0"
"14/04/2026";"0200";"21,3";"21,9";"21,3";"93,0";"93,0";"91,0";"20,0";"20,5";"20,0";"1014,3";"1014,7";"1014,3";"1,4";"214,0";"2,5";"";"0,0"
"14/04/2026";"0300";"21,5";"21,5";"21,1";"94,0";"94,0";"93,0";"20,5";"20,5";"20,0";"1014,1";"1014,3";"1014,0";"0,9";"198,0";"2,3";"";"0,0"
"14/04/2026";"0400";"20,8";"21,5";"20,4";"94,0";"94,0";"93,0";"19,8";"20,4";"19,3";"1013,6";"1014,1";"1013,6";"1,2";"243,0";"1,9";"";"0,0"
"14/04/2026";"0500";"20,2";"20,8";"20,2";"95,0";"95,0";"94,0";"19,3";"19,8";"19,3";"1012,8";"1013,5";"1012,8";"1,1";"300,0";"1,5";"";"0,0"
"14/04/2026";"0600";"19,8";"20,3";"19,7";"95,0";"95,0";"95,0";"19,0";"19,4";"18,9";"1012,6";"1012,8";"1012,5";"1,5";"295,0";"1,8";"";"0,0"
"14/04/2026";"0700";"19,4";"19,8";"19,4";"95,0";"95,0";"95,0";"18,6";"19,0";"18,6";"1012,4";"1012,7";"1012,4";"1,4";"288,0";"2,3";"";"0,0"
"14/04/2026";"0800";"19,3";"19,4";"19,1";"96,0";"96,0";"95,0";"18,6";"18,6";"18,3";"1012,6";"1012,6";"1012,2";"1,1";"283,0";"1,8";"";"0,0"
"14/04/2026";"0900";"19,0";"19,3";"18,8";"96,0";"96,0";"96,0";"18,3";"18,6";"18,1";"1013,1";"1013,1";"1012,6";"1,0";"277,0";"2,0";"";"0,0"
"14/04/2026";"1000";"20,3";"20,7";"19,0";"96,0";"96,0";"96,0";"19,6";"20,0";"18,3";"1013,6";"1013,7";"1013,1";"1,1";"260,0";"1,8";"269,80";"0,0"
"14/04/2026";"1100";"22,9";"22,9";"20,3";"93,0";"96,0";"93,0";"21,7";"21,7";"19,6";"1014,4";"1014,4";"1013,6";"1,3";"272,0";"2,3";"990,90";"0,0"
"14/04/2026";"1200";"24,9";"24,9";"22,9";"76,0";"93,0";"75,0";"20,3";"22,0";"20,1";"1014,6";"1014,7";"1014,4";"2,1";"237,0";"3,2";"1287,20";"0,0"
"14/04/2026";"1300";"26,8";"27,0";"24,6";"58,0";"77,0";"58,0";"17,8";"20,7";"17,8";"1014,1";"1014,6";"1014,1";"1,3";"228,0";"3,7";"2334,20";"0,0"
"14/04/2026";"1400";"28,1";"28,5";"26,8";"50,0";"61,0";"49,0";"16,8";"19,0";"16,8";"1013,1";"1014,1";"1013,1";"1,3";"227,0";"3,6";"2649,30";"0,0"
"14/04/2026";"1500";"28,9";"29,6";"27,7";"49,0";"57,0";"47,0";"17,3";"18,6";"16,7";"1012,3";"1013,1";"1012,3";"1,9";"210,0";"4,6";"2957,50";"0,0"
"14/04/2026";"1600";"29,1";"30,1";"28,2";"44,0";"53,0";"43,0";"15,6";"18,0";"15,6";"1011,4";"1012,3";"1011,4";"2,2";"197,0";"4,7";"3314,80";"0,0"
"14/04/2026";"1700";"29,0";"30,0";"27,4";"45,0";"50,0";"42,0";"15,8";"17,1";"15,3";"1010,9";"1011,4";"1010,8";"1,9";"208,0";"5,9";"2557,30";"0,0"
"14/04/2026";"1800";"28,5";"29,8";"28,2";"54,0";"54,0";"42,0";"18,3";"18,3";"15,0";"1010,4";"1010,9";"1010,3";"2,6";"164,0";"6,0";"2123,70";"0,0"
"14/04/2026";"1900";"27,9";"28,8";"27,7";"54,0";"55,0";"51,0";"17,8";"18,3";"17,4";"1010,7";"1010,7";"1010,4";"2,0";"185,0";"7,4";"1593,80";"0,0"
"14/04/2026";"2000";"25,9";"28,0";"25,9";"61,0";"61,0";"54,0";"17,8";"18,4";"17,5";"1011,3";"1011,3";"1010,7";"2,6";"166,0";"6,4";"727,60";"0,0"
"14/04/2026";"2100";"24,3";"25,9";"24,3";"71,0";"71,0";"60,0";"18,7";"18,7";"17,5";"1012,2";"1012,2";"1011,3";"1,6";"188,0";"6,4";"57,00";"0,0"
"14/04/2026";"2200";"22,9";"24,3";"22,9";"80,0";"80,0";"71,0";"19,2";"19,2";"18,8";"1012,7";"1012,7";"1012,1";"1,4";"190,0";"5,5";"";"0,0"
"14/04/2026";"2300";"22,4";"22,9";"22,3";"85,0";"85,0";"80,0";"19,7";"19,8";"19,2";"1013,3";"1013,3";"1012,7";"1,8";"194,0";"4,6";"";"0,0"
"15/04/2026";"0000";"22,0";"22,4";"21,9";"86,0";"86,0";"85,0";"19,6";"19,8";"19,5";"1013,6";"1013,6";"1013,3";"3,3";"215,0";"5,3";"";"0,0"
"15/04/2026";"0100";"21,7";"22,0";"21,7";"88,0";"88,0";"86,0";"19,6";"19,8";"19,5";"1013,7";"1013,8";"1013,6";"3,4";"216,0";"5,9";"";"0,0"
"15/04/2026";"0200";"21,8";"22,0";"21,7";"83,0";"88,0";"83,0";"18,9";"19,7";"18,9";"1013,2";"1013,7";"1013,2";"3,1";"213,0";"6,1";"";"0,0"
"15/04/2026";"0300";"21,4";"21,9";"21,4";"82,0";"83,0";"82,0";"18,3";"18,9";"18,3";"1012,9";"1013,2";"1012,9";"3,2";"216,0";"5,5";"";"0,0"
"15/04/2026";"0400";"21,0";"21,5";"21,0";"82,0";"83,0";"81,0";"17,9";"18,3";"17,9";"1012,7";"1012,9";"1012,7";"2,8";"218,0";"5,3";"";"0,0"
"15/04/2026";"0500";"20,6";"21,1";"20,6";"83,0";"83,0";"82,0";"17,7";"17,9";"17,7";"1012,3";"1012,7";"1012,3";"2,8";"223,0";"4,6";"";"0,0"
"15/04/2026";"0600";"19,5";"20,7";"19,3";"90,0";"90,0";"83,0";"17,8";"17,8";"17,4";"1011,8";"1012,3";"1011,8";"1,5";"257,0";"4,0";"";"0,0"
"15/04/2026";"0700";"18,1";"19,5";"18,1";"93,0";"93,0";"90,0";"16,9";"17,9";"16,9";"1011,4";"1011,9";"1011,4";"2,0";"295,0";"2,8";"";"0,0"
"15/04/2026";"0800";"17,8";"18,1";"17,8";"94,0";"94,0";"93,0";"16,8";"17,0";"16,8";"1011,8";"1011,8";"1011,4";"1,6";"312,0";"2,7";"";"0,0"
"15/04/2026";"0900";"17,6";"17,9";"17,4";"95,0";"95,0";"94,0";"16,7";"16,9";"16,5";"1012,3";"1012,3";"1011,8";"1,7";"283,0";"2,6";"";"0,0"
"15/04/2026";"1000";"19,9";"19,9";"17,6";"93,0";"95,0";"93,0";"18,8";"18,8";"16,8";"1012,8";"1012,8";"1012,3";"1,1";"299,0";"2,3";"290,90";"0,0"
"15/04/2026";"1100";"22,8";"22,8";"19,9";"82,0";"93,0";"82,0";"19,6";"19,6";"18,8";"1013,6";"1013,6";"1012,8";"1,9";"303,0";"2,9";"1050,40";"0,0"
"15/04/2026";"1200";"26,0";"26,0";"22,8";"68,0";"82,0";"66,0";"19,7";"20,0";"18,8";"1014,3";"1014,3";"1013,6";"1,7";"258,0";"4,0";"1820,20";"0,0"
"15/04/2026";"1300";"27,5";"27,8";"26,0";"62,0";"68,0";"59,0";"19,5";"19,8";"18,6";"1014,2";"1014,4";"1014,2";"3,7";"229,0";"6,6";"2396,10";"0,0"
"15/04/2026";"1400";"29,2";"29,2";"26,7";"59,0";"64,0";"57,0";"20,2";"20,9";"18,3";"1013,8";"1014,2";"1013,7";"2,7";"228,0";"8,2";"2528,00";"0,0"
"15/04/2026";"1500";"29,8";"30,1";"27,8";"52,0";"60,0";"52,0";"19,0";"20,5";"18,5";"1012,9";"1013,8";"1012,9";"3,7";"233,0";"8,2";"2980,40";"0,0"
"15/04/2026";"1600";"28,2";"30,3";"27,4";"58,0";"59,0";"51,0";"19,3";"19,9";"18,0";"1012,3";"1013,0";"1012,3";"3,0";"207,0";"8,1";"1956,30";"0,0"
"15/04/2026";"1700";"29,3";"29,5";"28,2";"53,0";"59,0";"51,0";"18,7";"19,9";"18,4";"1011,4";"1012,3";"1011,4";"2,9";"204,0";"7,9";"2367,60";"0,0"
"15/04/2026";"1800";"29,1";"29,4";"28,7";"54,0";"55,0";"51,0";"18,7";"19,1";"18,0";"1011,0";"1011,4";"1010,9";"3,3";"199,0";"8,3";"2224,30";"0,0"
"15/04/2026";"1900";"28,1";"29,1";"28,1";"57,0";"57,0";"52,0";"18,7";"19,4";"18,1";"1010,9";"1011,0";"1010,8";"2,9";"192,0";"8,8";"1518,20";"0,0"
"15/04/2026";"2000";"26,1";"28,1";"26,1";"68,0";"68,0";"57,0";"19,7";"19,7";"18,6";"1011,2";"1011,2";"1010,8";"2,7";"178,0";"8,0";"690,90";"0,0"
"15/04/2026";"2100";"24,7";"26,1";"24,7";"72,0";"72,0";"68,0";"19,4";"19,6";"19,3";"1011,6";"1011,6";"1011,2";"2,3";"179,0";"7,4";"41,10";"0,0"
"15/04/2026";"2200";"24,0";"24,7";"24,0";"75,0";"75,0";"72,0";"19,4";"19,4";"19,3";"1012,1";"1012,1";"1011,6";"2,0";"179,0";"6,1";"";"0,0"
"15/04/2026";"2300";"21,9";"24,0";"21,9";"86,0";"86,0";"75,0";"19,4";"19,6";"19,2";"1012,9";"1012,9";"1012,1";"2,0";"261,0";"5,2";"";"0,0"
"16/04/2026";"0000";"21,3";"21,9";"21,2";"90,0";"90,0";"86,0";"19,6";"19,6";"19,4";"1012,7";"1012,9";"1012,7";"2,2";"225,0";"3,5";"";"0,0"
"16/04/2026";"0100";"21,8";"21,8";"21,3";"88,0";"90,0";"88,0";"19,7";"19,8";"19,6";"1012,8";"1012,9";"1012,7";"2,6";"220,0";"4,6";"";"0,0"
"16/04/2026";"0200";"22,1";"22,2";"21,8";"84,0";"88,0";"84,0";"19,3";"19,8";"19,3";"1012,6";"1012,8";"1012,6";"3,1";"222,0";"5,3";"";"0,0"
"16/04/2026";"0300";"21,7";"22,1";"21,7";"85,0";"85,0";"84,0";"19,0";"19,3";"19,0";"1012,1";"1012,6";"1012,1";"2,6";"230,0";"5,3";"";"0,0"
"16/04/2026";"0400";"21,5";"21,8";"21,4";"85,0";"86,0";"84,0";"18,9";"19,0";"18,8";"1011,5";"1012,1";"1011,5";"2,4";"230,0";"4,3";"";"0,0"
"16/04/2026";"0500";"23,1";"23,1";"21,5";"78,0";"85,0";"78,0";"19,1";"19,1";"18,9";"1011,2";"1011,5";"1011,2";"3,1";"220,0";"5,4";"";"0,0"
"16/04/2026";"0600";"22,5";"23,4";"22,5";"81,0";"81,0";"77,0";"19,1";"19,1";"19,0";"1010,9";"1011,2";"1010,9";"2,5";"236,0";"5,8";"";"0,0"
"16/04/2026";"0700";"22,8";"22,8";"22,3";"81,0";"83,0";"81,0";"19,4";"19,5";"19,1";"1010,8";"1010,9";"1010,7";"1,7";"239,0";"3,8";"";"0,0"
"16/04/2026";"0800";"21,1";"22,9";"21,1";"88,0";"88,0";"81,0";"19,0";"19,5";"19,0";"1010,9";"1010,9";"1010,8";"1,6";"308,0";"2,8";"";"0,0"
"16/04/2026";"0900";"20,6";"21,1";"20,6";"91,0";"91,0";"88,0";"19,0";"19,1";"18,9";"1011,3";"1011,3";"1010,9";"1,6";"320,0";"2,3";"";"0,0"
"16/04/2026";"1000";"21,9";"21,9";"20,4";"87,0";"91,0";"87,0";"19,7";"20,2";"18,9";"1011,8";"1011,8";"1011,3";"0,5";"275,0";"1,9";"208,50";"0,0"
"16/04/2026";"1100";"25,7";"25,9";"21,9";"70,0";"88,0";"69,0";"19,7";"20,3";"19,3";"1012,1";"1012,2";"1011,8";"0,6";"289,0";"2,2";"1013,10";"0,0"
"16/04/2026";"1200";"27,5";"27,6";"25,3";"65,0";"72,0";"65,0";"20,2";"20,6";"19,3";"1012,7";"1012,7";"1012,1";"2,2";"227,0";"4,6";"1774,30";"0,0"
"16/04/2026";"1300";"28,0";"28,0";"26,5";"66,0";"69,0";"63,0";"21,0";"21,0";"19,6";"1012,5";"1012,7";"1012,5";"1,7";"223,0";"6,6";"2018,50";"0,0"
"16/04/2026";"1400";"27,0";"28,2";"26,4";"68,0";"71,0";"62,0";"20,5";"21,0";"19,3";"1011,8";"1012,5";"1011,8";"1,9";"178,0";"4,4";"1139,40";"0,0"
"16/04/2026";"1500";"25,8";"27,9";"25,5";"73,0";"78,0";"64,0";"20,7";"21,5";"20,0";"1011,1";"1011,8";"1011,1";"2,0";"163,0";"5,5";"1298,80";"0,0"
"16/04/2026";"1600";"26,9";"26,9";"25,3";"69,0";"80,0";"69,0";"20,8";"22,1";"20,6";"1010,3";"1011,1";"1010,3";"0,7";"229,0";"4,4";"875,90";"0,0"
"16/04/2026";"1700";"25,5";"27,7";"25,3";"79,0";"79,0";"65,0";"21,5";"21,5";"20,4";"1009,8";"1010,3";"1009,8";"2,5";"37,0";"4,1";"910,60";"0,0"
"16/04/2026";"1800";"26,1";"26,1";"24,7";"76,0";"85,0";"76,0";"21,5";"22,3";"21,0";"1009,4";"1009,8";"1009,4";"1,6";"17,0";"4,1";"668,30";"0,0"
"16/04/2026";"1900";"26,4";"26,4";"26,0";"71,0";"76,0";"71,0";"20,8";"21,5";"20,7";"1009,3";"1009,4";"1009,2";"1,1";"6,0";"2,7";"652,60";"0,0"
"16/04/2026";"2000";"24,3";"26,4";"24,3";"80,0";"80,0";"71,0";"20,6";"21,5";"20,6";"1009,2";"1009,3";"1009,1";"2,0";"244,0";"3,3";"307,80";"0,0"
"16/04/2026";"2100";"23,2";"24,3";"23,1";"83,0";"85,0";"80,0";"20,2";"20,6";"20,2";"1009,0";"1009,2";"1009,0";"0,6";"188,0";"3,5";"24,60";"0,0"
"16/04/2026";"2200";"23,8";"24,1";"22,8";"83,0";"86,0";"82,0";"20,7";"20,8";"20,1";"1009,9";"1009,9";"1009,0";"1,2";"187,0";"3,9";"";"0,0"
"16/04/2026";"2300";"23,0";"23,9";"23,0";"87,0";"87,0";"83,0";"20,8";"21,0";"20,7";"1010,4";"1010,4";"1009,9";"0,9";"184,0";"4,4";"";"0,0"
"17/04/2026";"0000";"22,5";"23,2";"22,4";"90,0";"90,0";"87,0";"20,9";"21,1";"20,6";"1010,8";"1010,8";"1010,4";"0,8";"193,0";"3,2";"";"0,0"
"17/04/2026";"0100";"21,9";"22,5";"21,7";"93,0";"93,0";"90,0";"20,7";"20,9";"20,3";"1010,6";"1010,8";"1010,6";"1,6";"229,0";"2,4";"";"0,0"
"17/04/2026";"0200";"21,4";"21,9";"21,4";"94,0";"94,0";"93,0";"20,4";"20,8";"20,4";"1010,4";"1010,6";"1010,4";"1,3";"225,0";"3,1";"";"0,0"
"17/04/2026";"0300";"21,6";"21,6";"21,3";"94,0";"94,0";"94,0";"20,6";"20,6";"20,3";"1010,1";"1010,4";"1010,0";"1,2";"238,0";"2,1";"";"0,0"
"17/04/2026";"0400";"21,3";"21,7";"21,3";"94,0";"94,0";"94,0";"20,4";"20,7";"20,4";"1009,2";"1010,1";"1009,2";"0,4";"311,0";"2,0";"";"0,0"
"17/04/2026";"0500";"20,9";"21,3";"20,9";"95,0";"95,0";"94,0";"20,0";"20,4";"20,0";"1008,7";"1009,2";"1008,7";"1,3";"251,0";"1,7";"";"0,0"
"17/04/2026";"0600";"20,7";"21,1";"20,6";"95,0";"95,0";"95,0";"19,8";"20,2";"19,7";"1008,5";"1008,7";"1008,4";"1,5";"303,0";"1,7";"";"0,0"
"17/04/2026";"0700";"20,1";"20,7";"19,9";"95,0";"95,0";"95,0";"19,3";"19,9";"19,1";"1008,2";"1008,6";"1008,2";"0,9";"336,0";"2,2";"";"0,0"
"17/04/2026";"0800";"20,5";"20,6";"20,1";"95,0";"95,0";"95,0";"19,7";"19,8";"19,3";"1008,2";"1008,3";"1008,1";"1,1";"273,0";"1,8";"";"0,0"
"17/04/2026";"0900";"20,1";"20,6";"20,0";"95,0";"95,0";"95,0";"19,3";"19,8";"19,2";"1009,1";"1009,1";"1008,2";"1,2";"319,0";"2,5";"";"0,0"
"17/04/2026";"1000";"21,4";"21,4";"20,1";"95,0";"95,0";"95,0";"20,6";"20,6";"19,3";"1009,7";"1009,7";"1009,1";"0,6";"284,0";"2,4";"172,40";"0,0"
"17/04/2026";"1100";"24,3";"24,3";"21,4";"86,0";"95,0";"86,0";"21,8";"22,4";"20,6";"1010,3";"1010,3";"1009,7";"1,2";"282,0";"2,0";"1025,20";"0,0"
"17/04/2026";"1200";"26,1";"27,0";"24,2";"75,0";"86,0";"73,0";"21,4";"22,4";"21,1";"1010,6";"1010,7";"1010,3";"1,6";"331,0";"3,3";"1678,10";"0,0"
"17/04/2026";"1300";"28,0";"28,3";"26,2";"65,0";"76,0";"63,0";"20,7";"22,0";"19,9";"1010,3";"1010,7";"1010,3";"2,0";"23,0";"4,4";"2459,20";"0,0"
"17/04/2026";"1400";"29,9";"30,0";"27,9";"57,0";"65,0";"56,0";"20,3";"21,0";"19,5";"1009,5";"1010,3";"1009,5";"2,4";"354,0";"4,9";"2819,70";"0,0"
"17/04/2026";"1500";"29,9";"30,7";"29,2";"51,0";"58,0";"50,0";"18,8";"20,7";"18,7";"1008,0";"1009,5";"1008,0";"2,5";"349,0";"6,0";"3108,70";"0,0"
"17/04/2026";"1600";"30,2";"31,5";"29,9";"51,0";"55,0";"50,0";"18,8";"20,3";"18,8";"1007,1";"1008,0";"1007,1";"2,7";"355,0";"5,5";"2922,10";"0,0"
"17/04/2026";"1700";"31,5";"31,9";"30,2";"48,0";"53,0";"48,0";"19,3";"20,1";"19,0";"1006,3";"1007,1";"1006,3";"2,1";"306,0";"6,0";"2821,50";"0,0"
"17/04/2026";"1800";"31,1";"31,8";"30,8";"46,0";"50,0";"46,0";"18,1";"19,8";"18,1";"1005,7";"1006,3";"1005,7";"1,7";"10,0";"5,0";"2201,10";"0,0"
"17/04/2026";"1900";"28,5";"31,2";"28,3";"62,0";"63,0";"46,0";"20,5";"21,0";"18,2";"1005,8";"1005,8";"1005,6";"3,2";"73,0";"6,0";"1351,20";"0,0"
"17/04/2026";"2000";"26,8";"28,7";"26,8";"65,0";"65,0";"61,0";"19,6";"20,8";"19,5";"1006,0";"1006,0";"1005,7";"3,0";"56,0";"6,7";"611,30";"0,0"
"17/04/2026";"2100";"24,7";"26,8";"24,7";"76,0";"76,0";"65,0";"20,3";"20,3";"19,4";"1006,1";"1006,2";"1005,9";"3,0";"58,0";"6,5";"42,80";"0,0"
"17/04/2026";"2200";"23,5";"24,7";"23,5";"85,0";"85,0";"76,0";"20,8";"20,8";"20,3";"1006,7";"1006,7";"1006,1";"2,5";"51,0";"6,1";"";"0,0"
"17/04/2026";"2300";"22,9";"23,4";"22,8";"89,0";"89,0";"85,0";"21,0";"21,1";"20,7";"1007,2";"1007,2";"1006,7";"1,9";"50,0";"3,8";"";"0,0"
"18/04/2026";"0000";"22,6";"23,0";"22,5";"91,0";"91,0";"89,0";"21,0";"21,1";"20,9";"1007,9";"1007,9";"1007,2";"1,6";"80,0";"3,5";"";"0,0"
"18/04/2026";"0100";"22,0";"22,6";"21,9";"93,0";"93,0";"91,0";"20,7";"21,0";"20,5";"1008,2";"1008,2";"1007,9";"0,7";"43,0";"2,4";"";"0,0"
"18/04/2026";"0200";"21,6";"22,1";"21,3";"94,0";"94,0";"93,0";"20,6";"20,8";"20,1";"1007,8";"1008,2";"1007,8";"0,7";"323,0";"1,6";"";"0,0"
"18/04/2026";"0300";"21,3";"21,7";"21,1";"95,0";"95,0";"94,0";"20,4";"20,8";"20,1";"1007,7";"1007,9";"1007,7";"1,4";"257,0";"1,8";"";"0,0"
"18/04/2026";"0400";"21,2";"21,5";"21,1";"95,0";"95,0";"95,0";"20,4";"20,6";"20,2";"1007,0";"1007,7";"1007,0";"0,6";"272,0";"1,8";"";"0,0"
"18/04/2026";"0500";"21,1";"21,3";"20,6";"95,0";"95,0";"95,0";"20,3";"20,6";"19,8";"1006,5";"1007,1";"1006,5";"1,2";"283,0";"1,8";"";"0,0"
"18/04/2026";"0600";"20,4";"21,1";"20,0";"95,0";"95,0";"95,0";"19,6";"20,3";"19,2";"1006,4";"1006,5";"1006,3";"1,3";"317,0";"1,8";"";"0,0"
"18/04/2026";"0700";"20,6";"20,6";"20,2";"96,0";"96,0";"95,0";"19,8";"19,9";"19,4";"1006,0";"1006,4";"1006,0";"1,7";"22,0";"1,9";"";"0,0"
"18/04/2026";"0800";"20,5";"20,8";"20,4";"96,0";"96,0";"96,0";"19,8";"20,0";"19,7";"1006,3";"1006,3";"1005,9";"1,4";"28,0";"2,5";"";"0,0"
"18/04/2026";"0900";"20,5";"20,6";"20,5";"96,0";"96,0";"96,0";"19,8";"19,9";"19,7";"1006,9";"1006,9";"1006,3";"1,5";"33,0";"2,6";"";"0,0"
"18/04/2026";"1000";"22,4";"22,4";"20,5";"95,0";"96,0";"95,0";"21,6";"21,6";"19,8";"1007,4";"1007,4";"1006,9";"2,1";"357,0";"3,8";"238,40";"0,2"
"18/04/2026";"1100";"24,6";"24,6";"22,4";"83,0";"95,0";"83,0";"21,6";"21,9";"21,5";"1007,3";"1007,4";"1007,3";"3,2";"349,0";"5,3";"965,40";"0,0"
"18/04/2026";"1200";"27,7";"27,9";"24,6";"67,0";"84,0";"67,0";"21,0";"22,0";"21,0";"1007,5";"1007,5";"1007,2";"3,3";"342,0";"5,6";"1730,80";"0,0"
"18/04/2026";"1300";"30,4";"30,5";"27,7";"58,0";"68,0";"57,0";"21,2";"21,8";"20,5";"1007,4";"1007,6";"1007,4";"3,2";"341,0";"6,0";"2375,30";"0,0"
"18/04/2026";"1400";"31,2";"31,4";"30,3";"51,0";"58,0";"51,0";"20,0";"21,5";"20,0";"1006,5";"1007,4";"1006,5";"2,7";"320,0";"6,4";"2791,60";"0,0"
"18/04/2026";"1500";"32,5";"32,8";"31,0";"46,0";"53,0";"45,0";"19,2";"20,7";"18,9";"1005,3";"1006,5";"1005,3";"3,6";"345,0";"6,4";"3006,80";"0,0"
"18/04/2026";"1600";"32,7";"33,4";"32,4";"43,0";"47,0";"41,0";"18,5";"19,7";"18,1";"1004,5";"1005,3";"1004,5";"2,0";"345,0";"6,6";"2943,20";"0,0"
"18/04/2026";"1700";"33,3";"33,7";"32,5";"41,0";"46,0";"39,0";"18,1";"19,8";"17,5";"1003,9";"1004,5";"1003,9";"2,2";"236,0";"5,1";"2565,10";"0,0"
"18/04/2026";"1800";"33,4";"33,5";"32,8";"38,0";"44,0";"37,0";"17,2";"19,2";"16,6";"1003,6";"1003,9";"1003,6";"1,2";"21,0";"4,9";"2172,10";"0,0"
"18/04/2026";"1900";"30,7";"34,0";"30,7";"57,0";"57,0";"36,0";"21,3";"21,4";"16,4";"1003,9";"1003,9";"1003,5";"3,5";"77,0";"6,0";"1559,00";"0,0"
"18/04/2026";"2000";"27,8";"30,7";"27,8";"67,0";"67,0";"57,0";"21,0";"21,5";"20,8";"1004,6";"1004,6";"1003,9";"2,9";"85,0";"6,2";"696,40";"0,0"
"18/04/2026";"2100";"25,6";"27,8";"25,6";"76,0";"76,0";"66,0";"20,9";"21,1";"20,7";"1004,8";"1004,8";"1004,4";"1,9";"60,0";"5,1";"30,20";"0,0"
"18/04/2026";"2200";"24,6";"25,6";"24,6";"82,0";"82,0";"76,0";"21,4";"21,5";"20,9";"1004,9";"1005,0";"1004,7";"1,8";"65,0";"3,8";"";"0,0"
"18/04/2026";"2300";"23,8";"24,6";"23,5";"86,0";"86,0";"82,0";"21,4";"21,4";"20,9";"1006,0";"1006,0";"1004,9";"0,4";"264,0";"3,6";"";"0,0"
"19/04/2026";"0000";"23,3";"24,2";"23,3";"87,0";"87,0";"85,0";"21,0";"21,6";"21,0";"1006,3";"1006,4";"1006,0";"0,3";"25,0";"1,8";"";"0,0"
"19/04/2026";"0100";"23,4";"23,7";"23,2";"90,0";"91,0";"87,0";"21,6";"21,9";"21,0";"1006,2";"1006,3";"1005,9";"1,2";"97,0";"2,3";"";"0,0"
"19/04/2026";"0200";"23,3";"23,7";"23,2";"92,0";"92,0";"90,0";"21,9";"22,1";"21,5";"1006,6";"1006,7";"1006,2";"0,7";"50,0";"1,6";"";"0,0"
"19/04/2026";"0300";"23,0";"23,3";"22,6";"94,0";"94,0";"92,0";"21,9";"22,0";"21,5";"1006,6";"1006,6";"1006,5";"0,8";"99,0";"1,1";"";"0,0"
"19/04/2026";"0400";"23,4";"23,4";"22,8";"94,0";"94,0";"94,0";"22,4";"22,5";"21,7";"1006,2";"1006,6";"1006,2";"1,4";"82,0";"2,0";"";"0,0"
"19/04/2026";"0500";"22,2";"23,4";"22,1";"94,0";"94,0";"94,0";"21,3";"22,4";"21,1";"1005,5";"1006,2";"1005,4";"1,6";"25,0";"2,3";"";"0,0"
"19/04/2026";"0600";"22,3";"22,5";"22,1";"95,0";"95,0";"94,0";"21,5";"21,6";"21,2";"1005,4";"1005,5";"1005,4";"1,3";"5,0";"2,3";"";"0,0"
"19/04/2026";"0700";"21,6";"22,3";"21,5";"95,0";"95,0";"95,0";"20,7";"21,4";"20,6";"1005,2";"1005,4";"1005,1";"1,2";"12,0";"2,4";"";"0,0"
"19/04/2026";"0800";"22,5";"22,6";"21,4";"94,0";"95,0";"94,0";"21,4";"21,6";"20,4";"1006,6";"1006,6";"1005,2";"0,7";"161,0";"3,8";"";"0,0"
"19/04/2026";"0900";"22,3";"23,0";"22,1";"94,0";"94,0";"93,0";"21,3";"22,0";"21,1";"1007,4";"1007,4";"1006,5";"1,8";"255,0";"3,1";"";"0,0"
"19/04/2026";"1000";"23,1";"23,1";"22,3";"94,0";"95,0";"94,0";"22,2";"22,2";"21,3";"1008,5";"1008,5";"1007,4";"1,6";"268,0";"4,6";"152,20";"0,0"
"19/04/2026";"1100";"23,5";"23,5";"23,1";"92,0";"94,0";"92,0";"22,1";"22,4";"22,1";"1009,1";"1009,1";"1008,5";"1,9";"253,0";"4,0";"241,80";"0,0"
"19/04/2026";"1200";"28,2";"28,2";"23,5";"69,0";"92,0";"69,0";"22,0";"23,0";"21,7";"1009,3";"1009,4";"1009,1";"2,3";"243,0";"5,8";"1619,00";"0,0"
"19/04/2026";"1300";"30,7";"30,7";"27,8";"56,0";"70,0";"55,0";"20,9";"22,0";"19,9";"1009,1";"1009,3";"1009,0";"3,0";"221,0";"5,9";"2387,50";"0,0"
"19/04/2026";"1400";"31,3";"31,3";"30,2";"56,0";"58,0";"53,0";"21,3";"21,5";"20,2";"1008,7";"1009,1";"1008,7";"2,7";"211,0";"7,1";"2764,30";"0,0"
"19/04/2026";"1500";"31,4";"31,9";"30,8";"55,0";"57,0";"51,0";"21,2";"22,2";"19,9";"1008,4";"1008,8";"1008,4";"2,3";"183,0";"7,1";"2956,00";"0,0"
"19/04/2026";"1600";"31,0";"31,7";"30,5";"54,0";"56,0";"52,0";"20,7";"21,4";"20,1";"1008,1";"1008,5";"1008,0";"3,4";"168,0";"8,2";"3097,70";"0,0"
"19/04/2026";"1700";"29,1";"31,5";"28,8";"63,0";"65,0";"53,0";"21,3";"21,7";"20,2";"1008,0";"1008,1";"1007,9";"4,7";"158,0";"8,6";"2208,30";"0,0"
"19/04/2026";"1800";"27,4";"29,6";"27,4";"70,0";"70,0";"63,0";"21,5";"22,4";"21,4";"1008,4";"1008,4";"1008,0";"4,8";"157,0";"10,1";"1513,20";"0,0"
"19/04/2026";"1900";"26,4";"27,4";"26,4";"73,0";"73,0";"70,0";"21,2";"21,6";"21,1";"1009,1";"1009,1";"1008,2";"3,4";"169,0";"10,0";"179,50";"0,0"
"19/04/2026";"2000";"25,3";"26,4";"25,3";"75,0";"75,0";"73,0";"20,7";"21,3";"20,4";"1010,1";"1010,1";"1009,1";"4,3";"224,0";"9,9";"30,90";"0,0"
"19/04/2026";"2100";"25,2";"25,3";"23,5";"78,0";"82,0";"75,0";"21,2";"21,2";"20,1";"1009,6";"1010,1";"1009,2";"2,4";"193,0";"8,1";"3,10";"0,2"
"19/04/2026";"2200";"25,1";"25,3";"25,0";"79,0";"79,0";"77,0";"21,2";"21,2";"20,9";"1010,7";"1010,7";"1009,6";"1,6";"190,0";"7,8";"";"0,0"
"19/04/2026";"2300";"24,7";"25,2";"24,7";"83,0";"83,0";"79,0";"21,7";"21,7";"21,2";"1011,3";"1011,3";"1010,6";"2,4";"175,0";"7,1";"";"0,0"
"20/04/2026";"0000";"24,0";"24,7";"23,9";"87,0";"87,0";"83,0";"21,7";"21,8";"21,6";"1011,6";"1011,6";"1011,3";"1,8";"203,0";"7,1";"";"0,0"
"20/04/2026";"0100";"23,5";"24,0";"23,5";"90,0";"90,0";"87,0";"21,8";"22,0";"21,7";"1011,9";"1011,9";"1011,6";"0,8";"164,0";"4,8";"";"0,0"
"20/04/2026";"0200";"23,1";"23,5";"23,0";"90,0";"92,0";"90,0";"21,4";"21,8";"21,4";"1011,9";"1011,9";"1011,7";"1,9";"206,0";"5,2";"";"0,0"
"20/04/2026";"0300";"22,3";"23,1";"22,3";"89,0";"90,0";"89,0";"20,4";"21,4";"20,4";"1012,0";"1012,0";"1011,9";"1,6";"198,0";"5,2";"";"0,0"
"20/04/2026";"0400";"21,8";"22,5";"21,7";"89,0";"90,0";"89,0";"19,9";"20,6";"19,9";"1012,0";"1012,1";"1012,0";"1,1";"206,0";"5,8";"";"0,0"
"20/04/2026";"0500";"21,4";"21,8";"21,3";"88,0";"89,0";"88,0";"19,3";"19,9";"19,3";"1011,8";"1012,0";"1011,7";"1,6";"206,0";"3,9";"";"0,0"
"20/04/2026";"0600";"20,1";"21,7";"20,1";"92,0";"92,0";"85,0";"18,8";"19,3";"18,5";"1012,0";"1012,0";"1011,7";"2,0";"228,0";"4,6";"";"0,0"
"20/04/2026";"0700";"19,6";"20,7";"19,6";"91,0";"93,0";"90,0";"18,2";"19,3";"18,1";"1012,3";"1012,3";"1012,0";"1,3";"214,0";"2,6";"";"0,0"
"20/04/2026";"0800";"19,6";"20,3";"18,8";"93,0";"94,0";"90,0";"18,5";"18,7";"17,6";"1012,4";"1012,4";"1012,2";"0,9";"203,0";"2,2";"";"0,0"
"20/04/2026";"0900";"18,9";"20,2";"18,9";"92,0";"93,0";"90,0";"17,6";"18,7";"17,6";"1012,8";"1012,8";"1012,4";"2,2";"318,0";"3,3";"";"0,0"
"20/04/2026";"1000";"21,0";"21,0";"18,9";"94,0";"94,0";"92,0";"20,1";"20,1";"17,7";"1013,4";"1013,4";"1012,8";"1,1";"303,0";"3,3";"241,50";"0,0"
"20/04/2026";"1100";"23,8";"23,9";"21,0";"80,0";"94,0";"80,0";"20,1";"21,0";"19,9";"1013,8";"1013,8";"1013,3";"1,5";"304,0";"2,5";"958,40";"0,0"
"20/04/2026";"1200";"26,2";"26,3";"23,7";"66,0";"80,0";"62,0";"19,2";"20,6";"17,9";"1014,1";"1014,1";"1013,8";"1,5";"267,0";"3,2";"1748,10";"0,0"
"20/04/2026";"1300";"27,0";"27,7";"25,9";"54,0";"66,0";"53,0";"17,1";"19,2";"16,8";"1014,0";"1014,2";"1014,0";"1,4";"202,0";"4,7";"2032,00";"0,0"
"20/04/2026";"1400";"28,6";"29,1";"26,9";"49,0";"56,0";"47,0";"16,9";"17,9";"15,9";"1013,5";"1014,0";"1013,5";"3,2";"231,0";"5,9";"2507,70";"0,0"
"20/04/2026";"1500";"28,5";"29,9";"27,9";"49,0";"53,0";"48,0";"16,8";"18,5";"16,3";"1012,8";"1013,5";"1012,8";"3,0";"223,0";"6,0";"2471,10";"0,0"
"20/04/2026";"1600";"28,8";"30,2";"28,3";"50,0";"52,0";"44,0";"17,5";"18,5";"16,3";"1012,1";"1012,8";"1012,1";"1,8";"183,0";"6,0";"2460,60";"0,0"
"20/04/2026";"1700";"28,1";"29,7";"28,0";"47,0";"52,0";"45,0";"15,7";"18,1";"15,4";"1011,6";"1012,1";"1011,6";"2,9";"166,0";"7,0";"1961,60";"0,0"
"20/04/2026";"1800";"28,6";"29,7";"28,1";"50,0";"52,0";"45,0";"17,2";"17,7";"15,6";"1011,2";"1011,6";"1011,2";"2,4";"172,0";"7,0";"2165,30";"0,0"
"20/04/2026";"1900";"27,4";"28,8";"27,3";"59,0";"59,0";"50,0";"18,5";"18,7";"17,3";"1011,5";"1011,5";"1011,2";"2,3";"182,0";"6,5";"1457,40";"0,0"
"20/04/2026";"2000";"25,7";"27,4";"25,7";"62,0";"64,0";"59,0";"18,0";"19,1";"18,0";"1012,0";"1012,0";"1011,5";"2,8";"180,0";"7,1";"370,30";"0,0"
"20/04/2026";"2100";"24,3";"25,7";"24,2";"68,0";"69,0";"62,0";"18,1";"18,5";"17,9";"1012,4";"1012,4";"1012,0";"1,6";"175,0";"7,4";"20,50";"0,0"
"20/04/2026";"2200";"23,6";"24,3";"23,5";"71,0";"71,0";"68,0";"18,0";"18,1";"17,8";"1013,0";"1013,0";"1012,3";"1,4";"176,0";"5,3";"";"0,0"
"20/04/2026";"2300";"23,2";"23,7";"23,1";"78,0";"78,0";"71,0";"19,0";"19,1";"18,0";"1013,4";"1013,4";"1013,0";"1,2";"175,0";"4,6";"";"0,0"