"Data";"Hora (UTC)";"Temp. Ins. (C)";"Temp. Max. (C)";"Temp. Min. (C)";"Umi. Ins. (%)";"Umi. Max. (%)";"Umi. Min. (%)";"Pto Orvalho Ins. (C)";"Pto Orvalho Max. (C)";"Pto Orvalho Min. (C)";"Pressao Ins. (hPa)";"Pressao Max. (hPa)";"Pressao Min. (hPa)";"Vel. Vento (m/s)";"Dir. Vento (m/s)";"Raj. Vento (m/s)";"Radiacao (KJ/m²)";"Chuva (mm)"
"21/04/2026";"0000";"22,6";"23,2";"22,6";"85,0";"85,0";"78,0";"19,8";"19,9";"19,0";"1014,0";"1014,0";"1013,4";"2,0";"197,0";"5,3";"";"0,0"
"21/04/2026";"0100";"22,0";"22,6";"22,0";"86,0";"86,0";"84,0";"19,5";"19,9";"19,4";"1014,1";"1014,1";"1014,0";"1,7";"208,0";"5,1";"";"0,0"
"21/04/2026";"0200";"22,0";"22,2";"21,9";"81,0";"86,0";"81,0";"18,6";"19,6";"18,6";"1014,0";"1014,1";"1014,0";"2,2";"212,0";"4,8";"";"0,0"
"21/04/2026";"0300";"21,2";"22,0";"21,1";"83,0";"85,0";"81,0";"18,3";"18,5";"18,3";"1013,8";"1014,0";"1013,8";"2,0";"219,0";"3,9";"";"0,0"
"21/04/2026";"0400";"21,5";"21,7";"21,1";"76,0";"83,0";"76,0";"17,2";"18,2";"17,2";"1013,3";"1013,8";"1013,3";"1,9";"206,0";"4,7";"";"0,0"
"21/04/2026";"0500";"20,7";"21,9";"20,7";"79,0";"79,0";"75,0";"17,0";"17,2";"16,8";"1013,2";"1013,3";"1013,1";"1,5";"227,0";"4,6";"";"0,0"
"21/04/2026";"0600";"20,4";"20,8";"20,0";"81,0";"82,0";"79,0";"17,0";"17,2";"16,7";"1012,9";"1013,2";"1012,7";"1,5";"252,0";"2,5";"";"0,0"
"21/04/2026";"0700";"19,5";"20,5";"19,3";"89,0";"90,0";"80,0";"17,7";"17,9";"16,6";"1013,1";"1013,1";"1012,9";"0,8";"217,0";"2,6";"";"0,0"
"21/04/2026";"0800";"18,4";"20,0";"18,4";"92,0";"92,0";"86,0";"17,0";"17,8";"17,0";"1013,4";"1013,4";"1013,1";"1,1";"346,0";"1,7";"";"0,0"
"21/04/2026";"0900";"18,5";"18,8";"18,2";"94,0";"94,0";"92,0";"17,5";"17,8";"16,9";"1013,8";"1013,8";"1013,4";"1,6";"323,0";"2,8";"0,70";"0,0"
"21/04/2026";"1000";"19,8";"19,8";"18,5";"92,0";"94,0";"92,0";"18,5";"18,6";"17,5";"1014,5";"1014,5";"1013,9";"1,3";"295,0";"2,2";"307,30";"0,0"
"21/04/2026";"1100";"22,5";"22,5";"19,8";"82,0";"92,0";"81,0";"19,2";"19,5";"18,5";"1015,1";"1015,1";"1014,5";"1,2";"304,0";"2,6";"967,70";"0,0"
"21/04/2026";"1200";"25,4";"25,6";"22,5";"66,0";"83,0";"63,0";"18,6";"19,7";"17,9";"1015,5";"1015,5";"1015,1";"1,8";"247,0";"3,7";"1588,90";"0,0"
"21/04/2026";"1300";"27,0";"27,4";"25,4";"55,0";"67,0";"54,0";"17,2";"19,3";"17,1";"1015,7";"1015,9";"1015,5";"2,2";"230,0";"4,5";"2375,90";"0,0"
"21/04/2026";"1400";"28,6";"28,6";"26,7";"51,0";"57,0";"49,0";"17,5";"18,3";"16,8";"1015,0";"1015,7";"1015,0";"2,3";"230,0";"5,8";"2943,90";"0,0"
"21/04/2026";"1500";"29,0";"29,3";"27,9";"52,0";"56,0";"48,0";"18,2";"18,6";"16,7";"1014,2";"1015,0";"1014,2";"1,2";"218,0";"4,9";"2952,30";"0,0"
"21/04/2026";"1600";"27,9";"29,5";"27,7";"55,0";"56,0";"49,0";"17,9";"18,4";"16,9";"1013,6";"1014,2";"1013,6";"2,4";"218,0";"5,5";"2183,30";"0,0"
"21/04/2026";"1700";"29,1";"29,7";"27,7";"50,0";"56,0";"49,0";"17,5";"18,6";"17,2";"1013,1";"1013,6";"1013,1";"2,2";"186,0";"5,3";"2225,80";"0,0"
"21/04/2026";"1800";"28,5";"29,2";"27,7";"52,0";"56,0";"49,0";"17,9";"18,5";"16,7";"1012,8";"1013,1";"1012,8";"1,7";"210,0";"5,7";"1691,20";"0,0"
"21/04/2026";"1900";"27,1";"28,5";"27,0";"56,0";"58,0";"51,0";"17,5";"18,5";"17,2";"1012,9";"1012,9";"1012,7";"1,7";"198,0";"4,3";"657,70";"0,0"
"21/04/2026";"2000";"26,1";"27,6";"26,1";"58,0";"58,0";"55,0";"17,1";"18,4";"16,9";"1013,0";"1013,0";"1012,9";"0,8";"208,0";"4,5";"511,60";"0,0"
"21/04/2026";"2100";"24,8";"26,1";"24,6";"62,0";"63,0";"58,0";"17,0";"17,2";"16,8";"1013,5";"1013,5";"1013,0";"2,8";"154,0";"5,5";"36,00";"0,0"
"21/04/2026";"2200";"23,9";"24,8";"23,9";"71,0";"71,0";"62,0";"18,3";"18,3";"17,0";"1014,1";"1014,1";"1013,5";"2,6";"163,0";"5,3";"";"0,0"
"21/04/2026";"2300";"23,2";"23,9";"23,2";"80,0";"80,0";"71,0";"19,6";"19,7";"18,3";"1014,6";"1014,6";"1014,1";"0,9";"179,0";"4,5";"";"0,0"
"22/04/2026";"0000";"22,0";"23,3";"22,0";"85,0";"85,0";"80,0";"19,3";"20,1";"19,1";"1015,1";"1015,1";"1014,6";"1,7";"230,0";"3,8";"";"0,0"
"22/04/2026";"0100";"22,4";"22,4";"21,9";"86,0";"87,0";"85,0";"20,0";"20,0";"19,3";"1015,0";"1015,1";"1014,9";"1,9";"224,0";"2,6";"";"0,0"
"22/04/2026";"0200";"22,1";"22,4";"22,0";"89,0";"89,0";"86,0";"20,1";"20,2";"20,0";"1015,1";"1015,1";"1015,0";"1,5";"223,0";"2,5";"";"0,0"
"22/04/2026";"0300";"21,7";"22,2";"21,7";"90,0";"90,0";"89,0";"19,9";"20,3";"19,9";"1014,9";"1015,1";"1014,9";"0,8";"220,0";"2,3";"";"0,0"
"22/04/2026";"0400";"22,6";"22,6";"21,6";"87,0";"91,0";"87,0";"20,3";"20,4";"20,0";"1014,5";"1014,9";"1014,5";"0,9";"179,0";"2,4";"";"0,0"
"22/04/2026";"0500";"21,2";"22,8";"21,2";"88,0";"88,0";"84,0";"19,2";"20,2";"19,2";"1014,5";"1014,6";"1014,5";"1,3";"257,0";"2,8";"";"0,0"
"22/04/2026";"0600";"20,4";"21,2";"20,4";"93,0";"93,0";"88,0";"19,3";"19,8";"19,0";"1014,3";"1014,5";"1014,2";"1,1";"246,0";"1,9";"";"0,0"
"22/04/2026";"0700";"20,0";"20,7";"19,9";"94,0";"94,0";"93,0";"19,1";"19,6";"18,9";"1014,3";"1014,4";"1014,2";"1,1";"309,0";"2,0";"";"0,0"
"22/04/2026";"0800";"19,9";"20,3";"19,7";"95,0";"95,0";"94,0";"19,1";"19,4";"18,8";"1014,6";"1014,6";"1014,3";"0,9";"281,0";"1,7";"";"0,0"
"22/04/2026";"0900";"19,7";"20,0";"19,4";"95,0";"95,0";"95,0";"19,0";"19,2";"18,6";"1015,0";"1015,0";"1014,6";"1,0";"225,0";"2,1";"";"0,0"
"22/04/2026";"1000";"20,6";"20,6";"19,1";"95,0";"95,0";"95,0";"19,8";"19,8";"18,3";"1015,5";"1015,5";"1015,0";"1,6";"337,0";"2,8";"230,80";"0,0"
"22/04/2026";"1100";"23,5";"23,8";"20,6";"80,0";"95,0";"80,0";"19,9";"20,9";"19,8";"1015,9";"1016,0";"1015,5";"1,1";"277,0";"2,8";"935,90";"0,0"
"22/04/2026";"1200";"26,9";"26,9";"23,5";"68,0";"80,0";"68,0";"20,4";"20,4";"19,1";"1016,3";"1016,3";"1015,9";"0,9";"281,0";"2,4";"1694,50";"0,0"
"22/04/2026";"1300";"27,7";"27,8";"26,1";"58,0";"68,0";"57,0";"18,7";"19,9";"18,2";"1016,1";"1016,3";"1016,1";"1,4";"264,0";"4,1";"2350,40";"0,0"
"22/04/2026";"1400";"29,2";"29,5";"27,7";"51,0";"58,0";"48,0";"17,9";"19,2";"16,5";"1015,3";"1016,1";"1015,3";"1,4";"3,0";"3,5";"2758,00";"0,0"
"22/04/2026";"1500";"29,3";"30,1";"28,4";"48,0";"54,0";"48,0";"17,1";"18,8";"17,1";"1014,4";"1015,3";"1014,4";"1,6";"38,0";"3,6";"3000,90";"0,0"
"22/04/2026";"1600";"30,9";"31,2";"28,5";"44,0";"52,0";"42,0";"17,1";"19,0";"16,7";"1013,4";"1014,4";"1013,4";"1,1";"274,0";"3,9";"2822,50";"0,0"
"22/04/2026";"1700";"30,0";"31,2";"29,3";"46,0";"51,0";"43,0";"17,3";"18,3";"16,5";"1012,6";"1013,4";"1012,6";"1,0";"161,0";"3,8";"2356,00";"0,0"
"22/04/2026";"1800";"27,8";"30,8";"27,8";"53,0";"53,0";"44,0";"17,4";"18,3";"16,5";"1012,3";"1012,6";"1012,3";"3,3";"110,0";"7,7";"1496,20";"0,0"
"22/04/2026";"1900";"27,1";"27,8";"26,7";"56,0";"58,0";"52,0";"17,5";"17,8";"16,8";"1012,7";"1012,7";"1012,3";"3,0";"97,0";"8,6";"628,20";"0,0"
"22/04/2026";"2000";"25,4";"27,3";"25,3";"67,0";"67,0";"55,0";"18,7";"18,7";"17,3";"1013,2";"1013,2";"1012,7";"2,8";"78,0";"6,7";"310,50";"0,0"
"22/04/2026";"2100";"23,5";"25,4";"23,5";"79,0";"79,0";"67,0";"19,6";"19,6";"18,6";"1014,0";"1014,0";"1013,2";"2,2";"78,0";"5,0";"17,80";"0,0"
"22/04/2026";"2200";"22,5";"23,6";"22,4";"83,0";"84,0";"78,0";"19,5";"19,6";"19,2";"1014,9";"1014,9";"1014,0";"0,9";"57,0";"3,6";"";"0,0"
"22/04/2026";"2300";"23,3";"23,4";"22,1";"81,0";"85,0";"80,0";"19,8";"20,0";"19,3";"1015,8";"1015,8";"1014,9";"0,5";"114,0";"2,4";"";"0,0"
"23/04/2026";"0000";"22,9";"23,4";"22,9";"82,0";"82,0";"80,0";"19,6";"19,9";"19,5";"1016,2";"1016,2";"1015,8";"0,7";"192,0";"1,5";"";"0,0"
"23/04/2026";"0100";"22,6";"23,0";"21,8";"84,0";"88,0";"82,0";"19,7";"20,1";"19,5";"1016,1";"1016,3";"1016,1";"1,0";"187,0";"2,1";"";"0,0"
"23/04/2026";"0200";"21,9";"22,6";"21,7";"90,0";"90,0";"84,0";"20,1";"20,2";"19,6";"1016,1";"1016,2";"1016,1";"1,2";"245,0";"1,5";"";"0,0"
"23/04/2026";"0300";"20,6";"21,9";"20,5";"93,0";"93,0";"89,0";"19,3";"20,0";"19,2";"1015,8";"1016,1";"1015,8";"1,6";"218,0";"2,0";"";"0,0"
"23/04/2026";"0400";"20,5";"20,9";"20,4";"94,0";"94,0";"93,0";"19,5";"19,7";"19,3";"1015,4";"1015,8";"1015,4";"1,2";"235,0";"2,0";"";"0,0"
"23/04/2026";"0500";"20,0";"20,7";"20,0";"94,0";"95,0";"94,0";"19,1";"19,8";"19,1";"1015,0";"1015,4";"1014,9";"1,3";"252,0";"1,8";"";"0,0"
"23/04/2026";"0600";"20,2";"20,4";"19,7";"95,0";"95,0";"94,0";"19,3";"19,6";"18,7";"1014,8";"1015,0";"1014,8";"1,1";"246,0";"2,2";"";"0,0"
"23/04/2026";"0700";"20,0";"20,2";"19,8";"95,0";"95,0";"95,0";"19,2";"19,4";"18,9";"1014,7";"1014,8";"1014,6";"1,2";"213,0";"1,7";"";"0,0"
"23/04/2026";"0800";"20,0";"20,1";"19,6";"95,0";"95,0";"95,0";"19,2";"19,3";"18,8";"1014,9";"1014,9";"1014,7";"1,5";"237,0";"2,4";"";"0,0"
"23/04/2026";"0900";"19,5";"20,0";"19,5";"95,0";"95,0";"95,0";"18,7";"19,1";"18,7";"1015,4";"1015,4";"1014,9";"1,5";"267,0";"2,2";"";"0,0"
"23/04/2026";"1000";"21,0";"21,0";"19,2";"95,0";"96,0";"95,0";"20,2";"20,2";"18,4";"1016,0";"1016,0";"1015,4";"0,6";"269,0";"2,1";"221,50";"0,0"
"23/04/2026";"1100";"23,8";"23,8";"21,0";"85,0";"95,0";"84,0";"21,1";"21,6";"20,3";"1016,5";"1016,5";"1016,0";"1,5";"238,0";"2,6";"948,00";"0,0"
"23/04/2026";"1200";"25,9";"26,7";"23,9";"71,0";"85,0";"69,0";"20,3";"21,5";"20,1";"1016,8";"1016,8";"1016,5";"1,3";"292,0";"2,5";"1717,90";"0,0"
"23/04/2026";"1300";"27,8";"28,8";"25,9";"57,0";"71,0";"56,0";"18,4";"20,7";"18,4";"1016,8";"1017,0";"1016,8";"1,1";"323,0";"3,3";"2360,70";"0,0"
"23/04/2026";"1400";"28,7";"29,3";"27,4";"54,0";"61,0";"52,0";"18,6";"19,7";"17,7";"1016,2";"1016,8";"1016,2";"1,4";"37,0";"3,9";"2830,30";"0,0"
"23/04/2026";"1500";"28,2";"30,4";"28,2";"54,0";"54,0";"49,0";"17,9";"19,6";"17,5";"1015,4";"1016,2";"1015,4";"1,8";"246,0";"4,2";"2787,90";"0,0"
"23/04/2026";"1600";"30,6";"31,1";"28,1";"43,0";"54,0";"43,0";"16,6";"18,5";"16,5";"1014,7";"1015,4";"1014,7";"1,3";"241,0";"4,7";"3128,10";"0,0"
"23/04/2026";"1700";"29,9";"31,4";"29,8";"45,0";"46,0";"41,0";"16,5";"17,6";"15,8";"1014,0";"1014,7";"1014,0";"2,5";"145,0";"4,9";"2657,80";"0,0"
"23/04/2026";"1800";"28,4";"30,6";"28,0";"55,0";"58,0";"45,0";"18,5";"19,2";"17,0";"1013,9";"1014,1";"1013,9";"3,7";"133,0";"7,4";"1495,20";"0,0"
"23/04/2026";"1900";"28,2";"28,9";"28,0";"53,0";"56,0";"53,0";"17,8";"19,1";"17,7";"1014,1";"1014,1";"1013,9";"3,2";"138,0";"7,3";"1307,30";"0,0"
"23/04/2026";"2000";"26,4";"28,2";"26,4";"58,0";"58,0";"52,0";"17,4";"17,7";"17,0";"1014,5";"1014,5";"1014,1";"3,8";"150,0";"7,1";"537,40";"0,0"
"23/04/2026";"2100";"25,1";"26,4";"25,0";"68,0";"68,0";"57,0";"18,8";"18,8";"16,9";"1014,9";"1014,9";"1014,5";"2,9";"140,0";"7,1";"23,30";"0,0"
"23/04/2026";"2200";"23,6";"25,1";"23,6";"79,0";"79,0";"68,0";"19,6";"19,7";"18,8";"1015,8";"1015,8";"1014,9";"0,7";"163,0";"5,4";"";"0,0"
"23/04/2026";"2300";"22,3";"23,6";"22,3";"85,0";"85,0";"79,0";"19,7";"20,2";"19,5";"1016,4";"1016,4";"1015,8";"0,9";"210,0";"3,1";"";"0,0"
"24/04/2026";"0000";"21,9";"22,3";"21,9";"89,0";"89,0";"85,0";"20,1";"20,3";"19,7";"1016,9";"1016,9";"1016,4";"1,4";"240,0";"2,3";"";"0,0"
"24/04/2026";"0100";"21,5";"21,9";"21,5";"92,0";"92,0";"89,0";"20,1";"20,4";"20,0";"1016,8";"1016,9";"1016,8";"1,1";"246,0";"2,8";"";"0,0"
"24/04/2026";"0200";"22,0";"22,0";"21,1";"93,0";"93,0";"92,0";"20,9";"20,9";"19,8";"1016,9";"1016,9";"1016,8";"0,9";"232,0";"1,8";"";"0,0"
"24/04/2026";"0300";"21,2";"22,1";"21,1";"94,0";"94,0";"92,0";"20,2";"20,9";"20,0";"1016,4";"1016,9";"1016,4";"1,7";"223,0";"2,4";"";"0,0"
"24/04/2026";"0400";"20,8";"21,4";"20,8";"94,0";"94,0";"94,0";"19,9";"20,4";"19,7";"1015,8";"1016,4";"1015,8";"1,3";"234,0";"2,4";"";"0,0"
"24/04/2026";"0500";"20,1";"21,1";"20,1";"95,0";"95,0";"94,0";"19,2";"20,2";"19,2";"1015,5";"1015,8";"1015,5";"1,8";"309,0";"2,4";"";"0,0"
"24/04/2026";"0600";"19,9";"20,1";"19,7";"95,0";"95,0";"95,0";"19,1";"19,3";"18,9";"1015,4";"1015,5";"1015,4";"1,4";"261,0";"3,0";"";"0,0"
"24/04/2026";"0700";"19,6";"20,1";"19,6";"95,0";"95,0";"95,0";"18,8";"19,3";"18,8";"1015,5";"1015,5";"1015,3";"1,3";"292,0";"2,2";"";"0,0"
"24/04/2026";"0800";"19,5";"19,7";"19,2";"96,0";"96,0";"95,0";"18,8";"18,9";"18,4";"1015,5";"1015,5";"1015,3";"1,1";"298,0";"2,1";"";"0,0"
"24/04/2026";"0900";"19,5";"19,5";"19,3";"96,0";"96,0";"96,0";"18,8";"18,8";"18,6";"1016,0";"1016,0";"1015,5";"1,3";"302,0";"1,8";"";"0,0"
"24/04/2026";"1000";"20,5";"20,5";"19,3";"96,0";"96,0";"96,0";"19,8";"19,8";"18,6";"1016,7";"1016,7";"1016,0";"1,1";"309,0";"2,1";"221,90";"0,0"
"24/04/2026";"1100";"23,4";"23,4";"20,5";"91,0";"96,0";"91,0";"21,9";"22,0";"19,8";"1017,1";"1017,1";"1016,7";"1,1";"260,0";"2,0";"944,70";"0,0"
"24/04/2026";"1200";"26,1";"26,1";"23,4";"69,0";"91,0";"69,0";"19,9";"22,2";"19,6";"1017,4";"1017,4";"1017,1";"1,6";"299,0";"3,0";"1709,10";"0,0"
"24/04/2026";"1300";"27,7";"28,1";"26,0";"59,0";"69,0";"58,0";"19,0";"20,1";"18,8";"1017,1";"1017,4";"1017,1";"1,6";"16,0";"3,6";"2386,30";"0,0"
"24/04/2026";"1400";"29,0";"29,5";"27,1";"53,0";"61,0";"52,0";"18,4";"19,6";"18,4";"1016,4";"1017,1";"1016,4";"2,1";"7,0";"4,5";"2755,00";"0,0"
"24/04/2026";"1500";"30,6";"30,6";"28,2";"50,0";"57,0";"49,0";"18,9";"19,4";"18,0";"1015,2";"1016,4";"1015,2";"2,4";"348,0";"6,3";"3283,30";"0,0"
"24/04/2026";"1600";"30,7";"30,7";"28,6";"44,0";"53,0";"44,0";"17,0";"18,9";"16,4";"1014,2";"1015,2";"1014,2";"1,5";"59,0";"4,9";"2962,00";"0,0"
"24/04/2026";"1700";"29,3";"31,6";"28,4";"46,0";"48,0";"39,0";"16,4";"17,7";"15,4";"1013,5";"1014,2";"1013,5";"2,3";"79,0";"4,9";"1873,80";"0,0"
"24/04/2026";"1800";"29,0";"30,1";"28,9";"44,0";"46,0";"38,0";"15,5";"16,3";"13,8";"1013,2";"1013,5";"1013,2";"3,6";"79,0";"6,5";"2162,30";"0,0"
"24/04/2026";"1900";"27,8";"29,0";"27,8";"51,0";"51,0";"43,0";"16,6";"16,8";"15,2";"1013,4";"1013,4";"1013,1";"3,3";"86,0";"7,6";"1401,10";"0,0"
"24/04/2026";"2000";"25,8";"27,8";"25,8";"65,0";"65,0";"49,0";"18,6";"18,6";"15,7";"1013,8";"1013,8";"1013,4";"3,4";"82,0";"6,6";"596,40";"0,0"
"24/04/2026";"2100";"23,5";"25,8";"23,5";"77,0";"77,0";"65,0";"19,2";"19,2";"18,6";"1014,0";"1014,0";"1013,8";"2,3";"75,0";"6,3";"20,70";"0,0"
"24/04/2026";"2200";"22,3";"23,5";"22,3";"85,0";"85,0";"77,0";"19,6";"19,7";"19,0";"1014,6";"1014,6";"1014,0";"1,8";"69,0";"3,6";"";"0,0"
"24/04/2026";"2300";"21,7";"22,3";"21,7";"90,0";"90,0";"85,0";"19,9";"20,0";"19,5";"1015,2";"1015,2";"1014,6";"1,4";"66,0";"2,9";"";"0,0"
"25/04/2026";"0000";"20,7";"21,7";"20,7";"93,0";"93,0";"90,0";"19,5";"20,2";"19,3";"1015,5";"1015,5";"1015,2";"1,2";"295,0";"2,1";"";"0,0"
"25/04/2026";"0100";"20,9";"21,1";"20,7";"93,0";"93,0";"93,0";"19,7";"20,0";"19,5";"1015,3";"1015,5";"1015,3";"1,3";"291,0";"1,5";"";"0,0"
"25/04/2026";"0200";"20,6";"20,9";"20,6";"94,0";"94,0";"93,0";"19,7";"19,8";"19,6";"1014,8";"1015,3";"1014,8";"1,2";"264,0";"1,5";"";"0,0"
"25/04/2026";"0300";"20,2";"20,7";"20,2";"95,0";"95,0";"94,0";"19,3";"19,8";"19,3";"1014,2";"1014,8";"1014,2";"1,3";"291,0";"1,4";"";"0,0"
"25/04/2026";"0400";"20,1";"20,4";"20,1";"95,0";"95,0";"95,0";"19,3";"19,6";"19,2";"1013,4";"1014,2";"1013,4";"1,3";"296,0";"1,6";"";"0,0"
"25/04/2026";"0500";"19,7";"20,1";"19,5";"95,0";"95,0";"95,0";"18,9";"19,3";"18,8";"1012,8";"1013,4";"1012,8";"1,5";"294,0";"1,9";"";"0,0"
"25/04/2026";"0600";"20,1";"20,1";"19,3";"96,0";"96,0";"95,0";"19,4";"19,4";"18,5";"1012,6";"1012,8";"1012,6";"1,1";"277,0";"1,7";"";"0,0"
"25/04/2026";"0700";"19,9";"20,1";"19,6";"96,0";"96,0";"96,0";"19,2";"19,4";"18,9";"1012,5";"1012,6";"1012,4";"1,3";"304,0";"1,8";"";"0,0"
"25/04/2026";"0800";"20,0";"20,1";"19,7";"96,0";"96,0";"96,0";"19,4";"19,4";"19,0";"1012,6";"1012,6";"1012,5";"1,5";"285,0";"1,9";"";"0,0"
"25/04/2026";"0900";"19,7";"20,2";"19,7";"96,0";"96,0";"96,0";"19,0";"19,5";"19,0";"1012,7";"1012,7";"1012,6";"1,3";"327,0";"2,0";"";"0,0"
"25/04/2026";"1000";"20,9";"21,4";"19,6";"96,0";"96,0";"96,0";"20,2";"20,7";"18,9";"1013,1";"1013,1";"1012,7";"1,2";"334,0";"2,1";"202,40";"0,2"
"25/04/2026";"1100";"23,6";"23,6";"20,9";"94,0";"96,0";"94,0";"22,6";"22,6";"20,2";"1013,4";"1013,4";"1013,1";"2,0";"6,0";"3,5";"824,40";"0,0"
"25/04/2026";"1200";"26,6";"26,6";"23,6";"72,0";"94,0";"71,0";"21,0";"23,1";"20,7";"1013,5";"1013,5";"1013,4";"3,3";"351,0";"5,4";"1678,60";"0,0"
"25/04/2026";"1300";"28,7";"28,7";"26,6";"59,0";"72,0";"59,0";"19,9";"21,1";"19,8";"1013,4";"1013,7";"1013,4";"3,4";"345,0";"6,5";"2279,70";"0,0"
"25/04/2026";"1400";"29,9";"30,2";"28,2";"56,0";"60,0";"55,0";"20,2";"20,6";"19,1";"1012,2";"1013,4";"1012,2";"3,8";"6,0";"7,4";"2678,00";"0,0"
"25/04/2026";"1500";"31,2";"31,5";"29,7";"51,0";"57,0";"49,0";"19,7";"20,9";"19,2";"1011,1";"1012,2";"1011,1";"3,2";"336,0";"7,2";"2954,80";"0,0"
"25/04/2026";"1600";"31,4";"31,8";"30,6";"47,0";"51,0";"46,0";"18,8";"19,9";"18,5";"1010,0";"1011,1";"1010,0";"3,0";"294,0";"7,3";"2852,30";"0,0"
"25/04/2026";"1700";"32,0";"33,0";"31,5";"46,0";"48,0";"43,0";"18,8";"19,5";"18,1";"1009,0";"1010,0";"1009,0";"3,6";"285,0";"7,3";"2589,10";"0,0"
"25/04/2026";"1800";"31,4";"32,1";"31,3";"47,0";"47,0";"44,0";"18,8";"19,0";"17,9";"1008,7";"1009,0";"1008,7";"3,2";"301,0";"7,3";"2045,60";"0,0"
"25/04/2026";"1900";"30,8";"31,9";"30,8";"49,0";"50,0";"45,0";"18,8";"19,3";"18,3";"1008,9";"1008,9";"1008,7";"2,5";"307,0";"5,8";"1338,10";"0,0"
"25/04/2026";"2000";"26,9";"31,1";"26,9";"68,0";"68,0";"49,0";"20,5";"20,8";"18,6";"1009,3";"1009,3";"1008,9";"2,7";"55,0";"6,2";"555,60";"0,0"
"25/04/2026";"2100";"25,3";"26,9";"25,1";"77,0";"77,0";"68,0";"20,9";"21,0";"20,3";"1009,5";"1009,5";"1009,3";"3,0";"54,0";"5,4";"23,50";"0,0"
"25/04/2026";"2200";"24,0";"25,3";"24,0";"82,0";"82,0";"77,0";"20,7";"21,0";"20,7";"1010,1";"1010,1";"1009,5";"2,2";"59,0";"5,0";"";"0,0"
"25/04/2026";"2300";"22,9";"24,0";"22,9";"86,0";"86,0";"82,0";"20,5";"20,7";"20,4";"1010,5";"1010,5";"1010,1";"1,5";"32,0";"3,8";"";"0,0"
"26/04/2026";"0000";"22,5";"22,9";"22,4";"90,0";"90,0";"86,0";"20,7";"20,8";"20,5";"1010,8";"1010,8";"1010,5";"1,1";"63,0";"3,4";"";"0,0"
"26/04/2026";"0100";"22,2";"22,4";"22,1";"90,0";"90,0";"89,0";"20,5";"20,7";"20,4";"1010,5";"1010,8";"1010,5";"1,6";"51,0";"2,9";"";"0,0"
"26/04/2026";"0200";"21,5";"22,2";"21,5";"93,0";"93,0";"90,0";"20,3";"20,6";"20,2";"1010,3";"1010,5";"1010,3";"1,6";"46,0";"2,6";"";"0,0"
"26/04/2026";"0300";"21,4";"21,8";"21,3";"93,0";"93,0";"92,0";"20,2";"20,6";"20,0";"1010,0";"1010,3";"1010,0";"1,8";"40,0";"3,3";"";"0,0"
"26/04/2026";"0400";"21,4";"21,6";"21,3";"94,0";"94,0";"93,0";"20,4";"20,6";"20,1";"1009,4";"1010,0";"1009,4";"1,4";"43,0";"2,6";"";"0,0"
"26/04/2026";"0500";"21,1";"21,4";"21,0";"94,0";"94,0";"94,0";"20,0";"20,4";"20,0";"1009,1";"1009,4";"1009,1";"1,5";"15,0";"2,7";"";"0,0"
"26/04/2026";"0600";"21,1";"21,4";"21,0";"93,0";"94,0";"93,0";"19,9";"20,3";"19,9";"1009,1";"1009,3";"1009,1";"2,0";"13,0";"3,3";"";"0,0"
"26/04/2026";"0700";"21,5";"21,7";"21,1";"91,0";"93,0";"91,0";"19,9";"20,2";"19,9";"1009,2";"1009,2";"1009,0";"2,3";"3,0";"4,3";"";"0,0"
"26/04/2026";"0800";"21,3";"21,5";"21,3";"91,0";"92,0";"91,0";"19,8";"20,0";"19,8";"1009,3";"1009,3";"1009,1";"2,4";"352,0";"4,5";"";"0,0"
"26/04/2026";"0900";"20,9";"21,3";"20,9";"92,0";"92,0";"91,0";"19,6";"19,8";"19,5";"1009,8";"1009,8";"1009,3";"2,1";"354,0";"3,8";"";"0,0"
"26/04/2026";"1000";"22,4";"22,4";"20,9";"88,0";"92,0";"88,0";"20,4";"20,4";"19,5";"1010,4";"1010,4";"1009,8";"2,3";"348,0";"3,9";"194,20";"0,0"
"26/04/2026";"1100";"25,4";"25,5";"22,4";"76,0";"88,0";"75,0";"20,9";"21,2";"20,4";"1010,6";"1010,6";"1010,4";"2,6";"352,0";"4,6";"879,70";"0,0"
"26/04/2026";"1200";"28,9";"29,0";"25,4";"62,0";"76,0";"62,0";"20,9";"21,3";"20,6";"1010,9";"1011,0";"1010,6";"2,8";"330,0";"6,1";"1633,20";"0,0"
"26/04/2026";"1300";"30,8";"31,3";"28,6";"51,0";"63,0";"50,0";"19,5";"21,1";"19,4";"1010,6";"1011,0";"1010,6";"4,1";"317,0";"8,1";"2265,00";"0,0"
"26/04/2026";"1400";"32,3";"32,4";"30,6";"47,0";"52,0";"47,0";"19,5";"20,0";"19,1";"1009,7";"1010,6";"1009,7";"3,3";"300,0";"8,0";"2676,10";"0,0"
"26/04/2026";"1500";"33,1";"33,4";"32,0";"44,0";"48,0";"43,0";"19,3";"20,0";"18,7";"1008,7";"1009,7";"1008,7";"4,1";"309,0";"7,3";"2873,90";"0,0"
"26/04/2026";"1600";"33,4";"33,4";"32,5";"43,0";"45,0";"41,0";"19,0";"19,5";"18,1";"1007,9";"1008,7";"1007,9";"4,4";"300,0";"9,0";"2843,10";"0,0"
"26/04/2026";"1700";"33,5";"33,6";"33,0";"42,0";"43,0";"40,0";"18,7";"19,1";"18,0";"1007,3";"1007,9";"1007,3";"4,4";"305,0";"9,2";"2537,60";"0,0"
"26/04/2026";"1800";"33,4";"33,7";"33,2";"42,0";"43,0";"39,0";"18,6";"19,2";"17,9";"1007,0";"1007,3";"1007,0";"3,3";"312,0";"8,0";"2019,00";"0,0"
"26/04/2026";"1900";"32,7";"33,6";"32,7";"43,0";"44,0";"40,0";"18,6";"19,0";"18,0";"1007,5";"1007,5";"1007,0";"2,6";"315,0";"6,5";"1304,80";"0,0"
"26/04/2026";"2000";"30,8";"32,7";"30,8";"51,0";"51,0";"43,0";"19,5";"19,6";"18,3";"1008,1";"1008,1";"1007,5";"1,3";"328,0";"4,7";"525,80";"0,0"
"26/04/2026";"2100";"26,1";"30,8";"26,1";"73,0";"73,0";"51,0";"20,9";"21,2";"19,2";"1008,7";"1008,7";"1008,1";"2,7";"69,0";"5,1";"20,30";"0,0"
"26/04/2026";"2200";"25,0";"26,1";"24,9";"74,0";"75,0";"72,0";"20,1";"21,1";"20,1";"1009,4";"1009,4";"1008,7";"2,6";"56,0";"5,3";"";"0,0"
"26/04/2026";"2300";"24,3";"25,0";"24,0";"82,0";"82,0";"74,0";"21,0";"21,0";"20,0";"1010,0";"1010,0";"1009,4";"2,5";"50,0";"4,5";"";"0,0"
"27/04/2026";"0000";"24,0";"24,3";"23,9";"89,0";"89,0";"82,0";"22,1";"22,1";"21,1";"1010,4";"1010,4";"1010,0";"1,9";"53,0";"4,0";"";"0,0"
"27/04/2026";"0100";"23,2";"24,0";"23,2";"92,0";"92,0";"89,0";"21,9";"22,1";"21,9";"1010,2";"1010,4";"1010,2";"1,5";"66,0";"3,5";"";"0,0"
"27/04/2026";"0200";"23,0";"23,2";"23,0";"94,0";"94,0";"92,0";"21,9";"22,0";"21,8";"1010,1";"1010,3";"1010,1";"1,2";"74,0";"2,8";"";"0,0"
"27/04/2026";"0300";"23,1";"23,1";"22,8";"94,0";"94,0";"94,0";"22,1";"22,1";"21,8";"1009,9";"1010,1";"1009,9";"1,6";"69,0";"3,2";"";"0,0"
"27/04/2026";"0400";"22,8";"23,1";"22,8";"95,0";"95,0";"94,0";"21,9";"22,1";"21,9";"1009,5";"1010,0";"1009,5";"0,9";"74,0";"2,9";"";"0,0"
"27/04/2026";"0500";"22,4";"22,9";"22,2";"95,0";"95,0";"95,0";"21,5";"22,0";"21,3";"1009,2";"1009,5";"1009,2";"1,1";"82,0";"2,0";"";"0,0"
"27/04/2026";"0600";"22,6";"22,6";"22,1";"95,0";"95,0";"95,0";"21,8";"21,8";"21,3";"1009,0";"1009,2";"1009,0";"1,9";"53,0";"3,0";"";"0,0"
"27/04/2026";"0700";"22,0";"22,6";"22,0";"95,0";"95,0";"95,0";"21,2";"21,8";"21,2";"1009,2";"1009,2";"1009,0";"1,3";"30,0";"3,0";"";"0,0"
"27/04/2026";"0800";"21,8";"22,1";"21,7";"95,0";"95,0";"95,0";"21,0";"21,3";"20,9";"1009,5";"1009,5";"1009,2";"1,5";"46,0";"2,7";"";"0,0"
"27/04/2026";"0900";"21,9";"22,2";"21,7";"95,0";"95,0";"95,0";"21,1";"21,4";"21,0";"1010,0";"1010,0";"1009,5";"1,8";"51,0";"3,5";"";"0,0"
"27/04/2026";"1000";"22,4";"22,5";"21,8";"95,0";"95,0";"95,0";"21,6";"21,7";"21,0";"1010,4";"1010,4";"1010,0";"2,1";"20,0";"4,1";"209,00";"0,0"
"27/04/2026";"1100";"25,5";"25,5";"22,4";"82,0";"95,0";"82,0";"22,1";"22,1";"21,6";"1010,8";"1010,8";"1010,4";"2,8";"353,0";"5,2";"893,80";"0,0"
"27/04/2026";"1200";"29,2";"29,3";"25,5";"61,0";"82,0";"61,0";"20,9";"22,2";"20,9";"1011,2";"1011,2";"1010,8";"3,4";"336,0";"6,7";"1647,80";"0,0"
"27/04/2026";"1300";"31,7";"31,9";"29,2";"52,0";"62,0";"52,0";"20,5";"21,6";"20,0";"1011,1";"1011,3";"1011,1";"3,9";"343,0";"6,7";"2274,50";"0,0"
"27/04/2026";"1400";"34,0";"34,0";"31,5";"46,0";"52,0";"43,0";"20,6";"21,3";"19,0";"1010,3";"1011,1";"1010,3";"3,4";"345,0";"7,4";"2678,40";"0,0"
"27/04/2026";"1500";"34,4";"34,6";"33,4";"38,0";"45,0";"37,0";"18,1";"19,7";"17,7";"1009,2";"1010,3";"1009,2";"3,5";"323,0";"6,9";"2877,20";"0,0"
"27/04/2026";"1600";"34,2";"35,0";"33,8";"38,0";"41,0";"37,0";"17,7";"19,4";"17,5";"1008,5";"1009,2";"1008,5";"3,9";"323,0";"7,5";"2832,00";"0,0"
"27/04/2026";"1700";"34,7";"35,0";"34,0";"39,0";"40,0";"38,0";"18,9";"19,0";"17,8";"1007,9";"1008,5";"1007,8";"3,8";"317,0";"8,1";"2528,50";"0,0"
"27/04/2026";"1800";"33,9";"34,9";"33,9";"39,0";"41,0";"38,0";"18,1";"19,4";"18,1";"1007,8";"1007,9";"1007,8";"3,8";"307,0";"6,8";"2000,30";"0,0"
"27/04/2026";"1900";"33,6";"34,3";"33,5";"42,0";"43,0";"39,0";"19,0";"19,2";"18,1";"1008,2";"1008,2";"1007,8";"2,3";"319,0";"6,8";"1297,50";"0,0"
"27/04/2026";"2000";"28,4";"33,7";"28,4";"65,0";"65,0";"42,0";"21,2";"21,4";"18,6";"1009,0";"1009,0";"1008,2";"2,9";"59,0";"6,9";"527,30";"0,0"
"27/04/2026";"2100";"26,2";"28,4";"26,2";"76,0";"76,0";"65,0";"21,6";"21,6";"21,0";"1009,6";"1009,6";"1009,0";"2,5";"68,0";"5,7";"19,90";"0,0"
"27/04/2026";"2200";"24,9";"26,2";"24,8";"84,0";"84,0";"76,0";"22,0";"22,1";"21,5";"1010,3";"1010,3";"1009,6";"2,0";"62,0";"4,1";"";"0,0"
"27/04/2026";"2300";"24,5";"25,1";"24,5";"84,0";"84,0";"83,0";"21,6";"22,0";"21,6";"1011,0";"1011,0";"1010,3";"2,3";"47,0";"4,5";"";"0,0"
"28/04/2026";"0000";"24,2";"24,7";"24,1";"86,0";"87,0";"84,0";"21,8";"21,8";"21,6";"1011,4";"1011,4";"1011,0";"1,8";"89,0";"4,5";"";"0,0"
"28/04/2026";"0100";"22,8";"24,3";"22,7";"90,0";"90,0";"86,0";"21,1";"21,8";"21,1";"1011,6";"1011,6";"1011,3";"0,5";"66,0";"3,0";"";"0,0"
"28/04/2026";"0200";"22,6";"23,1";"22,3";"93,0";"93,0";"90,0";"21,3";"21,6";"20,9";"1012,0";"1012,1";"1011,5";"2,4";"226,0";"3,7";"";"0,0"
"28/04/2026";"0300";"23,6";"23,8";"22,4";"90,0";"93,0";"90,0";"22,0";"22,3";"21,1";"1011,8";"1012,2";"1011,8";"0,9";"178,0";"3,7";"";"0,0"
"28/04/2026";"0400";"22,8";"23,6";"22,5";"92,0";"93,0";"90,0";"21,4";"22,1";"21,2";"1011,2";"1011,8";"1011,2";"1,1";"188,0";"3,6";"";"0,0"
"28/04/2026";"0500";"23,3";"23,3";"22,8";"91,0";"92,0";"91,0";"21,6";"21,6";"21,4";"1011,1";"1011,2";"1011,1";"2,3";"200,0";"5,1";"";"0,0"
"28/04/2026";"0600";"24,0";"24,0";"23,3";"91,0";"92,0";"90,0";"22,5";"22,5";"21,6";"1011,1";"1011,1";"1011,0";"3,2";"207,0";"6,9";"";"0,0"
"28/04/2026";"0700";"24,0";"24,0";"23,7";"94,0";"94,0";"91,0";"22,9";"22,9";"22,4";"1011,1";"1011,2";"1011,1";"2,9";"205,0";"6,9";"";"0,0"
"28/04/2026";"0800";"23,9";"24,0";"23,8";"94,0";"94,0";"94,0";"22,9";"22,9";"22,8";"1011,3";"1011,3";"1011,1";"2,0";"188,0";"7,6";"";"0,0"
"28/04/2026";"0900";"23,7";"24,0";"23,7";"93,0";"94,0";"93,0";"22,5";"22,9";"22,5";"1011,9";"1011,9";"1011,3";"2,2";"205,0";"7,4";"";"0,0"
"28/04/2026";"1000";"23,9";"23,9";"23,5";"91,0";"93,0";"91,0";"22,3";"22,5";"22,3";"1012,7";"1012,7";"1011,9";"2,3";"213,0";"5,0";"174,20";"0,0"
"28/04/2026";"1100";"25,5";"25,7";"23,8";"84,0";"91,0";"84,0";"22,7";"23,0";"22,1";"1013,2";"1013,2";"1012,7";"2,7";"211,0";"5,4";"789,30";"0,0"
"28/04/2026";"1200";"27,9";"27,9";"25,5";"77,0";"85,0";"75,0";"23,5";"23,6";"22,8";"1013,6";"1013,6";"1013,2";"2,8";"216,0";"5,4";"1594,90";"0,0"
"28/04/2026";"1300";"29,6";"30,1";"27,4";"69,0";"77,0";"68,0";"23,2";"24,1";"22,8";"1013,8";"1013,9";"1013,6";"1,8";"237,0";"5,4";"2083,20";"0,0"
"28/04/2026";"1400";"30,0";"30,7";"29,2";"65,0";"70,0";"62,0";"22,7";"23,6";"22,1";"1013,1";"1013,8";"1013,1";"1,7";"204,0";"4,6";"2327,20";"0,0"
"28/04/2026";"1500";"31,6";"32,0";"30,0";"60,0";"65,0";"55,0";"22,7";"22,9";"21,3";"1012,0";"1013,1";"1012,0";"1,7";"88,0";"4,3";"2718,50";"0,0"
"28/04/2026";"1600";"32,5";"32,8";"30,3";"52,0";"61,0";"52,0";"21,4";"22,7";"21,2";"1011,4";"1012,0";"1011,4";"1,8";"6,0";"3,9";"2339,10";"0,0"
"28/04/2026";"1700";"32,2";"32,7";"30,9";"56,0";"61,0";"52,0";"22,3";"22,8";"21,3";"1010,7";"1011,4";"1010,7";"1,9";"232,0";"4,0";"2070,30";"0,0"
"28/04/2026";"1800";"32,3";"32,8";"32,0";"54,0";"56,0";"52,0";"21,9";"22,6";"21,3";"1010,6";"1010,7";"1010,5";"2,1";"182,0";"5,1";"2193,50";"0,0"
"28/04/2026";"1900";"28,7";"32,3";"28,7";"70,0";"70,0";"54,0";"22,7";"23,0";"21,6";"1011,2";"1011,2";"1010,6";"3,9";"80,0";"6,6";"527,00";"0,0"
"28/04/2026";"2000";"27,2";"28,7";"27,2";"73,0";"73,0";"70,0";"22,0";"22,7";"22,0";"1011,9";"1011,9";"1011,2";"3,1";"76,0";"6,5";"201,50";"0,0"
"28/04/2026";"2100";"25,6";"27,2";"25,6";"78,0";"78,0";"72,0";"21,6";"21,9";"21,6";"1012,4";"1012,4";"1011,9";"2,4";"73,0";"5,6";"13,40";"0,0"
"28/04/2026";"2200";"24,5";"25,6";"24,4";"85,0";"85,0";"78,0";"21,8";"21,9";"21,5";"1013,0";"1013,0";"1012,4";"1,7";"66,0";"3,7";"";"0,0"
"28/04/2026";"2300";"24,2";"24,6";"24,1";"88,0";"88,0";"85,0";"22,0";"22,0";"21,8";"1013,2";"1013,2";"1013,0";"2,2";"58,0";"3,7";"";"0,0"
"29/04/2026";"0000";"23,8";"24,2";"23,8";"91,0";"91,0";"88,0";"22,2";"22,3";"22,0";"1013,3";"1013,3";"1013,2";"1,5";"66,0";"3,8";"";"0,0"
"29/04/2026";"0100";"23,9";"24,0";"23,7";"91,0";"91,0";"91,0";"22,3";"22,4";"22,2";"1013,0";"1013,3";"1012,9";"1,6";"60,0";"3,5";"";"0,0"
"29/04/2026";"0200";"23,5";"23,9";"23,5";"92,0";"92,0";"91,0";"22,2";"22,4";"22,2";"1012,9";"1013,0";"1012,8";"1,2";"47,0";"3,4";"";"0,0"
"29/04/2026";"0300";"23,0";"23,5";"22,7";"94,0";"94,0";"92,0";"21,9";"22,2";"21,5";"1012,6";"1013,0";"1012,6";"0,8";"39,0";"2,1";"";"0,0"
"29/04/2026";"0400";"22,5";"23,0";"22,5";"95,0";"95,0";"94,0";"21,6";"22,0";"21,5";"1012,1";"1012,6";"1012,1";"0,1";"121,0";"1,7";"";"0,0"
"29/04/2026";"0500";"22,4";"22,7";"22,3";"95,0";"95,0";"95,0";"21,6";"21,8";"21,4";"1011,7";"1012,2";"1011,7";"1,5";"61,0";"2,4";"";"0,0"
"29/04/2026";"0600";"22,4";"22,6";"22,4";"95,0";"95,0";"95,0";"21,6";"21,8";"21,5";"1011,4";"1011,7";"1011,4";"2,1";"52,0";"3,8";"";"0,0"
"29/04/2026";"0700";"22,0";"22,4";"22,0";"95,0";"95,0";"95,0";"21,2";"21,6";"21,2";"1011,6";"1011,6";"1011,4";"1,9";"51,0";"3,8";"";"0,0"
"29/04/2026";"0800";"21,9";"22,0";"21,8";"95,0";"95,0";"95,0";"21,1";"21,2";"21,0";"1011,7";"1011,7";"1011,3";"2,2";"52,0";"3,3";"";"0,0"
"29/04/2026";"0900";"21,7";"22,0";"21,7";"95,0";"95,0";"95,0";"20,9";"21,2";"20,9";"1012,6";"1012,6";"1011,7";"1,9";"47,0";"3,6";"";"0,0"
"29/04/2026";"1000";"23,2";"23,2";"21,7";"95,0";"95,0";"95,0";"22,3";"22,3";"20,9";"1013,1";"1013,1";"1012,6";"1,9";"37,0";"4,0";"205,10";"0,0"
"29/04/2026";"1100";"25,7";"25,7";"23,2";"85,0";"95,0";"85,0";"23,0";"23,4";"22,4";"1013,8";"1013,8";"1013,1";"2,7";"20,0";"4,5";"904,20";"0,0"
"29/04/2026";"1200";"28,7";"28,9";"25,7";"66,0";"85,0";"66,0";"21,8";"23,3";"21,8";"1014,1";"1014,1";"1013,8";"3,4";"357,0";"6,2";"1653,40";"0,0"
"29/04/2026";"1300";"31,0";"31,0";"28,7";"54,0";"67,0";"54,0";"20,6";"22,1";"20,6";"1014,0";"1014,1";"1014,0";"3,0";"355,0";"6,2";"2283,30";"0,0"
"29/04/2026";"1400";"32,2";"32,5";"30,8";"47,0";"55,0";"44,0";"19,3";"20,7";"18,6";"1013,0";"1014,0";"1013,0";"3,8";"21,0";"6,9";"2699,80";"0,2"
"29/04/2026";"1500";"33,1";"33,4";"30,7";"42,0";"51,0";"41,0";"18,3";"20,2";"18,0";"1011,8";"1013,0";"1011,8";"4,2";"29,0";"7,6";"2587,10";"0,0"
"29/04/2026";"1600";"31,5";"33,4";"31,0";"49,0";"50,0";"40,0";"19,5";"19,9";"17,9";"1011,0";"1011,9";"1010,9";"4,5";"75,0";"9,0";"2859,50";"0,0"
"29/04/2026";"1700";"31,0";"32,0";"30,8";"51,0";"52,0";"47,0";"19,7";"20,1";"18,7";"1010,1";"1011,0";"1010,1";"5,5";"65,0";"9,0";"2547,30";"0,0"
"29/04/2026";"1800";"29,9";"31,1";"29,9";"55,0";"56,0";"50,0";"20,0";"20,5";"19,4";"1009,6";"1010,0";"1009,6";"5,0";"68,0";"10,1";"1909,70";"0,0"
"29/04/2026";"1900";"28,5";"30,3";"28,5";"61,0";"61,0";"54,0";"20,3";"20,6";"19,4";"1009,7";"1009,7";"1009,5";"4,6";"60,0";"9,6";"1308,60";"0,0"
"29/04/2026";"2000";"26,9";"28,5";"26,9";"66,0";"66,0";"61,0";"20,1";"20,6";"20,1";"1010,1";"1010,1";"1009,7";"3,7";"50,0";"9,5";"525,90";"0,0"
"29/04/2026";"2100";"25,5";"26,9";"25,5";"72,0";"72,0";"66,0";"20,0";"20,1";"19,7";"1010,7";"1010,7";"1010,1";"3,1";"54,0";"7,7";"16,80";"0,0"
"29/04/2026";"2200";"24,5";"25,5";"24,5";"79,0";"79,0";"72,0";"20,7";"20,7";"20,0";"1011,4";"1011,4";"1010,7";"2,5";"54,0";"6,0";"";"0,0"
"29/04/2026";"2300";"23,7";"24,5";"23,7";"86,0";"86,0";"79,0";"21,2";"21,3";"20,7";"1011,9";"1011,9";"1011,4";"1,2";"31,0";"4,2";"";"0,0"
"30/04/2026";"0000";"22,9";"23,7";"22,9";"91,0";"91,0";"86,0";"21,4";"21,4";"21,0";"1012,0";"1012,0";"1011,9";"1,0";"69,0";"1,9";"";"0,0"
"30/04/2026";"0100";"22,6";"23,0";"22,5";"93,0";"93,0";"91,0";"21,4";"21,7";"21,2";"1012,2";"1012,2";"1011,9";"0,6";"96,0";"1,6";"";"0,0"
"30/04/2026";"0200";"22,6";"23,0";"22,6";"93,0";"93,0";"93,0";"21,4";"21,9";"21,4";"1012,1";"1012,3";"1012,1";"2,1";"72,0";"2,8";"";"0,0"
"30/04/2026";"0300";"22,1";"22,6";"22,1";"93,0";"93,0";"93,0";"20,9";"21,5";"20,9";"1011,6";"1012,1";"1011,6";"1,1";"20,0";"3,4";"";"0,0"
"30/04/2026";"0400";"21,6";"22,1";"21,4";"94,0";"94,0";"93,0";"20,7";"20,9";"20,3";"1012,0";"1012,1";"1011,5";"2,1";"238,0";"4,0";"";"0,0"
"30/04/2026";"0500";"21,6";"21,7";"21,5";"95,0";"95,0";"94,0";"20,7";"20,8";"20,6";"1011,8";"1012,0";"1011,8";"2,2";"223,0";"3,0";"";"0,0"
"30/04/2026";"0600";"21,8";"22,0";"21,6";"93,0";"95,0";"93,0";"20,7";"21,0";"20,7";"1011,9";"1011,9";"1011,8";"1,9";"212,0";"3,8";"";"0,0"
"30/04/2026";"0700";"22,7";"22,7";"21,8";"93,0";"93,0";"93,0";"21,5";"21,5";"20,6";"1012,2";"1012,3";"1011,8";"2,3";"214,0";"3,7";"";"0,0"
"30/04/2026";"0800";"23,6";"23,6";"22,7";"92,0";"93,0";"92,0";"22,2";"22,2";"21,5";"1012,7";"1012,7";"1012,1";"2,2";"218,0";"3,9";"";"0,0"
"30/04/2026";"0900";"23,2";"23,6";"23,2";"93,0";"93,0";"92,0";"22,0";"22,2";"21,8";"1013,3";"1013,3";"1012,7";"0,7";"202,0";"3,9";"";"0,0"
"30/04/2026";"1000";"24,2";"24,2";"23,2";"93,0";"94,0";"93,0";"23,0";"23,0";"22,0";"1014,0";"1014,0";"1013,3";"1,7";"231,0";"3,4";"168,30";"0,0"
"30/04/2026";"1100";"25,5";"25,5";"24,2";"89,0";"93,0";"89,0";"23,5";"23,6";"23,0";"1014,6";"1014,6";"1014,0";"1,0";"234,0";"3,2";"541,80";"0,0"
"30/04/2026";"1200";"26,4";"27,2";"25,5";"79,0";"89,0";"77,0";"22,4";"23,7";"22,4";"1015,4";"1015,4";"1014,6";"1,2";"282,0";"2,8";"1288,60";"0,0"
"30/04/2026";"1300";"27,9";"28,6";"26,2";"72,0";"80,0";"71,0";"22,4";"23,3";"22,0";"1015,1";"1015,4";"1015,1";"1,4";"293,0";"3,8";"1581,60";"0,0"
"30/04/2026";"1400";"30,5";"30,6";"27,9";"59,0";"73,0";"59,0";"21,6";"22,8";"21,1";"1013,9";"1015,1";"1013,9";"2,1";"35,0";"4,4";"2683,30";"0,0"
"30/04/2026";"1500";"32,0";"32,2";"29,9";"53,0";"61,0";"52,0";"21,2";"21,8";"20,2";"1012,6";"1013,9";"1012,6";"3,0";"12,0";"5,3";"2847,00";"0,0"
"30/04/2026";"1600";"32,2";"32,5";"31,0";"49,0";"55,0";"49,0";"20,2";"21,6";"20,2";"1011,6";"1012,6";"1011,6";"2,2";"349,0";"5,3";"2668,20";"0,0"
"30/04/2026";"1700";"32,6";"33,4";"31,0";"47,0";"52,0";"43,0";"19,8";"20,8";"18,5";"1011,1";"1011,6";"1011,1";"1,7";"334,0";"4,5";"1967,70";"0,0"
"30/04/2026";"1800";"31,5";"32,9";"30,6";"49,0";"56,0";"41,0";"19,4";"21,3";"17,2";"1010,8";"1011,1";"1010,8";"0,5";"175,0";"4,2";"1013,90";"0,0"
"30/04/2026";"1900";"30,1";"32,2";"29,8";"62,0";"63,0";"44,0";"22,1";"22,1";"18,4";"1011,1";"1011,1";"1010,7";"1,4";"55,0";"3,1";"778,50";"0,0"
"30/04/2026";"2000";"28,1";"30,1";"28,1";"66,0";"66,0";"61,0";"21,1";"22,2";"20,7";"1011,8";"1011,8";"1011,1";"3,4";"118,0";"7,4";"410,10";"0,0"
"30/04/2026";"2100";"26,2";"28,1";"26,2";"77,0";"77,0";"66,0";"22,0";"22,0";"21,1";"1012,7";"1012,7";"1011,7";"1,9";"99,0";"6,9";"14,80";"0,0"
"30/04/2026";"2200";"25,2";"26,2";"25,2";"85,0";"86,0";"77,0";"22,6";"22,8";"21,9";"1013,9";"1013,9";"1012,7";"0,6";"272,0";"3,9";"";"0,0"
"30/04/2026";"2300";"25,3";"25,5";"25,2";"83,0";"85,0";"82,0";"22,3";"22,6";"22,3";"1014,6";"1014,6";"1013,9";"1,4";"178,0";"4,1";"";"0,0"
"01/05/2026";"0000";"24,0";"25,3";"24,0";"89,0";"89,0";"83,0";"22,1";"22,3";"22,1";"1015,3";"1015,3";"1014,6";"1,4";"217,0";"4,7";"";"0,0"
"01/05/2026";"0100";"23,9";"24,0";"23,7";"91,0";"91,0";"89,0";"22,3";"22,5";"22,1";"1015,4";"1015,4";"1015,3";"2,0";"215,0";"4,5";"";"0,0"
"01/05/2026";"0200";"23,6";"24,0";"23,6";"90,0";"91,0";"89,0";"21,8";"22,4";"21,8";"1015,6";"1015,6";"1015,4";"1,5";"217,0";"4,4";"";"0,0"
"01/05/2026";"0300";"23,6";"23,9";"23,5";"91,0";"91,0";"90,0";"22,1";"22,2";"21,9";"1015,4";"1015,6";"1015,4";"1,7";"202,0";"4,3";"";"0,0"
"01/05/2026";"0400";"22,9";"23,6";"22,9";"92,0";"92,0";"91,0";"21,6";"22,1";"21,6";"1015,0";"1015,4";"1015,0";"1,7";"210,0";"4,0";"";"0,0"
"01/05/2026";"0500";"22,8";"23,1";"22,6";"93,0";"93,0";"92,0";"21,7";"21,9";"21,4";"1014,9";"1015,0";"1014,9";"0,7";"144,0";"3,4";"";"0,0"
"01/05/2026";"0600";"22,8";"23,0";"22,7";"94,0";"94,0";"93,0";"21,8";"21,9";"21,6";"1014,7";"1014,9";"1014,7";"0,8";"224,0";"1,7";"";"0,0"
"01/05/2026";"0700";"22,1";"22,9";"22,0";"94,0";"94,0";"94,0";"21,2";"21,9";"21,0";"1014,7";"1014,7";"1014,6";"0,8";"205,0";"1,7";"";"0,0"
"01/05/2026";"0800";"21,2";"22,4";"21,2";"95,0";"95,0";"94,0";"20,3";"21,6";"20,3";"1014,8";"1014,8";"1014,6";"1,6";"288,0";"2,1";"";"0,0"
"01/05/2026";"0900";"21,5";"21,9";"21,1";"95,0";"95,0";"95,0";"20,7";"21,1";"20,3";"1015,6";"1015,6";"1014,8";"0,7";"263,0";"2,1";"";"0,0"
"01/05/2026";"1000";"22,1";"22,6";"21,2";"95,0";"95,0";"95,0";"21,3";"21,8";"20,4";"1016,4";"1016,4";"1015,6";"0,9";"333,0";"1,5";"168,50";"0,0"
"01/05/2026";"1100";"24,8";"24,9";"22,1";"94,0";"95,0";"94,0";"23,9";"24,0";"21,5";"1017,0";"1017,0";"1016,4";"1,2";"298,0";"2,0";"856,10";"0,0"
"01/05/2026";"1200";"27,0";"27,6";"24,8";"72,0";"94,0";"71,0";"21,5";"24,4";"21,5";"1017,5";"1017,5";"1017,0";"1,1";"354,0";"2,4";"1583,70";"0,0"
"01/05/2026";"1300";"28,8";"29,1";"27,0";"61,0";"75,0";"60,0";"20,5";"22,7";"20,0";"1017,5";"1017,7";"1017,5";"1,6";"28,0";"3,8";"2380,60";"0,0"
"01/05/2026";"1400";"30,5";"31,0";"28,8";"52,0";"61,0";"51,0";"19,4";"21,1";"18,9";"1016,8";"1017,5";"1016,8";"2,5";"324,0";"4,1";"2813,00";"0,0"
"01/05/2026";"1500";"29,5";"31,9";"29,5";"50,0";"54,0";"44,0";"17,9";"19,9";"17,6";"1015,9";"1016,8";"1015,9";"1,8";"96,0";"5,0";"2664,50";"0,0"
"01/05/2026";"1600";"31,3";"31,3";"29,5";"43,0";"50,0";"42,0";"17,2";"18,8";"16,7";"1015,1";"1015,9";"1015,1";"1,6";"101,0";"4,2";"2399,40";"0,0"
"01/05/2026";"1700";"30,9";"32,8";"30,9";"46,0";"47,0";"39,0";"17,9";"18,7";"16,6";"1014,4";"1015,1";"1014,4";"3,1";"79,0";"6,3";"2703,20";"0,0"
"01/05/2026";"1800";"30,2";"31,1";"30,2";"45,0";"47,0";"43,0";"16,9";"18,2";"16,8";"1013,8";"1014,4";"1013,8";"3,2";"67,0";"6,5";"1906,20";"0,0"
"01/05/2026";"1900";"29,0";"30,3";"29,0";"47,0";"50,0";"44,0";"16,7";"17,5";"16,6";"1014,1";"1014,1";"1013,7";"3,8";"82,0";"6,5";"1290,80";"0,0"
"01/05/2026";"2000";"27,0";"29,0";"27,0";"65,0";"65,0";"47,0";"19,9";"19,9";"16,8";"1014,5";"1014,5";"1014,1";"3,4";"78,0";"6,5";"501,60";"0,0"
"01/05/2026";"2100";"25,4";"27,0";"25,3";"78,0";"78,0";"65,0";"21,3";"21,3";"19,9";"1015,1";"1015,1";"1014,5";"2,6";"89,0";"6,2";"14,10";"0,0"
"01/05/2026";"2200";"24,0";"25,5";"24,0";"86,0";"86,0";"78,0";"21,5";"21,5";"21,2";"1015,5";"1015,5";"1015,1";"2,2";"72,0";"5,1";"";"0,0"
"01/05/2026";"2300";"23,0";"24,0";"23,0";"90,0";"90,0";"86,0";"21,3";"21,7";"21,3";"1016,2";"1016,2";"1015,5";"1,1";"69,0";"3,5";"";"0,0"
"02/05/2026";"0000";"22,4";"23,0";"22,3";"93,0";"93,0";"90,0";"21,3";"21,5";"20,8";"1016,6";"1016,6";"1016,2";"0,8";"308,0";"1,6";"";"0,0"
"02/05/2026";"0100";"22,5";"22,6";"22,1";"94,0";"94,0";"93,0";"21,5";"21,6";"20,9";"1016,8";"1016,8";"1016,6";"0,8";"312,0";"1,7";"";"0,0"
"02/05/2026";"0200";"22,3";"22,5";"22,1";"94,0";"94,0";"94,0";"21,4";"21,4";"21,1";"1016,5";"1016,8";"1016,5";"0,8";"278,0";"1,6";"";"0,0"
"02/05/2026";"0300";"22,2";"22,6";"22,1";"95,0";"95,0";"94,0";"21,3";"21,7";"21,2";"1016,0";"1016,5";"1016,0";"0,9";"321,0";"2,0";"";"0,0"
"02/05/2026";"0400";"21,8";"22,3";"21,7";"95,0";"95,0";"95,0";"20,9";"21,4";"20,8";"1015,2";"1016,0";"1015,2";"1,0";"291,0";"1,7";"";"0,0"
"02/05/2026";"0500";"22,5";"22,5";"21,8";"95,0";"95,0";"95,0";"21,6";"21,6";"20,9";"1014,2";"1015,2";"1014,2";"1,1";"348,0";"2,1";"";"0,0"
"02/05/2026";"0600";"22,6";"22,8";"22,5";"95,0";"95,0";"95,0";"21,7";"22,0";"21,6";"1013,8";"1014,2";"1013,8";"1,0";"9,0";"2,6";"";"0,0"
"02/05/2026";"0700";"22,0";"22,6";"22,0";"95,0";"95,0";"95,0";"21,2";"21,8";"21,2";"1013,7";"1013,9";"1013,6";"0,9";"9,0";"1,8";"";"0,0"
"02/05/2026";"0800";"21,6";"22,3";"21,6";"95,0";"95,0";"95,0";"20,9";"21,5";"20,9";"1013,8";"1013,8";"1013,6";"1,5";"18,0";"2,6";"";"0,0"
"02/05/2026";"0900";"20,7";"21,6";"20,7";"95,0";"96,0";"95,0";"19,9";"20,9";"19,9";"1014,0";"1014,0";"1013,8";"1,8";"39,0";"2,4";"";"0,0"
"02/05/2026";"1000";"22,3";"22,3";"20,5";"95,0";"96,0";"95,0";"21,5";"21,5";"19,8";"1014,6";"1014,6";"1014,0";"1,9";"16,0";"2,9";"195,20";"0,0"
"02/05/2026";"1100";"24,1";"24,2";"22,3";"89,0";"95,0";"89,0";"22,3";"22,8";"21,5";"1015,0";"1015,0";"1014,6";"3,1";"348,0";"5,2";"875,50";"0,0"
"02/05/2026";"1200";"26,5";"26,5";"24,2";"76,0";"90,0";"76,0";"22,0";"22,9";"21,7";"1015,2";"1015,3";"1014,9";"3,4";"344,0";"6,2";"1570,70";"0,0"
"02/05/2026";"1300";"28,8";"28,8";"26,5";"63,0";"76,0";"63,0";"20,9";"22,1";"20,9";"1015,1";"1015,5";"1015,1";"3,4";"340,0";"6,3";"2134,90";"0,0"
"02/05/2026";"1400";"29,9";"30,7";"28,7";"53,0";"64,0";"52,0";"19,4";"21,2";"19,3";"1014,0";"1015,1";"1014,0";"2,7";"336,0";"6,3";"2651,30";"0,0"
"02/05/2026";"1500";"31,0";"31,7";"29,9";"49,0";"55,0";"47,0";"19,2";"20,1";"18,5";"1013,0";"1014,0";"1013,0";"3,3";"310,0";"6,8";"2749,10";"0,2"
"02/05/2026";"1600";"32,0";"32,8";"31,1";"41,0";"50,0";"39,0";"17,0";"19,9";"16,8";"1011,7";"1013,0";"1011,7";"3,9";"332,0";"7,4";"2742,10";"0,0"
"02/05/2026";"1700";"32,9";"33,1";"31,6";"39,0";"42,0";"38,0";"17,3";"18,0";"16,2";"1011,3";"1011,7";"1011,2";"3,0";"294,0";"7,5";"2458,50";"0,0"
"02/05/2026";"1800";"32,0";"33,0";"31,9";"41,0";"42,0";"38,0";"17,1";"18,0";"16,2";"1011,5";"1011,5";"1011,3";"4,1";"295,0";"8,3";"2008,20";"0,0"
"02/05/2026";"1900";"31,3";"32,2";"31,3";"44,0";"44,0";"40,0";"17,5";"17,7";"16,8";"1011,7";"1011,7";"1011,4";"2,7";"306,0";"8,3";"1236,20";"0,0"
"02/05/2026";"2000";"28,7";"31,3";"28,7";"55,0";"55,0";"44,0";"18,8";"18,9";"17,3";"1012,1";"1012,1";"1011,7";"1,7";"323,0";"4,6";"426,50";"0,0"
"02/05/2026";"2100";"25,7";"28,7";"25,7";"74,0";"74,0";"55,0";"20,7";"20,7";"18,9";"1012,6";"1012,6";"1012,1";"2,0";"67,0";"4,1";"14,70";"0,0"
"02/05/2026";"2200";"24,8";"25,7";"24,8";"80,0";"80,0";"74,0";"21,1";"21,3";"20,8";"1012,9";"1012,9";"1012,6";"2,7";"51,0";"4,7";"";"0,0"
"02/05/2026";"2300";"24,3";"24,8";"24,3";"82,0";"82,0";"80,0";"21,0";"21,2";"21,0";"1013,5";"1013,5";"1012,9";"1,8";"56,0";"4,7";"";"0,0"
"03/05/2026";"0000";"23,5";"24,3";"23,5";"87,0";"87,0";"82,0";"21,2";"21,3";"21,0";"1013,9";"1013,9";"1013,5";"1,3";"73,0";"3,4";"";"0,0"
"03/05/2026";"0100";"23,3";"23,9";"23,2";"87,0";"88,0";"86,0";"21,0";"21,6";"20,9";"1014,0";"1014,0";"1013,9";"1,2";"137,0";"2,8";"";"0,0"
"03/05/2026";"0200";"22,5";"23,7";"22,5";"91,0";"91,0";"87,0";"21,0";"21,5";"20,7";"1013,8";"1014,0";"1013,8";"1,1";"275,0";"2,2";"";"0,0"
"03/05/2026";"0300";"22,0";"23,0";"21,8";"92,0";"93,0";"91,0";"20,6";"21,6";"20,3";"1013,3";"1013,9";"1013,3";"0,9";"214,0";"1,6";"";"0,0"
"03/05/2026";"0400";"22,6";"23,4";"21,9";"89,0";"93,0";"88,0";"20,7";"21,7";"20,5";"1012,9";"1013,3";"1012,8";"0,4";"217,0";"2,0";"";"0,0"
"03/05/2026";"0500";"21,6";"22,6";"21,4";"93,0";"93,0";"89,0";"20,4";"20,9";"20,2";"1013,0";"1013,1";"1012,7";"2,1";"224,0";"3,6";"";"0,0"
"03/05/2026";"0600";"22,3";"22,4";"21,2";"91,0";"94,0";"91,0";"20,8";"21,0";"20,0";"1012,7";"1013,0";"1012,6";"0,7";"172,0";"2,9";"";"0,0"
"03/05/2026";"0700";"22,6";"22,7";"22,1";"88,0";"91,0";"88,0";"20,5";"20,9";"20,2";"1012,8";"1012,9";"1012,7";"1,1";"200,0";"3,2";"";"0,0"
"03/05/2026";"0800";"22,9";"23,0";"22,5";"89,0";"89,0";"88,0";"20,9";"21,0";"20,4";"1013,0";"1013,0";"1012,8";"1,1";"186,0";"3,9";"";"0,0"
"03/05/2026";"0900";"22,0";"22,9";"21,9";"90,0";"90,0";"88,0";"20,2";"21,0";"20,0";"1013,5";"1013,5";"1013,0";"1,3";"237,0";"3,8";"";"0,0"
"03/05/2026";"1000";"22,6";"22,6";"21,9";"89,0";"90,0";"89,0";"20,6";"20,6";"20,2";"1014,3";"1014,3";"1013,5";"2,7";"218,0";"4,5";"36,30";"0,0"
"03/05/2026";"1100";"23,3";"23,3";"22,6";"85,0";"89,0";"84,0";"20,6";"20,6";"20,4";"1014,9";"1014,9";"1014,3";"2,4";"211,0";"4,9";"112,10";"0,0"
"03/05/2026";"1200";"24,9";"24,9";"23,3";"78,0";"85,0";"78,0";"20,7";"20,7";"20,4";"1015,5";"1015,5";"1014,9";"3,6";"232,0";"7,0";"439,60";"0,0"
"03/05/2026";"1300";"27,8";"27,8";"24,9";"66,0";"78,0";"66,0";"20,8";"21,0";"20,5";"1016,0";"1016,1";"1015,4";"4,2";"222,0";"8,0";"1145,50";"0,0"
"03/05/2026";"1400";"26,7";"28,4";"26,0";"66,0";"70,0";"63,0";"19,9";"20,9";"19,4";"1016,0";"1016,1";"1015,9";"5,1";"199,0";"12,2";"1183,40";"0,0"
"03/05/2026";"1500";"26,7";"27,3";"26,5";"66,0";"68,0";"64,0";"19,9";"20,6";"19,5";"1015,6";"1016,0";"1015,6";"4,6";"194,0";"12,2";"1515,20";"0,0"
"03/05/2026";"1600";"26,0";"26,9";"23,7";"75,0";"88,0";"66,0";"21,1";"22,3";"20,1";"1015,3";"1015,8";"1015,3";"4,1";"206,0";"11,6";"2200,20";"0,4"
"03/05/2026";"1700";"26,1";"26,6";"25,0";"72,0";"77,0";"71,0";"20,6";"21,5";"20,4";"1015,2";"1015,3";"1015,1";"4,9";"213,0";"10,5";"1520,30";"0,0"
"03/05/2026";"1800";"22,8";"26,1";"22,8";"87,0";"87,0";"71,0";"20,6";"20,6";"19,8";"1015,5";"1015,5";"1015,1";"3,4";"194,0";"11,5";"861,40";"0,0"
"03/05/2026";"1900";"23,3";"23,9";"22,8";"87,0";"89,0";"82,0";"21,0";"21,4";"20,4";"1015,5";"1015,5";"1015,4";"2,9";"210,0";"9,1";"483,40";"0,0"
"03/05/2026";"2000";"22,6";"23,4";"21,8";"87,0";"87,0";"84,0";"20,3";"21,0";"19,5";"1016,0";"1016,0";"1015,5";"4,0";"212,0";"11,4";"88,50";"0,0"
"03/05/2026";"2100";"22,1";"22,6";"22,1";"87,0";"89,0";"87,0";"19,9";"20,3";"19,9";"1016,4";"1016,4";"1016,0";"4,7";"220,0";"7,9";"2,50";"0,0"
"03/05/2026";"2200";"21,8";"22,1";"21,8";"86,0";"87,0";"86,0";"19,4";"19,9";"19,4";"1017,1";"1017,1";"1016,4";"3,5";"216,0";"9,9";"";"0,0"
"03/05/2026";"2300";"21,2";"22,0";"21,1";"88,0";"89,0";"84,0";"19,1";"19,3";"19,0";"1017,8";"1017,8";"1017,1";"5,0";"225,0";"8,9";"";"0,0"
"04/05/2026";"0000";"21,1";"21,2";"21,0";"86,0";"88,0";"86,0";"18,7";"19,1";"18,7";"1018,4";"1018,4";"1017,8";"3,6";"219,0";"9,2";"";"0,0"
"04/05/2026";"0100";"21,4";"21,4";"21,1";"83,0";"86,0";"83,0";"18,3";"18,7";"18,3";"1018,4";"1018,4";"1018,3";"3,8";"217,0";"6,4";"";"0,0"
"04/05/2026";"0200";"21,4";"21,5";"21,3";"81,0";"83,0";"80,0";"17,9";"18,3";"17,9";"1018,3";"1018,5";"1018,3";"3,5";"219,0";"6,1";"";"0,0"
"04/05/2026";"0300";"21,7";"21,7";"21,4";"78,0";"81,0";"78,0";"17,6";"17,9";"17,6";"1018,0";"1018,4";"1018,0";"3,9";"221,0";"7,3";"";"0,0"
"04/05/2026";"0400";"21,6";"21,7";"21,6";"77,0";"78,0";"76,0";"17,4";"17,6";"17,3";"1017,7";"1018,1";"1017,7";"3,7";"221,0";"6,6";"";"0,0"
"04/05/2026";"0500";"20,3";"21,9";"20,3";"86,0";"86,0";"75,0";"17,8";"17,8";"17,1";"1017,5";"1017,7";"1017,5";"2,7";"211,0";"8,2";"";"0,0"
"04/05/2026";"0600";"21,0";"21,2";"20,2";"82,0";"88,0";"81,0";"17,9";"18,2";"17,9";"1017,6";"1017,7";"1017,5";"1,4";"162,0";"5,4";"";"0,0"
"04/05/2026";"0700";"19,9";"21,0";"19,9";"87,0";"87,0";"81,0";"17,6";"17,9";"17,4";"1017,7";"1017,7";"1017,5";"2,5";"225,0";"6,3";"";"0,0"
"04/05/2026";"0800";"19,7";"19,9";"19,6";"90,0";"90,0";"87,0";"18,0";"18,0";"17,7";"1017,9";"1017,9";"1017,7";"2,4";"226,0";"5,8";"";"0,0"
"04/05/2026";"0900";"20,0";"20,0";"19,7";"87,0";"90,0";"87,0";"17,9";"18,1";"17,9";"1018,6";"1018,6";"1017,9";"1,7";"247,0";"4,3";"";"0,0"
"04/05/2026";"1000";"19,9";"20,0";"19,8";"89,0";"89,0";"87,0";"18,1";"18,1";"17,6";"1018,9";"1018,9";"1018,6";"1,6";"243,0";"3,8";"82,90";"0,0"
"04/05/2026";"1100";"22,5";"22,5";"19,9";"78,0";"89,0";"78,0";"18,5";"18,9";"18,1";"1019,5";"1019,5";"1018,9";"2,2";"219,0";"3,5";"743,40";"0,0"
"04/05/2026";"1200";"24,0";"24,1";"22,4";"69,0";"79,0";"67,0";"17,9";"18,9";"17,5";"1020,1";"1020,1";"1019,5";"2,2";"212,0";"5,0";"1200,30";"0,0"
"04/05/2026";"1300";"26,1";"26,3";"23,9";"56,0";"69,0";"53,0";"16,6";"18,4";"15,6";"1020,2";"1020,3";"1020,1";"1,8";"211,0";"5,1";"2072,90";"0,0"
"04/05/2026";"1400";"27,0";"27,4";"25,6";"48,0";"56,0";"45,0";"15,1";"16,5";"13,8";"1019,6";"1020,2";"1019,6";"2,4";"221,0";"5,3";"2615,90";"0,0"
"04/05/2026";"1500";"26,1";"27,5";"25,8";"52,0";"53,0";"47,0";"15,5";"16,2";"14,7";"1018,6";"1019,6";"1018,6";"2,0";"165,0";"5,3";"2197,50";"0,0"
"04/05/2026";"1600";"26,4";"27,2";"26,1";"50,0";"55,0";"49,0";"15,0";"16,7";"14,8";"1018,2";"1018,6";"1018,2";"1,8";"114,0";"5,0";"1401,50";"0,0"
"04/05/2026";"1700";"25,9";"26,6";"25,7";"54,0";"56,0";"49,0";"15,8";"16,5";"15,0";"1017,4";"1018,2";"1017,4";"1,8";"103,0";"4,7";"807,70";"0,0"
"04/05/2026";"1800";"25,6";"26,0";"25,5";"56,0";"58,0";"54,0";"16,3";"16,8";"15,9";"1017,2";"1017,4";"1017,2";"2,7";"64,0";"4,7";"710,20";"0,0"
"04/05/2026";"1900";"24,9";"25,6";"24,9";"57,0";"59,0";"55,0";"15,9";"16,4";"15,5";"1017,5";"1017,5";"1017,2";"2,0";"62,0";"5,7";"447,40";"0,0"
"04/05/2026";"2000";"23,9";"24,9";"23,9";"64,0";"64,0";"57,0";"16,7";"16,7";"15,7";"1017,9";"1017,9";"1017,5";"2,9";"79,0";"5,7";"100,40";"0,0"
"04/05/2026";"2100";"23,5";"23,9";"23,5";"67,0";"67,0";"64,0";"17,0";"17,1";"16,7";"1018,5";"1018,5";"1017,9";"2,1";"85,0";"5,7";"1,60";"0,0"
"04/05/2026";"2200";"23,7";"23,8";"23,5";"63,0";"67,0";"63,0";"16,3";"17,0";"16,2";"1019,1";"1019,1";"1018,5";"2,1";"95,0";"3,8";"";"0,0"
"04/05/2026";"2300";"22,4";"23,7";"22,4";"72,0";"72,0";"63,0";"17,0";"17,0";"16,3";"1019,7";"1019,7";"1019,1";"0,9";"12,0";"4,2";"";"0,0"
"05/05/2026";"0000";"22,1";"22,4";"21,9";"74,0";"78,0";"72,0";"17,4";"17,9";"17,1";"1020,0";"1020,0";"1019,7";"0,5";"69,0";"1,4";"";"0,0"
"05/05/2026";"0100";"21,9";"22,4";"21,9";"76,0";"76,0";"71,0";"17,5";"17,6";"16,7";"1019,9";"1020,1";"1019,9";"0,4";"68,0";"0,8";"";"0,0"
"05/05/2026";"0200";"22,1";"22,8";"21,6";"76,0";"78,0";"69,0";"17,7";"17,7";"16,6";"1019,8";"1019,9";"1019,8";"0,8";"297,0";"0,9";"";"0,0"
"05/05/2026";"0300";"21,1";"22,1";"21,1";"85,0";"85,0";"76,0";"18,6";"18,6";"17,6";"1019,9";"1020,0";"1019,8";"1,1";"268,0";"1,8";"";"0,0"
"05/05/2026";"0400";"21,0";"21,4";"20,9";"85,0";"87,0";"85,0";"18,3";"18,8";"18,2";"1019,4";"1019,9";"1019,4";"1,2";"225,0";"1,6";"";"0,0"
"05/05/2026";"0500";"20,6";"21,0";"20,6";"87,0";"87,0";"84,0";"18,4";"18,4";"18,0";"1018,9";"1019,4";"1018,9";"1,1";"300,0";"1,5";"";"0,0"
"05/05/2026";"0600";"19,8";"20,6";"19,2";"92,0";"92,0";"87,0";"18,5";"18,6";"17,7";"1018,6";"1018,9";"1018,6";"0,9";"296,0";"1,6";"";"0,0"
"05/05/2026";"0700";"19,5";"19,8";"19,2";"93,0";"93,0";"92,0";"18,3";"18,6";"18,1";"1018,4";"1018,6";"1018,4";"1,3";"306,0";"1,8";"";"0,0"
"05/05/2026";"0800";"18,6";"19,5";"18,6";"94,0";"94,0";"93,0";"17,6";"18,3";"17,6";"1018,5";"1018,5";"1018,3";"1,3";"313,0";"1,9";"";"0,0"
"05/05/2026";"0900";"18,5";"18,7";"18,5";"95,0";"95,0";"94,0";"17,6";"17,8";"17,5";"1018,8";"1018,8";"1018,4";"1,4";"343,0";"2,3";"";"0,0"
"05/05/2026";"1000";"19,9";"20,0";"18,5";"93,0";"95,0";"93,0";"18,9";"19,0";"17,6";"1019,3";"1019,3";"1018,7";"0,9";"335,0";"2,1";"172,60";"0,0"
"05/05/2026";"1100";"23,5";"23,5";"19,9";"75,0";"93,0";"75,0";"18,7";"19,2";"18,4";"1019,4";"1019,4";"1019,1";"2,3";"341,0";"3,8";"834,80";"0,0"
"05/05/2026";"1200";"26,2";"26,2";"23,5";"60,0";"75,0";"60,0";"17,7";"18,6";"17,3";"1020,0";"1020,0";"1019,4";"2,6";"324,0";"4,3";"1573,00";"0,0"
"05/05/2026";"1300";"27,9";"28,3";"26,1";"54,0";"60,0";"53,0";"17,8";"18,2";"17,2";"1020,0";"1020,2";"1020,0";"3,3";"23,0";"5,3";"2181,80";"0,0"
"05/05/2026";"1400";"29,3";"29,4";"27,9";"49,0";"54,0";"48,0";"17,5";"18,0";"16,7";"1019,3";"1020,0";"1019,3";"2,8";"17,0";"6,6";"2595,40";"0,0"
"05/05/2026";"1500";"29,9";"30,4";"28,8";"48,0";"50,0";"45,0";"17,6";"18,0";"16,7";"1018,6";"1019,3";"1018,5";"2,6";"36,0";"6,0";"2833,00";"0,0"
"05/05/2026";"1600";"29,4";"30,8";"29,1";"50,0";"52,0";"44,0";"17,9";"19,0";"16,9";"1017,7";"1018,6";"1017,7";"3,8";"67,0";"6,5";"2992,40";"0,0"
"05/05/2026";"1700";"28,9";"29,7";"28,6";"51,0";"51,0";"48,0";"17,7";"18,3";"16,8";"1017,1";"1017,7";"1017,1";"3,5";"79,0";"7,0";"2451,60";"0,0"
"05/05/2026";"1800";"28,2";"29,2";"27,8";"51,0";"53,0";"48,0";"17,1";"17,7";"16,6";"1016,9";"1017,1";"1016,8";"4,2";"68,0";"7,9";"1919,60";"0,0"
"05/05/2026";"1900";"27,1";"28,2";"27,1";"52,0";"55,0";"51,0";"16,4";"17,6";"16,4";"1017,1";"1017,1";"1016,9";"4,0";"70,0";"7,3";"1215,80";"0,0"
"05/05/2026";"2000";"25,3";"27,1";"25,3";"62,0";"62,0";"52,0";"17,6";"17,6";"16,3";"1017,5";"1017,5";"1017,1";"3,2";"75,0";"6,8";"453,80";"0,0"
"05/05/2026";"2100";"23,5";"25,3";"23,5";"75,0";"75,0";"62,0";"18,7";"18,7";"17,3";"1018,0";"1018,0";"1017,5";"2,3";"80,0";"5,4";"10,00";"0,0"
"05/05/2026";"2200";"21,9";"23,5";"21,9";"85,0";"85,0";"75,0";"19,2";"19,2";"18,6";"1018,4";"1018,4";"1018,0";"1,4";"72,0";"3,6";"";"0,0"
"05/05/2026";"2300";"21,1";"22,0";"21,1";"88,0";"88,0";"85,0";"19,2";"19,5";"19,0";"1019,2";"1019,2";"1018,4";"0,2";"9,0";"2,4";"";"0,0"
"06/05/2026";"0000";"20,8";"21,5";"20,7";"90,0";"91,0";"88,0";"19,1";"19,5";"18,9";"1019,4";"1019,5";"1019,2";"1,3";"279,0";"1,6";"";"0,0"
"06/05/2026";"0100";"20,7";"21,1";"20,7";"93,0";"93,0";"90,0";"19,5";"19,8";"19,1";"1019,5";"1019,5";"1019,4";"0,7";"277,0";"1,6";"";"0,0"
"06/05/2026";"0200";"20,1";"20,7";"19,8";"94,0";"94,0";"93,0";"19,1";"19,5";"18,7";"1019,4";"1019,5";"1019,3";"1,2";"262,0";"1,4";"";"0,0"
"06/05/2026";"0300";"20,0";"20,4";"19,9";"95,0";"95,0";"94,0";"19,1";"19,6";"18,9";"1019,1";"1019,4";"1019,1";"1,1";"240,0";"1,9";"";"0,0"
"06/05/2026";"0400";"19,6";"20,2";"19,4";"95,0";"95,0";"95,0";"18,8";"19,3";"18,6";"1018,6";"1019,1";"1018,6";"0,7";"271,0";"1,4";"";"0,0"
"06/05/2026";"0500";"19,3";"19,8";"19,1";"95,0";"95,0";"95,0";"18,5";"19,0";"18,3";"1018,3";"1018,6";"1018,3";"1,6";"262,0";"1,8";"";"0,0"
"06/05/2026";"0600";"19,4";"19,5";"19,0";"95,0";"95,0";"95,0";"18,6";"18,7";"18,2";"1018,0";"1018,3";"1018,0";"1,5";"273,0";"1,8";"";"0,0"
"06/05/2026";"0700";"18,5";"19,5";"18,5";"95,0";"96,0";"95,0";"17,7";"18,8";"17,7";"1017,4";"1018,0";"1017,4";"0,9";"312,0";"1,8";"";"0,0"
"06/05/2026";"0800";"18,9";"19,1";"18,4";"96,0";"96,0";"95,0";"18,2";"18,4";"17,7";"1017,4";"1017,5";"1017,4";"1,6";"301,0";"1,8";"";"0,0"
"06/05/2026";"0900";"18,6";"18,9";"18,4";"96,0";"96,0";"96,0";"17,9";"18,3";"17,7";"1017,8";"1017,8";"1017,4";"0,8";"311,0";"1,8";"";"0,0"
"06/05/2026";"1000";"19,6";"19,6";"18,5";"96,0";"96,0";"96,0";"19,0";"19,0";"17,8";"1018,4";"1018,4";"1017,8";"1,1";"264,0";"1,9";"164,80";"0,0"
"06/05/2026";"1100";"22,3";"22,3";"19,4";"96,0";"96,0";"96,0";"21,6";"21,6";"18,7";"1019,1";"1019,1";"1018,4";"1,0";"240,0";"2,1";"565,60";"0,0"
"06/05/2026";"1200";"25,9";"25,9";"22,2";"77,0";"96,0";"77,0";"21,6";"22,2";"21,1";"1019,3";"1019,4";"1018,9";"1,4";"278,0";"3,0";"1419,20";"0,0"
"06/05/2026";"1300";"26,7";"27,5";"25,5";"73,0";"77,0";"69,0";"21,4";"22,1";"20,8";"1019,5";"1019,6";"1019,3";"1,2";"82,0";"3,4";"1702,50";"0,0"
"06/05/2026";"1400";"25,8";"27,6";"25,8";"79,0";"79,0";"69,0";"21,8";"21,9";"21,1";"1018,8";"1019,5";"1018,8";"1,6";"306,0";"3,6";"891,70";"0,2"
"06/05/2026";"1500";"28,9";"28,9";"25,7";"69,0";"82,0";"69,0";"22,7";"24,0";"21,6";"1017,6";"1018,8";"1017,6";"0,8";"330,0";"2,7";"1948,30";"0,2"
"06/05/2026";"1600";"26,1";"29,1";"26,1";"78,0";"78,0";"68,0";"22,0";"22,9";"21,6";"1016,9";"1017,6";"1016,8";"2,4";"114,0";"4,8";"1139,10";"0,8"
"06/05/2026";"1700";"28,0";"28,0";"25,8";"71,0";"84,0";"71,0";"22,3";"23,7";"22,0";"1016,1";"1016,9";"1016,1";"3,4";"84,0";"5,7";"1167,60";"1,2"
"06/05/2026";"1800";"27,1";"28,0";"26,8";"74,0";"76,0";"71,0";"22,2";"22,6";"21,5";"1015,6";"1016,2";"1015,6";"2,9";"77,0";"6,5";"439,60";"0,0"
"06/05/2026";"1900";"27,4";"27,9";"26,7";"73,0";"75,0";"70,0";"22,1";"22,2";"21,3";"1015,5";"1015,7";"1015,5";"2,7";"89,0";"7,1";"648,10";"0,0"
"06/05/2026";"2000";"26,2";"27,5";"26,2";"77,0";"77,0";"72,0";"21,8";"22,1";"21,6";"1016,3";"1016,3";"1015,5";"3,1";"80,0";"5,7";"473,40";"0,0"
"06/05/2026";"2100";"24,5";"26,2";"24,4";"86,0";"86,0";"77,0";"21,9";"21,9";"21,5";"1016,4";"1016,4";"1016,2";"2,2";"74,0";"6,1";"9,00";"0,0"
"06/05/2026";"2200";"22,7";"24,4";"22,7";"91,0";"91,0";"86,0";"21,3";"21,8";"21,2";"1016,9";"1016,9";"1016,4";"2,1";"37,0";"3,5";"";"0,0"
"06/05/2026";"2300";"22,7";"23,2";"22,7";"92,0";"92,0";"91,0";"21,3";"21,8";"21,3";"1017,1";"1017,2";"1016,9";"1,5";"23,0";"3,2";"";"0,0"
"07/05/2026";"0000";"22,6";"22,7";"22,0";"94,0";"94,0";"92,0";"21,6";"21,6";"20,8";"1017,3";"1017,4";"1017,1";"1,2";"153,0";"2,5";"";"0,0"
"07/05/2026";"0100";"23,2";"23,2";"22,6";"94,0";"94,0";"94,0";"22,1";"22,1";"21,6";"1017,4";"1017,4";"1017,2";"0,7";"193,0";"2,0";"";"0,0"
"07/05/2026";"0200";"22,4";"23,2";"22,4";"94,0";"94,0";"93,0";"21,5";"22,1";"21,4";"1017,4";"1017,4";"1017,3";"1,2";"272,0";"2,0";"";"0,0"
"07/05/2026";"0300";"22,6";"22,6";"22,4";"95,0";"95,0";"94,0";"21,6";"21,7";"21,4";"1016,7";"1017,4";"1016,6";"1,1";"227,0";"2,4";"";"0,0"
"07/05/2026";"0400";"23,0";"23,0";"22,6";"95,0";"95,0";"95,0";"22,1";"22,1";"21,7";"1016,2";"1016,7";"1016,2";"1,2";"229,0";"2,4";"";"0,4"
"07/05/2026";"0500";"22,9";"23,0";"22,8";"95,0";"95,0";"95,0";"22,1";"22,1";"21,9";"1015,7";"1016,2";"1015,7";"0,7";"217,0";"2,6";"";"1,6"
"07/05/2026";"0600";"22,7";"23,0";"22,7";"95,0";"95,0";"95,0";"21,8";"22,1";"21,8";"1015,0";"1015,6";"1014,9";"1,1";"236,0";"1,8";"";"0,0"
"07/05/2026";"0700";"22,2";"22,8";"22,2";"95,0";"95,0";"95,0";"21,4";"21,9";"21,4";"1014,8";"1015,0";"1014,6";"1,0";"221,0";"1,8";"";"0,0"
"07/05/2026";"0800";"22,7";"22,8";"22,1";"95,0";"95,0";"95,0";"21,9";"22,0";"21,3";"1015,0";"1015,0";"1014,7";"0,5";"230,0";"1,6";"";"0,0"
"07/05/2026";"0900";"22,3";"22,8";"22,3";"95,0";"95,0";"95,0";"21,5";"22,0";"21,5";"1015,4";"1015,4";"1015,0";"0,8";"342,0";"2,3";"";"0,0"
"07/05/2026";"1000";"22,8";"22,9";"22,0";"95,0";"95,0";"95,0";"22,1";"22,1";"21,3";"1015,6";"1015,6";"1015,4";"0,8";"85,0";"1,6";"116,60";"0,0"
"07/05/2026";"1100";"23,7";"23,7";"22,8";"95,0";"95,0";"95,0";"22,9";"22,9";"22,1";"1016,0";"1016,1";"1015,6";"1,0";"4,0";"2,1";"428,20";"0,0"
"07/05/2026";"1200";"26,4";"26,4";"23,5";"88,0";"95,0";"88,0";"24,3";"24,8";"22,7";"1016,9";"1016,9";"1015,9";"2,1";"22,0";"4,2";"1249,70";"0,0"
"07/05/2026";"1300";"27,5";"28,0";"25,4";"75,0";"88,0";"73,0";"22,6";"24,3";"21,9";"1016,8";"1017,2";"1016,8";"2,5";"48,0";"4,6";"1782,60";"0,0"
"07/05/2026";"1400";"29,5";"29,8";"26,9";"64,0";"77,0";"63,0";"22,1";"23,3";"21,8";"1015,4";"1016,8";"1015,4";"4,1";"32,0";"7,4";"2240,30";"0,0"
"07/05/2026";"1500";"29,8";"31,3";"28,9";"59,0";"65,0";"56,0";"20,9";"22,6";"20,5";"1014,3";"1015,4";"1014,3";"4,4";"27,0";"8,9";"2543,30";"0,0"
"07/05/2026";"1600";"29,9";"31,1";"29,2";"57,0";"60,0";"54,0";"20,5";"21,6";"20,0";"1012,9";"1014,3";"1012,9";"3,8";"40,0";"8,9";"2131,70";"0,0"
"07/05/2026";"1700";"29,4";"31,2";"28,4";"59,0";"64,0";"55,0";"20,6";"21,4";"20,3";"1012,2";"1012,9";"1012,2";"5,6";"60,0";"11,3";"1704,30";"0,0"
"07/05/2026";"1800";"28,2";"29,4";"28,2";"63,0";"64,0";"59,0";"20,5";"21,2";"20,4";"1012,0";"1012,2";"1011,9";"5,9";"66,0";"11,8";"1892,90";"0,0"
"07/05/2026";"1900";"27,9";"28,9";"27,9";"62,0";"64,0";"61,0";"20,0";"20,9";"19,8";"1011,8";"1012,0";"1011,8";"5,0";"57,0";"12,3";"1198,60";"0,0"
"07/05/2026";"2000";"26,7";"28,0";"26,7";"65,0";"65,0";"61,0";"19,5";"19,9";"19,4";"1011,9";"1012,0";"1011,8";"4,8";"53,0";"10,7";"447,20";"0,0"
"07/05/2026";"2100";"25,2";"26,7";"25,2";"77,0";"77,0";"65,0";"20,8";"20,8";"19,4";"1012,2";"1012,2";"1011,9";"4,1";"64,0";"9,0";"7,90";"0,0"
"07/05/2026";"2200";"24,7";"25,2";"24,6";"84,0";"85,0";"77,0";"21,9";"21,9";"20,8";"1012,8";"1012,8";"1012,2";"4,0";"63,0";"8,4";"";"0,0"
"07/05/2026";"2300";"24,8";"24,8";"24,6";"84,0";"85,0";"84,0";"21,8";"21,9";"21,8";"1013,6";"1013,6";"1012,8";"3,9";"57,0";"8,2";"";"0,0"
"08/05/2026";"0000";"24,8";"24,9";"24,7";"86,0";"86,0";"84,0";"22,3";"22,3";"21,9";"1013,9";"1013,9";"1013,6";"3,7";"49,0";"7,7";"";"0,0"
"08/05/2026";"0100";"24,2";"24,8";"24,2";"86,0";"86,0";"85,0";"21,6";"22,3";"21,6";"1013,9";"1014,0";"1013,8";"3,3";"49,0";"7,3";"";"0,0"
"08/05/2026";"0200";"23,5";"24,2";"23,5";"88,0";"88,0";"86,0";"21,3";"21,7";"21,3";"1013,9";"1014,0";"1013,8";"2,3";"48,0";"6,7";"";"0,0"
"08/05/2026";"0300";"22,7";"23,5";"22,7";"89,0";"89,0";"88,0";"20,9";"21,3";"20,8";"1013,7";"1014,0";"1013,7";"2,1";"41,0";"4,5";"";"0,0"
"08/05/2026";"0400";"22,1";"22,9";"22,1";"90,0";"90,0";"89,0";"20,5";"21,0";"20,5";"1013,6";"1013,7";"1013,5";"1,3";"333,0";"4,9";"";"0,0"
"08/05/2026";"0500";"21,1";"22,1";"21,1";"94,0";"94,0";"90,0";"20,0";"20,4";"19,9";"1013,3";"1013,6";"1013,1";"1,5";"298,0";"2,6";"";"0,0"
"08/05/2026";"0600";"20,8";"21,1";"20,7";"94,0";"94,0";"93,0";"19,8";"20,1";"19,7";"1013,2";"1013,3";"1013,2";"1,3";"29,0";"3,0";"";"0,0"
"08/05/2026";"0700";"20,5";"20,8";"20,3";"95,0";"95,0";"94,0";"19,6";"19,8";"19,3";"1013,2";"1013,3";"1013,1";"1,5";"4,0";"2,4";"";"0,0"
"08/05/2026";"0800";"20,3";"20,5";"20,0";"95,0";"95,0";"94,0";"19,4";"19,6";"19,2";"1013,4";"1013,4";"1013,1";"1,4";"40,0";"2,5";"";"0,0"
"08/05/2026";"0900";"20,2";"20,4";"20,0";"95,0";"95,0";"95,0";"19,3";"19,6";"19,1";"1014,0";"1014,0";"1013,4";"1,9";"29,0";"3,4";"";"0,0"
"08/05/2026";"1000";"22,4";"22,4";"20,1";"92,0";"95,0";"92,0";"21,0";"21,1";"19,3";"1014,9";"1014,9";"1014,0";"2,0";"25,0";"3,8";"191,10";"0,0"
"08/05/2026";"1100";"24,7";"24,7";"22,4";"79,0";"92,0";"78,0";"20,9";"21,3";"20,5";"1015,4";"1015,4";"1014,9";"2,7";"28,0";"4,8";"873,50";"0,0"
"08/05/2026";"1200";"27,7";"27,7";"24,7";"62,0";"79,0";"62,0";"19,7";"21,0";"19,7";"1015,5";"1015,6";"1015,4";"4,4";"25,0";"7,2";"1543,40";"0,0"
"08/05/2026";"1300";"30,4";"30,6";"27,7";"50,0";"62,0";"50,0";"18,7";"20,2";"18,7";"1014,8";"1015,5";"1014,7";"3,2";"345,0";"7,2";"2195,10";"0,0"
"08/05/2026";"1400";"31,8";"32,0";"30,0";"46,0";"52,0";"44,0";"18,7";"19,4";"17,7";"1013,8";"1014,8";"1013,8";"3,4";"12,0";"7,3";"2616,40";"0,0"
"08/05/2026";"1500";"32,4";"32,9";"31,1";"42,0";"46,0";"41,0";"17,8";"18,8";"17,3";"1012,8";"1013,8";"1012,8";"4,7";"34,0";"9,3";"2741,80";"0,0"
"08/05/2026";"1600";"29,8";"33,1";"29,7";"53,0";"54,0";"40,0";"19,2";"19,4";"17,1";"1011,5";"1012,8";"1011,5";"5,7";"72,0";"9,8";"2674,00";"0,0"
"08/05/2026";"1700";"29,9";"30,7";"29,2";"53,0";"56,0";"50,0";"19,3";"19,9";"18,7";"1010,9";"1011,5";"1010,9";"5,0";"78,0";"9,8";"2123,70";"0,0"
"08/05/2026";"1800";"28,7";"30,4";"28,2";"61,0";"62,0";"52,0";"20,4";"20,5";"19,2";"1010,8";"1010,9";"1010,7";"6,5";"67,0";"11,4";"1725,20";"0,0"
"08/05/2026";"1900";"27,6";"29,1";"27,4";"68,0";"68,0";"61,0";"21,2";"21,3";"20,2";"1011,0";"1011,0";"1010,8";"4,6";"57,0";"11,4";"1010,80";"0,0"
"08/05/2026";"2000";"26,2";"27,6";"26,2";"76,0";"76,0";"68,0";"21,5";"21,6";"21,1";"1011,2";"1011,2";"1011,0";"4,9";"53,0";"10,1";"474,30";"0,0"
"08/05/2026";"2100";"25,3";"26,2";"25,3";"83,0";"83,0";"76,0";"22,2";"22,2";"21,6";"1011,7";"1011,7";"1011,1";"4,3";"56,0";"9,7";"10,20";"0,0"
"08/05/2026";"2200";"24,9";"25,3";"24,9";"86,0";"86,0";"83,0";"22,4";"22,5";"22,3";"1012,0";"1012,0";"1011,7";"2,8";"50,0";"7,8";"";"0,0"
"08/05/2026";"2300";"24,5";"24,9";"24,4";"87,0";"87,0";"86,0";"22,1";"22,4";"22,0";"1012,5";"1012,5";"1012,0";"2,4";"45,0";"5,8";"";"0,0"
"09/05/2026";"0000";"24,2";"24,6";"24,0";"88,0";"89,0";"87,0";"22,1";"22,2";"21,9";"1012,9";"1012,9";"1012,5";"2,6";"25,0";"4,8";"";"0,0"
"09/05/2026";"0100";"23,9";"24,2";"23,9";"89,0";"90,0";"88,0";"22,0";"22,2";"22,0";"1013,4";"1013,4";"1012,9";"2,4";"22,0";"5,6";"";"0,0"
"09/05/2026";"0200";"22,8";"23,9";"22,8";"92,0";"92,0";"89,0";"21,3";"22,1";"21,3";"1013,5";"1013,5";"1013,4";"1,6";"21,0";"4,4";"";"0,0"
"09/05/2026";"0300";"23,0";"23,3";"22,8";"91,0";"92,0";"91,0";"21,5";"21,9";"21,4";"1013,2";"1013,6";"1013,2";"1,2";"22,0";"3,9";"";"0,0"
"09/05/2026";"0400";"22,5";"23,0";"22,5";"93,0";"93,0";"91,0";"21,3";"21,6";"21,2";"1013,1";"1013,2";"1013,1";"1,8";"21,0";"3,2";"";"0,0"
"09/05/2026";"0500";"22,8";"22,8";"22,4";"93,0";"93,0";"93,0";"21,6";"21,7";"21,3";"1012,8";"1013,1";"1012,7";"2,2";"33,0";"4,0";"";"0,0"
"09/05/2026";"0600";"22,3";"22,8";"22,3";"93,0";"93,0";"93,0";"21,2";"21,7";"21,2";"1012,7";"1012,8";"1012,6";"1,9";"38,0";"4,4";"";"0,0"
"09/05/2026";"0700";"21,8";"22,5";"21,8";"94,0";"94,0";"93,0";"20,7";"21,4";"20,7";"1012,7";"1012,8";"1012,6";"1,3";"2,0";"4,0";"";"0,0"
"09/05/2026";"0800";"22,1";"22,1";"21,5";"94,0";"94,0";"94,0";"21,1";"21,1";"20,5";"1013,1";"1013,2";"1012,7";"2,7";"17,0";"3,9";"";"0,0"
"09/05/2026";"0900";"22,0";"22,2";"22,0";"93,0";"94,0";"93,0";"20,8";"21,1";"20,8";"1013,5";"1013,5";"1013,1";"2,5";"19,0";"4,5";"";"0,0"
"09/05/2026";"1000";"23,5";"23,5";"22,0";"89,0";"93,0";"89,0";"21,5";"21,6";"20,8";"1014,0";"1014,0";"1013,5";"3,8";"22,0";"5,6";"222,90";"0,0"
"09/05/2026";"1100";"25,4";"25,4";"23,4";"81,0";"89,0";"80,0";"21,9";"22,0";"21,3";"1014,5";"1014,5";"1014,0";"3,6";"26,0";"6,2";"721,00";"0,0"
"09/05/2026";"1200";"28,3";"28,3";"25,4";"66,0";"81,0";"66,0";"21,4";"22,1";"21,1";"1015,1";"1015,1";"1014,5";"3,9";"18,0";"6,6";"1273,70";"0,0"
"09/05/2026";"1300";"30,4";"30,7";"28,1";"57,0";"67,0";"57,0";"21,0";"22,0";"20,8";"1015,1";"1015,3";"1015,1";"4,1";"38,0";"8,3";"2278,80";"0,0"
"09/05/2026";"1400";"30,7";"31,5";"29,4";"57,0";"60,0";"55,0";"21,0";"22,2";"20,4";"1014,5";"1015,1";"1014,4";"4,4";"38,0";"9,0";"2161,80";"0,0"
"09/05/2026";"1500";"31,4";"32,0";"30,1";"54,0";"60,0";"53,0";"20,9";"22,0";"20,5";"1013,6";"1014,5";"1013,6";"3,8";"55,0";"8,0";"2507,50";"0,0"
"09/05/2026";"1600";"29,4";"31,9";"29,0";"61,0";"63,0";"51,0";"21,1";"21,6";"20,4";"1012,8";"1013,6";"1012,8";"4,9";"72,0";"9,6";"1460,40";"0,0"
"09/05/2026";"1700";"30,5";"30,7";"29,4";"59,0";"62,0";"58,0";"21,5";"22,0";"20,9";"1012,3";"1012,8";"1012,3";"4,7";"55,0";"10,4";"2350,80";"0,0"
"09/05/2026";"1800";"30,1";"30,8";"29,6";"62,0";"63,0";"58,0";"22,0";"22,0";"21,2";"1012,1";"1012,3";"1012,1";"4,6";"58,0";"10,4";"1860,80";"0,0"
"09/05/2026";"1900";"28,6";"30,3";"28,4";"67,0";"68,0";"61,0";"21,9";"22,2";"21,5";"1012,6";"1012,6";"1012,0";"4,3";"56,0";"10,4";"921,10";"0,0"
"09/05/2026";"2000";"26,9";"28,6";"26,9";"73,0";"73,0";"67,0";"21,5";"22,1";"21,5";"1012,6";"1012,7";"1012,5";"4,2";"55,0";"9,0";"419,80";"0,0"
"09/05/2026";"2100";"25,5";"26,9";"25,4";"76,0";"76,0";"73,0";"20,9";"21,6";"20,9";"1013,0";"1013,0";"1012,6";"3,0";"54,0";"7,9";"7,40";"0,0"
"09/05/2026";"2200";"25,1";"25,5";"24,9";"79,0";"79,0";"76,0";"21,1";"21,1";"20,9";"1013,3";"1013,3";"1013,0";"2,9";"51,0";"7,5";"";"0,0"
"09/05/2026";"2300";"24,3";"25,1";"24,3";"82,0";"82,0";"79,0";"21,0";"21,1";"20,9";"1013,4";"1013,4";"1013,2";"2,5";"38,0";"6,4";"";"0,0"
"10/05/2026";"0000";"23,4";"24,3";"23,4";"87,0";"87,0";"82,0";"21,1";"21,3";"21,0";"1013,6";"1013,6";"1013,4";"1,9";"13,0";"4,0";"";"0,0"
"10/05/2026";"0100";"23,3";"23,7";"23,2";"88,0";"88,0";"87,0";"21,2";"21,4";"21,1";"1013,6";"1013,7";"1013,6";"2,1";"37,0";"3,7";"";"0,0"
"10/05/2026";"0200";"23,0";"23,3";"22,9";"88,0";"89,0";"88,0";"21,0";"21,2";"20,9";"1013,6";"1013,7";"1013,5";"2,5";"49,0";"4,3";"";"0,0"
"10/05/2026";"0300";"22,0";"23,3";"22,0";"90,0";"90,0";"87,0";"20,3";"21,1";"20,3";"1013,4";"1013,6";"1013,3";"0,6";"285,0";"4,6";"";"0,0"
"10/05/2026";"0400";"21,7";"22,3";"21,7";"91,0";"92,0";"90,0";"20,1";"20,8";"20,1";"1013,0";"1013,4";"1013,0";"1,4";"55,0";"2,9";"";"0,0"
"10/05/2026";"0500";"21,0";"21,8";"21,0";"93,0";"93,0";"91,0";"19,8";"20,2";"19,7";"1013,0";"1013,0";"1013,0";"1,3";"45,0";"2,8";"";"0,0"
"10/05/2026";"0600";"21,0";"21,4";"20,9";"92,0";"94,0";"92,0";"19,7";"20,2";"19,7";"1012,9";"1013,0";"1012,9";"1,7";"49,0";"3,1";"";"0,0"
"10/05/2026";"0700";"20,8";"21,1";"20,8";"93,0";"93,0";"92,0";"19,6";"19,9";"19,6";"1012,7";"1012,9";"1012,7";"1,8";"73,0";"3,5";"";"0,0"
"10/05/2026";"0800";"20,6";"20,8";"20,4";"94,0";"94,0";"93,0";"19,5";"19,6";"19,2";"1012,9";"1012,9";"1012,6";"2,0";"44,0";"3,1";"";"0,0"
"10/05/2026";"0900";"20,8";"20,8";"20,5";"94,0";"94,0";"93,0";"19,7";"19,7";"19,4";"1013,1";"1013,1";"1012,9";"2,7";"27,0";"4,7";"";"0,0"
"10/05/2026";"1000";"22,4";"22,5";"20,7";"90,0";"94,0";"90,0";"20,7";"20,9";"19,6";"1013,9";"1013,9";"1013,1";"1,8";"52,0";"4,2";"158,80";"0,0"
"10/05/2026";"1100";"24,9";"24,9";"22,4";"80,0";"90,0";"79,0";"21,1";"21,5";"20,7";"1014,5";"1014,5";"1013,9";"3,6";"352,0";"6,7";"844,40";"0,0"
"10/05/2026";"1200";"28,2";"28,2";"24,9";"64,0";"80,0";"63,0";"20,8";"21,6";"20,3";"1015,1";"1015,1";"1014,5";"3,3";"338,0";"7,1";"1540,50";"0,0"
"10/05/2026";"1300";"29,5";"30,0";"28,1";"55,0";"64,0";"54,0";"19,7";"20,6";"19,4";"1014,7";"1015,1";"1014,7";"4,7";"348,0";"7,6";"2133,80";"0,0"
"10/05/2026";"1400";"31,2";"31,4";"29,5";"50,0";"56,0";"49,0";"19,6";"20,3";"19,2";"1013,7";"1014,7";"1013,7";"4,2";"340,0";"7,7";"2608,90";"0,0"
"10/05/2026";"1500";"31,7";"32,3";"30,9";"48,0";"50,0";"46,0";"19,2";"20,2";"19,0";"1012,8";"1013,7";"1012,8";"3,3";"345,0";"7,7";"2707,30";"0,0"
"10/05/2026";"1600";"32,7";"33,3";"31,6";"44,0";"49,0";"43,0";"18,7";"20,1";"18,6";"1011,6";"1012,8";"1011,6";"2,1";"333,0";"5,1";"2681,30";"0,0"
"10/05/2026";"1700";"32,5";"33,5";"32,2";"44,0";"45,0";"41,0";"18,8";"19,5";"18,0";"1010,9";"1011,6";"1010,9";"2,2";"319,0";"5,2";"2257,10";"0,0"
"10/05/2026";"1800";"32,5";"33,3";"31,5";"48,0";"50,0";"43,0";"20,0";"20,1";"18,5";"1010,7";"1010,9";"1010,6";"2,6";"239,0";"5,1";"1514,40";"0,0"
"10/05/2026";"1900";"28,4";"32,5";"28,4";"66,0";"66,0";"48,0";"21,5";"21,8";"20,4";"1011,2";"1011,3";"1010,6";"2,1";"192,0";"7,1";"1135,90";"0,0"
"10/05/2026";"2000";"25,5";"28,4";"25,5";"78,0";"78,0";"66,0";"21,3";"21,6";"21,0";"1011,9";"1011,9";"1011,2";"2,7";"194,0";"7,8";"284,50";"0,0"
"10/05/2026";"2100";"24,3";"25,5";"24,3";"83,0";"85,0";"78,0";"21,3";"21,8";"21,3";"1012,8";"1012,8";"1011,9";"2,9";"195,0";"7,9";"10,90";"0,0"
"10/05/2026";"2200";"23,7";"24,3";"23,7";"86,0";"86,0";"82,0";"21,2";"21,3";"21,0";"1013,0";"1013,0";"1012,8";"2,4";"180,0";"6,9";"";"0,0"
"10/05/2026";"2300";"23,3";"23,7";"23,2";"89,0";"89,0";"86,0";"21,3";"21,4";"21,2";"1013,2";"1013,3";"1013,0";"2,3";"186,0";"8,2";"";"0,0"
"11/05/2026";"0000";"23,3";"23,4";"23,1";"86,0";"89,0";"86,0";"20,9";"21,4";"20,9";"1013,6";"1013,7";"1013,2";"2,9";"201,0";"8,4";"";"0,0"
"11/05/2026";"0100";"23,2";"23,4";"23,2";"85,0";"86,0";"85,0";"20,5";"20,9";"20,5";"1013,7";"1013,8";"1013,6";"2,5";"187,0";"8,7";"";"0,0"
"11/05/2026";"0200";"22,6";"23,2";"22,6";"87,0";"87,0";"85,0";"20,3";"20,6";"20,2";"1013,9";"1013,9";"1013,7";"2,3";"181,0";"8,7";"";"0,0"
"11/05/2026";"0300";"22,3";"22,6";"22,3";"89,0";"89,0";"87,0";"20,4";"20,4";"20,3";"1013,9";"1014,0";"1013,9";"1,7";"179,0";"5,4";"";"0,0"
"11/05/2026";"0400";"22,4";"22,4";"22,3";"87,0";"89,0";"87,0";"20,1";"20,5";"20,1";"1013,4";"1013,9";"1013,4";"3,1";"198,0";"7,6";"";"0,0"
"11/05/2026";"0500";"21,9";"22,4";"21,9";"85,0";"87,0";"83,0";"19,2";"20,0";"19,0";"1013,0";"1013,4";"1012,9";"2,4";"194,0";"8,8";"";"0,0"
"11/05/2026";"0600";"22,0";"22,1";"21,7";"81,0";"85,0";"81,0";"18,6";"19,2";"18,5";"1012,8";"1013,0";"1012,8";"3,8";"206,0";"9,0";"";"0,0"
"11/05/2026";"0700";"21,8";"22,0";"21,8";"80,0";"81,0";"80,0";"18,3";"18,5";"18,3";"1012,7";"1012,9";"1012,7";"4,1";"205,0";"9,5";"";"0,0"
"11/05/2026";"0800";"21,4";"21,8";"21,4";"81,0";"81,0";"80,0";"18,1";"18,3";"18,0";"1012,9";"1012,9";"1012,6";"3,9";"204,0";"11,1";"";"0,0"
"11/05/2026";"0900";"21,0";"21,4";"21,0";"84,0";"84,0";"81,0";"18,3";"18,3";"18,1";"1013,9";"1013,9";"1012,9";"4,0";"212,0";"9,3";"";"0,0"
"11/05/2026";"1000";"20,4";"21,0";"20,4";"90,0";"90,0";"84,0";"18,6";"18,6";"18,3";"1014,4";"1014,4";"1013,9";"4,2";"213,0";"9,3";"33,70";"0,0"
"11/05/2026";"1100";"20,1";"20,4";"20,1";"92,0";"92,0";"90,0";"18,8";"18,8";"18,6";"1015,2";"1015,2";"1014,4";"4,2";"219,0";"7,9";"90,60";"0,0"
"11/05/2026";"1200";"19,9";"20,2";"19,9";"93,0";"93,0";"92,0";"18,8";"18,8";"18,7";"1016,1";"1016,1";"1015,2";"3,9";"216,0";"8,8";"138,00";"0,2"
"11/05/2026";"1300";"20,0";"20,0";"19,9";"94,0";"94,0";"93,0";"19,0";"19,0";"18,7";"1016,3";"1016,6";"1016,1";"3,6";"209,0";"8,1";"217,80";"1,0"
"11/05/2026";"1400";"20,7";"20,7";"20,0";"90,0";"94,0";"89,0";"18,9";"19,3";"18,8";"1015,8";"1016,3";"1015,8";"3,9";"211,0";"8,5";"398,00";"0,0"
"11/05/2026";"1500";"21,0";"21,0";"20,7";"86,0";"90,0";"86,0";"18,6";"18,9";"18,4";"1015,1";"1015,9";"1015,1";"4,2";"207,0";"8,2";"434,20";"0,0"
"11/05/2026";"1600";"20,9";"20,9";"20,5";"87,0";"90,0";"86,0";"18,7";"18,9";"18,4";"1014,5";"1015,2";"1014,5";"3,1";"209,0";"9,7";"512,10";"0,0"
"11/05/2026";"1700";"21,7";"21,7";"20,7";"87,0";"89,0";"86,0";"19,5";"19,6";"18,5";"1014,0";"1014,6";"1014,0";"2,9";"209,0";"8,9";"551,50";"0,2"
"11/05/2026";"1800";"21,5";"22,0";"21,5";"81,0";"87,0";"79,0";"18,2";"19,4";"17,8";"1014,1";"1014,1";"1013,9";"4,1";"212,0";"9,5";"772,40";"0,0"
"11/05/2026";"1900";"21,7";"21,7";"21,5";"82,0";"83,0";"81,0";"18,5";"18,6";"18,2";"1014,2";"1014,3";"1014,0";"3,0";"199,0";"8,0";"379,50";"0,0"
"11/05/2026";"2000";"20,8";"21,7";"20,8";"79,0";"83,0";"78,0";"17,0";"18,6";"17,0";"1014,9";"1014,9";"1014,2";"4,1";"218,0";"7,9";"122,50";"0,0"
"11/05/2026";"2100";"20,4";"20,8";"20,4";"80,0";"81,0";"79,0";"16,9";"17,0";"16,9";"1015,3";"1015,3";"1014,9";"2,7";"215,0";"7,6";"1,30";"0,0"
"11/05/2026";"2200";"20,1";"20,4";"20,1";"81,0";"82,0";"80,0";"16,7";"16,9";"16,7";"1015,7";"1015,7";"1015,3";"3,3";"213,0";"7,5";"";"0,0"
"11/05/2026";"2300";"20,2";"20,3";"20,1";"80,0";"81,0";"80,0";"16,7";"16,8";"16,6";"1016,5";"1016,5";"1015,7";"3,0";"210,0";"7,2";"";"0,0"
"12/05/2026";"0000";"20,1";"20,2";"19,9";"81,0";"82,0";"80,0";"16,7";"16,7";"16,6";"1016,8";"1016,8";"1016,5";"3,4";"208,0";"7,4";"";"0,0"
"12/05/2026";"0100";"20,1";"20,2";"20,1";"78,0";"81,0";"78,0";"16,2";"16,7";"16,2";"1017,1";"1017,1";"1016,8";"3,9";"214,0";"8,0";"";"0,0"
"12/05/2026";"0200";"20,0";"20,2";"20,0";"78,0";"78,0";"77,0";"16,0";"16,2";"16,0";"1017,1";"1017,2";"1017,1";"3,5";"210,0";"7,8";"";"0,0"
"12/05/2026";"0300";"20,0";"20,0";"19,9";"77,0";"78,0";"77,0";"15,9";"16,0";"15,8";"1017,0";"1017,2";"1017,0";"3,6";"211,0";"7,8";"";"0,0"
"12/05/2026";"0400";"19,9";"20,0";"19,8";"76,0";"77,0";"76,0";"15,5";"15,9";"15,5";"1016,8";"1017,0";"1016,8";"4,0";"223,0";"8,6";"";"0,0"
"12/05/2026";"0500";"19,8";"20,0";"19,7";"76,0";"76,0";"75,0";"15,4";"15,5";"15,4";"1016,3";"1016,8";"1016,3";"4,2";"229,0";"8,2";"";"0,0"
"12/05/2026";"0600";"19,7";"19,8";"19,6";"76,0";"77,0";"75,0";"15,3";"15,5";"15,3";"1015,9";"1016,3";"1015,9";"5,0";"224,0";"9,2";"";"0,0"
"12/05/2026";"0700";"19,7";"19,8";"19,7";"76,0";"77,0";"75,0";"15,4";"15,4";"15,3";"1016,0";"1016,1";"1015,9";"5,1";"227,0";"8,6";"";"0,0"
"12/05/2026";"0800";"19,4";"19,8";"19,3";"78,0";"79,0";"76,0";"15,5";"15,6";"15,3";"1016,3";"1016,4";"1016,0";"5,0";"231,0";"8,6";"";"0,0"
"12/05/2026";"0900";"18,8";"19,4";"18,8";"80,0";"80,0";"78,0";"15,3";"15,5";"15,3";"1017,1";"1017,1";"1016,3";"5,1";"236,0";"9,0";"";"0,0"
"12/05/2026";"1000";"19,2";"19,2";"18,8";"78,0";"80,0";"78,0";"15,3";"15,4";"15,2";"1017,7";"1017,7";"1017,1";"3,6";"203,0";"9,0";"64,10";"0,0"
"12/05/2026";"1100";"20,4";"20,4";"19,2";"73,0";"78,0";"73,0";"15,3";"15,7";"15,2";"1018,3";"1018,3";"1017,7";"4,1";"208,0";"9,0";"484,60";"0,0"
"12/05/2026";"1200";"21,6";"21,6";"20,2";"68,0";"74,0";"67,0";"15,4";"15,7";"15,2";"1018,9";"1018,9";"1018,3";"3,4";"223,0";"9,0";"650,20";"0,0"
"12/05/2026";"1300";"23,1";"23,2";"21,6";"57,0";"68,0";"56,0";"14,0";"15,2";"13,6";"1019,2";"1019,2";"1018,9";"3,7";"221,0";"8,1";"1083,20";"0,0"
"12/05/2026";"1400";"24,1";"24,6";"23,0";"52,0";"58,0";"50,0";"13,7";"14,9";"13,1";"1018,4";"1019,2";"1018,4";"3,3";"211,0";"8,5";"1639,00";"0,0"
"12/05/2026";"1500";"25,7";"25,8";"24,1";"47,0";"53,0";"46,0";"13,5";"14,2";"12,8";"1017,0";"1018,4";"1017,0";"2,9";"196,0";"7,5";"2329,80";"0,0"
"12/05/2026";"1600";"25,6";"26,3";"25,1";"48,0";"50,0";"44,0";"13,9";"14,5";"12,5";"1016,3";"1017,0";"1016,3";"2,8";"209,0";"7,2";"2190,50";"0,0"
"12/05/2026";"1700";"24,9";"25,6";"24,2";"52,0";"55,0";"47,0";"14,3";"14,9";"13,3";"1015,6";"1016,3";"1015,6";"1,8";"186,0";"6,8";"1195,90";"0,0"
"12/05/2026";"1800";"24,2";"25,0";"24,0";"56,0";"56,0";"51,0";"14,7";"15,1";"13,9";"1015,3";"1015,6";"1015,3";"1,9";"186,0";"6,3";"1049,10";"0,0"
"12/05/2026";"1900";"23,7";"24,5";"23,7";"58,0";"59,0";"53,0";"15,0";"15,3";"14,2";"1015,5";"1015,5";"1015,2";"2,8";"163,0";"6,2";"958,60";"0,0"
"12/05/2026";"2000";"22,0";"23,7";"22,0";"67,0";"67,0";"58,0";"15,5";"15,6";"14,9";"1016,1";"1016,1";"1015,5";"1,6";"164,0";"5,5";"299,70";"0,0"
"12/05/2026";"2100";"21,0";"21,9";"21,0";"71,0";"71,0";"67,0";"15,6";"15,7";"15,4";"1016,4";"1016,4";"1016,1";"1,4";"174,0";"5,2";"4,90";"0,0"
"12/05/2026";"2200";"20,4";"21,0";"20,4";"74,0";"74,0";"71,0";"15,7";"15,8";"15,6";"1016,8";"1016,8";"1016,4";"1,7";"156,0";"4,6";"";"0,0"
"12/05/2026";"2300";"19,9";"20,6";"19,8";"77,0";"77,0";"74,0";"15,8";"15,8";"15,7";"1017,3";"1017,3";"1016,8";"1,2";"151,0";"3,1";"";"0,0"
"13/05/2026";"0000";"18,0";"20,1";"17,8";"90,0";"90,0";"76,0";"16,4";"16,4";"15,3";"1017,6";"1017,6";"1017,3";"1,0";"245,0";"2,2";"";"0,0"
"13/05/2026";"0100";"18,2";"18,3";"17,8";"91,0";"91,0";"90,0";"16,7";"16,9";"16,2";"1017,5";"1017,7";"1017,5";"0,5";"234,0";"1,4";"";"0,0"
"13/05/2026";"0200";"17,6";"18,2";"17,6";"93,0";"93,0";"91,0";"16,4";"16,7";"16,3";"1017,2";"1017,5";"1017,2";"1,3";"303,0";"1,5";"";"0,0"
"13/05/2026";"0300";"17,0";"17,6";"16,9";"94,0";"94,0";"93,0";"16,0";"16,5";"15,8";"1016,9";"1017,3";"1016,8";"1,5";"302,0";"2,1";"";"0,0"
"13/05/2026";"0400";"18,0";"18,0";"17,0";"94,0";"94,0";"94,0";"17,0";"17,0";"16,0";"1016,1";"1016,9";"1016,1";"0,9";"294,0";"2,0";"";"0,0"
"13/05/2026";"0500";"17,6";"18,1";"17,6";"93,0";"94,0";"93,0";"16,6";"17,1";"16,5";"1015,3";"1016,1";"1015,3";"0,4";"51,0";"1,5";"";"0,0"
"13/05/2026";"0600";"17,1";"17,7";"17,0";"94,0";"94,0";"93,0";"16,2";"16,7";"16,1";"1015,6";"1015,6";"1015,1";"1,4";"287,0";"2,3";"";"0,0"
"13/05/2026";"0700";"17,1";"17,2";"16,9";"95,0";"95,0";"94,0";"16,3";"16,3";"16,0";"1015,5";"1015,6";"1015,3";"1,7";"316,0";"2,1";"";"0,0"
"13/05/2026";"0800";"17,4";"17,5";"17,1";"94,0";"95,0";"94,0";"16,5";"16,6";"16,3";"1015,3";"1015,5";"1015,1";"1,8";"346,0";"2,2";"";"0,0"
"13/05/2026";"0900";"17,1";"17,4";"17,0";"94,0";"95,0";"94,0";"16,2";"16,5";"16,0";"1015,9";"1015,9";"1015,2";"2,1";"322,0";"2,4";"";"0,0"
"13/05/2026";"1000";"18,1";"18,2";"17,0";"94,0";"95,0";"94,0";"17,2";"17,2";"16,0";"1016,4";"1016,4";"1015,9";"0,9";"2,0";"2,4";"113,10";"0,0"
"13/05/2026";"1100";"19,8";"19,8";"18,1";"90,0";"94,0";"90,0";"18,1";"18,3";"17,1";"1017,3";"1017,3";"1016,3";"1,3";"314,0";"2,4";"295,30";"0,0"
"13/05/2026";"1200";"24,6";"24,7";"19,8";"67,0";"90,0";"67,0";"18,1";"19,2";"17,3";"1017,0";"1017,3";"1016,5";"2,0";"356,0";"3,2";"1373,70";"0,0"
"13/05/2026";"1300";"26,6";"26,8";"24,3";"57,0";"67,0";"57,0";"17,5";"18,2";"16,6";"1016,9";"1017,2";"1016,7";"2,1";"3,0";"5,6";"2094,00";"0,0"
"13/05/2026";"1400";"28,5";"28,6";"25,8";"49,0";"58,0";"49,0";"16,9";"17,5";"16,3";"1015,6";"1016,9";"1015,6";"3,2";"32,0";"6,4";"2499,40";"0,0"
"13/05/2026";"1500";"30,1";"30,1";"27,3";"48,0";"54,0";"47,0";"17,9";"17,9";"16,6";"1014,6";"1015,6";"1014,6";"3,1";"349,0";"6,4";"2495,40";"0,0"
"13/05/2026";"1600";"29,8";"30,2";"28,8";"48,0";"50,0";"46,0";"17,6";"17,9";"16,7";"1013,6";"1014,6";"1013,5";"3,6";"4,0";"6,7";"2626,70";"0,0"
"13/05/2026";"1700";"29,9";"30,6";"29,0";"48,0";"50,0";"46,0";"17,5";"18,5";"17,0";"1012,8";"1013,6";"1012,8";"2,4";"13,0";"6,7";"2249,00";"0,0"
"13/05/2026";"1800";"27,5";"30,6";"26,7";"61,0";"63,0";"47,0";"19,3";"19,4";"17,3";"1012,6";"1012,8";"1012,5";"3,6";"73,0";"6,3";"1312,90";"0,0"
"13/05/2026";"1900";"26,2";"27,7";"26,2";"66,0";"66,0";"59,0";"19,3";"19,3";"18,7";"1012,9";"1012,9";"1012,6";"3,5";"68,0";"7,2";"1106,80";"0,0"
"13/05/2026";"2000";"24,3";"26,2";"24,3";"75,0";"75,0";"66,0";"19,5";"19,6";"19,3";"1013,4";"1013,4";"1012,9";"2,3";"45,0";"6,8";"229,00";"0,0"
"13/05/2026";"2100";"22,9";"24,3";"22,9";"82,0";"82,0";"75,0";"19,6";"19,8";"19,5";"1013,6";"1013,6";"1013,3";"2,2";"58,0";"4,5";"3,30";"0,0"
"13/05/2026";"2200";"22,0";"22,9";"22,0";"89,0";"89,0";"82,0";"20,1";"20,2";"19,7";"1014,3";"1014,3";"1013,6";"1,8";"72,0";"4,0";"";"0,0"
"13/05/2026";"2300";"21,4";"22,2";"21,3";"92,0";"92,0";"89,0";"20,1";"20,5";"19,7";"1015,0";"1015,0";"1014,3";"1,3";"69,0";"3,7";"";"0,0"
"14/05/2026";"0000";"21,3";"21,6";"21,2";"93,0";"93,0";"92,0";"20,1";"20,4";"19,9";"1015,2";"1015,2";"1015,0";"1,0";"20,0";"2,0";"";"0,0"
"14/05/2026";"0100";"21,2";"21,3";"20,8";"94,0";"94,0";"93,0";"20,2";"20,2";"19,6";"1015,0";"1015,2";"1015,0";"1,3";"346,0";"1,8";"";"0,0"
"14/05/2026";"0200";"21,0";"21,2";"20,3";"95,0";"95,0";"93,0";"20,2";"20,2";"19,2";"1014,8";"1015,1";"1014,8";"1,1";"229,0";"1,6";"";"0,0"
"14/05/2026";"0300";"20,5";"21,0";"20,3";"95,0";"95,0";"95,0";"19,7";"20,1";"19,5";"1014,3";"1014,8";"1014,3";"1,1";"249,0";"1,7";"";"0,0"
"14/05/2026";"0400";"20,6";"20,6";"20,2";"95,0";"95,0";"95,0";"19,8";"19,8";"19,4";"1013,9";"1014,3";"1013,9";"1,2";"230,0";"1,5";"";"0,0"
"14/05/2026";"0500";"20,1";"20,6";"20,0";"95,0";"95,0";"95,0";"19,3";"19,8";"19,2";"1013,3";"1013,9";"1013,3";"1,2";"294,0";"1,7";"";"0,0"
"14/05/2026";"0600";"19,5";"20,2";"19,3";"96,0";"96,0";"95,0";"18,8";"19,4";"18,6";"1013,0";"1013,3";"1013,0";"1,3";"6,0";"1,8";"";"0,0"
"14/05/2026";"0700";"19,6";"19,8";"19,4";"96,0";"96,0";"96,0";"18,9";"19,1";"18,7";"1013,1";"1013,1";"1013,0";"1,4";"345,0";"2,2";"";"0,0"
"14/05/2026";"0800";"19,4";"19,6";"19,3";"96,0";"96,0";"96,0";"18,7";"18,9";"18,6";"1013,4";"1013,4";"1013,1";"0,6";"296,0";"2,3";"";"0,0"
"14/05/2026";"0900";"19,1";"19,5";"19,1";"96,0";"96,0";"96,0";"18,5";"18,8";"18,4";"1014,2";"1014,2";"1013,4";"0,7";"305,0";"2,1";"";"0,0"
"14/05/2026";"1000";"19,7";"19,7";"19,1";"96,0";"96,0";"96,0";"19,0";"19,0";"18,5";"1014,6";"1014,6";"1014,2";"1,1";"312,0";"2,1";"113,60";"0,0"
"14/05/2026";"1100";"21,2";"21,2";"19,7";"96,0";"96,0";"96,0";"20,4";"20,5";"19,1";"1015,1";"1015,1";"1014,6";"0,9";"357,0";"1,9";"509,20";"0,0"
"14/05/2026";"1200";"23,9";"23,9";"21,1";"85,0";"96,0";"85,0";"21,1";"21,9";"20,4";"1015,2";"1015,3";"1015,1";"1,6";"36,0";"3,1";"1085,10";"0,0"
"14/05/2026";"1300";"27,2";"27,5";"23,8";"65,0";"85,0";"65,0";"20,0";"21,5";"19,9";"1015,0";"1015,3";"1015,0";"2,4";"349,0";"4,4";"1861,00";"0,0"
"14/05/2026";"1400";"29,3";"29,6";"27,1";"57,0";"66,0";"55,0";"19,8";"20,8";"19,3";"1014,3";"1015,0";"1014,3";"2,6";"335,0";"5,5";"2146,60";"0,0"
"14/05/2026";"1500";"29,3";"29,9";"29,1";"55,0";"57,0";"52,0";"19,3";"19,9";"18,4";"1013,6";"1014,3";"1013,6";"2,5";"334,0";"5,1";"1863,20";"0,0"
"14/05/2026";"1600";"30,7";"30,7";"29,3";"49,0";"55,0";"48,0";"18,6";"19,3";"17,9";"1013,0";"1013,6";"1013,0";"2,3";"333,0";"5,0";"1917,80";"0,0"
"14/05/2026";"1700";"31,1";"31,5";"30,1";"44,0";"49,0";"42,0";"17,6";"18,6";"17,0";"1012,4";"1013,0";"1012,3";"2,0";"26,0";"4,5";"2072,80";"0,0"
"14/05/2026";"1800";"31,0";"31,5";"30,6";"45,0";"48,0";"42,0";"17,8";"18,7";"16,7";"1012,1";"1012,4";"1012,1";"1,9";"345,0";"4,0";"1606,10";"0,0"
"14/05/2026";"1900";"27,8";"31,5";"27,8";"66,0";"66,0";"44,0";"20,8";"20,8";"17,5";"1012,6";"1012,6";"1012,1";"2,6";"78,0";"5,3";"862,90";"0,0"
"14/05/2026";"2000";"25,3";"27,8";"25,3";"71,0";"71,0";"65,0";"19,6";"20,8";"19,6";"1013,0";"1013,0";"1012,6";"2,6";"83,0";"5,1";"254,00";"0,0"
"14/05/2026";"2100";"23,5";"25,3";"23,4";"80,0";"80,0";"71,0";"19,8";"19,8";"19,5";"1013,3";"1013,3";"1013,0";"2,0";"65,0";"4,1";"5,90";"0,0"
"14/05/2026";"2200";"22,7";"23,5";"22,7";"86,0";"86,0";"80,0";"20,3";"20,3";"19,7";"1014,1";"1014,1";"1013,3";"1,7";"65,0";"4,0";"";"0,0"
"14/05/2026";"2300";"22,4";"22,7";"22,4";"89,0";"89,0";"86,0";"20,6";"20,6";"20,3";"1014,7";"1014,7";"1014,1";"1,4";"67,0";"3,1";"";"0,0"
"15/05/2026";"0000";"22,1";"22,4";"21,7";"93,0";"93,0";"89,0";"20,8";"20,8";"20,3";"1014,9";"1014,9";"1014,7";"0,4";"85,0";"2,0";"";"0,0"
"15/05/2026";"0100";"21,9";"22,2";"21,8";"94,0";"94,0";"92,0";"20,8";"20,9";"20,6";"1015,0";"1015,0";"1014,9";"0,6";"238,0";"1,3";"";"0,0"
"15/05/2026";"0200";"21,4";"21,9";"21,4";"94,0";"94,0";"93,0";"20,4";"20,9";"20,4";"1015,1";"1015,1";"1015,0";"1,4";"234,0";"1,8";"";"0,0"
"15/05/2026";"0300";"21,6";"21,6";"21,3";"95,0";"95,0";"94,0";"20,8";"20,8";"20,3";"1014,6";"1015,1";"1014,6";"1,3";"221,0";"1,7";"";"0,0"
"15/05/2026";"0400";"21,6";"21,7";"21,2";"95,0";"95,0";"94,0";"20,7";"20,8";"20,3";"1014,2";"1014,6";"1014,2";"1,3";"227,0";"1,5";"";"0,0"
"15/05/2026";"0500";"21,7";"21,9";"21,4";"95,0";"95,0";"95,0";"20,8";"21,0";"20,5";"1013,7";"1014,2";"1013,7";"1,1";"188,0";"1,9";"";"0,0"
"15/05/2026";"0600";"21,3";"21,7";"21,3";"94,0";"95,0";"94,0";"20,4";"20,8";"20,4";"1013,5";"1013,7";"1013,4";"1,3";"200,0";"2,7";"";"0,0"
"15/05/2026";"0700";"21,1";"21,3";"20,8";"95,0";"95,0";"94,0";"20,3";"20,4";"19,9";"1013,2";"1013,5";"1013,2";"0,6";"159,0";"2,7";"";"0,0"
"15/05/2026";"0800";"20,8";"21,2";"20,8";"95,0";"95,0";"95,0";"20,0";"20,3";"20,0";"1013,4";"1013,4";"1013,1";"1,3";"238,0";"2,4";"";"0,0"
"15/05/2026";"0900";"20,9";"20,9";"20,4";"95,0";"95,0";"95,0";"20,1";"20,1";"19,6";"1013,9";"1013,9";"1013,4";"1,2";"236,0";"2,8";"";"0,0"
"15/05/2026";"1000";"21,3";"21,3";"20,7";"95,0";"95,0";"95,0";"20,5";"20,5";"19,9";"1014,1";"1014,1";"1013,9";"1,2";"303,0";"1,7";"97,50";"0,0"
"15/05/2026";"1100";"22,8";"22,9";"21,3";"95,0";"95,0";"95,0";"22,0";"22,0";"20,5";"1014,6";"1014,7";"1014,1";"1,3";"285,0";"2,5";"391,90";"0,0"
"15/05/2026";"1200";"24,0";"24,0";"22,8";"91,0";"95,0";"91,0";"22,4";"22,7";"22,1";"1014,9";"1014,9";"1014,6";"1,2";"11,0";"2,4";"600,00";"0,0"
"15/05/2026";"1300";"25,5";"25,5";"24,0";"81,0";"91,0";"80,0";"21,9";"22,4";"21,6";"1014,5";"1014,9";"1014,5";"1,0";"340,0";"2,3";"899,40";"0,0"
"15/05/2026";"1400";"27,9";"28,4";"25,4";"65,0";"81,0";"64,0";"20,7";"22,2";"20,6";"1013,6";"1014,5";"1013,6";"2,0";"323,0";"3,6";"1639,60";"0,0"
"15/05/2026";"1500";"30,0";"30,4";"27,9";"55,0";"66,0";"55,0";"20,0";"21,5";"20,0";"1013,2";"1013,6";"1013,2";"2,2";"348,0";"4,5";"2137,50";"0,0"
"15/05/2026";"1600";"29,9";"30,8";"28,8";"53,0";"57,0";"51,0";"19,4";"20,5";"18,7";"1012,3";"1013,2";"1012,3";"2,2";"10,0";"4,6";"1670,90";"0,0"
"15/05/2026";"1700";"31,4";"31,4";"29,8";"51,0";"55,0";"50,0";"20,1";"20,4";"19,2";"1011,6";"1012,3";"1011,6";"1,4";"356,0";"4,5";"2198,10";"0,0"
"15/05/2026";"1800";"28,9";"31,4";"27,9";"68,0";"71,0";"50,0";"22,5";"22,5";"19,3";"1011,6";"1011,7";"1011,4";"2,7";"176,0";"6,2";"981,40";"0,0"
"15/05/2026";"1900";"25,6";"28,9";"25,6";"76,0";"76,0";"67,0";"21,0";"22,3";"20,9";"1012,4";"1012,4";"1011,6";"3,6";"174,0";"9,8";"874,40";"0,0"
"15/05/2026";"2000";"24,5";"25,6";"24,5";"80,0";"80,0";"76,0";"20,8";"21,0";"20,8";"1013,2";"1013,2";"1012,4";"3,6";"163,0";"9,8";"163,40";"0,0"
"15/05/2026";"2100";"24,1";"24,5";"24,1";"81,0";"81,0";"80,0";"20,6";"20,8";"20,5";"1013,7";"1013,7";"1013,2";"2,6";"165,0";"7,5";"1,90";"0,0"
"15/05/2026";"2200";"23,9";"24,1";"23,8";"81,0";"82,0";"81,0";"20,5";"20,6";"20,4";"1014,3";"1014,3";"1013,7";"3,0";"150,0";"7,3";"";"0,0"
"15/05/2026";"2300";"23,9";"24,0";"23,8";"80,0";"82,0";"79,0";"20,3";"20,5";"20,2";"1015,1";"1015,1";"1014,3";"2,3";"150,0";"6,8";"";"0,0"
"16/05/2026";"0000";"23,5";"23,9";"23,5";"83,0";"84,0";"80,0";"20,5";"20,6";"20,3";"1015,0";"1015,2";"1014,9";"1,8";"136,0";"5,4";"";"0,0"
"16/05/2026";"0100";"23,1";"23,5";"23,1";"86,0";"87,0";"83,0";"20,7";"20,8";"20,5";"1014,7";"1015,0";"1014,7";"1,5";"149,0";"4,4";"";"0,0"
"16/05/2026";"0200";"22,8";"23,1";"22,8";"88,0";"88,0";"86,0";"20,8";"20,8";"20,6";"1014,5";"1014,7";"1014,5";"1,3";"156,0";"4,4";"";"0,0"
"16/05/2026";"0300";"22,6";"22,8";"22,5";"90,0";"90,0";"88,0";"20,9";"21,0";"20,7";"1014,3";"1014,7";"1014,3";"1,5";"165,0";"3,7";"";"0,0"
"16/05/2026";"0400";"22,1";"22,7";"22,0";"91,0";"91,0";"90,0";"20,4";"20,9";"20,4";"1013,9";"1014,3";"1013,8";"1,1";"203,0";"3,8";"";"0,0"
"16/05/2026";"0500";"21,5";"22,1";"21,4";"92,0";"93,0";"91,0";"20,2";"20,4";"20,0";"1013,5";"1014,0";"1013,5";"0,8";"174,0";"2,9";"";"0,0"
"16/05/2026";"0600";"20,7";"21,5";"20,7";"94,0";"94,0";"92,0";"19,7";"20,2";"19,7";"1013,1";"1013,5";"1013,1";"1,4";"306,0";"1,9";"";"0,0"
"16/05/2026";"0700";"20,6";"20,7";"20,5";"95,0";"95,0";"94,0";"19,7";"19,8";"19,6";"1012,6";"1013,1";"1012,5";"1,3";"9,0";"2,4";"";"0,0"
"16/05/2026";"0800";"20,7";"20,8";"20,6";"95,0";"95,0";"95,0";"19,8";"20,0";"19,7";"1012,9";"1013,1";"1012,6";"1,8";"338,0";"3,0";"";"0,0"
"16/05/2026";"0900";"20,5";"20,9";"20,5";"95,0";"95,0";"95,0";"19,7";"20,1";"19,7";"1013,4";"1013,4";"1012,8";"1,3";"345,0";"3,6";"";"0,0"
"16/05/2026";"1000";"21,6";"21,6";"20,0";"95,0";"96,0";"95,0";"20,8";"20,8";"19,2";"1013,9";"1013,9";"1013,3";"1,2";"360,0";"1,9";"135,10";"0,0"
"16/05/2026";"1100";"24,4";"24,4";"21,6";"86,0";"95,0";"86,0";"22,0";"22,4";"20,8";"1014,1";"1014,1";"1013,8";"1,8";"341,0";"3,7";"704,70";"0,0"
"16/05/2026";"1200";"26,4";"26,5";"24,4";"70,0";"86,0";"69,0";"20,4";"21,9";"20,2";"1014,6";"1014,6";"1014,0";"2,0";"346,0";"3,8";"1271,30";"0,0"
"16/05/2026";"1300";"27,7";"28,3";"26,2";"62,0";"70,0";"62,0";"19,8";"20,7";"19,6";"1014,7";"1014,8";"1014,6";"1,6";"15,0";"3,8";"1699,30";"0,0"
"16/05/2026";"1400";"29,2";"29,3";"27,7";"57,0";"63,0";"57,0";"19,8";"20,5";"19,2";"1014,1";"1014,7";"1014,1";"1,8";"14,0";"3,8";"2070,80";"0,0"
"16/05/2026";"1500";"30,4";"30,4";"28,7";"56,0";"59,0";"55,0";"20,5";"20,7";"19,3";"1013,5";"1014,1";"1013,5";"2,0";"7,0";"4,3";"2251,20";"0,0"
"16/05/2026";"1600";"29,6";"30,7";"29,0";"57,0";"58,0";"53,0";"20,1";"20,8";"19,4";"1012,6";"1013,5";"1012,6";"1,3";"64,0";"4,2";"2086,20";"0,0"
"16/05/2026";"1700";"30,1";"30,9";"29,6";"53,0";"57,0";"52,0";"19,4";"20,3";"19,4";"1012,1";"1012,6";"1012,1";"1,4";"294,0";"3,2";"1727,20";"0,0"
"16/05/2026";"1800";"27,7";"30,5";"27,6";"66,0";"66,0";"53,0";"20,7";"20,7";"19,3";"1012,0";"1012,1";"1011,8";"3,5";"80,0";"5,7";"729,60";"0,0"
"16/05/2026";"1900";"26,3";"27,7";"26,3";"72,0";"72,0";"66,0";"20,9";"21,1";"20,6";"1012,3";"1012,4";"1012,0";"2,9";"83,0";"6,1";"456,30";"0,0"
"16/05/2026";"2000";"24,7";"26,3";"24,7";"78,0";"78,0";"72,0";"20,6";"20,8";"20,6";"1012,9";"1012,9";"1012,3";"1,8";"91,0";"5,9";"180,50";"0,0"
"16/05/2026";"2100";"23,7";"24,7";"23,7";"82,0";"82,0";"78,0";"20,5";"20,6";"20,5";"1013,6";"1013,6";"1012,9";"1,6";"122,0";"3,9";"0,60";"0,0"
"16/05/2026";"2200";"23,1";"23,7";"22,9";"86,0";"86,0";"82,0";"20,5";"20,5";"20,3";"1013,8";"1014,1";"1013,6";"1,3";"127,0";"3,2";"";"0,0"
"16/05/2026";"2300";"23,0";"23,1";"22,7";"86,0";"87,0";"85,0";"20,6";"20,6";"20,1";"1014,3";"1014,3";"1013,8";"1,1";"126,0";"2,4";"";"0,0"
"17/05/2026";"0000";"22,7";"23,1";"22,6";"87,0";"87,0";"86,0";"20,3";"20,6";"20,2";"1014,7";"1014,7";"1014,2";"0,9";"169,0";"2,8";"";"0,0"
"17/05/2026";"0100";"21,2";"22,7";"21,2";"93,0";"93,0";"87,0";"20,0";"20,3";"20,0";"1014,7";"1014,8";"1014,4";"1,5";"293,0";"1,8";"";"0,0"
"17/05/2026";"0200";"21,1";"21,3";"20,6";"94,0";"94,0";"93,0";"20,2";"20,2";"19,5";"1014,6";"1014,9";"1014,6";"1,2";"232,0";"1,7";"";"0,0"
"17/05/2026";"0300";"20,6";"21,2";"20,6";"95,0";"95,0";"94,0";"19,7";"20,3";"19,7";"1014,4";"1014,7";"1014,3";"1,1";"257,0";"1,6";"";"0,0"
"17/05/2026";"0400";"20,7";"20,9";"20,1";"95,0";"95,0";"95,0";"19,9";"20,1";"19,2";"1014,1";"1014,4";"1014,1";"1,0";"277,0";"1,7";"";"0,0"
"17/05/2026";"0500";"20,5";"20,7";"20,3";"95,0";"95,0";"95,0";"19,7";"19,9";"19,5";"1013,8";"1014,1";"1013,7";"1,0";"288,0";"1,5";"";"0,0"
"17/05/2026";"0600";"20,2";"20,5";"19,9";"96,0";"96,0";"95,0";"19,4";"19,8";"19,2";"1013,1";"1013,8";"1013,1";"1,5";"359,0";"1,9";"";"0,0"
"17/05/2026";"0700";"20,7";"20,7";"20,0";"96,0";"96,0";"96,0";"20,0";"20,0";"19,3";"1012,7";"1013,1";"1012,7";"1,4";"11,0";"2,6";"";"0,0"
"17/05/2026";"0800";"21,0";"21,1";"20,7";"96,0";"96,0";"96,0";"20,3";"20,4";"20,0";"1013,1";"1013,3";"1012,6";"1,6";"356,0";"4,2";"";"0,0"
"17/05/2026";"0900";"20,6";"21,0";"20,6";"96,0";"96,0";"96,0";"19,9";"20,3";"19,9";"1013,6";"1013,6";"1013,1";"1,1";"330,0";"2,8";"";"0,0"
"17/05/2026";"1000";"20,8";"20,8";"20,3";"96,0";"96,0";"96,0";"20,1";"20,1";"19,7";"1013,7";"1013,7";"1013,4";"1,0";"30,0";"1,7";"73,20";"0,0"
"17/05/2026";"1100";"22,2";"22,2";"20,8";"96,0";"96,0";"96,0";"21,4";"21,5";"20,1";"1014,1";"1014,4";"1013,6";"1,1";"8,0";"2,4";"438,30";"0,0"
"17/05/2026";"1200";"24,9";"24,9";"22,2";"88,0";"96,0";"88,0";"22,7";"23,5";"21,4";"1014,5";"1014,7";"1014,1";"2,0";"10,0";"4,3";"924,50";"0,0"
"17/05/2026";"1300";"27,1";"27,3";"24,9";"73,0";"88,0";"72,0";"21,8";"22,8";"21,6";"1014,5";"1014,7";"1014,4";"3,0";"19,0";"5,4";"1556,60";"0,0"
"17/05/2026";"1400";"27,6";"28,3";"26,4";"68,0";"74,0";"66,0";"21,1";"22,1";"20,9";"1013,5";"1014,5";"1013,5";"4,0";"16,0";"7,0";"1660,00";"0,0"
"17/05/2026";"1500";"29,1";"29,8";"27,4";"64,0";"69,0";"61,0";"21,5";"22,0";"20,9";"1012,3";"1013,5";"1012,3";"4,0";"22,0";"7,2";"2079,40";"0,0"
"17/05/2026";"1600";"29,7";"30,3";"28,8";"60,0";"63,0";"58,0";"21,1";"21,7";"20,7";"1011,6";"1012,3";"1011,6";"2,5";"3,0";"7,0";"1877,00";"0,0"
"17/05/2026";"1700";"30,7";"30,8";"29,4";"56,0";"60,0";"55,0";"20,8";"21,6";"20,5";"1010,7";"1011,6";"1010,7";"3,1";"5,0";"6,1";"1618,90";"0,0"
"17/05/2026";"1800";"29,6";"30,8";"29,0";"63,0";"64,0";"54,0";"21,8";"21,8";"20,2";"1010,5";"1010,7";"1010,4";"2,5";"315,0";"6,1";"953,20";"0,0"
"17/05/2026";"1900";"29,7";"30,2";"29,4";"59,0";"63,0";"59,0";"20,9";"22,0";"20,9";"1010,5";"1010,6";"1010,4";"2,2";"345,0";"5,0";"1045,10";"0,0"
"17/05/2026";"2000";"26,4";"29,7";"26,4";"73,0";"73,0";"58,0";"21,1";"21,1";"19,8";"1010,9";"1010,9";"1010,5";"2,2";"50,0";"4,2";"318,90";"0,0"
"17/05/2026";"2100";"24,3";"26,4";"24,3";"84,0";"84,0";"73,0";"21,4";"21,5";"21,1";"1011,6";"1011,6";"1010,9";"2,3";"51,0";"4,1";"0,10";"0,0"
"17/05/2026";"2200";"24,0";"24,3";"23,7";"87,0";"88,0";"84,0";"21,7";"21,8";"21,4";"1012,1";"1012,2";"1011,6";"2,6";"50,0";"4,7";"";"0,0"
"17/05/2026";"2300";"23,7";"24,1";"23,6";"87,0";"87,0";"87,0";"21,3";"21,7";"21,3";"1012,8";"1012,8";"1012,1";"2,2";"47,0";"4,7";"";"0,0"
"18/05/2026";"0000";"23,4";"23,7";"23,4";"88,0";"88,0";"87,0";"21,3";"21,4";"21,1";"1013,4";"1013,4";"1012,8";"2,6";"50,0";"5,1";"";"0,0"
"18/05/2026";"0100";"23,1";"23,4";"23,1";"90,0";"90,0";"88,0";"21,4";"21,4";"21,2";"1013,3";"1013,7";"1013,3";"2,5";"56,0";"4,9";"";"0,0"
"18/05/2026";"0200";"23,0";"23,2";"23,0";"92,0";"92,0";"90,0";"21,6";"21,8";"21,4";"1013,0";"1013,3";"1013,0";"2,3";"41,0";"5,0";"";"0,0"
"18/05/2026";"0300";"22,7";"23,0";"22,7";"94,0";"94,0";"92,0";"21,6";"21,7";"21,5";"1013,2";"1013,3";"1013,0";"2,1";"43,0";"4,4";"";"0,0"
"18/05/2026";"0400";"22,2";"22,7";"22,2";"94,0";"94,0";"94,0";"21,2";"21,6";"21,2";"1013,1";"1013,5";"1013,1";"1,8";"39,0";"3,5";"";"0,0"
"18/05/2026";"0500";"22,4";"22,4";"22,1";"95,0";"95,0";"94,0";"21,5";"21,5";"21,2";"1012,5";"1013,1";"1012,5";"2,5";"51,0";"4,2";"";"0,0"
"18/05/2026";"0600";"22,0";"22,3";"22,0";"95,0";"95,0";"95,0";"21,2";"21,5";"21,2";"1012,0";"1012,5";"1012,0";"1,9";"51,0";"4,2";"";"0,0"
"18/05/2026";"0700";"21,3";"22,0";"21,3";"95,0";"95,0";"95,0";"20,5";"21,2";"20,5";"1011,9";"1012,1";"1011,8";"2,1";"17,0";"3,8";"";"0,0"
"18/05/2026";"0800";"21,2";"21,3";"21,1";"95,0";"95,0";"95,0";"20,4";"20,5";"20,3";"1012,2";"1012,3";"1011,9";"1,7";"351,0";"3,3";"";"0,0"
"18/05/2026";"0900";"21,2";"21,4";"21,2";"95,0";"95,0";"95,0";"20,4";"20,6";"20,4";"1012,4";"1012,5";"1012,2";"2,2";"23,0";"3,6";"";"0,0"
"18/05/2026";"1000";"22,6";"22,6";"21,2";"94,0";"95,0";"94,0";"21,6";"21,6";"20,4";"1012,8";"1012,8";"1012,4";"2,5";"10,0";"5,0";"128,00";"0,0"
"18/05/2026";"1100";"24,7";"24,7";"22,6";"87,0";"94,0";"87,0";"22,4";"22,4";"21,4";"1013,2";"1013,2";"1012,8";"3,3";"1,0";"5,3";"726,10";"0,0"
"18/05/2026";"1200";"28,2";"28,8";"24,7";"67,0";"87,0";"66,0";"21,4";"22,8";"21,4";"1013,4";"1013,5";"1013,1";"3,7";"342,0";"6,3";"1684,30";"0,0"
"18/05/2026";"1300";"29,8";"29,8";"27,7";"61,0";"70,0";"61,0";"21,3";"22,5";"21,2";"1013,3";"1013,5";"1013,3";"3,1";"342,0";"6,5";"1803,00";"0,0"
"18/05/2026";"1400";"31,2";"31,5";"29,2";"53,0";"62,0";"53,0";"20,6";"21,6";"20,4";"1012,8";"1013,3";"1012,8";"4,2";"325,0";"7,2";"2347,50";"0,0"
"18/05/2026";"1500";"32,6";"32,8";"31,0";"46,0";"55,0";"45,0";"19,3";"21,2";"18,9";"1012,1";"1012,8";"1012,1";"3,5";"329,0";"7,2";"2539,20";"0,0"
"18/05/2026";"1600";"33,0";"33,2";"32,3";"43,0";"47,0";"43,0";"18,9";"19,8";"18,6";"1011,2";"1012,1";"1011,2";"2,1";"313,0";"6,9";"2420,30";"0,0"
"18/05/2026";"1700";"33,2";"33,4";"32,5";"45,0";"48,0";"43,0";"19,5";"20,3";"18,7";"1010,9";"1011,2";"1010,8";"2,2";"236,0";"4,7";"1975,00";"0,0"
"18/05/2026";"1800";"28,9";"33,2";"28,9";"65,0";"66,0";"43,0";"21,7";"22,2";"18,7";"1011,3";"1011,3";"1010,9";"3,3";"183,0";"8,7";"1514,50";"0,0"
"18/05/2026";"1900";"27,2";"28,9";"27,2";"72,0";"72,0";"65,0";"21,6";"22,0";"21,4";"1012,0";"1012,0";"1011,3";"2,6";"174,0";"8,3";"860,30";"0,0"
"18/05/2026";"2000";"25,5";"27,2";"25,5";"78,0";"78,0";"72,0";"21,4";"21,7";"21,2";"1012,8";"1012,8";"1012,0";"2,4";"173,0";"8,6";"202,40";"0,0"
"18/05/2026";"2100";"24,7";"25,5";"24,7";"84,0";"84,0";"78,0";"21,8";"21,9";"21,3";"1013,3";"1013,3";"1012,8";"2,1";"165,0";"8,0";"0,60";"0,0"
"18/05/2026";"2200";"24,3";"24,8";"24,3";"86,0";"86,0";"83,0";"21,8";"21,9";"21,4";"1013,9";"1013,9";"1013,3";"2,1";"179,0";"8,0";"";"0,0"
"18/05/2026";"2300";"23,8";"24,3";"23,8";"89,0";"89,0";"86,0";"21,9";"22,0";"21,8";"1014,4";"1014,4";"1013,8";"1,5";"191,0";"5,4";"";"0,0"
"19/05/2026";"0000";"23,7";"23,8";"23,6";"89,0";"89,0";"89,0";"21,7";"21,9";"21,7";"1014,5";"1014,6";"1014,3";"1,0";"194,0";"3,9";"";"0,0"
"19/05/2026";"0100";"23,5";"23,7";"23,4";"89,0";"90,0";"88,0";"21,6";"21,7";"21,5";"1015,2";"1015,3";"1014,4";"0,7";"210,0";"3,3";"";"0,0"
"19/05/2026";"0200";"23,3";"23,7";"23,3";"89,0";"89,0";"88,0";"21,3";"21,6";"21,3";"1015,1";"1015,4";"1015,1";"1,0";"218,0";"3,4";"";"0,0"
"19/05/2026";"0300";"23,0";"23,3";"22,9";"92,0";"92,0";"89,0";"21,6";"21,6";"21,3";"1014,9";"1015,2";"1014,8";"0,7";"168,0";"2,2";"";"0,0"
"19/05/2026";"0400";"23,1";"23,2";"22,9";"90,0";"92,0";"90,0";"21,4";"21,8";"21,4";"1014,8";"1015,0";"1014,7";"1,7";"227,0";"2,8";"";"0,0"
"19/05/2026";"0500";"23,0";"23,1";"22,9";"89,0";"91,0";"89,0";"21,1";"21,4";"21,1";"1014,4";"1014,8";"1014,4";"1,9";"215,0";"3,8";"";"0,0"
"19/05/2026";"0600";"22,4";"23,0";"22,4";"88,0";"89,0";"87,0";"20,4";"21,1";"20,4";"1014,1";"1014,4";"1014,0";"1,6";"211,0";"4,3";"";"0,0"
"19/05/2026";"0700";"22,4";"22,5";"22,1";"90,0";"90,0";"88,0";"20,6";"20,7";"20,3";"1013,7";"1014,1";"1013,7";"1,9";"213,0";"3,1";"";"0,0"
"19/05/2026";"0800";"21,8";"22,4";"21,8";"91,0";"91,0";"89,0";"20,2";"20,6";"20,2";"1013,9";"1013,9";"1013,6";"1,8";"221,0";"2,8";"";"0,0"
"19/05/2026";"0900";"22,1";"22,1";"21,6";"91,0";"92,0";"91,0";"20,5";"20,6";"20,1";"1014,2";"1014,2";"1013,9";"0,9";"166,0";"2,3";"";"0,0"
"19/05/2026";"1000";"22,3";"22,3";"22,0";"91,0";"91,0";"90,0";"20,7";"20,7";"20,4";"1014,7";"1014,7";"1014,2";"0,9";"271,0";"1,6";"72,10";"0,0"
"19/05/2026";"1100";"23,8";"23,8";"22,3";"86,0";"92,0";"86,0";"21,4";"21,5";"20,8";"1015,7";"1015,7";"1014,7";"1,3";"233,0";"2,9";"403,80";"0,0"
"19/05/2026";"1200";"25,6";"25,7";"23,8";"74,0";"86,0";"74,0";"20,6";"21,4";"20,4";"1016,3";"1016,3";"1015,7";"1,1";"232,0";"2,1";"744,40";"0,0"
"19/05/2026";"1300";"26,8";"26,8";"25,3";"69,0";"74,0";"68,0";"20,7";"20,7";"19,5";"1016,2";"1016,5";"1016,2";"1,0";"232,0";"2,7";"1245,40";"0,0"
"19/05/2026";"1400";"27,4";"27,9";"26,4";"62,0";"69,0";"60,0";"19,4";"20,5";"19,0";"1015,7";"1016,2";"1015,7";"0,9";"210,0";"2,6";"1592,70";"0,0"
"19/05/2026";"1500";"28,5";"28,7";"27,3";"59,0";"63,0";"59,0";"19,6";"20,4";"19,0";"1014,8";"1015,7";"1014,8";"1,1";"35,0";"3,1";"1762,80";"0,0"
"19/05/2026";"1600";"27,8";"28,9";"27,6";"62,0";"63,0";"57,0";"19,8";"20,3";"19,2";"1014,1";"1014,9";"1014,1";"0,7";"106,0";"2,6";"1278,60";"0,0"
"19/05/2026";"1700";"28,1";"28,4";"27,8";"62,0";"64,0";"59,0";"20,0";"20,3";"19,3";"1013,7";"1014,1";"1013,7";"0,8";"175,0";"2,2";"814,90";"0,0"
"19/05/2026";"1800";"27,3";"28,4";"27,2";"67,0";"68,0";"59,0";"20,6";"21,0";"19,5";"1013,7";"1013,8";"1013,4";"1,4";"198,0";"3,7";"689,90";"0,0"
"19/05/2026";"1900";"25,0";"27,3";"25,0";"79,0";"79,0";"66,0";"21,1";"21,1";"20,4";"1013,7";"1013,7";"1013,5";"1,4";"203,0";"4,0";"220,20";"0,0"
"19/05/2026";"2000";"24,9";"25,4";"24,9";"75,0";"81,0";"73,0";"20,2";"21,5";"20,0";"1014,6";"1014,6";"1013,7";"1,9";"169,0";"5,0";"86,70";"0,2"
"19/05/2026";"2100";"24,4";"24,9";"24,4";"76,0";"77,0";"75,0";"19,9";"20,2";"19,9";"1015,0";"1015,1";"1014,5";"0,9";"176,0";"4,9";"0,50";"0,0"
"19/05/2026";"2200";"24,3";"24,5";"24,3";"77,0";"77,0";"75,0";"20,1";"20,1";"19,7";"1015,6";"1015,6";"1015,0";"0,9";"174,0";"3,3";"";"0,0"
"19/05/2026";"2300";"24,2";"24,4";"24,2";"80,0";"80,0";"77,0";"20,4";"20,4";"20,1";"1016,0";"1016,0";"1015,5";"1,6";"172,0";"4,3";"";"0,0"
"20/05/2026";"0000";"23,9";"24,2";"23,9";"83,0";"83,0";"80,0";"20,9";"20,9";"20,4";"1016,4";"1016,4";"1016,0";"1,6";"185,0";"5,0";"";"0,0"
"20/05/2026";"0100";"23,5";"23,9";"23,5";"85,0";"85,0";"83,0";"20,8";"20,9";"20,7";"1016,6";"1016,9";"1016,4";"0,9";"176,0";"5,0";"";"0,0"
"20/05/2026";"0200";"22,7";"23,5";"22,7";"90,0";"90,0";"85,0";"21,1";"21,1";"20,7";"1016,9";"1017,0";"1016,5";"1,9";"200,0";"5,4";"";"0,0"
"20/05/2026";"0300";"22,1";"22,7";"22,1";"91,0";"91,0";"89,0";"20,6";"21,1";"20,6";"1016,5";"1016,9";"1016,5";"2,0";"206,0";"5,6";"";"0,8"
"20/05/2026";"0400";"21,9";"22,1";"21,8";"93,0";"93,0";"91,0";"20,8";"20,8";"20,6";"1016,0";"1016,6";"1016,0";"1,1";"133,0";"4,1";"";"2,2"
"20/05/2026";"0500";"21,9";"22,0";"21,8";"94,0";"94,0";"93,0";"20,9";"20,9";"20,7";"1015,7";"1016,0";"1015,5";"1,1";"276,0";"2,3";"";"0,2"
"20/05/2026";"0600";"21,8";"21,9";"21,8";"94,0";"94,0";"94,0";"20,8";"20,9";"20,8";"1015,3";"1015,7";"1015,2";"1,0";"194,0";"2,5";"";"0,4"
"20/05/2026";"0700";"21,7";"21,9";"21,7";"94,0";"94,0";"94,0";"20,6";"20,9";"20,6";"1014,8";"1015,4";"1014,7";"1,0";"191,0";"3,4";"";"0,0"
"20/05/2026";"0800";"21,4";"21,7";"21,4";"94,0";"94,0";"94,0";"20,4";"20,6";"20,4";"1014,7";"1014,8";"1014,4";"1,6";"225,0";"3,4";"";"0,0"
"20/05/2026";"0900";"21,4";"21,5";"21,4";"94,0";"94,0";"94,0";"20,5";"20,5";"20,4";"1015,2";"1015,2";"1014,5";"1,4";"225,0";"2,8";"";"0,0"
"20/05/2026";"1000";"22,0";"22,0";"21,3";"95,0";"95,0";"94,0";"21,1";"21,1";"20,4";"1015,2";"1015,4";"1015,1";"0,6";"349,0";"2,3";"100,90";"0,0"
"20/05/2026";"1100";"24,5";"24,5";"21,9";"85,0";"95,0";"85,0";"21,9";"21,9";"20,9";"1015,8";"1015,8";"1015,2";"0,6";"280,0";"1,8";"676,10";"0,0"
"20/05/2026";"1200";"23,3";"24,5";"23,2";"84,0";"86,0";"82,0";"20,4";"21,6";"20,3";"1016,2";"1016,2";"1015,8";"2,3";"211,0";"5,7";"821,70";"0,0"
"20/05/2026";"1300";"23,7";"23,7";"23,3";"82,0";"85,0";"82,0";"20,4";"20,8";"20,2";"1016,5";"1016,7";"1016,1";"1,8";"194,0";"5,7";"613,40";"0,0"
"20/05/2026";"1400";"24,2";"25,1";"23,6";"80,0";"83,0";"77,0";"20,5";"21,2";"20,2";"1016,7";"1017,0";"1016,5";"3,1";"221,0";"5,5";"1052,60";"0,0"
"20/05/2026";"1500";"23,4";"24,2";"23,4";"82,0";"82,0";"79,0";"20,1";"20,6";"20,1";"1016,5";"1016,8";"1016,5";"3,0";"202,0";"7,5";"391,00";"0,0"
"20/05/2026";"1600";"20,6";"23,4";"20,6";"89,0";"91,0";"82,0";"18,7";"20,3";"18,7";"1016,6";"1016,6";"1016,2";"5,1";"223,0";"8,2";"133,10";"0,4"
"20/05/2026";"1700";"19,5";"20,6";"19,5";"93,0";"93,0";"88,0";"18,3";"18,7";"18,2";"1016,0";"1016,6";"1015,9";"3,5";"214,0";"13,4";"85,00";"1,8"
"20/05/2026";"1800";"19,7";"19,7";"19,4";"95,0";"95,0";"93,0";"18,8";"18,8";"18,3";"1015,3";"1016,1";"1015,2";"0,7";"38,0";"5,8";"110,30";"5,6"
"20/05/2026";"1900";"19,7";"20,0";"19,6";"95,0";"95,0";"94,0";"18,9";"19,2";"18,7";"1014,9";"1015,8";"1014,9";"0,5";"302,0";"2,7";"85,60";"0,6"
"20/05/2026";"2000";"19,7";"19,8";"19,7";"95,0";"95,0";"95,0";"18,9";"18,9";"18,8";"1016,3";"1016,5";"1014,9";"1,0";"3,0";"2,5";"27,70";"2,0"
"20/05/2026";"2100";"19,8";"19,9";"19,7";"95,0";"95,0";"95,0";"19,1";"19,1";"18,9";"1016,1";"1016,3";"1016,0";"2,0";"5,0";"2,9";"";"0,6"
"20/05/2026";"2200";"20,1";"20,3";"19,8";"95,0";"95,0";"95,0";"19,3";"19,5";"19,1";"1016,5";"1016,5";"1016,1";"2,2";"349,0";"4,3";"";"0,2"
"20/05/2026";"2300";"20,0";"20,2";"20,0";"95,0";"95,0";"95,0";"19,1";"19,4";"19,1";"1016,6";"1016,8";"1016,1";"2,4";"342,0";"5,2";"";"0,2"
"21/05/2026";"0000";"19,9";"20,0";"19,9";"95,0";"95,0";"95,0";"19,1";"19,1";"19,1";"1016,9";"1016,9";"1016,6";"1,1";"317,0";"3,4";"";"0,0"
"21/05/2026";"0100";"19,8";"19,9";"19,8";"95,0";"95,0";"95,0";"19,0";"19,1";"19,0";"1016,9";"1017,0";"1016,6";"1,2";"294,0";"2,6";"";"0,0"
"21/05/2026";"0200";"19,6";"19,8";"19,6";"95,0";"95,0";"95,0";"18,7";"19,0";"18,7";"1016,5";"1017,0";"1016,5";"1,6";"331,0";"2,9";"";"0,2"
"21/05/2026";"0300";"19,5";"19,6";"19,4";"95,0";"95,0";"95,0";"18,7";"18,7";"18,6";"1016,6";"1016,6";"1016,4";"1,6";"311,0";"2,6";"";"0,0"
"21/05/2026";"0400";"19,3";"19,6";"19,3";"95,0";"95,0";"95,0";"18,5";"18,8";"18,5";"1016,4";"1016,7";"1016,4";"1,0";"320,0";"2,3";"";"0,0"
"21/05/2026";"0500";"19,3";"19,3";"19,0";"95,0";"95,0";"95,0";"18,5";"18,6";"18,3";"1016,2";"1016,4";"1016,2";"1,1";"283,0";"1,8";"";"0,0"
"21/05/2026";"0600";"19,2";"19,3";"19,0";"96,0";"96,0";"95,0";"18,5";"18,5";"18,2";"1015,9";"1016,3";"1015,9";"1,4";"244,0";"2,3";"";"0,0"
"21/05/2026";"0700";"20,0";"20,0";"19,2";"95,0";"96,0";"95,0";"19,2";"19,2";"18,6";"1016,0";"1016,0";"1015,8";"2,8";"223,0";"6,0";"";"0,0"
"21/05/2026";"0800";"20,0";"20,0";"20,0";"95,0";"95,0";"95,0";"19,2";"19,2";"19,2";"1016,5";"1016,5";"1016,0";"2,4";"227,0";"4,8";"";"0,0"
"21/05/2026";"0900";"20,0";"20,0";"20,0";"95,0";"95,0";"95,0";"19,2";"19,3";"19,2";"1017,0";"1017,0";"1016,5";"1,9";"230,0";"5,9";"";"0,0"
"21/05/2026";"1000";"20,4";"20,4";"19,9";"95,0";"95,0";"95,0";"19,6";"19,6";"19,1";"1017,6";"1017,6";"1017,0";"2,2";"247,0";"4,0";"108,10";"0,0"
"21/05/2026";"1100";"21,0";"21,0";"20,4";"94,0";"95,0";"94,0";"20,0";"20,1";"19,6";"1018,6";"1018,6";"1017,6";"2,9";"241,0";"4,4";"362,20";"0,0"
"21/05/2026";"1200";"21,8";"22,0";"20,9";"91,0";"94,0";"91,0";"20,3";"20,5";"19,8";"1019,2";"1019,2";"1018,6";"3,3";"235,0";"5,5";"717,30";"0,0"
"21/05/2026";"1300";"21,4";"21,8";"20,8";"91,0";"93,0";"90,0";"19,9";"20,3";"19,5";"1019,4";"1019,5";"1019,2";"2,6";"206,0";"6,6";"696,60";"0,2"
"21/05/2026";"1400";"23,1";"23,4";"21,5";"79,0";"91,0";"79,0";"19,1";"20,6";"19,1";"1019,0";"1019,4";"1019,0";"3,6";"217,0";"6,0";"1354,00";"0,0"
"21/05/2026";"1500";"23,8";"25,1";"23,0";"75,0";"80,0";"72,0";"19,2";"20,5";"19,1";"1018,2";"1019,1";"1018,2";"2,6";"198,0";"7,1";"1963,10";"0,0"
"21/05/2026";"1600";"21,9";"24,2";"21,8";"82,0";"82,0";"75,0";"18,6";"20,2";"18,3";"1018,3";"1018,4";"1018,1";"3,0";"201,0";"8,3";"1106,70";"0,0"
"21/05/2026";"1700";"23,5";"23,8";"21,9";"77,0";"82,0";"74,0";"19,2";"19,6";"18,7";"1017,7";"1018,3";"1017,6";"2,0";"198,0";"6,2";"959,20";"0,0"
"21/05/2026";"1800";"23,1";"23,5";"22,7";"79,0";"82,0";"77,0";"19,3";"19,6";"18,9";"1017,8";"1017,9";"1017,7";"2,2";"191,0";"5,7";"421,80";"0,0"
"21/05/2026";"1900";"22,7";"23,6";"22,7";"78,0";"79,0";"75,0";"18,6";"19,3";"18,4";"1018,2";"1018,2";"1017,7";"2,5";"202,0";"7,0";"435,80";"0,0"
"21/05/2026";"2000";"22,2";"22,7";"22,2";"81,0";"81,0";"77,0";"18,7";"18,8";"18,5";"1018,9";"1018,9";"1018,2";"2,7";"201,0";"7,1";"56,60";"0,0"
"21/05/2026";"2100";"19,4";"22,2";"19,4";"93,0";"93,0";"81,0";"18,2";"18,8";"18,2";"1019,9";"1019,9";"1018,9";"3,7";"211,0";"10,8";"";"0,0"
"21/05/2026";"2200";"19,0";"19,4";"19,0";"92,0";"93,0";"92,0";"17,8";"18,2";"17,8";"1020,5";"1020,5";"1019,9";"5,7";"220,0";"9,5";"";"0,0"
"21/05/2026";"2300";"18,9";"19,0";"18,9";"92,0";"93,0";"92,0";"17,6";"17,8";"17,6";"1021,2";"1021,3";"1020,5";"4,5";"224,0";"10,4";"";"0,0"
"22/05/2026";"0000";"18,9";"18,9";"18,8";"89,0";"92,0";"89,0";"17,1";"17,6";"17,1";"1021,4";"1021,5";"1021,2";"2,5";"221,0";"9,5";"";"0,0"
"22/05/2026";"0100";"19,2";"19,2";"18,9";"85,0";"89,0";"85,0";"16,6";"17,1";"16,6";"1021,6";"1021,6";"1021,3";"3,4";"217,0";"6,8";"";"0,0"
"22/05/2026";"0200";"19,4";"19,5";"19,2";"82,0";"85,0";"82,0";"16,3";"16,6";"16,3";"1021,4";"1021,6";"1021,3";"3,4";"221,0";"6,1";"";"0,0"
"22/05/2026";"0300";"19,5";"19,6";"19,4";"81,0";"82,0";"81,0";"16,2";"16,3";"16,2";"1021,4";"1021,5";"1021,3";"3,7";"218,0";"6,5";"";"0,0"
"22/05/2026";"0400";"19,4";"19,6";"19,4";"81,0";"82,0";"80,0";"16,1";"16,2";"16,1";"1020,9";"1021,4";"1020,9";"2,9";"216,0";"6,5";"";"0,0"
"22/05/2026";"0500";"19,6";"19,6";"19,3";"80,0";"82,0";"80,0";"16,0";"16,1";"16,0";"1020,6";"1020,9";"1020,5";"2,6";"223,0";"4,5";"";"0,0"
"22/05/2026";"0600";"19,2";"19,6";"19,2";"82,0";"83,0";"79,0";"16,2";"16,2";"15,9";"1020,2";"1020,6";"1020,2";"2,1";"216,0";"5,0";"";"0,0"
"22/05/2026";"0700";"19,3";"19,4";"19,2";"82,0";"83,0";"81,0";"16,2";"16,2";"16,0";"1019,9";"1020,3";"1019,9";"2,3";"218,0";"3,4";"";"0,0"
"22/05/2026";"0800";"19,6";"19,6";"19,3";"80,0";"83,0";"80,0";"16,0";"16,2";"16,0";"1020,0";"1020,0";"1019,9";"1,5";"206,0";"3,2";"";"0,0"
"22/05/2026";"0900";"19,4";"19,8";"19,3";"83,0";"83,0";"79,0";"16,5";"16,5";"16,0";"1020,8";"1020,8";"1020,0";"1,9";"224,0";"3,2";"";"0,0"
"22/05/2026";"1000";"19,8";"19,8";"19,4";"83,0";"84,0";"82,0";"16,8";"16,8";"16,4";"1021,3";"1021,3";"1020,8";"1,1";"199,0";"3,2";"34,10";"0,0"
"22/05/2026";"1100";"20,7";"21,1";"19,8";"78,0";"83,0";"78,0";"16,8";"17,5";"16,7";"1022,0";"1022,0";"1021,3";"1,9";"209,0";"3,4";"298,50";"0,0"
"22/05/2026";"1200";"20,8";"20,8";"20,5";"79,0";"81,0";"77,0";"16,9";"17,0";"16,6";"1022,8";"1022,8";"1022,1";"1,8";"135,0";"4,5";"224,70";"0,0"
"22/05/2026";"1300";"21,3";"21,3";"20,8";"78,0";"79,0";"76,0";"17,3";"17,3";"16,7";"1023,2";"1023,5";"1022,8";"1,8";"193,0";"5,0";"438,80";"0,0"
"22/05/2026";"1400";"22,5";"22,6";"21,3";"74,0";"81,0";"74,0";"17,7";"18,4";"17,3";"1022,5";"1023,2";"1022,4";"2,4";"194,0";"5,3";"841,90";"0,0"
"22/05/2026";"1500";"24,5";"24,5";"22,4";"65,0";"75,0";"65,0";"17,6";"17,9";"16,9";"1021,8";"1022,5";"1021,8";"3,1";"227,0";"5,5";"2004,40";"0,0"
"22/05/2026";"1600";"23,9";"24,8";"23,7";"66,0";"68,0";"64,0";"17,1";"17,7";"17,0";"1021,1";"1021,8";"1021,1";"2,7";"224,0";"5,1";"1324,30";"0,0"
"22/05/2026";"1700";"24,2";"24,3";"23,7";"67,0";"68,0";"65,0";"17,7";"17,8";"17,0";"1020,9";"1021,1";"1020,9";"2,4";"213,0";"5,3";"1024,80";"0,0"
"22/05/2026";"1800";"22,0";"24,2";"22,0";"78,0";"81,0";"66,0";"18,1";"18,7";"17,1";"1021,0";"1021,1";"1020,8";"2,5";"202,0";"7,7";"618,90";"0,0"
"22/05/2026";"1900";"21,4";"22,1";"21,4";"77,0";"80,0";"77,0";"17,1";"18,5";"17,1";"1021,2";"1021,2";"1020,9";"1,9";"200,0";"6,0";"383,30";"0,0"
"22/05/2026";"2000";"21,2";"21,4";"21,2";"82,0";"82,0";"77,0";"18,1";"18,1";"17,2";"1021,8";"1021,8";"1021,2";"1,3";"187,0";"4,5";"104,40";"0,0"
"22/05/2026";"2100";"21,0";"21,2";"21,0";"86,0";"86,0";"82,0";"18,5";"18,6";"18,1";"1022,2";"1022,2";"1021,8";"2,1";"206,0";"4,9";"1,40";"0,0"
"22/05/2026";"2200";"20,3";"21,0";"20,3";"89,0";"89,0";"85,0";"18,4";"18,6";"18,4";"1022,8";"1022,8";"1022,2";"1,9";"235,0";"4,9";"";"0,0"
"22/05/2026";"2300";"20,0";"20,3";"20,0";"90,0";"91,0";"89,0";"18,4";"18,5";"18,4";"1022,9";"1022,9";"1022,7";"1,2";"225,0";"3,4";"";"0,0"
"23/05/2026";"0000";"19,6";"20,0";"19,6";"92,0";"92,0";"90,0";"18,2";"18,4";"18,2";"1022,7";"1023,0";"1022,7";"1,6";"212,0";"2,4";"";"0,0"
"23/05/2026";"0100";"19,4";"19,7";"19,4";"93,0";"93,0";"92,0";"18,2";"18,3";"18,2";"1022,6";"1022,8";"1022,6";"1,5";"236,0";"2,7";"";"0,0"
"23/05/2026";"0200";"19,0";"19,4";"19,0";"93,0";"93,0";"93,0";"17,9";"18,2";"17,9";"1022,4";"1022,7";"1022,4";"0,9";"206,0";"2,6";"";"0,0"
"23/05/2026";"0300";"19,1";"19,2";"18,9";"93,0";"94,0";"93,0";"18,0";"18,1";"17,8";"1022,2";"1022,5";"1022,2";"1,5";"221,0";"2,5";"";"0,0"
"23/05/2026";"0400";"19,0";"19,3";"19,0";"92,0";"93,0";"91,0";"17,6";"17,9";"17,6";"1021,7";"1022,2";"1021,7";"1,5";"220,0";"2,8";"";"0,0"
"23/05/2026";"0500";"19,0";"19,2";"19,0";"93,0";"93,0";"92,0";"17,8";"17,8";"17,6";"1021,3";"1021,7";"1021,3";"0,7";"255,0";"2,3";"";"0,0"
"23/05/2026";"0600";"19,0";"19,1";"19,0";"93,0";"93,0";"93,0";"17,9";"18,0";"17,8";"1021,2";"1021,4";"1021,2";"1,1";"199,0";"1,7";"";"0,0"
"23/05/2026";"0700";"19,5";"19,5";"19,0";"93,0";"93,0";"93,0";"18,3";"18,3";"17,9";"1020,9";"1021,2";"1020,8";"1,0";"142,0";"1,8";"";"0,0"
"23/05/2026";"0800";"19,4";"19,6";"19,4";"91,0";"93,0";"91,0";"17,9";"18,3";"17,8";"1021,1";"1021,1";"1020,8";"1,2";"203,0";"2,8";"";"0,0"
"23/05/2026";"0900";"19,2";"19,4";"19,2";"92,0";"92,0";"91,0";"17,9";"17,9";"17,8";"1021,2";"1021,2";"1021,1";"1,0";"229,0";"2,2";"";"0,0"
"23/05/2026";"1000";"19,6";"19,6";"19,1";"93,0";"93,0";"92,0";"18,5";"18,5";"17,8";"1021,8";"1021,8";"1021,2";"0,6";"277,0";"2,0";"42,90";"0,0"
"23/05/2026";"1100";"19,7";"20,3";"19,6";"92,0";"93,0";"91,0";"18,5";"18,9";"18,4";"1022,2";"1022,2";"1021,7";"1,5";"4,0";"4,0";"212,00";"0,4"
"23/05/2026";"1200";"20,6";"20,6";"19,7";"94,0";"94,0";"92,0";"19,6";"19,6";"18,5";"1022,3";"1022,4";"1022,2";"0,4";"132,0";"2,5";"448,50";"4,0"
"23/05/2026";"1300";"21,8";"22,2";"20,4";"87,0";"94,0";"87,0";"19,6";"20,4";"19,3";"1021,9";"1022,4";"1021,9";"0,6";"218,0";"1,6";"1056,10";"0,0"
"23/05/2026";"1400";"23,1";"23,8";"21,8";"81,0";"88,0";"78,0";"19,6";"20,9";"19,0";"1021,2";"1021,9";"1021,2";"1,0";"41,0";"2,2";"1457,80";"0,0"
"23/05/2026";"1500";"23,4";"23,9";"22,5";"75,0";"86,0";"75,0";"18,8";"20,6";"18,8";"1020,4";"1021,2";"1020,4";"2,1";"46,0";"5,9";"1166,80";"0,0"
"23/05/2026";"1600";"21,8";"23,4";"21,2";"90,0";"90,0";"75,0";"20,0";"20,0";"18,7";"1019,9";"1020,5";"1019,9";"0,7";"64,0";"6,6";"333,70";"0,8"
"23/05/2026";"1700";"21,3";"22,2";"21,1";"89,0";"90,0";"83,0";"19,3";"20,2";"18,8";"1019,9";"1020,1";"1019,9";"1,5";"57,0";"6,7";"727,70";"0,2"
"23/05/2026";"1800";"22,4";"22,5";"21,0";"79,0";"90,0";"78,0";"18,5";"19,6";"18,4";"1019,5";"1019,9";"1019,5";"1,9";"92,0";"4,7";"902,30";"0,0"
"23/05/2026";"1900";"22,3";"22,9";"22,2";"79,0";"82,0";"78,0";"18,4";"19,4";"18,2";"1019,2";"1019,6";"1019,2";"1,7";"60,0";"4,5";"501,50";"0,0"
"23/05/2026";"2000";"21,8";"22,5";"21,8";"81,0";"81,0";"77,0";"18,5";"18,7";"18,2";"1019,6";"1019,6";"1019,2";"2,4";"60,0";"5,0";"185,70";"0,0"
"23/05/2026";"2100";"20,6";"21,8";"20,6";"86,0";"86,0";"81,0";"18,2";"18,5";"18,2";"1019,4";"1019,8";"1019,4";"2,3";"50,0";"4,9";"1,40";"0,0"
"23/05/2026";"2200";"19,3";"20,6";"19,3";"91,0";"91,0";"86,0";"17,9";"18,3";"17,9";"1019,8";"1019,8";"1019,3";"1,6";"15,0";"3,5";"";"0,0"
"23/05/2026";"2300";"19,1";"19,4";"18,9";"94,0";"94,0";"91,0";"18,0";"18,3";"17,7";"1020,1";"1020,1";"1019,7";"1,2";"279,0";"2,2";"";"0,0"
"24/05/2026";"0000";"19,2";"19,4";"18,8";"95,0";"95,0";"94,0";"18,3";"18,5";"17,8";"1020,2";"1020,3";"1020,0";"1,1";"281,0";"1,7";"";"0,0"
"24/05/2026";"0100";"18,8";"19,3";"18,8";"95,0";"95,0";"95,0";"18,0";"18,4";"18,0";"1020,0";"1020,3";"1019,9";"0,9";"278,0";"2,5";"";"0,0"
"24/05/2026";"0200";"18,8";"19,0";"18,8";"95,0";"95,0";"95,0";"18,0";"18,3";"18,0";"1019,5";"1020,0";"1019,5";"1,1";"327,0";"1,7";"";"0,0"
"24/05/2026";"0300";"19,2";"19,2";"18,8";"95,0";"95,0";"95,0";"18,4";"18,5";"18,0";"1019,2";"1019,6";"1019,2";"0,9";"281,0";"1,9";"";"0,0"
"24/05/2026";"0400";"19,5";"19,5";"19,2";"95,0";"95,0";"95,0";"18,7";"18,7";"18,5";"1018,7";"1019,2";"1018,7";"0,9";"232,0";"1,5";"";"0,0"
"24/05/2026";"0500";"19,8";"19,9";"19,5";"95,0";"95,0";"95,0";"19,0";"19,1";"18,7";"1018,0";"1018,7";"1018,0";"1,1";"76,0";"1,6";"";"0,0"
"24/05/2026";"0600";"19,1";"19,8";"19,0";"95,0";"95,0";"95,0";"18,3";"19,0";"18,2";"1017,5";"1018,0";"1017,4";"1,4";"17,0";"1,8";"";"0,0"
"24/05/2026";"0700";"18,6";"19,1";"18,6";"95,0";"95,0";"95,0";"17,8";"18,3";"17,8";"1016,9";"1017,5";"1016,9";"1,5";"18,0";"2,6";"";"0,0"
"24/05/2026";"0800";"18,4";"18,6";"18,3";"96,0";"96,0";"95,0";"17,7";"17,8";"17,6";"1016,9";"1017,0";"1016,8";"1,7";"11,0";"3,0";"";"0,0"
"24/05/2026";"0900";"18,0";"18,5";"18,0";"96,0";"96,0";"96,0";"17,3";"17,8";"17,3";"1017,6";"1017,6";"1016,9";"1,6";"14,0";"3,0";"";"0,0"
"24/05/2026";"1000";"19,4";"19,4";"18,0";"96,0";"96,0";"96,0";"18,7";"18,7";"17,3";"1017,9";"1017,9";"1017,6";"2,1";"360,0";"4,0";"96,70";"0,0"
"24/05/2026";"1100";"21,0";"21,2";"19,4";"91,0";"96,0";"91,0";"19,6";"20,0";"18,7";"1018,1";"1018,3";"1017,9";"3,4";"348,0";"5,9";"566,60";"0,0"
"24/05/2026";"1200";"23,8";"23,8";"20,9";"78,0";"91,0";"78,0";"19,7";"20,5";"19,3";"1018,5";"1018,5";"1018,1";"3,7";"360,0";"6,6";"961,30";"0,0"
"24/05/2026";"1300";"25,8";"26,1";"23,8";"65,0";"78,0";"63,0";"18,7";"19,8";"18,2";"1018,1";"1018,5";"1018,1";"4,2";"5,0";"7,4";"2003,90";"0,0"
"24/05/2026";"1400";"27,6";"27,6";"25,7";"59,0";"65,0";"59,0";"18,9";"19,3";"17,9";"1017,3";"1018,1";"1017,3";"3,6";"356,0";"7,4";"2436,70";"0,0"
"24/05/2026";"1500";"28,4";"28,6";"27,4";"56,0";"60,0";"55,0";"18,8";"19,3";"18,2";"1016,6";"1017,3";"1016,6";"3,6";"352,0";"6,9";"2553,00";"0,0"
"24/05/2026";"1600";"29,0";"29,0";"27,6";"52,0";"59,0";"52,0";"18,2";"19,2";"18,0";"1015,8";"1016,6";"1015,8";"2,9";"352,0";"7,3";"2378,70";"0,0"
"24/05/2026";"1700";"27,9";"29,5";"27,8";"56,0";"56,0";"51,0";"18,3";"19,2";"17,6";"1015,3";"1015,8";"1015,3";"2,2";"334,0";"5,8";"1995,50";"0,0"
"24/05/2026";"1800";"29,0";"29,3";"27,5";"52,0";"57,0";"50,0";"18,1";"19,0";"17,5";"1015,2";"1015,3";"1015,1";"2,8";"11,0";"5,5";"1439,80";"0,0"
"24/05/2026";"1900";"25,7";"29,0";"25,7";"65,0";"65,0";"52,0";"18,7";"18,8";"17,2";"1015,4";"1015,4";"1015,1";"3,1";"53,0";"7,0";"930,30";"0,0"
"24/05/2026";"2000";"23,7";"25,7";"23,7";"71,0";"71,0";"65,0";"18,2";"18,7";"18,1";"1015,3";"1015,4";"1015,1";"3,1";"57,0";"6,7";"313,30";"0,0"
"24/05/2026";"2100";"22,4";"23,7";"22,2";"79,0";"79,0";"71,0";"18,6";"18,6";"18,2";"1016,3";"1016,3";"1015,3";"2,7";"51,0";"5,0";"";"0,0"
"24/05/2026";"2200";"21,5";"22,4";"21,5";"83,0";"83,0";"79,0";"18,5";"18,6";"18,4";"1016,8";"1016,8";"1016,3";"2,3";"50,0";"5,0";"";"0,0"
"24/05/2026";"2300";"20,7";"21,6";"20,7";"87,0";"87,0";"83,0";"18,5";"18,6";"18,3";"1017,2";"1017,2";"1016,8";"1,8";"43,0";"3,8";"";"0,0"
"25/05/2026";"0000";"20,2";"20,7";"20,1";"90,0";"90,0";"87,0";"18,5";"18,7";"18,4";"1017,4";"1017,5";"1017,2";"1,4";"48,0";"2,9";"";"0,0"
"25/05/2026";"0100";"19,8";"20,4";"19,8";"90,0";"90,0";"89,0";"18,2";"18,6";"18,2";"1017,3";"1017,5";"1017,3";"1,0";"340,0";"2,2";"";"0,0"
"25/05/2026";"0200";"19,3";"19,8";"19,2";"93,0";"93,0";"90,0";"18,1";"18,3";"17,9";"1017,1";"1017,3";"1017,1";"0,9";"295,0";"1,7";"";"0,0"
"25/05/2026";"0300";"19,0";"19,3";"19,0";"93,0";"93,0";"93,0";"17,9";"18,1";"17,8";"1016,9";"1017,1";"1016,8";"0,7";"333,0";"1,5";"";"0,0"
"25/05/2026";"0400";"18,9";"19,2";"18,8";"94,0";"94,0";"93,0";"17,9";"18,1";"17,8";"1016,9";"1017,0";"1016,7";"0,6";"270,0";"1,0";"";"0,0"
"25/05/2026";"0500";"19,4";"19,7";"18,6";"94,0";"94,0";"94,0";"18,3";"18,7";"17,6";"1016,8";"1017,0";"1016,8";"0,4";"278,0";"1,5";"";"0,0"
"25/05/2026";"0600";"18,8";"19,6";"18,7";"95,0";"95,0";"94,0";"17,9";"18,6";"17,8";"1015,9";"1016,8";"1015,9";"1,7";"14,0";"2,1";"";"0,0"
"25/05/2026";"0700";"19,0";"19,2";"18,7";"95,0";"95,0";"95,0";"18,2";"18,4";"17,9";"1015,3";"1016,0";"1014,8";"1,4";"27,0";"2,6";"";"0,0"
"25/05/2026";"0800";"18,7";"19,0";"18,7";"95,0";"95,0";"95,0";"18,0";"18,2";"18,0";"1016,6";"1016,6";"1015,1";"2,6";"225,0";"5,0";"";"0,0"
"25/05/2026";"0900";"19,3";"19,3";"18,6";"95,0";"95,0";"95,0";"18,5";"18,5";"17,9";"1017,0";"1017,0";"1016,4";"2,1";"205,0";"4,1";"";"0,0"
"25/05/2026";"1000";"20,5";"20,5";"19,3";"93,0";"95,0";"93,0";"19,4";"19,4";"18,6";"1017,9";"1017,9";"1017,0";"3,7";"214,0";"7,1";"63,00";"0,0"
"25/05/2026";"1100";"21,5";"21,5";"20,5";"90,0";"93,0";"90,0";"19,8";"19,9";"19,4";"1018,4";"1018,4";"1017,9";"3,4";"216,0";"7,0";"390,00";"0,0"
"25/05/2026";"1200";"24,0";"24,0";"21,5";"85,0";"90,0";"84,0";"21,2";"21,3";"19,8";"1019,4";"1019,4";"1018,4";"2,6";"217,0";"7,0";"959,90";"0,0"
"25/05/2026";"1300";"26,4";"26,4";"24,0";"73,0";"84,0";"73,0";"21,1";"21,6";"20,1";"1019,4";"1019,6";"1019,4";"3,1";"206,0";"8,0";"1870,70";"0,0"
"25/05/2026";"1400";"27,1";"27,3";"25,8";"66,0";"73,0";"66,0";"20,3";"21,0";"20,1";"1018,6";"1019,4";"1018,6";"3,1";"199,0";"7,5";"2449,60";"0,0"
"25/05/2026";"1500";"27,4";"28,1";"26,3";"63,0";"68,0";"61,0";"19,7";"20,7";"19,2";"1017,6";"1018,6";"1017,5";"2,4";"167,0";"6,9";"2343,80";"0,0"
"25/05/2026";"1600";"27,8";"28,3";"26,6";"62,0";"66,0";"61,0";"19,7";"20,7";"19,4";"1017,3";"1017,9";"1017,3";"2,1";"197,0";"5,7";"2162,30";"0,0"
"25/05/2026";"1700";"27,2";"28,8";"26,9";"64,0";"64,0";"58,0";"19,7";"20,9";"19,1";"1016,8";"1017,3";"1016,8";"1,9";"183,0";"5,8";"1952,10";"0,0"
"25/05/2026";"1800";"26,1";"28,0";"26,1";"69,0";"70,0";"60,0";"20,1";"20,5";"19,1";"1016,8";"1016,9";"1016,6";"2,0";"176,0";"5,8";"1188,00";"0,0"
"25/05/2026";"1900";"25,0";"26,8";"25,0";"72,0";"74,0";"68,0";"19,6";"20,6";"19,6";"1017,3";"1017,3";"1016,8";"2,8";"204,0";"6,4";"744,50";"0,0"
"25/05/2026";"2000";"23,6";"25,0";"23,6";"81,0";"81,0";"72,0";"20,2";"20,7";"19,6";"1017,8";"1017,8";"1017,3";"2,0";"182,0";"6,6";"217,50";"0,0"
"25/05/2026";"2100";"23,0";"23,6";"22,9";"86,0";"86,0";"81,0";"20,5";"20,5";"20,2";"1018,2";"1018,2";"1017,8";"2,2";"172,0";"6,9";"1,70";"0,0"
"25/05/2026";"2200";"22,3";"23,0";"22,3";"89,0";"89,0";"85,0";"20,5";"20,5";"20,3";"1018,9";"1018,9";"1018,2";"1,8";"181,0";"5,7";"";"0,0"
"25/05/2026";"2300";"21,9";"22,3";"21,9";"91,0";"91,0";"89,0";"20,3";"20,6";"20,3";"1019,8";"1019,8";"1018,9";"1,8";"203,0";"5,1";"";"0,0"
"26/05/2026";"0000";"21,5";"22,0";"21,5";"91,0";"92,0";"91,0";"20,0";"20,4";"20,0";"1019,8";"1019,9";"1019,6";"1,5";"190,0";"4,4";"";"0,0"
"26/05/2026";"0100";"20,5";"21,6";"20,5";"93,0";"93,0";"91,0";"19,3";"20,1";"19,3";"1020,2";"1020,2";"1019,7";"0,9";"268,0";"4,4";"";"0,0"
"26/05/2026";"0200";"21,1";"21,1";"20,4";"94,0";"94,0";"93,0";"20,2";"20,2";"19,2";"1019,9";"1020,2";"1019,9";"1,1";"210,0";"3,0";"";"0,0"
"26/05/2026";"0300";"21,2";"21,4";"21,1";"93,0";"94,0";"93,0";"20,0";"20,3";"20,0";"1019,5";"1019,9";"1019,5";"1,8";"231,0";"3,5";"";"0,0"
"26/05/2026";"0400";"21,2";"21,2";"21,1";"92,0";"93,0";"92,0";"19,8";"20,0";"19,8";"1019,0";"1019,5";"1018,9";"1,8";"223,0";"3,8";"";"0,0"
"26/05/2026";"0500";"21,3";"21,4";"21,2";"90,0";"92,0";"90,0";"19,6";"19,8";"19,6";"1018,5";"1019,0";"1018,5";"1,7";"219,0";"2,7";"";"0,0"
"26/05/2026";"0600";"21,3";"21,3";"21,1";"90,0";"91,0";"90,0";"19,6";"19,7";"19,5";"1018,3";"1018,6";"1018,3";"1,7";"221,0";"2,5";"";"0,0"
"26/05/2026";"0700";"21,4";"21,4";"21,3";"89,0";"90,0";"89,0";"19,5";"19,6";"19,4";"1018,1";"1018,3";"1018,1";"1,9";"216,0";"3,1";"";"0,0"
"26/05/2026";"0800";"21,4";"21,5";"21,3";"88,0";"89,0";"88,0";"19,3";"19,5";"19,3";"1018,2";"1018,2";"1018,0";"1,3";"210,0";"3,1";"";"0,0"
"26/05/2026";"0900";"21,4";"21,5";"21,4";"88,0";"88,0";"88,0";"19,3";"19,3";"19,3";"1018,6";"1018,6";"1018,2";"1,1";"215,0";"2,8";"";"0,0"
"26/05/2026";"1000";"21,4";"21,4";"21,2";"89,0";"89,0";"88,0";"19,5";"19,5";"19,2";"1019,4";"1019,4";"1018,6";"1,4";"216,0";"2,4";"28,40";"0,0"
"26/05/2026";"1100";"22,2";"22,2";"21,4";"87,0";"89,0";"87,0";"20,0";"20,0";"19,5";"1020,2";"1020,2";"1019,4";"1,5";"229,0";"2,5";"172,00";"0,0"
"26/05/2026";"1200";"23,7";"23,8";"22,2";"80,0";"87,0";"80,0";"19,9";"20,5";"19,9";"1020,6";"1020,6";"1020,2";"1,6";"213,0";"3,2";"532,90";"0,0"
"26/05/2026";"1300";"24,9";"24,9";"23,5";"76,0";"81,0";"76,0";"20,4";"20,5";"19,8";"1020,1";"1020,6";"1020,1";"1,8";"204,0";"4,2";"979,80";"0,0"
"26/05/2026";"1400";"25,6";"25,7";"24,5";"69,0";"76,0";"68,0";"19,5";"20,6";"19,0";"1019,7";"1020,1";"1019,7";"1,5";"191,0";"3,9";"1699,60";"0,0"
"26/05/2026";"1500";"25,9";"26,5";"25,4";"68,0";"71,0";"65,0";"19,6";"20,2";"18,8";"1018,9";"1019,7";"1018,9";"1,3";"213,0";"3,4";"1483,60";"0,0"
"26/05/2026";"1600";"26,1";"26,1";"25,5";"65,0";"69,0";"65,0";"19,1";"19,8";"18,9";"1017,8";"1018,9";"1017,8";"1,4";"168,0";"2,6";"1064,60";"0,0"
"26/05/2026";"1700";"26,3";"27,0";"25,8";"64,0";"67,0";"62,0";"19,0";"20,0";"18,6";"1017,2";"1017,8";"1017,2";"0,9";"181,0";"3,1";"1235,00";"0,0"
"26/05/2026";"1800";"26,1";"26,5";"26,0";"66,0";"66,0";"62,0";"19,2";"19,2";"18,4";"1016,8";"1017,2";"1016,8";"0,5";"122,0";"2,8";"670,40";"0,0"
"26/05/2026";"1900";"26,0";"26,4";"25,6";"63,0";"67,0";"63,0";"18,4";"19,4";"18,4";"1016,5";"1016,9";"1016,5";"2,2";"98,0";"4,4";"819,40";"0,0"
"26/05/2026";"2000";"23,6";"26,0";"23,6";"71,0";"71,0";"63,0";"18,1";"18,5";"17,8";"1016,4";"1016,6";"1016,4";"2,0";"74,0";"4,4";"154,40";"0,0"
"26/05/2026";"2100";"22,6";"23,7";"22,4";"76,0";"76,0";"69,0";"18,1";"18,2";"17,6";"1016,8";"1016,8";"1016,4";"2,0";"94,0";"4,6";"";"0,0"
"26/05/2026";"2200";"22,1";"22,6";"21,9";"83,0";"83,0";"76,0";"19,1";"19,1";"18,1";"1017,7";"1017,7";"1016,8";"1,3";"85,0";"4,6";"";"0,0"
"26/05/2026";"2300";"21,2";"22,1";"21,2";"87,0";"87,0";"83,0";"19,0";"19,1";"18,7";"1018,1";"1018,1";"1017,7";"0,7";"7,0";"2,3";"";"0,0"
"27/05/2026";"0000";"20,2";"21,2";"20,2";"92,0";"92,0";"87,0";"18,9";"19,0";"18,7";"1017,9";"1018,2";"1017,9";"1,7";"9,0";"1,9";"";"0,0"
"27/05/2026";"0100";"19,8";"20,3";"19,8";"93,0";"93,0";"92,0";"18,7";"19,0";"18,6";"1017,7";"1017,9";"1017,6";"1,8";"6,0";"2,6";"";"0,0"
"27/05/2026";"0200";"19,6";"20,0";"19,6";"94,0";"94,0";"93,0";"18,5";"18,9";"18,5";"1017,6";"1017,8";"1017,6";"1,5";"6,0";"3,1";"";"0,0"
"27/05/2026";"0300";"19,6";"19,7";"19,5";"94,0";"94,0";"94,0";"18,7";"18,8";"18,5";"1017,1";"1017,6";"1017,0";"0,8";"357,0";"2,8";"";"0,0"
"27/05/2026";"0400";"19,6";"19,8";"19,4";"95,0";"95,0";"94,0";"18,8";"18,9";"18,5";"1016,3";"1017,1";"1016,3";"1,9";"14,0";"2,8";"";"0,0"
"27/05/2026";"0500";"19,8";"19,9";"19,6";"95,0";"95,0";"95,0";"18,9";"19,0";"18,8";"1015,4";"1016,3";"1015,4";"2,4";"7,0";"3,7";"";"0,0"
"27/05/2026";"0600";"19,4";"19,8";"19,3";"95,0";"95,0";"94,0";"18,5";"18,9";"18,4";"1014,6";"1015,4";"1014,6";"2,2";"1,0";"3,3";"";"0,0"
"27/05/2026";"0700";"19,2";"19,6";"19,2";"94,0";"95,0";"94,0";"18,2";"18,7";"18,2";"1014,5";"1014,7";"1014,4";"1,9";"360,0";"3,3";"";"0,0"
"27/05/2026";"0800";"19,6";"19,6";"19,0";"94,0";"95,0";"94,0";"18,7";"18,7";"18,1";"1014,2";"1014,5";"1014,2";"2,5";"11,0";"3,9";"";"0,0"
"27/05/2026";"0900";"19,9";"19,9";"19,6";"93,0";"94,0";"93,0";"18,7";"18,8";"18,7";"1014,2";"1014,4";"1014,1";"2,4";"1,0";"4,4";"";"0,0"
"27/05/2026";"1000";"20,4";"20,4";"19,8";"91,0";"93,0";"91,0";"18,9";"18,9";"18,6";"1014,6";"1014,6";"1014,2";"3,6";"8,0";"5,7";"50,60";"0,0"
"27/05/2026";"1100";"21,8";"21,8";"20,4";"87,0";"91,0";"87,0";"19,5";"19,7";"18,9";"1014,9";"1015,0";"1014,6";"3,8";"8,0";"5,9";"459,60";"0,0"
"27/05/2026";"1200";"23,1";"23,4";"21,8";"81,0";"87,0";"80,0";"19,6";"20,2";"19,2";"1015,1";"1015,3";"1014,9";"4,6";"358,0";"7,7";"780,00";"0,0"
"27/05/2026";"1300";"24,8";"25,6";"23,1";"71,0";"81,0";"69,0";"19,2";"20,2";"19,0";"1015,0";"1015,3";"1015,0";"4,7";"353,0";"8,7";"1444,60";"0,0"
"27/05/2026";"1400";"26,3";"27,3";"24,7";"66,0";"72,0";"63,0";"19,4";"20,2";"19,1";"1014,5";"1015,0";"1014,5";"4,4";"1,0";"7,8";"1669,00";"0,0"
"27/05/2026";"1500";"29,0";"29,9";"26,3";"57,0";"67,0";"55,0";"19,7";"20,6";"19,2";"1013,6";"1014,5";"1013,6";"2,7";"341,0";"7,0";"2312,00";"0,0"
"27/05/2026";"1600";"29,1";"29,5";"28,5";"56,0";"58,0";"53,0";"19,6";"19,9";"18,6";"1012,9";"1013,7";"1012,9";"2,6";"294,0";"6,3";"1519,10";"0,0"
"27/05/2026";"1700";"29,1";"29,8";"28,7";"54,0";"58,0";"54,0";"19,0";"20,3";"19,0";"1012,2";"1012,9";"1012,2";"2,8";"315,0";"5,1";"1300,90";"0,0"
"27/05/2026";"1800";"29,2";"29,6";"28,5";"53,0";"56,0";"52,0";"18,8";"19,4";"18,5";"1012,2";"1012,2";"1012,1";"2,5";"316,0";"5,1";"1101,30";"0,0"
"27/05/2026";"1900";"28,5";"29,7";"28,5";"56,0";"57,0";"52,0";"19,0";"19,4";"18,4";"1012,6";"1012,6";"1012,2";"1,4";"328,0";"5,0";"788,50";"0,0"
"27/05/2026";"2000";"25,8";"28,5";"25,8";"70,0";"70,0";"56,0";"19,8";"19,8";"18,9";"1013,0";"1013,0";"1012,6";"1,0";"8,0";"2,8";"210,80";"0,0"
"27/05/2026";"2100";"25,3";"25,8";"23,4";"69,0";"80,0";"68,0";"19,2";"20,3";"19,2";"1014,1";"1014,1";"1013,0";"2,9";"179,0";"7,1";"";"0,0"
"27/05/2026";"2200";"23,9";"25,3";"23,9";"78,0";"78,0";"69,0";"19,7";"19,7";"19,1";"1014,8";"1014,8";"1014,1";"2,3";"180,0";"7,5";"";"0,0"
"27/05/2026";"2300";"23,1";"23,9";"23,1";"85,0";"85,0";"78,0";"20,5";"20,5";"19,8";"1015,4";"1015,4";"1014,8";"1,8";"175,0";"7,0";"";"0,0"
"28/05/2026";"0000";"22,9";"23,2";"22,8";"86,0";"87,0";"85,0";"20,5";"20,6";"20,4";"1015,9";"1015,9";"1015,4";"1,9";"175,0";"5,8";"";"0,0"
"28/05/2026";"0100";"22,2";"22,9";"22,2";"87,0";"87,0";"86,0";"19,9";"20,5";"19,9";"1016,1";"1016,1";"1015,9";"2,1";"201,0";"5,8";"";"0,0"
"28/05/2026";"0200";"21,8";"22,3";"21,7";"89,0";"89,0";"87,0";"19,8";"20,0";"19,7";"1015,9";"1016,1";"1015,9";"1,1";"196,0";"4,9";"";"0,0"
"28/05/2026";"0300";"21,9";"21,9";"21,6";"89,0";"89,0";"89,0";"20,0";"20,0";"19,7";"1015,7";"1016,0";"1015,7";"1,8";"215,0";"3,9";"";"0,0"
"28/05/2026";"0400";"21,6";"22,2";"21,6";"84,0";"89,0";"84,0";"18,7";"20,0";"18,7";"1015,4";"1015,7";"1015,4";"2,9";"207,0";"6,0";"";"0,0"
"28/05/2026";"0500";"21,2";"21,6";"21,2";"81,0";"84,0";"81,0";"17,7";"18,7";"17,7";"1015,1";"1015,4";"1015,1";"2,9";"213,0";"7,9";"";"0,0"
"28/05/2026";"0600";"20,7";"21,2";"20,6";"84,0";"85,0";"81,0";"18,0";"18,0";"17,7";"1014,9";"1015,1";"1014,9";"2,0";"227,0";"5,2";"";"0,0"
"28/05/2026";"0700";"20,9";"21,0";"20,7";"81,0";"84,0";"81,0";"17,5";"18,0";"17,5";"1015,0";"1015,0";"1014,8";"2,0";"232,0";"4,1";"";"0,0"
"28/05/2026";"0800";"20,9";"20,9";"20,8";"81,0";"82,0";"81,0";"17,5";"17,7";"17,5";"1015,3";"1015,3";"1015,0";"2,2";"230,0";"3,6";"";"0,0"
"28/05/2026";"0900";"20,6";"21,1";"20,6";"84,0";"84,0";"80,0";"17,8";"17,8";"17,5";"1015,8";"1015,8";"1015,3";"1,8";"233,0";"4,0";"";"0,0"
"28/05/2026";"1000";"21,1";"21,2";"20,4";"76,0";"86,0";"75,0";"16,7";"18,1";"16,7";"1016,5";"1016,5";"1015,8";"2,4";"202,0";"5,0";"23,30";"0,0"
"28/05/2026";"1100";"22,0";"22,0";"21,0";"71,0";"77,0";"71,0";"16,6";"16,7";"16,3";"1017,1";"1017,1";"1016,5";"2,6";"205,0";"6,8";"284,70";"0,0"
"28/05/2026";"1200";"22,0";"22,1";"21,8";"72,0";"72,0";"70,0";"16,8";"16,8";"16,2";"1017,8";"1017,8";"1017,1";"2,9";"214,0";"6,0";"408,40";"0,0"
"28/05/2026";"1300";"22,6";"22,8";"22,0";"70,0";"72,0";"68,0";"17,0";"17,1";"16,2";"1017,9";"1017,9";"1017,8";"3,0";"223,0";"6,0";"530,10";"0,0"
"28/05/2026";"1400";"24,0";"24,0";"22,6";"68,0";"71,0";"66,0";"17,6";"17,6";"16,4";"1017,4";"1017,9";"1017,3";"1,7";"299,0";"5,5";"702,70";"0,0"
"28/05/2026";"1500";"24,6";"24,8";"23,1";"68,0";"76,0";"67,0";"18,3";"19,4";"17,3";"1016,6";"1017,4";"1016,6";"1,8";"287,0";"3,5";"1073,10";"0,0"
"28/05/2026";"1600";"25,9";"26,0";"24,4";"61,0";"70,0";"60,0";"17,7";"19,0";"17,3";"1015,8";"1016,6";"1015,8";"1,5";"251,0";"4,8";"1449,10";"0,0"
"28/05/2026";"1700";"26,5";"27,3";"25,8";"55,0";"64,0";"53,0";"16,8";"18,9";"16,3";"1015,2";"1015,8";"1015,2";"2,6";"213,0";"5,7";"1606,10";"0,0"
"28/05/2026";"1800";"26,2";"26,7";"25,4";"59,0";"61,0";"54,0";"17,7";"17,7";"16,4";"1015,1";"1015,2";"1015,0";"2,7";"188,0";"7,4";"1173,70";"0,0"
"28/05/2026";"1900";"24,5";"26,2";"24,5";"65,0";"65,0";"59,0";"17,4";"17,8";"17,2";"1015,3";"1015,3";"1015,1";"2,5";"186,0";"8,3";"1044,30";"0,0"
"28/05/2026";"2000";"22,8";"24,5";"22,8";"70,0";"70,0";"65,0";"17,1";"17,6";"17,0";"1015,7";"1015,7";"1015,3";"2,4";"179,0";"8,3";"330,10";"0,0"
"28/05/2026";"2100";"21,5";"22,8";"21,5";"81,0";"81,0";"70,0";"18,0";"18,2";"17,1";"1016,6";"1016,6";"1015,7";"2,2";"183,0";"7,3";"1,30";"0,0"
"28/05/2026";"2200";"20,9";"21,5";"20,9";"82,0";"83,0";"81,0";"17,8";"18,1";"17,8";"1017,2";"1017,2";"1016,6";"2,5";"198,0";"6,2";"";"0,0"
"28/05/2026";"2300";"20,4";"20,9";"20,3";"85,0";"85,0";"82,0";"17,7";"18,0";"17,7";"1017,8";"1017,8";"1017,1";"3,4";"208,0";"6,9";"";"0,0"
"29/05/2026";"0000";"19,9";"20,4";"19,8";"85,0";"86,0";"84,0";"17,4";"17,7";"17,3";"1017,9";"1018,0";"1017,8";"3,3";"204,0";"6,9";"";"0,0"
"29/05/2026";"0100";"19,4";"19,9";"19,4";"86,0";"86,0";"85,0";"16,9";"17,3";"16,9";"1018,2";"1018,2";"1017,9";"2,8";"229,0";"6,5";"";"0,0"
"29/05/2026";"0200";"19,2";"19,4";"18,9";"85,0";"87,0";"85,0";"16,6";"16,9";"16,6";"1018,0";"1018,2";"1018,0";"3,7";"213,0";"6,7";"";"0,0"
"29/05/2026";"0300";"18,7";"19,4";"18,7";"86,0";"86,0";"84,0";"16,3";"16,6";"16,3";"1017,9";"1018,1";"1017,9";"3,6";"209,0";"7,6";"";"0,0"
"29/05/2026";"0400";"18,2";"18,7";"18,2";"89,0";"89,0";"86,0";"16,4";"16,4";"16,2";"1017,7";"1017,9";"1017,7";"3,3";"212,0";"6,4";"";"0,0"
"29/05/2026";"0500";"18,1";"18,2";"18,0";"89,0";"90,0";"89,0";"16,3";"16,5";"16,3";"1017,5";"1017,7";"1017,5";"2,8";"210,0";"5,3";"";"0,0"
"29/05/2026";"0600";"18,6";"18,6";"18,1";"88,0";"90,0";"87,0";"16,5";"16,5";"16,3";"1017,1";"1017,5";"1017,1";"3,2";"218,0";"5,6";"";"0,0"
"29/05/2026";"0700";"18,6";"18,8";"18,2";"87,0";"89,0";"86,0";"16,3";"16,5";"16,3";"1016,9";"1017,1";"1016,9";"2,5";"218,0";"6,1";"";"0,0"
"29/05/2026";"0800";"18,8";"19,0";"18,3";"85,0";"88,0";"85,0";"16,2";"16,5";"16,2";"1017,2";"1017,2";"1016,9";"2,0";"216,0";"5,7";"";"0,0"
"29/05/2026";"0900";"18,0";"18,8";"17,8";"90,0";"90,0";"85,0";"16,3";"16,3";"16,0";"1017,9";"1017,9";"1017,2";"2,0";"309,0";"4,2";"";"0,0"
"29/05/2026";"1000";"18,6";"18,6";"17,7";"90,0";"91,0";"89,0";"16,9";"16,9";"16,0";"1018,6";"1018,6";"1017,9";"2,2";"206,0";"3,4";"73,50";"0,0"
"29/05/2026";"1100";"21,6";"21,6";"18,6";"73,0";"90,0";"72,0";"16,5";"17,2";"16,3";"1019,2";"1019,2";"1018,6";"3,8";"219,0";"6,6";"483,70";"0,0"
"29/05/2026";"1200";"23,0";"23,0";"21,6";"68,0";"74,0";"67,0";"16,9";"17,0";"16,3";"1019,8";"1019,8";"1019,2";"3,2";"214,0";"6,6";"921,20";"0,0"
"29/05/2026";"1300";"24,6";"24,8";"22,8";"59,0";"68,0";"59,0";"16,2";"17,3";"16,2";"1019,8";"1020,0";"1019,8";"2,7";"204,0";"7,5";"1610,70";"0,0"
"29/05/2026";"1400";"25,2";"26,2";"24,5";"54,0";"59,0";"52,0";"15,4";"16,8";"14,8";"1019,5";"1019,8";"1019,5";"2,6";"198,0";"6,5";"2407,10";"0,0"
"29/05/2026";"1500";"25,7";"26,2";"24,7";"55,0";"58,0";"52,0";"16,0";"16,2";"14,9";"1018,8";"1019,5";"1018,8";"2,5";"209,0";"7,0";"2426,30";"0,0"
"29/05/2026";"1600";"24,3";"26,7";"24,2";"61,0";"63,0";"52,0";"16,4";"16,9";"15,4";"1018,0";"1018,8";"1018,0";"2,3";"189,0";"7,4";"1173,90";"0,0"
"29/05/2026";"1700";"24,6";"24,7";"24,1";"60,0";"62,0";"59,0";"16,4";"16,9";"15,9";"1017,4";"1018,0";"1017,4";"2,3";"192,0";"7,2";"1181,40";"0,0"
"29/05/2026";"1800";"24,0";"24,8";"23,8";"60,0";"62,0";"59,0";"15,9";"16,4";"15,6";"1017,5";"1017,5";"1017,4";"1,7";"196,0";"5,5";"670,70";"0,0"
"29/05/2026";"1900";"23,2";"24,0";"23,2";"63,0";"63,0";"59,0";"15,8";"15,8";"15,2";"1017,9";"1017,9";"1017,5";"1,4";"179,0";"6,3";"343,20";"0,0"
"29/05/2026";"2000";"22,4";"23,2";"22,4";"66,0";"66,0";"61,0";"15,8";"15,9";"15,1";"1018,3";"1018,3";"1017,9";"1,7";"177,0";"5,1";"119,60";"0,0"
"29/05/2026";"2100";"21,8";"22,4";"21,6";"72,0";"72,0";"66,0";"16,5";"16,6";"15,6";"1018,6";"1018,6";"1018,2";"1,4";"174,0";"4,7";"";"0,0"
"29/05/2026";"2200";"21,6";"22,0";"21,6";"72,0";"74,0";"71,0";"16,2";"16,7";"16,2";"1019,2";"1019,2";"1018,6";"1,7";"165,0";"4,3";"";"0,0"
"29/05/2026";"2300";"19,7";"21,6";"19,7";"83,0";"83,0";"72,0";"16,7";"16,7";"16,2";"1019,6";"1019,7";"1019,2";"1,4";"227,0";"4,3";"";"0,0"
"30/05/2026";"0000";"18,5";"19,7";"18,4";"89,0";"89,0";"83,0";"16,7";"17,1";"16,5";"1019,6";"1019,8";"1019,5";"0,8";"192,0";"2,2";"";"0,0"
"30/05/2026";"0100";"19,0";"19,7";"18,5";"86,0";"90,0";"84,0";"16,6";"17,1";"16,6";"1019,6";"1019,6";"1019,4";"1,4";"251,0";"2,0";"";"0,0"
"30/05/2026";"0200";"18,9";"19,4";"18,9";"85,0";"86,0";"84,0";"16,3";"16,7";"16,2";"1019,5";"1019,6";"1019,5";"0,7";"229,0";"2,1";"";"0,0"
"30/05/2026";"0300";"18,5";"18,9";"18,2";"89,0";"89,0";"85,0";"16,7";"16,9";"16,1";"1019,5";"1019,6";"1019,4";"1,2";"294,0";"1,5";"";"0,0"
"30/05/2026";"0400";"18,2";"18,6";"18,1";"92,0";"92,0";"89,0";"16,8";"16,9";"16,6";"1018,9";"1019,5";"1018,9";"0,7";"283,0";"1,8";"";"0,0"
"30/05/2026";"0500";"18,2";"18,4";"18,2";"92,0";"92,0";"91,0";"16,8";"17,0";"16,8";"1018,7";"1019,1";"1018,7";"0,9";"265,0";"1,5";"";"0,0"
"30/05/2026";"0600";"18,3";"18,3";"18,1";"93,0";"93,0";"92,0";"17,1";"17,1";"16,8";"1018,4";"1018,8";"1018,4";"1,3";"222,0";"2,3";"";"0,0"
"30/05/2026";"0700";"18,4";"18,5";"18,3";"92,0";"93,0";"92,0";"17,0";"17,2";"16,9";"1017,8";"1018,4";"1017,8";"0,9";"205,0";"1,8";"";"0,0"
"30/05/2026";"0800";"17,3";"18,7";"17,3";"93,0";"93,0";"89,0";"16,1";"17,1";"16,1";"1018,4";"1018,4";"1017,8";"1,8";"291,0";"2,5";"";"0,0"
"30/05/2026";"0900";"17,3";"17,3";"16,8";"95,0";"95,0";"93,0";"16,4";"16,4";"15,9";"1019,1";"1019,1";"1018,4";"1,8";"300,0";"2,6";"";"0,0"
"30/05/2026";"1000";"17,7";"17,7";"17,3";"94,0";"95,0";"94,0";"16,8";"16,8";"16,4";"1020,0";"1020,0";"1019,1";"1,6";"291,0";"2,2";"121,60";"0,0"
"30/05/2026";"1100";"20,1";"20,4";"17,7";"85,0";"94,0";"85,0";"17,6";"18,5";"16,9";"1020,5";"1020,5";"1020,0";"1,3";"311,0";"2,1";"677,90";"0,0"
"30/05/2026";"1200";"21,1";"21,2";"20,1";"79,0";"86,0";"78,0";"17,4";"18,1";"17,0";"1020,9";"1021,0";"1020,5";"1,1";"296,0";"3,0";"700,70";"0,0"
"30/05/2026";"1300";"22,7";"22,7";"21,1";"71,0";"79,0";"71,0";"17,2";"18,0";"17,1";"1020,7";"1021,1";"1020,7";"0,6";"212,0";"2,1";"824,20";"0,0"
"30/05/2026";"1400";"23,9";"24,4";"22,7";"60,0";"74,0";"56,0";"15,7";"18,2";"14,7";"1019,7";"1020,7";"1019,7";"1,5";"84,0";"3,2";"1708,90";"0,0"
"30/05/2026";"1500";"24,6";"25,0";"23,7";"55,0";"61,0";"55,0";"15,0";"16,1";"15,0";"1019,2";"1019,7";"1019,2";"2,2";"16,0";"4,3";"1354,10";"0,0"
"30/05/2026";"1600";"25,6";"25,6";"24,6";"53,0";"57,0";"50,0";"15,4";"15,5";"14,0";"1018,1";"1019,2";"1018,1";"2,3";"347,0";"4,7";"1681,70";"0,0"
"30/05/2026";"1700";"25,9";"26,1";"25,1";"52,0";"54,0";"50,0";"15,2";"15,4";"14,5";"1017,4";"1018,1";"1017,3";"1,8";"345,0";"4,7";"1493,70";"0,0"
"30/05/2026";"1800";"24,9";"26,1";"24,9";"52,0";"53,0";"50,0";"14,3";"15,3";"14,1";"1017,5";"1017,7";"1017,4";"1,3";"10,0";"3,3";"693,30";"0,0"
"30/05/2026";"1900";"23,8";"24,9";"23,7";"56,0";"62,0";"50,0";"14,5";"16,0";"13,9";"1017,1";"1017,5";"1017,1";"1,7";"57,0";"3,1";"252,20";"0,0"
"30/05/2026";"2000";"21,8";"23,8";"21,8";"63,0";"63,0";"55,0";"14,4";"14,8";"13,7";"1017,4";"1017,4";"1017,1";"2,1";"76,0";"3,9";"188,90";"0,0"
"30/05/2026";"2100";"19,9";"21,8";"19,8";"74,0";"74,0";"62,0";"15,1";"15,2";"14,2";"1017,7";"1017,8";"1017,4";"1,5";"74,0";"3,4";"";"0,0"
"30/05/2026";"2200";"20,0";"20,1";"19,0";"74,0";"77,0";"74,0";"15,3";"15,3";"14,9";"1018,3";"1018,3";"1017,7";"2,4";"47,0";"4,2";"";"0,0"
"30/05/2026";"2300";"18,9";"20,2";"18,8";"81,0";"81,0";"74,0";"15,5";"15,5";"15,2";"1018,3";"1018,4";"1018,2";"2,4";"33,0";"4,5";"";"0,0"
"31/05/2026";"0000";"19,3";"19,3";"18,7";"77,0";"81,0";"77,0";"15,1";"15,7";"15,1";"1017,7";"1018,5";"1017,7";"2,4";"44,0";"3,9";"";"0,0"
"31/05/2026";"0100";"18,4";"19,4";"18,4";"80,0";"81,0";"76,0";"15,0";"15,1";"14,9";"1017,7";"1018,1";"1017,6";"1,4";"19,0";"4,2";"";"0,0"
"31/05/2026";"0200";"18,0";"18,4";"17,7";"84,0";"85,0";"80,0";"15,3";"15,3";"14,9";"1016,7";"1017,7";"1016,7";"1,6";"65,0";"2,9";"";"0,0"
"31/05/2026";"0300";"17,0";"18,1";"16,8";"88,0";"89,0";"83,0";"15,1";"15,4";"14,5";"1017,4";"1017,5";"1016,7";"1,5";"335,0";"2,7";"";"0,0"
"31/05/2026";"0400";"17,5";"17,6";"16,8";"87,0";"89,0";"87,0";"15,3";"15,6";"14,9";"1016,6";"1017,4";"1016,6";"1,8";"352,0";"3,4";"";"0,0"
"31/05/2026";"0500";"17,2";"17,6";"17,1";"85,0";"87,0";"85,0";"14,6";"15,2";"14,6";"1015,9";"1016,6";"1015,9";"2,2";"345,0";"4,0";"";"0,0"
"31/05/2026";"0600";"17,0";"17,2";"16,7";"85,0";"87,0";"85,0";"14,5";"14,8";"14,4";"1015,3";"1015,9";"1015,3";"2,0";"351,0";"3,2";"";"0,0"
"31/05/2026";"0700";"16,8";"17,1";"16,5";"85,0";"86,0";"84,0";"14,3";"14,4";"14,2";"1015,3";"1015,3";"1015,1";"1,3";"347,0";"4,4";"";"0,0"
"31/05/2026";"0800";"16,9";"17,1";"16,5";"88,0";"88,0";"85,0";"14,9";"15,1";"14,2";"1015,8";"1015,8";"1015,3";"1,0";"323,0";"3,2";"";"0,0"
"31/05/2026";"0900";"16,6";"16,9";"16,5";"91,0";"91,0";"88,0";"15,1";"15,1";"14,8";"1016,1";"1016,2";"1015,7";"2,4";"15,0";"3,1";"";"0,0"
"31/05/2026";"1000";"17,6";"17,6";"16,6";"90,0";"92,0";"90,0";"16,0";"16,0";"15,2";"1016,5";"1016,5";"1016,0";"1,5";"327,0";"4,1";"79,30";"0,0"
"31/05/2026";"1100";"20,1";"20,1";"17,6";"80,0";"90,0";"80,0";"16,6";"16,7";"16,0";"1017,0";"1017,0";"1016,5";"1,8";"306,0";"2,9";"620,90";"0,0"
"31/05/2026";"1200";"23,8";"23,9";"20,1";"65,0";"80,0";"65,0";"16,7";"17,4";"16,4";"1017,4";"1017,4";"1017,0";"1,6";"294,0";"3,5";"1308,50";"0,0"
"31/05/2026";"1300";"25,8";"26,2";"23,7";"57,0";"66,0";"56,0";"16,7";"17,6";"16,2";"1017,2";"1017,4";"1017,2";"1,3";"223,0";"3,0";"1896,40";"0,0"
"31/05/2026";"1400";"26,5";"27,4";"25,6";"55,0";"60,0";"54,0";"16,9";"17,7";"16,6";"1016,7";"1017,2";"1016,7";"1,7";"190,0";"3,5";"2297,80";"0,0"
"31/05/2026";"1500";"28,1";"28,1";"26,5";"51,0";"57,0";"51,0";"17,1";"17,9";"16,3";"1015,9";"1016,7";"1015,9";"1,4";"211,0";"3,4";"2467,40";"0,0"
"31/05/2026";"1600";"27,6";"28,4";"27,1";"55,0";"55,0";"49,0";"17,6";"17,7";"16,4";"1015,2";"1015,9";"1015,1";"1,5";"173,0";"4,7";"2444,70";"0,0"
"31/05/2026";"1700";"26,7";"28,8";"26,6";"58,0";"61,0";"50,0";"17,8";"19,1";"16,9";"1014,5";"1015,2";"1014,5";"2,1";"186,0";"5,5";"1577,30";"0,0"
"31/05/2026";"1800";"26,8";"27,4";"26,3";"59,0";"60,0";"57,0";"18,0";"18,6";"17,5";"1014,2";"1014,5";"1014,2";"2,3";"179,0";"6,1";"1571,50";"0,0"
"31/05/2026";"1900";"24,9";"26,8";"24,9";"68,0";"68,0";"58,0";"18,7";"18,9";"17,7";"1014,5";"1014,5";"1014,2";"2,8";"187,0";"8,2";"967,60";"0,0"
"31/05/2026";"2000";"23,4";"25,0";"23,4";"73,0";"73,0";"68,0";"18,4";"18,9";"17,9";"1014,9";"1014,9";"1014,5";"2,1";"171,0";"8,2";"292,60";"0,0"
"31/05/2026";"2100";"22,3";"23,4";"22,3";"79,0";"79,0";"73,0";"18,4";"18,7";"18,4";"1015,6";"1015,6";"1015,0";"2,1";"165,0";"6,6";"1,10";"0,0"
"31/05/2026";"2200";"21,8";"22,4";"21,7";"80,0";"81,0";"78,0";"18,2";"18,5";"18,2";"1016,2";"1016,2";"1015,6";"1,6";"167,0";"6,2";"";"0,0"
"31/05/2026";"2300";"20,9";"21,7";"20,9";"85,0";"85,0";"80,0";"18,3";"18,4";"18,2";"1016,7";"1016,7";"1016,2";"1,1";"192,0";"4,8";"";"0,0"
"01/06/2026";"0000";"20,5";"21,2";"20,5";"87,0";"87,0";"85,0";"18,3";"18,8";"18,3";"1016,9";"1016,9";"1016,7";"0,7";"262,0";"4,0";"";"0,0"
"01/06/2026";"0100";"20,3";"20,6";"20,0";"90,0";"90,0";"87,0";"18,6";"18,9";"18,0";"1016,7";"1016,9";"1016,7";"1,2";"211,0";"2,4";"";"0,0"
"01/06/2026";"0200";"20,8";"21,3";"20,3";"87,0";"91,0";"86,0";"18,6";"19,2";"18,5";"1016,8";"1016,9";"1016,6";"0,4";"166,0";"2,6";"";"0,0"
"01/06/2026";"0300";"19,8";"21,2";"19,8";"90,0";"90,0";"86,0";"18,1";"18,8";"18,1";"1016,9";"1016,9";"1016,8";"1,7";"322,0";"2,0";"";"0,0"
"01/06/2026";"0400";"19,3";"19,8";"19,3";"93,0";"93,0";"90,0";"18,2";"18,4";"18,1";"1016,8";"1016,9";"1016,8";"0,9";"14,0";"2,0";"";"0,0"
"01/06/2026";"0500";"19,2";"19,4";"18,9";"95,0";"95,0";"93,0";"18,3";"18,3";"17,9";"1016,4";"1016,8";"1016,4";"0,6";"313,0";"1,7";"";"0,0"
"01/06/2026";"0600";"19,1";"19,2";"18,8";"95,0";"95,0";"95,0";"18,2";"18,3";"17,9";"1016,1";"1016,4";"1016,1";"1,0";"309,0";"1,4";"";"0,0"
"01/06/2026";"0700";"19,0";"19,1";"19,0";"95,0";"95,0";"95,0";"18,2";"18,3";"18,1";"1015,8";"1016,1";"1015,8";"1,2";"360,0";"1,9";"";"0,0"
"01/06/2026";"0800";"19,0";"19,2";"19,0";"95,0";"95,0";"95,0";"18,2";"18,4";"18,1";"1015,8";"1015,9";"1015,8";"0,7";"301,0";"1,7";"";"0,0"
"01/06/2026";"0900";"18,6";"19,1";"18,5";"95,0";"95,0";"95,0";"17,8";"18,3";"17,7";"1016,5";"1016,5";"1015,8";"1,3";"258,0";"2,0";"";"0,0"
"01/06/2026";"1000";"18,9";"18,9";"18,4";"95,0";"95,0";"95,0";"18,2";"18,2";"17,6";"1017,0";"1017,0";"1016,5";"1,5";"327,0";"2,2";"94,60";"0,0"
"01/06/2026";"1100";"21,5";"21,8";"18,9";"90,0";"95,0";"90,0";"19,8";"20,7";"18,2";"1017,1";"1017,1";"1016,8";"1,0";"306,0";"2,2";"602,50";"0,0"
"01/06/2026";"1200";"23,6";"23,7";"21,5";"77,0";"90,0";"77,0";"19,3";"20,1";"19,0";"1017,8";"1017,8";"1017,1";"2,3";"326,0";"3,7";"1225,40";"0,0"
"01/06/2026";"1300";"26,0";"26,0";"23,6";"63,0";"77,0";"62,0";"18,6";"19,5";"17,7";"1017,6";"1017,9";"1017,6";"1,0";"268,0";"3,7";"1844,90";"0,0"
"01/06/2026";"1400";"26,8";"26,9";"25,1";"57,0";"63,0";"57,0";"17,5";"18,7";"16,9";"1017,0";"1017,6";"1017,0";"1,3";"65,0";"3,9";"2285,00";"0,0"
"01/06/2026";"1500";"27,8";"28,1";"26,3";"51,0";"59,0";"50,0";"16,8";"18,4";"16,5";"1016,2";"1017,0";"1016,2";"1,8";"310,0";"4,4";"2513,30";"0,0"
"01/06/2026";"1600";"28,4";"29,0";"27,4";"50,0";"56,0";"49,0";"17,1";"18,9";"16,3";"1015,2";"1016,2";"1015,2";"0,8";"245,0";"3,5";"2465,10";"0,0"
"01/06/2026";"1700";"29,2";"29,5";"28,2";"48,0";"52,0";"46,0";"17,1";"18,0";"16,3";"1014,6";"1015,2";"1014,6";"1,6";"251,0";"3,1";"2244,30";"0,0"
"01/06/2026";"1800";"27,1";"30,2";"27,0";"59,0";"59,0";"44,0";"18,4";"18,4";"16,0";"1014,6";"1014,6";"1014,3";"3,9";"139,0";"6,3";"1679,40";"0,0"
"01/06/2026";"1900";"24,5";"27,2";"24,5";"71,0";"71,0";"59,0";"18,9";"18,9";"18,4";"1015,2";"1015,2";"1014,5";"3,6";"153,0";"7,4";"401,40";"0,0"
"01/06/2026";"2000";"23,3";"24,5";"23,3";"74,0";"74,0";"71,0";"18,4";"19,0";"18,4";"1015,8";"1015,9";"1015,2";"2,0";"177,0";"7,8";"71,50";"0,0"
"01/06/2026";"2100";"23,0";"23,3";"23,0";"76,0";"76,0";"73,0";"18,6";"18,6";"18,2";"1016,7";"1016,7";"1015,8";"2,4";"158,0";"6,1";"0,40";"0,0"
"01/06/2026";"2200";"22,7";"23,0";"22,7";"79,0";"79,0";"76,0";"18,9";"18,9";"18,6";"1016,7";"1016,8";"1016,6";"2,9";"144,0";"5,5";"";"0,0"
"01/06/2026";"2300";"22,6";"22,8";"22,6";"81,0";"81,0";"79,0";"19,1";"19,1";"18,9";"1017,7";"1017,7";"1016,7";"1,5";"160,0";"5,5";"";"0,0"
"02/06/2026";"0000";"22,3";"22,6";"22,1";"83,0";"83,0";"81,0";"19,3";"19,3";"19,0";"1017,6";"1017,9";"1017,6";"1,5";"165,0";"3,9";"";"0,0"
"02/06/2026";"0100";"22,0";"22,4";"22,0";"84,0";"84,0";"82,0";"19,2";"19,3";"19,2";"1017,8";"1018,0";"1017,6";"1,1";"183,0";"3,6";"";"0,0"
"02/06/2026";"0200";"20,9";"22,0";"20,9";"88,0";"88,0";"84,0";"18,8";"19,3";"18,8";"1017,6";"1017,8";"1017,6";"0,9";"205,0";"3,6";"";"0,0"
"02/06/2026";"0300";"20,4";"20,9";"20,4";"91,0";"91,0";"88,0";"18,9";"19,0";"18,6";"1017,8";"1017,9";"1017,6";"1,4";"214,0";"2,9";"";"0,0"
"02/06/2026";"0400";"20,7";"20,7";"20,2";"87,0";"91,0";"87,0";"18,4";"18,9";"18,4";"1017,9";"1018,0";"1017,6";"1,0";"200,0";"3,1";"";"0,0"
"02/06/2026";"0500";"20,7";"20,8";"20,4";"86,0";"87,0";"86,0";"18,3";"18,4";"18,1";"1018,1";"1018,2";"1017,8";"1,7";"224,0";"3,4";"";"0,0"
"02/06/2026";"0600";"20,7";"20,7";"20,6";"88,0";"88,0";"86,0";"18,6";"18,6";"18,3";"1017,5";"1018,1";"1017,4";"2,2";"223,0";"3,6";"";"0,0"
"02/06/2026";"0700";"20,5";"20,7";"20,4";"89,0";"89,0";"88,0";"18,6";"18,6";"18,5";"1016,9";"1017,5";"1016,9";"3,0";"214,0";"4,7";"";"0,0"
"02/06/2026";"0800";"19,8";"20,6";"19,8";"90,0";"90,0";"88,0";"18,0";"18,7";"18,0";"1017,2";"1017,2";"1016,7";"3,6";"221,0";"6,0";"";"0,0"
"02/06/2026";"0900";"20,1";"20,2";"19,8";"89,0";"90,0";"89,0";"18,2";"18,3";"18,0";"1018,2";"1018,2";"1017,2";"2,7";"217,0";"5,9";"";"0,0"
"02/06/2026";"1000";"19,9";"20,1";"19,8";"91,0";"91,0";"89,0";"18,4";"18,4";"18,1";"1018,8";"1018,8";"1018,3";"3,8";"222,0";"6,9";"9,40";"0,4"
"02/06/2026";"1100";"19,9";"20,0";"19,9";"91,0";"92,0";"91,0";"18,5";"18,5";"18,4";"1019,7";"1019,7";"1018,8";"1,7";"214,0";"6,1";"56,70";"0,0"
"02/06/2026";"1200";"20,0";"20,0";"19,8";"89,0";"91,0";"88,0";"18,2";"18,5";"17,9";"1020,3";"1020,5";"1019,7";"1,3";"215,0";"3,9";"148,00";"0,0"
"02/06/2026";"1300";"23,8";"23,8";"20,0";"74,0";"90,0";"74,0";"18,9";"19,5";"18,0";"1020,5";"1020,6";"1020,3";"2,2";"215,0";"4,7";"1137,70";"0,0"
"02/06/2026";"1400";"25,0";"25,0";"23,1";"67,0";"74,0";"67,0";"18,5";"19,0";"17,5";"1020,2";"1020,5";"1020,2";"1,8";"179,0";"5,9";"1447,80";"0,0"
"02/06/2026";"1500";"25,5";"25,9";"24,0";"64,0";"70,0";"62,0";"18,1";"19,3";"17,8";"1019,7";"1020,2";"1019,7";"2,8";"166,0";"7,3";"2069,40";"0,0"
"02/06/2026";"1600";"25,1";"25,5";"24,1";"64,0";"68,0";"63,0";"17,9";"18,5";"17,1";"1018,9";"1019,8";"1018,9";"2,3";"169,0";"6,7";"1710,90";"0,0"
"02/06/2026";"1700";"25,1";"26,8";"24,8";"62,0";"65,0";"57,0";"17,4";"18,7";"17,1";"1018,5";"1018,9";"1018,5";"1,2";"166,0";"5,0";"1576,90";"0,0"
"02/06/2026";"1800";"24,6";"25,9";"24,6";"65,0";"65,0";"59,0";"17,7";"17,8";"17,0";"1018,5";"1018,5";"1018,3";"1,9";"170,0";"4,8";"687,90";"0,0"
"02/06/2026";"1900";"24,5";"25,0";"24,4";"67,0";"67,0";"62,0";"18,1";"18,3";"17,0";"1018,5";"1018,6";"1018,5";"2,4";"188,0";"5,9";"701,00";"0,0"
"02/06/2026";"2000";"22,6";"24,5";"22,6";"76,0";"77,0";"67,0";"18,2";"18,4";"17,7";"1019,1";"1019,1";"1018,5";"2,4";"166,0";"6,8";"310,90";"0,0"
"02/06/2026";"2100";"21,9";"22,6";"21,9";"81,0";"81,0";"76,0";"18,5";"18,6";"18,2";"1019,9";"1019,9";"1019,1";"1,1";"192,0";"5,9";"0,80";"0,0"
"02/06/2026";"2200";"21,4";"21,9";"21,4";"83,0";"83,0";"80,0";"18,4";"18,6";"18,2";"1020,4";"1020,4";"1019,8";"1,5";"175,0";"5,7";"";"0,0"
"02/06/2026";"2300";"21,3";"21,6";"21,3";"87,0";"87,0";"83,0";"19,0";"19,1";"18,4";"1020,9";"1020,9";"1020,4";"1,3";"198,0";"4,4";"";"0,0"
"03/06/2026";"0000";"20,7";"21,3";"20,7";"89,0";"89,0";"87,0";"18,9";"19,2";"18,9";"1021,4";"1021,4";"1020,9";"2,6";"224,0";"4,7";"";"0,0"
"03/06/2026";"0100";"20,0";"20,7";"20,0";"92,0";"92,0";"89,0";"18,7";"19,0";"18,7";"1021,8";"1021,8";"1021,4";"1,7";"232,0";"4,7";"";"0,0"
"03/06/2026";"0200";"19,0";"20,0";"19,0";"93,0";"93,0";"92,0";"17,9";"18,7";"17,9";"1021,6";"1021,8";"1021,6";"1,2";"234,0";"3,6";"";"0,0"
"03/06/2026";"0300";"19,2";"19,2";"18,4";"93,0";"95,0";"93,0";"18,0";"18,1";"17,4";"1021,3";"1021,7";"1021,3";"3,0";"214,0";"5,1";"";"0,0"
"03/06/2026";"0400";"19,0";"19,2";"18,9";"90,0";"93,0";"90,0";"17,3";"18,1";"17,3";"1021,2";"1021,4";"1021,2";"3,0";"213,0";"5,4";"";"0,0"
"03/06/2026";"0500";"19,1";"19,3";"18,8";"87,0";"90,0";"87,0";"16,9";"17,3";"16,8";"1020,9";"1021,3";"1020,9";"3,0";"223,0";"5,3";"";"0,0"
"03/06/2026";"0600";"18,7";"19,2";"18,7";"90,0";"90,0";"87,0";"17,1";"17,1";"16,9";"1020,7";"1020,9";"1020,7";"1,4";"249,0";"4,1";"";"0,0"
"03/06/2026";"0700";"18,5";"18,8";"18,5";"92,0";"92,0";"90,0";"17,1";"17,3";"17,1";"1020,9";"1020,9";"1020,7";"1,6";"215,0";"2,4";"";"0,0"
"03/06/2026";"0800";"18,1";"18,5";"17,4";"93,0";"94,0";"92,0";"16,9";"17,1";"16,3";"1020,5";"1020,9";"1020,5";"2,0";"209,0";"3,5";"";"0,0"
"03/06/2026";"0900";"17,7";"18,5";"17,4";"93,0";"93,0";"90,0";"16,5";"17,2";"16,1";"1021,1";"1021,1";"1020,5";"1,8";"207,0";"3,5";"";"0,0"
"03/06/2026";"1000";"19,2";"19,4";"17,7";"84,0";"93,0";"83,0";"16,5";"16,9";"16,4";"1021,9";"1021,9";"1021,1";"2,1";"225,0";"4,1";"59,60";"0,0"
"03/06/2026";"1100";"21,5";"21,5";"19,2";"76,0";"86,0";"76,0";"17,0";"17,3";"16,5";"1022,4";"1022,4";"1021,9";"3,0";"222,0";"4,8";"531,30";"0,0"
"03/06/2026";"1200";"23,3";"23,3";"21,4";"72,0";"76,0";"72,0";"18,0";"18,0";"16,7";"1023,4";"1023,4";"1022,4";"3,7";"217,0";"6,8";"991,20";"0,0"
"03/06/2026";"1300";"25,1";"25,1";"23,1";"65,0";"72,0";"64,0";"18,1";"18,4";"17,4";"1023,3";"1023,5";"1023,3";"3,6";"224,0";"7,1";"1982,50";"0,0"
"03/06/2026";"1400";"26,3";"26,3";"24,0";"57,0";"66,0";"55,0";"17,1";"17,9";"15,6";"1022,8";"1023,4";"1022,8";"2,4";"191,0";"6,4";"2302,90";"0,0"
"03/06/2026";"1500";"26,9";"27,1";"24,2";"56,0";"62,0";"54,0";"17,4";"17,6";"16,0";"1022,1";"1022,8";"1022,1";"2,9";"213,0";"6,5";"2228,90";"0,0"
"03/06/2026";"1600";"26,2";"27,0";"25,5";"56,0";"57,0";"51,0";"16,7";"17,4";"15,6";"1021,4";"1022,1";"1021,4";"2,8";"188,0";"7,2";"2483,40";"0,0"
"03/06/2026";"1700";"25,4";"26,9";"24,9";"57,0";"59,0";"54,0";"16,3";"17,2";"15,7";"1020,9";"1021,4";"1020,9";"3,0";"203,0";"6,7";"1601,90";"0,0"
"03/06/2026";"1800";"25,6";"26,6";"25,1";"57,0";"58,0";"53,0";"16,4";"16,8";"15,5";"1021,1";"1021,1";"1020,9";"3,1";"185,0";"7,4";"1824,60";"0,0"
"03/06/2026";"1900";"24,3";"25,6";"24,3";"60,0";"60,0";"56,0";"16,0";"16,6";"15,7";"1021,3";"1021,3";"1021,1";"2,4";"178,0";"7,4";"906,00";"0,0"
"03/06/2026";"2000";"22,6";"24,3";"22,6";"69,0";"69,0";"59,0";"16,6";"16,6";"15,7";"1021,9";"1021,9";"1021,2";"1,9";"187,0";"7,0";"240,40";"0,0"
"03/06/2026";"2100";"21,4";"22,6";"21,4";"80,0";"80,0";"69,0";"17,9";"17,9";"16,6";"1022,3";"1022,3";"1021,9";"2,4";"198,0";"6,3";"0,50";"0,0"
"03/06/2026";"2200";"20,9";"21,4";"20,9";"85,0";"85,0";"80,0";"18,2";"18,4";"17,8";"1022,7";"1022,7";"1022,3";"2,2";"199,0";"6,5";"";"0,0"
"03/06/2026";"2300";"19,9";"20,9";"19,9";"88,0";"88,0";"84,0";"17,8";"18,2";"17,8";"1023,2";"1023,2";"1022,7";"3,2";"212,0";"6,5";"";"0,0"
"04/06/2026";"0000";"19,5";"20,0";"19,5";"90,0";"90,0";"88,0";"17,9";"18,0";"17,7";"1023,5";"1023,5";"1023,2";"3,1";"219,0";"5,5";"";"0,0"
"04/06/2026";"0100";"19,2";"19,6";"19,2";"90,0";"90,0";"89,0";"17,6";"17,9";"17,6";"1023,7";"1023,7";"1023,5";"2,3";"222,0";"5,0";"";"0,0"
"04/06/2026";"0200";"18,9";"19,2";"18,6";"93,0";"93,0";"90,0";"17,7";"17,7";"17,3";"1023,6";"1023,8";"1023,6";"1,9";"222,0";"4,1";"";"0,0"
"04/06/2026";"0300";"19,0";"19,3";"18,9";"92,0";"93,0";"92,0";"17,6";"18,0";"17,6";"1023,1";"1023,6";"1023,1";"2,3";"224,0";"4,2";"";"0,0"
"04/06/2026";"0400";"19,0";"19,0";"18,4";"93,0";"94,0";"92,0";"18,0";"18,0";"17,3";"1023,5";"1023,5";"1023,1";"2,0";"200,0";"3,8";"";"0,0"
"04/06/2026";"0500";"18,7";"19,5";"18,7";"92,0";"93,0";"90,0";"17,4";"18,3";"17,3";"1023,3";"1023,8";"1023,3";"2,0";"212,0";"7,9";"";"0,0"
"04/06/2026";"0600";"18,4";"18,7";"18,3";"94,0";"94,0";"92,0";"17,4";"17,4";"17,2";"1023,1";"1023,3";"1023,1";"2,4";"216,0";"4,6";"";"0,2"
"04/06/2026";"0700";"18,3";"18,4";"18,1";"95,0";"95,0";"94,0";"17,4";"17,4";"17,2";"1022,9";"1023,1";"1022,9";"2,6";"216,0";"4,5";"";"0,0"
"04/06/2026";"0800";"18,4";"18,5";"18,3";"95,0";"95,0";"94,0";"17,6";"17,6";"17,4";"1022,9";"1023,0";"1022,8";"2,4";"222,0";"5,2";"";"0,0"
"04/06/2026";"0900";"18,7";"18,7";"18,4";"95,0";"95,0";"95,0";"17,8";"17,8";"17,6";"1023,2";"1023,2";"1022,9";"2,9";"223,0";"4,5";"";"0,0"
"04/06/2026";"1000";"18,9";"18,9";"18,7";"95,0";"95,0";"95,0";"18,0";"18,0";"17,8";"1024,1";"1024,1";"1023,2";"2,0";"212,0";"4,3";"55,10";"0,0"
"04/06/2026";"1100";"19,8";"19,9";"18,9";"92,0";"95,0";"92,0";"18,5";"18,7";"18,1";"1024,6";"1024,6";"1024,0";"3,6";"217,0";"6,1";"414,30";"0,0"
"04/06/2026";"1200";"20,9";"20,9";"19,7";"91,0";"93,0";"90,0";"19,3";"19,3";"18,2";"1025,2";"1025,2";"1024,6";"3,0";"219,0";"6,6";"685,90";"0,0"
"04/06/2026";"1300";"21,5";"21,8";"20,8";"81,0";"91,0";"80,0";"18,0";"19,3";"17,9";"1025,3";"1025,3";"1025,2";"4,0";"220,0";"7,3";"1116,50";"0,0"
"04/06/2026";"1400";"21,7";"23,1";"21,2";"79,0";"84,0";"77,0";"17,9";"19,6";"17,7";"1024,7";"1025,3";"1024,7";"2,3";"177,0";"7,3";"1525,50";"0,0"
"04/06/2026";"1500";"23,4";"23,7";"21,7";"74,0";"80,0";"72,0";"18,5";"19,0";"18,0";"1024,1";"1024,7";"1024,1";"2,8";"215,0";"5,8";"1540,20";"0,0"
"04/06/2026";"1600";"24,4";"24,9";"23,5";"66,0";"74,0";"64,0";"17,5";"18,9";"17,3";"1023,1";"1024,1";"1023,1";"1,9";"185,0";"5,8";"1793,50";"0,0"
"04/06/2026";"1700";"22,1";"24,6";"21,5";"78,0";"79,0";"61,0";"18,0";"18,1";"16,2";"1022,6";"1023,1";"1022,6";"1,9";"61,0";"8,9";"952,50";"0,0"
"04/06/2026";"1800";"23,3";"23,6";"22,1";"60,0";"79,0";"59,0";"15,1";"18,8";"15,0";"1022,6";"1022,6";"1022,4";"3,3";"139,0";"7,2";"486,90";"0,0"
"04/06/2026";"1900";"23,1";"23,4";"23,1";"60,0";"61,0";"58,0";"14,9";"15,3";"14,7";"1022,7";"1022,7";"1022,5";"3,5";"160,0";"7,7";"387,10";"0,0"
"04/06/2026";"2000";"21,8";"23,1";"21,8";"65,0";"65,0";"59,0";"14,9";"15,1";"14,3";"1023,1";"1023,1";"1022,7";"2,2";"209,0";"7,2";"165,90";"0,0"
"04/06/2026";"2100";"20,2";"21,8";"19,9";"81,0";"83,0";"65,0";"16,8";"17,0";"15,2";"1023,3";"1023,3";"1023,1";"2,8";"216,0";"5,1";"";"0,0"
"04/06/2026";"2200";"20,1";"20,2";"20,1";"79,0";"81,0";"79,0";"16,4";"16,8";"16,4";"1023,6";"1023,6";"1023,3";"2,5";"211,0";"5,0";"";"0,0"
"04/06/2026";"2300";"19,6";"20,1";"19,6";"82,0";"82,0";"79,0";"16,3";"16,4";"16,3";"1024,0";"1024,0";"1023,6";"2,6";"216,0";"4,3";"";"0,0"
"05/06/2026";"0000";"19,5";"19,8";"19,5";"82,0";"82,0";"81,0";"16,4";"16,4";"16,3";"1024,0";"1024,0";"1023,9";"2,5";"217,0";"4,3";"";"0,0"
"05/06/2026";"0100";"19,4";"19,6";"19,3";"79,0";"82,0";"79,0";"15,7";"16,4";"15,7";"1023,9";"1024,0";"1023,9";"2,8";"213,0";"4,1";"";"0,0"
"05/06/2026";"0200";"18,7";"19,4";"18,5";"82,0";"82,0";"79,0";"15,5";"15,7";"15,3";"1023,8";"1024,0";"1023,8";"2,7";"218,0";"4,1";"";"0,0"
"05/06/2026";"0300";"19,0";"19,0";"18,7";"83,0";"84,0";"82,0";"16,0";"16,0";"15,5";"1023,7";"1023,9";"1023,7";"2,7";"220,0";"4,5";"";"0,0"
"05/06/2026";"0400";"18,3";"19,2";"18,3";"84,0";"84,0";"81,0";"15,5";"16,0";"15,5";"1023,3";"1023,7";"1023,3";"3,1";"222,0";"5,5";"";"0,0"
"05/06/2026";"0500";"17,7";"18,5";"17,7";"85,0";"85,0";"83,0";"15,1";"15,5";"15,1";"1022,7";"1023,3";"1022,7";"2,8";"227,0";"6,1";"";"0,0"
"05/06/2026";"0600";"17,8";"17,8";"16,8";"86,0";"89,0";"85,0";"15,5";"15,6";"14,9";"1022,2";"1022,7";"1022,2";"2,8";"223,0";"4,3";"";"0,0"
"05/06/2026";"0700";"16,7";"18,4";"16,7";"92,0";"92,0";"84,0";"15,4";"15,6";"15,3";"1022,4";"1022,4";"1022,2";"2,3";"203,0";"7,7";"";"0,6"
"05/06/2026";"0800";"16,6";"16,7";"16,4";"92,0";"92,0";"92,0";"15,3";"15,5";"15,2";"1022,1";"1022,4";"1022,1";"1,9";"203,0";"5,8";"";"0,4"
"05/06/2026";"0900";"16,3";"16,7";"16,3";"92,0";"93,0";"92,0";"15,1";"15,5";"15,1";"1022,4";"1022,4";"1022,1";"2,1";"222,0";"4,2";"";"0,0"
"05/06/2026";"1000";"16,5";"16,5";"15,8";"94,0";"94,0";"92,0";"15,4";"15,5";"14,8";"1022,8";"1022,8";"1022,4";"2,0";"234,0";"3,5";"59,70";"0,0"
"05/06/2026";"1100";"19,4";"19,4";"16,5";"85,0";"94,0";"85,0";"16,8";"16,9";"15,4";"1023,2";"1023,2";"1022,8";"2,1";"221,0";"3,5";"716,20";"0,0"
"05/06/2026";"1200";"21,8";"21,8";"19,4";"75,0";"86,0";"73,0";"17,1";"17,6";"16,6";"1023,4";"1023,4";"1023,2";"2,2";"215,0";"4,8";"1393,60";"0,0"
"05/06/2026";"1300";"22,2";"23,0";"21,6";"70,0";"75,0";"69,0";"16,5";"17,9";"16,5";"1023,3";"1023,4";"1023,3";"2,6";"219,0";"5,2";"2003,60";"0,0"
"05/06/2026";"1400";"23,8";"24,3";"21,9";"62,0";"73,0";"60,0";"16,1";"17,2";"15,4";"1022,7";"1023,3";"1022,7";"1,7";"164,0";"6,4";"2203,10";"0,0"
"05/06/2026";"1500";"22,6";"23,8";"21,5";"65,0";"73,0";"62,0";"15,7";"17,0";"15,4";"1022,1";"1022,7";"1022,1";"2,0";"167,0";"7,5";"1094,90";"0,0"
"05/06/2026";"1600";"21,7";"23,0";"21,3";"68,0";"75,0";"61,0";"15,6";"17,0";"14,8";"1021,6";"1022,1";"1021,6";"2,0";"68,0";"6,3";"852,80";"0,0"
"05/06/2026";"1700";"19,7";"21,7";"19,7";"83,0";"85,0";"68,0";"16,7";"17,4";"15,5";"1021,0";"1021,7";"1021,0";"2,3";"261,0";"5,3";"433,00";"0,2"
"05/06/2026";"1800";"20,1";"20,1";"19,6";"88,0";"90,0";"81,0";"18,1";"18,3";"16,5";"1020,8";"1021,1";"1020,8";"1,1";"309,0";"4,5";"313,90";"0,4"
"05/06/2026";"1900";"20,2";"20,9";"20,1";"82,0";"89,0";"80,0";"16,9";"18,3";"16,9";"1020,8";"1020,9";"1020,6";"2,8";"237,0";"5,4";"414,70";"0,0"
"05/06/2026";"2000";"19,2";"20,2";"19,2";"85,0";"85,0";"81,0";"16,6";"16,9";"16,5";"1021,0";"1021,0";"1020,8";"1,9";"225,0";"4,6";"131,40";"0,0"
"05/06/2026";"2100";"18,2";"20,5";"18,2";"83,0";"85,0";"71,0";"15,3";"16,6";"14,8";"1021,1";"1021,1";"1020,9";"2,4";"227,0";"5,6";"0,90";"0,0"
"05/06/2026";"2200";"16,5";"18,2";"16,4";"89,0";"89,0";"83,0";"14,7";"15,3";"14,6";"1021,0";"1021,1";"1021,0";"1,8";"223,0";"3,4";"";"0,0"
"05/06/2026";"2300";"16,1";"16,5";"15,7";"91,0";"92,0";"89,0";"14,6";"14,9";"14,1";"1021,0";"1021,1";"1021,0";"2,0";"220,0";"2,5";"";"0,0"
"06/06/2026";"0000";"16,0";"16,2";"15,9";"89,0";"91,0";"89,0";"14,2";"14,7";"14,2";"1021,0";"1021,1";"1020,9";"2,1";"221,0";"3,2";"";"0,0"
"06/06/2026";"0100";"16,3";"16,3";"15,7";"88,0";"90,0";"88,0";"14,4";"14,5";"13,9";"1021,2";"1021,2";"1021,0";"2,4";"232,0";"3,6";"";"0,0"
"06/06/2026";"0200";"15,8";"16,4";"15,8";"90,0";"90,0";"88,0";"14,2";"14,4";"14,1";"1021,2";"1021,3";"1021,2";"1,8";"227,0";"3,6";"";"0,0"
"06/06/2026";"0300";"16,2";"16,4";"15,5";"88,0";"91,0";"88,0";"14,3";"14,7";"13,8";"1020,5";"1021,2";"1020,5";"0,8";"255,0";"2,3";"";"0,0"
"06/06/2026";"0400";"16,6";"16,6";"16,0";"89,0";"90,0";"88,0";"14,7";"14,8";"14,1";"1020,1";"1020,5";"1020,1";"1,6";"252,0";"3,2";"";"0,0"
"06/06/2026";"0500";"16,3";"16,8";"16,3";"88,0";"89,0";"87,0";"14,4";"14,9";"14,4";"1019,3";"1020,1";"1019,3";"1,9";"240,0";"3,3";"";"0,0"
"06/06/2026";"0600";"15,7";"16,3";"15,7";"89,0";"90,0";"88,0";"13,9";"14,3";"13,8";"1018,6";"1019,2";"1018,6";"2,2";"245,0";"3,4";"";"0,0"
"06/06/2026";"0700";"14,5";"15,7";"14,4";"93,0";"93,0";"89,0";"13,4";"13,9";"13,2";"1018,5";"1018,6";"1018,4";"1,4";"325,0";"3,2";"";"0,0"
"06/06/2026";"0800";"14,1";"14,6";"14,0";"95,0";"95,0";"93,0";"13,3";"13,8";"13,2";"1018,4";"1018,5";"1018,3";"0,6";"307,0";"2,1";"";"0,0"
"06/06/2026";"0900";"14,1";"14,4";"13,7";"96,0";"96,0";"95,0";"13,4";"13,6";"12,9";"1018,6";"1018,6";"1018,4";"1,2";"309,0";"1,7";"";"0,2"
"06/06/2026";"1000";"14,9";"15,0";"13,6";"96,0";"96,0";"95,0";"14,3";"14,3";"12,9";"1019,1";"1019,1";"1018,6";"1,2";"328,0";"2,0";"56,10";"0,0"
"06/06/2026";"1100";"16,9";"16,9";"14,9";"94,0";"96,0";"94,0";"16,0";"16,0";"14,2";"1019,2";"1019,2";"1019,1";"1,3";"316,0";"2,1";"660,40";"0,0"
"06/06/2026";"1200";"20,2";"20,2";"16,9";"79,0";"94,0";"79,0";"16,5";"16,6";"15,7";"1019,3";"1019,3";"1019,2";"1,0";"308,0";"2,2";"1346,30";"0,0"
"06/06/2026";"1300";"22,1";"22,5";"20,2";"63,0";"79,0";"62,0";"14,9";"16,7";"14,5";"1018,9";"1019,3";"1018,9";"1,7";"321,0";"3,0";"1850,50";"0,0"
"06/06/2026";"1400";"24,1";"24,1";"22,2";"53,0";"63,0";"49,0";"13,9";"15,5";"12,5";"1018,3";"1018,9";"1018,3";"1,3";"350,0";"4,4";"2417,10";"0,0"
"06/06/2026";"1500";"23,4";"24,9";"23,4";"50,0";"54,0";"47,0";"12,4";"14,1";"12,2";"1017,4";"1018,3";"1017,4";"1,7";"337,0";"4,9";"2473,90";"0,0"
"06/06/2026";"1600";"24,8";"25,5";"22,8";"47,0";"53,0";"45,0";"12,8";"14,1";"11,6";"1016,1";"1017,4";"1016,1";"1,5";"328,0";"4,9";"2590,60";"0,0"
"06/06/2026";"1700";"25,5";"25,8";"24,4";"42,0";"48,0";"41,0";"11,5";"13,3";"10,9";"1015,5";"1016,1";"1015,5";"1,5";"273,0";"5,3";"2271,60";"0,0"
"06/06/2026";"1800";"25,5";"26,4";"24,7";"41,0";"47,0";"38,0";"11,3";"12,7";"10,7";"1015,3";"1015,5";"1015,3";"1,5";"27,0";"3,9";"1737,60";"0,0"
"06/06/2026";"1900";"24,4";"26,1";"24,3";"46,0";"47,0";"41,0";"11,9";"13,0";"10,7";"1015,2";"1015,3";"1015,1";"1,2";"74,0";"3,9";"1033,10";"0,0"
"06/06/2026";"2000";"20,3";"24,4";"20,3";"67,0";"67,0";"46,0";"14,0";"14,4";"11,9";"1015,2";"1015,3";"1015,1";"2,2";"67,0";"5,1";"333,20";"0,0"
"06/06/2026";"2100";"18,9";"20,3";"18,9";"75,0";"75,0";"67,0";"14,4";"14,4";"14,0";"1015,5";"1015,5";"1015,2";"1,8";"82,0";"3,9";"0,10";"0,0"
"06/06/2026";"2200";"17,5";"18,9";"17,5";"81,0";"81,0";"75,0";"14,3";"14,5";"14,0";"1015,7";"1015,7";"1015,5";"1,8";"71,0";"3,2";"";"0,0"
"06/06/2026";"2300";"16,5";"17,6";"16,5";"85,0";"86,0";"81,0";"14,0";"14,4";"13,9";"1016,0";"1016,0";"1015,7";"1,7";"36,0";"2,7";"";"0,0"
"07/06/2026";"0000";"16,3";"16,7";"16,2";"89,0";"89,0";"85,0";"14,5";"14,8";"14,0";"1016,0";"1016,1";"1016,0";"1,2";"351,0";"2,5";"";"0,0"
"07/06/2026";"0100";"16,1";"16,3";"15,6";"91,0";"92,0";"88,0";"14,7";"14,8";"13,7";"1016,1";"1016,1";"1016,0";"1,7";"359,0";"2,3";"";"0,0"
"07/06/2026";"0200";"16,0";"16,2";"16,0";"89,0";"91,0";"89,0";"14,2";"14,7";"14,2";"1015,7";"1016,1";"1015,7";"1,7";"360,0";"2,7";"";"0,0"
"07/06/2026";"0300";"15,7";"16,0";"15,1";"93,0";"93,0";"89,0";"14,5";"14,5";"13,6";"1015,5";"1015,7";"1015,5";"0,9";"306,0";"2,1";"";"0,0"
"07/06/2026";"0400";"14,4";"15,7";"14,3";"94,0";"95,0";"93,0";"13,5";"14,6";"13,3";"1015,3";"1015,5";"1015,3";"1,2";"319,0";"1,9";"";"0,0"
"07/06/2026";"0500";"14,6";"14,9";"14,2";"95,0";"95,0";"94,0";"13,8";"14,1";"13,4";"1015,0";"1015,3";"1015,0";"0,6";"308,0";"1,8";"";"0,0"
"07/06/2026";"0600";"14,5";"14,8";"14,3";"96,0";"96,0";"95,0";"13,8";"14,1";"13,6";"1014,5";"1015,0";"1014,5";"2,0";"12,0";"2,2";"";"0,0"
"07/06/2026";"0700";"13,9";"14,7";"13,7";"95,0";"96,0";"94,0";"13,1";"14,0";"12,8";"1014,2";"1014,5";"1014,2";"1,2";"262,0";"2,6";"";"0,0"
"07/06/2026";"0800";"13,4";"13,9";"13,3";"95,0";"95,0";"95,0";"12,7";"13,1";"12,6";"1014,3";"1014,4";"1014,2";"2,0";"315,0";"2,8";"";"0,0"
"07/06/2026";"0900";"13,3";"13,5";"13,2";"96,0";"96,0";"95,0";"12,6";"12,7";"12,5";"1014,8";"1014,8";"1014,4";"1,3";"358,0";"2,9";"";"0,0"
"07/06/2026";"1000";"14,6";"14,6";"13,3";"96,0";"96,0";"96,0";"13,9";"13,9";"12,6";"1015,3";"1015,3";"1014,8";"2,0";"346,0";"3,3";"53,70";"0,0"
"07/06/2026";"1100";"17,7";"17,7";"14,6";"89,0";"96,0";"89,0";"15,9";"16,1";"13,9";"1015,9";"1015,9";"1015,3";"1,3";"337,0";"3,3";"638,50";"0,2"
"07/06/2026";"1200";"21,2";"21,2";"17,7";"72,0";"89,0";"72,0";"16,0";"16,3";"15,4";"1016,0";"1016,0";"1015,9";"2,2";"337,0";"3,8";"1372,10";"0,0"
"07/06/2026";"1300";"23,6";"23,9";"21,0";"58,0";"72,0";"57,0";"14,9";"16,1";"14,7";"1015,8";"1016,0";"1015,8";"1,8";"326,0";"5,0";"1955,80";"0,0"
"07/06/2026";"1400";"25,5";"25,8";"23,6";"52,0";"59,0";"51,0";"15,0";"15,7";"14,3";"1015,4";"1015,8";"1015,4";"1,5";"306,0";"4,3";"2357,40";"0,0"
"07/06/2026";"1500";"27,5";"27,5";"25,5";"41,0";"53,0";"41,0";"12,9";"15,6";"12,6";"1014,4";"1015,4";"1014,4";"3,0";"307,0";"6,4";"2559,50";"0,0"
"07/06/2026";"1600";"27,4";"27,9";"26,8";"37,0";"42,0";"36,0";"11,6";"13,1";"11,0";"1013,4";"1014,4";"1013,4";"3,6";"291,0";"7,2";"2553,80";"0,0"
"07/06/2026";"1700";"27,6";"28,1";"27,3";"35,0";"38,0";"32,0";"10,9";"12,3";"9,8";"1013,0";"1013,4";"1013,0";"2,5";"295,0";"7,2";"2263,30";"0,0"
"07/06/2026";"1800";"27,3";"28,0";"27,3";"37,0";"37,0";"33,0";"11,3";"11,6";"9,7";"1012,9";"1013,0";"1012,9";"2,5";"290,0";"6,5";"1752,80";"0,0"
"07/06/2026";"1900";"27,0";"27,6";"26,8";"39,0";"40,0";"36,0";"11,9";"12,4";"11,0";"1013,3";"1013,3";"1012,8";"1,3";"308,0";"4,7";"1064,10";"0,0"
"07/06/2026";"2000";"24,0";"27,2";"24,0";"49,0";"49,0";"38,0";"12,7";"12,7";"11,4";"1013,8";"1013,8";"1013,3";"0,8";"272,0";"3,0";"320,00";"0,0"
"07/06/2026";"2100";"21,9";"23,9";"21,9";"65,0";"65,0";"50,0";"15,0";"15,0";"13,2";"1014,7";"1014,7";"1013,8";"2,4";"153,0";"5,8";"0,70";"0,0"
"07/06/2026";"2200";"19,9";"21,9";"19,8";"77,0";"77,0";"65,0";"15,7";"15,7";"15,0";"1015,7";"1015,7";"1014,7";"0,9";"198,0";"4,6";"";"0,0"
"07/06/2026";"2300";"16,8";"19,9";"16,8";"89,0";"89,0";"77,0";"14,9";"16,2";"14,8";"1016,2";"1016,2";"1015,7";"1,6";"219,0";"2,7";"";"0,0"
"08/06/2026";"0000";"17,3";"17,7";"16,8";"91,0";"92,0";"89,0";"15,8";"16,4";"15,0";"1016,7";"1016,7";"1016,2";"1,5";"211,0";"2,5";"";"0,0"
"08/06/2026";"0100";"16,4";"17,4";"16,4";"93,0";"93,0";"91,0";"15,3";"16,3";"15,1";"1017,0";"1017,0";"1016,6";"1,0";"307,0";"1,9";"";"0,0"
"08/06/2026";"0200";"16,6";"16,8";"16,2";"95,0";"95,0";"93,0";"15,7";"15,9";"15,1";"1017,2";"1017,2";"1017,0";"1,0";"311,0";"2,0";"";"0,0"
"08/06/2026";"0300";"16,1";"16,6";"15,9";"95,0";"95,0";"95,0";"15,4";"15,8";"15,1";"1017,4";"1017,4";"1017,2";"1,3";"287,0";"1,7";"";"0,0"
"08/06/2026";"0400";"15,3";"16,1";"15,2";"96,0";"96,0";"95,0";"14,6";"15,4";"14,5";"1017,3";"1017,5";"1017,3";"1,4";"298,0";"1,9";"";"0,0"
"08/06/2026";"0500";"15,0";"15,6";"15,0";"96,0";"96,0";"96,0";"14,3";"15,0";"14,3";"1016,9";"1017,3";"1016,9";"1,3";"296,0";"2,1";"";"0,0"
"08/06/2026";"0600";"15,1";"15,1";"14,6";"96,0";"96,0";"96,0";"14,5";"14,5";"14,0";"1016,8";"1016,9";"1016,8";"1,4";"288,0";"1,9";"";"0,0"
"08/06/2026";"0700";"14,3";"15,1";"14,1";"96,0";"96,0";"96,0";"13,8";"14,5";"13,6";"1016,7";"1016,8";"1016,6";"1,6";"317,0";"2,4";"";"0,0"
"08/06/2026";"0800";"14,5";"14,6";"14,2";"96,0";"97,0";"96,0";"13,9";"14,1";"13,6";"1017,1";"1017,1";"1016,7";"1,7";"297,0";"2,4";"";"0,0"
"08/06/2026";"0900";"13,8";"14,5";"13,8";"97,0";"97,0";"96,0";"13,2";"13,9";"13,2";"1017,7";"1017,7";"1017,1";"1,0";"296,0";"2,2";"";"0,0"
"08/06/2026";"1000";"14,6";"14,6";"13,7";"97,0";"97,0";"97,0";"14,1";"14,1";"13,2";"1018,4";"1018,4";"1017,7";"1,5";"300,0";"2,0";"56,40";"0,0"
"08/06/2026";"1100";"17,2";"17,2";"14,6";"96,0";"97,0";"96,0";"16,6";"16,6";"14,1";"1019,2";"1019,2";"1018,4";"0,9";"312,0";"2,4";"605,20";"0,0"
"08/06/2026";"1200";"20,6";"20,6";"17,2";"83,0";"96,0";"83,0";"17,5";"18,7";"16,7";"1019,7";"1019,7";"1019,2";"1,5";"297,0";"2,4";"1335,40";"0,0"
"08/06/2026";"1300";"23,5";"24,1";"20,6";"63,0";"84,0";"63,0";"16,0";"18,3";"15,9";"1019,6";"1019,8";"1019,6";"1,3";"326,0";"3,1";"1922,20";"0,0"
"08/06/2026";"1400";"25,8";"25,8";"23,2";"53,0";"65,0";"53,0";"15,6";"16,7";"15,3";"1019,0";"1019,6";"1019,0";"2,3";"20,0";"5,0";"2331,90";"0,0"
"08/06/2026";"1500";"26,1";"26,5";"25,3";"52,0";"55,0";"49,0";"15,5";"15,7";"14,6";"1017,8";"1019,0";"1017,8";"2,5";"359,0";"6,0";"2544,70";"0,0"
"08/06/2026";"1600";"26,6";"27,5";"25,9";"47,0";"52,0";"46,0";"14,2";"15,5";"14,0";"1016,7";"1017,8";"1016,7";"1,8";"39,0";"5,2";"2508,80";"0,0"
"08/06/2026";"1700";"26,9";"27,2";"26,2";"41,0";"48,0";"41,0";"12,7";"15,0";"12,7";"1016,2";"1016,7";"1016,2";"1,8";"291,0";"4,4";"2219,50";"0,0"
"08/06/2026";"1800";"27,5";"28,2";"26,8";"39,0";"43,0";"39,0";"12,2";"13,5";"12,2";"1015,8";"1016,2";"1015,8";"1,4";"344,0";"3,9";"1733,50";"0,0"
"08/06/2026";"1900";"25,6";"28,0";"25,6";"52,0";"52,0";"36,0";"15,0";"15,0";"11,5";"1015,7";"1015,8";"1015,6";"1,4";"119,0";"3,4";"1028,20";"0,0"
"08/06/2026";"2000";"22,5";"25,8";"22,5";"68,0";"68,0";"52,0";"16,3";"16,4";"15,2";"1015,9";"1015,9";"1015,7";"2,0";"62,0";"3,9";"282,50";"0,0"
"08/06/2026";"2100";"20,9";"22,5";"20,9";"73,0";"75,0";"68,0";"16,0";"16,7";"16,0";"1016,2";"1016,2";"1015,9";"2,1";"84,0";"4,7";"";"0,0"
"08/06/2026";"2200";"19,0";"20,9";"18,9";"81,0";"81,0";"73,0";"15,6";"16,2";"15,5";"1016,7";"1016,7";"1016,2";"2,1";"71,0";"3,6";"";"0,0"
"08/06/2026";"2300";"17,5";"19,0";"17,5";"89,0";"90,0";"81,0";"15,7";"16,1";"15,1";"1017,1";"1017,2";"1016,7";"1,5";"13,0";"3,1";"";"0,0"
"09/06/2026";"0000";"17,3";"17,7";"17,1";"91,0";"91,0";"89,0";"15,8";"16,3";"15,4";"1017,4";"1017,4";"1017,1";"1,0";"310,0";"3,0";"";"0,0"
"09/06/2026";"0100";"17,0";"17,6";"17,0";"94,0";"94,0";"91,0";"16,0";"16,4";"15,7";"1017,7";"1017,7";"1017,4";"0,8";"270,0";"1,6";"";"0,0"
"09/06/2026";"0200";"17,4";"17,5";"17,0";"94,0";"94,0";"94,0";"16,5";"16,5";"16,0";"1017,4";"1017,7";"1017,4";"0,9";"322,0";"1,3";"";"0,0"
"09/06/2026";"0300";"16,7";"17,4";"16,7";"95,0";"95,0";"94,0";"15,9";"16,5";"15,9";"1016,9";"1017,4";"1016,9";"1,2";"357,0";"1,7";"";"0,0"
"09/06/2026";"0400";"16,7";"17,0";"16,5";"96,0";"96,0";"95,0";"16,0";"16,2";"15,7";"1016,7";"1016,9";"1016,7";"1,5";"329,0";"1,7";"";"0,0"
"09/06/2026";"0500";"15,2";"16,7";"15,1";"96,0";"96,0";"95,0";"14,6";"16,0";"14,4";"1016,1";"1016,7";"1016,1";"1,2";"255,0";"1,7";"";"0,0"
"09/06/2026";"0600";"15,8";"16,0";"15,2";"96,0";"96,0";"96,0";"15,1";"15,4";"14,7";"1015,6";"1016,1";"1015,6";"0,8";"238,0";"1,4";"";"0,0"
"09/06/2026";"0700";"15,5";"15,8";"14,7";"96,0";"96,0";"96,0";"14,9";"15,2";"14,1";"1015,6";"1015,6";"1015,5";"1,7";"284,0";"2,2";"";"0,0"
"09/06/2026";"0800";"14,6";"15,5";"14,2";"97,0";"97,0";"96,0";"14,0";"14,8";"13,7";"1015,7";"1015,7";"1015,4";"1,0";"325,0";"2,9";"";"0,2"
"09/06/2026";"0900";"14,4";"14,6";"14,4";"97,0";"97,0";"97,0";"13,9";"14,1";"13,9";"1016,4";"1016,4";"1015,7";"1,6";"353,0";"2,3";"";"0,0"
"09/06/2026";"1000";"15,2";"15,2";"14,1";"97,0";"97,0";"97,0";"14,6";"14,6";"13,6";"1016,9";"1016,9";"1016,4";"1,4";"6,0";"2,5";"74,50";"0,0"
"09/06/2026";"1100";"17,2";"17,2";"15,2";"96,0";"97,0";"96,0";"16,5";"16,6";"14,7";"1017,2";"1017,2";"1016,8";"2,5";"4,0";"4,4";"502,60";"0,0"
"09/06/2026";"1200";"20,1";"20,3";"17,2";"81,0";"96,0";"80,0";"16,7";"17,7";"16,4";"1017,5";"1017,5";"1017,2";"4,1";"351,0";"6,2";"1221,70";"0,0"
"09/06/2026";"1300";"24,0";"24,4";"20,2";"60,0";"81,0";"60,0";"15,7";"17,0";"15,7";"1017,1";"1017,5";"1017,1";"3,4";"349,0";"6,2";"1831,90";"0,0"
"09/06/2026";"1400";"26,8";"26,9";"24,0";"51,0";"60,0";"51,0";"15,8";"16,3";"15,2";"1016,3";"1017,2";"1016,3";"3,1";"324,0";"6,6";"2250,60";"0,0"
"09/06/2026";"1500";"27,8";"28,3";"26,4";"43,0";"51,0";"40,0";"14,1";"15,6";"12,8";"1014,9";"1016,3";"1014,9";"3,1";"303,0";"7,1";"2402,10";"0,0"
"09/06/2026";"1600";"28,6";"28,6";"27,8";"40,0";"43,0";"38,0";"13,6";"13,7";"12,7";"1013,7";"1014,9";"1013,7";"2,9";"327,0";"7,2";"2404,30";"0,0"
"09/06/2026";"1700";"28,4";"29,2";"27,9";"40,0";"42,0";"38,0";"13,6";"14,3";"13,1";"1012,8";"1013,7";"1012,8";"2,3";"293,0";"5,9";"2012,30";"0,0"
"09/06/2026";"1800";"28,3";"28,8";"27,5";"40,0";"46,0";"40,0";"13,5";"14,8";"13,3";"1012,3";"1012,8";"1012,3";"2,5";"347,0";"5,2";"1571,90";"0,0"
"09/06/2026";"1900";"27,4";"28,4";"27,2";"45,0";"45,0";"40,0";"14,6";"14,6";"13,4";"1012,2";"1012,3";"1012,1";"2,0";"344,0";"4,8";"923,00";"0,0"
"09/06/2026";"2000";"23,4";"27,5";"23,4";"65,0";"65,0";"45,0";"16,5";"16,5";"14,4";"1012,6";"1012,6";"1012,2";"2,1";"46,0";"3,5";"261,10";"0,0"
"09/06/2026";"2100";"20,8";"23,6";"20,7";"79,0";"79,0";"65,0";"17,0";"17,0";"16,2";"1013,0";"1013,0";"1012,6";"2,1";"60,0";"3,5";"";"0,0"
"09/06/2026";"2200";"19,7";"20,8";"19,7";"83,0";"83,0";"78,0";"16,6";"17,1";"16,6";"1013,3";"1013,3";"1013,0";"2,4";"72,0";"3,5";"";"0,0"
"09/06/2026";"2300";"19,0";"20,0";"19,0";"83,0";"83,0";"80,0";"16,1";"16,7";"16,1";"1013,7";"1013,7";"1013,2";"2,3";"74,0";"3,9";"";"0,0"
"10/06/2026";"0000";"18,3";"19,0";"18,3";"89,0";"89,0";"83,0";"16,5";"16,8";"15,9";"1014,0";"1014,0";"1013,6";"1,4";"61,0";"3,3";"";"0,0"
"10/06/2026";"0100";"17,5";"18,5";"17,5";"92,0";"92,0";"89,0";"16,1";"17,0";"16,1";"1014,2";"1014,2";"1014,0";"1,5";"291,0";"2,6";"";"0,0"
"10/06/2026";"0200";"17,1";"17,5";"17,0";"93,0";"93,0";"92,0";"16,0";"16,2";"15,8";"1014,1";"1014,3";"1013,9";"1,7";"312,0";"2,6";"";"0,0"
"10/06/2026";"0300";"16,9";"17,3";"16,8";"94,0";"94,0";"93,0";"15,8";"16,3";"15,8";"1013,5";"1014,1";"1013,4";"1,6";"339,0";"2,1";"";"0,0"
"10/06/2026";"0400";"16,6";"17,0";"16,4";"93,0";"94,0";"93,0";"15,4";"16,0";"15,3";"1013,0";"1013,5";"1013,0";"1,9";"337,0";"2,9";"";"0,0"
"10/06/2026";"0500";"16,9";"16,9";"16,6";"90,0";"93,0";"90,0";"15,2";"15,4";"15,1";"1012,7";"1013,0";"1012,7";"1,7";"325,0";"2,8";"";"0,0"
"10/06/2026";"0600";"16,8";"17,0";"16,5";"91,0";"91,0";"89,0";"15,3";"15,3";"14,9";"1012,3";"1012,7";"1012,3";"1,8";"352,0";"3,2";"";"0,0"
"10/06/2026";"0700";"16,5";"17,2";"16,5";"89,0";"91,0";"88,0";"14,7";"15,5";"14,7";"1012,4";"1012,4";"1012,2";"1,6";"313,0";"2,5";"";"0,0"
"10/06/2026";"0800";"15,8";"16,6";"15,7";"91,0";"92,0";"89,0";"14,4";"15,1";"14,1";"1012,6";"1012,6";"1012,3";"1,6";"261,0";"3,0";"";"0,0"
"10/06/2026";"0900";"15,1";"16,0";"15,1";"94,0";"94,0";"91,0";"14,1";"14,7";"14,0";"1013,5";"1013,5";"1012,6";"1,9";"298,0";"2,5";"";"0,0"
"10/06/2026";"1000";"15,8";"15,8";"15,1";"94,0";"94,0";"94,0";"14,8";"14,8";"14,1";"1014,0";"1014,3";"1013,5";"1,0";"280,0";"2,7";"46,30";"0,0"
"10/06/2026";"1100";"18,9";"18,9";"15,8";"86,0";"94,0";"86,0";"16,6";"16,8";"14,9";"1014,9";"1014,9";"1014,0";"1,6";"324,0";"3,0";"537,10";"0,0"
"10/06/2026";"1200";"22,7";"22,7";"18,9";"70,0";"86,0";"70,0";"17,0";"17,5";"16,4";"1015,3";"1015,4";"1014,9";"1,7";"307,0";"2,6";"1238,60";"0,0"
"10/06/2026";"1300";"25,5";"25,6";"22,5";"55,0";"70,0";"55,0";"15,7";"17,3";"15,0";"1015,5";"1015,7";"1015,3";"1,6";"251,0";"3,2";"1834,00";"0,0"
"10/06/2026";"1400";"27,4";"27,5";"25,3";"43,0";"55,0";"41,0";"13,6";"16,2";"13,2";"1014,8";"1015,5";"1014,8";"2,1";"206,0";"4,8";"2231,60";"0,0"
"10/06/2026";"1500";"28,2";"28,4";"27,4";"40,0";"44,0";"38,0";"13,2";"14,6";"12,8";"1013,8";"1014,8";"1013,8";"1,9";"230,0";"5,5";"2455,70";"0,0"
"10/06/2026";"1600";"28,4";"29,0";"27,8";"42,0";"43,0";"38,0";"14,4";"14,9";"12,5";"1013,2";"1013,8";"1013,1";"1,1";"200,0";"4,3";"2160,00";"0,0"
"10/06/2026";"1700";"27,8";"28,7";"27,8";"44,0";"45,0";"40,0";"14,2";"15,0";"13,5";"1012,3";"1013,2";"1012,3";"1,6";"157,0";"3,3";"1678,70";"0,0"
"10/06/2026";"1800";"26,6";"28,2";"26,6";"49,0";"50,0";"44,0";"15,0";"15,8";"14,3";"1012,5";"1012,5";"1012,2";"1,8";"185,0";"4,6";"1186,50";"0,0"
"10/06/2026";"1900";"24,7";"26,7";"24,7";"61,0";"61,0";"49,0";"16,8";"16,8";"15,0";"1012,9";"1012,9";"1012,5";"2,0";"181,0";"5,4";"647,50";"0,0"
"10/06/2026";"2000";"22,9";"24,7";"22,9";"74,0";"74,0";"62,0";"18,1";"18,2";"16,4";"1013,3";"1013,3";"1012,9";"2,3";"186,0";"6,0";"168,30";"0,0"
"10/06/2026";"2100";"21,8";"22,9";"21,7";"86,0";"86,0";"74,0";"19,3";"19,3";"18,1";"1014,3";"1014,4";"1013,3";"1,5";"186,0";"5,4";"0,70";"0,0"
"10/06/2026";"2200";"21,1";"21,8";"21,0";"91,0";"91,0";"86,0";"19,5";"19,5";"19,2";"1014,9";"1014,9";"1014,3";"1,2";"197,0";"4,3";"";"0,0"
"10/06/2026";"2300";"19,8";"21,1";"19,8";"93,0";"93,0";"91,0";"18,6";"19,5";"18,6";"1015,1";"1015,2";"1014,9";"1,3";"235,0";"4,2";"";"0,0"
"11/06/2026";"0000";"19,6";"19,8";"19,3";"95,0";"95,0";"93,0";"18,7";"18,8";"18,3";"1015,4";"1015,4";"1015,0";"0,5";"275,0";"2,3";"";"0,0"
"11/06/2026";"0100";"19,1";"19,8";"18,8";"95,0";"95,0";"94,0";"18,3";"19,0";"18,0";"1015,2";"1015,5";"1015,2";"0,4";"1,0";"1,3";"";"0,0"
"11/06/2026";"0200";"18,6";"19,3";"18,5";"95,0";"96,0";"95,0";"17,9";"18,5";"17,7";"1015,3";"1015,3";"1015,1";"1,1";"260,0";"1,8";"";"0,0"
"11/06/2026";"0300";"18,6";"18,9";"18,6";"96,0";"96,0";"95,0";"17,9";"18,2";"17,9";"1015,2";"1015,3";"1015,2";"1,4";"300,0";"2,0";"";"0,0"
"11/06/2026";"0400";"18,1";"18,6";"17,7";"96,0";"96,0";"96,0";"17,4";"17,9";"17,0";"1014,6";"1015,2";"1014,6";"1,5";"231,0";"2,0";"";"0,0"
"11/06/2026";"0500";"18,3";"18,3";"18,0";"96,0";"96,0";"96,0";"17,7";"17,7";"17,4";"1014,2";"1014,6";"1014,2";"1,8";"233,0";"2,8";"";"0,0"
"11/06/2026";"0600";"18,0";"18,3";"18,0";"96,0";"96,0";"96,0";"17,4";"17,6";"17,3";"1014,0";"1014,2";"1013,9";"1,4";"278,0";"2,8";"";"0,0"
"11/06/2026";"0700";"17,7";"18,1";"17,5";"96,0";"96,0";"96,0";"17,1";"17,5";"16,9";"1013,8";"1014,2";"1013,6";"0,7";"225,0";"2,3";"";"0,0"
"11/06/2026";"0800";"18,2";"18,4";"17,7";"96,0";"96,0";"96,0";"17,6";"17,7";"17,1";"1014,0";"1014,0";"1013,6";"1,2";"239,0";"2,2";"";"0,2"
"11/06/2026";"0900";"17,9";"18,3";"17,9";"96,0";"96,0";"96,0";"17,3";"17,7";"17,3";"1014,5";"1014,5";"1014,0";"1,0";"246,0";"1,6";"";"0,0"
"11/06/2026";"1000";"18,6";"18,6";"17,9";"96,0";"96,0";"96,0";"18,0";"18,0";"17,3";"1015,1";"1015,4";"1014,5";"1,3";"359,0";"2,6";"44,20";"0,0"
"11/06/2026";"1100";"19,2";"19,2";"18,6";"96,0";"96,0";"96,0";"18,5";"18,5";"18,0";"1015,6";"1015,6";"1015,1";"0,5";"302,0";"2,0";"177,20";"0,0"
"11/06/2026";"1200";"21,0";"21,0";"19,2";"93,0";"96,0";"93,0";"19,8";"19,9";"18,5";"1016,5";"1016,6";"1015,6";"0,9";"307,0";"1,9";"591,70";"0,0"
"11/06/2026";"1300";"23,0";"23,0";"21,0";"82,0";"93,0";"82,0";"19,8";"19,8";"19,2";"1016,6";"1016,7";"1016,3";"1,3";"319,0";"2,1";"846,60";"0,0"
"11/06/2026";"1400";"24,3";"24,8";"22,8";"75,0";"83,0";"74,0";"19,6";"20,4";"19,4";"1016,0";"1016,6";"1015,9";"1,4";"65,0";"2,8";"1248,40";"0,0"
"11/06/2026";"1500";"24,8";"26,1";"24,2";"67,0";"76,0";"65,0";"18,3";"20,0";"18,3";"1014,9";"1016,0";"1014,9";"2,0";"54,0";"4,4";"1362,50";"0,0"
"11/06/2026";"1600";"26,8";"26,9";"24,8";"61,0";"70,0";"60,0";"18,6";"19,5";"18,2";"1013,9";"1014,9";"1013,8";"1,7";"23,0";"4,2";"1586,00";"0,0"
"11/06/2026";"1700";"26,4";"27,6";"26,3";"60,0";"62,0";"57,0";"18,0";"19,1";"17,7";"1013,6";"1013,9";"1013,6";"1,7";"13,0";"3,8";"1315,30";"0,0"
"11/06/2026";"1800";"26,0";"26,5";"25,9";"62,0";"62,0";"59,0";"18,0";"18,4";"17,5";"1013,4";"1013,6";"1013,3";"0,9";"336,0";"3,0";"585,80";"0,0"
"11/06/2026";"1900";"24,0";"26,0";"24,0";"74,0";"75,0";"60,0";"19,0";"19,5";"17,7";"1013,4";"1013,5";"1013,2";"1,3";"74,0";"3,3";"290,60";"0,0"
"11/06/2026";"2000";"22,7";"24,0";"22,7";"81,0";"81,0";"74,0";"19,2";"19,3";"19,1";"1013,6";"1013,6";"1013,3";"1,8";"71,0";"4,3";"44,50";"0,0"
"11/06/2026";"2100";"22,2";"22,7";"22,1";"85,0";"85,0";"81,0";"19,5";"19,5";"19,2";"1014,1";"1014,1";"1013,6";"2,2";"46,0";"3,8";"";"0,0"
"11/06/2026";"2200";"21,7";"22,2";"21,7";"89,0";"89,0";"85,0";"19,8";"19,8";"19,5";"1014,4";"1014,5";"1014,1";"2,5";"25,0";"4,6";"";"0,0"
"11/06/2026";"2300";"21,3";"21,7";"21,3";"92,0";"92,0";"89,0";"20,0";"20,1";"19,8";"1014,5";"1014,5";"1014,0";"2,0";"19,0";"4,6";"";"0,4"
"12/06/2026";"0000";"21,1";"21,3";"21,1";"93,0";"93,0";"92,0";"20,0";"20,0";"19,9";"1015,1";"1015,1";"1014,5";"2,0";"352,0";"3,6";"";"0,0"
"12/06/2026";"0100";"21,0";"21,2";"21,0";"91,0";"93,0";"91,0";"19,6";"19,9";"19,6";"1014,9";"1015,1";"1014,9";"1,3";"2,0";"3,1";"";"0,0"
"12/06/2026";"0200";"20,6";"21,0";"20,6";"92,0";"92,0";"91,0";"19,3";"19,6";"19,3";"1014,4";"1014,9";"1014,4";"1,6";"323,0";"2,9";"";"0,0"
"12/06/2026";"0300";"20,2";"20,7";"20,2";"92,0";"92,0";"92,0";"18,9";"19,3";"18,8";"1014,2";"1014,4";"1014,1";"1,6";"10,0";"2,4";"";"0,0"
"12/06/2026";"0400";"20,1";"20,2";"19,9";"94,0";"94,0";"92,0";"19,0";"19,0";"18,8";"1013,6";"1014,2";"1013,5";"2,6";"4,0";"4,5";"";"0,0"
"12/06/2026";"0500";"19,8";"20,1";"19,7";"94,0";"94,0";"93,0";"18,7";"19,1";"18,6";"1013,2";"1013,6";"1013,2";"1,7";"334,0";"4,5";"";"0,0"
"12/06/2026";"0600";"19,4";"19,8";"19,3";"94,0";"94,0";"94,0";"18,4";"18,7";"18,3";"1012,8";"1013,2";"1012,7";"2,0";"348,0";"4,5";"";"0,0"
"12/06/2026";"0700";"18,9";"19,4";"18,9";"94,0";"94,0";"94,0";"18,0";"18,4";"18,0";"1012,6";"1012,8";"1012,6";"1,0";"341,0";"3,3";"";"0,0"
"12/06/2026";"0800";"19,0";"19,2";"18,8";"95,0";"95,0";"94,0";"18,2";"18,4";"17,9";"1012,8";"1012,9";"1012,6";"1,4";"336,0";"4,3";"";"0,0"
"12/06/2026";"0900";"19,0";"19,1";"19,0";"95,0";"95,0";"95,0";"18,2";"18,3";"18,1";"1013,1";"1013,1";"1012,6";"2,9";"359,0";"5,6";"";"0,0"
"12/06/2026";"1000";"19,3";"19,3";"18,9";"94,0";"95,0";"94,0";"18,3";"18,3";"18,0";"1014,0";"1014,0";"1013,1";"2,9";"351,0";"5,6";"41,10";"0,0"
"12/06/2026";"1100";"21,5";"21,5";"19,3";"87,0";"94,0";"87,0";"19,2";"19,3";"18,4";"1014,4";"1014,4";"1014,0";"3,1";"335,0";"5,7";"539,50";"0,0"
"12/06/2026";"1200";"23,8";"23,8";"21,5";"77,0";"87,0";"76,0";"19,6";"19,6";"18,9";"1014,5";"1014,6";"1014,4";"3,6";"344,0";"6,4";"1276,90";"0,0"
"12/06/2026";"1300";"25,6";"25,6";"23,6";"68,0";"77,0";"68,0";"19,4";"19,5";"18,6";"1014,1";"1014,5";"1014,1";"3,5";"336,0";"7,0";"1693,00";"0,0"
"12/06/2026";"1400";"26,7";"26,9";"25,3";"64,0";"69,0";"61,0";"19,3";"19,6";"18,5";"1013,4";"1014,1";"1013,4";"4,4";"337,0";"7,3";"2055,80";"0,0"
"12/06/2026";"1500";"27,2";"28,2";"26,3";"57,0";"64,0";"55,0";"17,8";"19,5";"17,8";"1012,1";"1013,4";"1012,1";"4,5";"337,0";"7,8";"2328,00";"0,0"
"12/06/2026";"1600";"28,7";"28,8";"27,1";"53,0";"57,0";"53,0";"18,3";"18,5";"17,5";"1011,1";"1012,2";"1011,1";"4,6";"354,0";"8,8";"2215,40";"0,0"
"12/06/2026";"1700";"27,4";"29,4";"27,4";"57,0";"58,0";"52,0";"18,2";"18,8";"17,8";"1010,1";"1011,1";"1010,1";"4,2";"342,0";"8,0";"1887,70";"0,0"
"12/06/2026";"1800";"27,4";"28,4";"26,9";"60,0";"61,0";"56,0";"18,8";"19,2";"18,2";"1010,0";"1010,1";"1009,9";"2,8";"326,0";"7,8";"1019,70";"0,0"
"12/06/2026";"1900";"28,3";"29,1";"27,4";"57,0";"60,0";"54,0";"18,9";"19,1";"18,4";"1010,3";"1010,3";"1010,0";"3,0";"322,0";"5,4";"1058,70";"0,0"
"12/06/2026";"2000";"26,4";"28,3";"26,0";"61,0";"65,0";"56,0";"18,4";"19,0";"18,2";"1011,1";"1011,3";"1010,2";"3,2";"350,0";"5,5";"155,80";"0,0"
"12/06/2026";"2100";"24,9";"26,4";"24,9";"69,0";"69,0";"60,0";"18,8";"18,8";"18,0";"1011,2";"1011,5";"1011,1";"2,4";"31,0";"5,7";"";"0,0"
"12/06/2026";"2200";"24,0";"24,9";"23,9";"76,0";"76,0";"69,0";"19,4";"19,8";"19,1";"1011,7";"1011,7";"1011,2";"2,2";"59,0";"6,6";"";"0,0"
"12/06/2026";"2300";"23,5";"24,0";"23,4";"78,0";"80,0";"76,0";"19,4";"19,9";"19,4";"1011,9";"1012,0";"1011,7";"2,2";"56,0";"4,5";"";"0,0"
"13/06/2026";"0000";"22,7";"23,5";"22,7";"81,0";"82,0";"78,0";"19,2";"19,6";"19,2";"1011,6";"1012,0";"1011,5";"2,1";"35,0";"4,8";"";"0,0"
"13/06/2026";"0100";"23,0";"23,5";"22,6";"77,0";"81,0";"76,0";"18,8";"19,2";"18,8";"1011,8";"1012,1";"1011,6";"2,2";"2,0";"5,7";"";"0,0"
"13/06/2026";"0200";"23,5";"23,6";"22,8";"75,0";"79,0";"74,0";"18,7";"19,0";"18,7";"1012,4";"1012,5";"1011,6";"4,0";"1,0";"7,0";"";"0,0"
"13/06/2026";"0300";"22,2";"23,5";"22,2";"80,0";"80,0";"74,0";"18,6";"18,8";"18,6";"1012,0";"1012,5";"1011,8";"2,3";"354,0";"6,6";"";"0,0"
"13/06/2026";"0400";"21,7";"22,2";"21,6";"83,0";"83,0";"80,0";"18,8";"18,8";"18,6";"1011,7";"1012,1";"1011,6";"2,7";"332,0";"5,7";"";"0,0"
"13/06/2026";"0500";"21,7";"21,9";"21,6";"83,0";"83,0";"83,0";"18,7";"18,9";"18,6";"1011,1";"1011,7";"1011,1";"3,2";"339,0";"6,1";"";"0,0"
"13/06/2026";"0600";"21,3";"21,7";"21,3";"84,0";"85,0";"83,0";"18,5";"18,7";"18,5";"1010,3";"1011,1";"1010,3";"3,0";"6,0";"5,9";"";"0,0"
"13/06/2026";"0700";"21,0";"21,3";"20,8";"87,0";"88,0";"84,0";"18,7";"18,8";"18,4";"1010,2";"1010,5";"1010,1";"3,9";"5,0";"5,9";"";"0,0"
"13/06/2026";"0800";"21,0";"21,1";"20,7";"86,0";"87,0";"86,0";"18,7";"18,7";"18,5";"1010,5";"1010,6";"1010,1";"4,5";"360,0";"7,3";"";"0,0"
"13/06/2026";"0900";"20,7";"21,1";"20,7";"87,0";"87,0";"86,0";"18,5";"18,7";"18,5";"1010,7";"1010,7";"1010,3";"3,9";"360,0";"7,6";"";"0,0"
"13/06/2026";"1000";"21,8";"21,8";"20,7";"82,0";"87,0";"82,0";"18,6";"18,6";"18,5";"1011,2";"1011,3";"1010,7";"3,5";"337,0";"6,7";"48,40";"0,0"
"13/06/2026";"1100";"25,4";"25,5";"21,8";"68,0";"82,0";"67,0";"19,0";"19,3";"18,6";"1012,4";"1012,4";"1011,1";"3,4";"359,0";"6,7";"657,70";"0,0"
"13/06/2026";"1200";"28,8";"28,8";"25,4";"53,0";"68,0";"53,0";"18,3";"19,4";"18,0";"1013,2";"1013,2";"1012,4";"5,0";"314,0";"10,0";"1358,50";"0,0"
"13/06/2026";"1300";"29,3";"30,2";"28,8";"50,0";"53,0";"48,0";"17,7";"18,6";"17,4";"1013,1";"1013,2";"1013,0";"6,1";"325,0";"11,6";"1868,50";"0,0"
"13/06/2026";"1400";"30,7";"30,7";"29,1";"46,0";"51,0";"45,0";"17,6";"18,0";"17,3";"1012,7";"1013,2";"1012,7";"5,9";"325,0";"12,1";"2123,50";"0,0"
"13/06/2026";"1500";"29,8";"31,6";"29,8";"47,0";"47,0";"44,0";"17,2";"18,1";"17,1";"1012,4";"1012,8";"1012,4";"7,3";"301,0";"12,7";"2384,20";"0,0"
"13/06/2026";"1600";"30,2";"30,7";"29,6";"47,0";"49,0";"47,0";"17,8";"18,5";"17,3";"1011,5";"1012,4";"1011,5";"5,2";"284,0";"12,7";"2091,70";"0,0"
"13/06/2026";"1700";"28,9";"30,9";"28,9";"52,0";"52,0";"46,0";"18,0";"18,1";"17,3";"1011,3";"1011,5";"1010,9";"4,9";"287,0";"11,4";"1473,00";"0,0"
"13/06/2026";"1800";"28,0";"28,9";"28,0";"56,0";"56,0";"52,0";"18,4";"18,4";"17,9";"1010,9";"1011,4";"1010,6";"3,3";"306,0";"9,0";"476,20";"0,0"
"13/06/2026";"1900";"27,7";"28,6";"27,7";"59,0";"60,0";"55,0";"18,8";"19,3";"18,3";"1011,1";"1011,1";"1010,6";"2,2";"262,0";"6,7";"432,60";"0,0"
"13/06/2026";"2000";"26,2";"27,7";"26,2";"65,0";"66,0";"58,0";"19,0";"19,5";"18,8";"1011,8";"1011,8";"1011,1";"2,0";"197,0";"4,8";"204,20";"0,0"
"13/06/2026";"2100";"23,5";"26,2";"23,5";"79,0";"80,0";"65,0";"19,8";"19,8";"19,0";"1012,6";"1012,6";"1011,7";"2,0";"183,0";"9,1";"0,90";"0,0"
"13/06/2026";"2200";"22,4";"23,6";"22,4";"83,0";"83,0";"79,0";"19,4";"19,9";"19,3";"1014,2";"1014,3";"1012,6";"2,7";"233,0";"6,4";"";"0,0"
"13/06/2026";"2300";"22,3";"22,5";"22,2";"86,0";"86,0";"83,0";"19,7";"19,8";"19,3";"1014,7";"1014,9";"1014,2";"2,5";"208,0";"6,6";"";"0,0"
"14/06/2026";"0000";"21,9";"22,3";"21,7";"88,0";"88,0";"85,0";"19,8";"19,9";"19,6";"1015,1";"1015,1";"1014,7";"2,5";"206,0";"5,3";"";"0,0"
"14/06/2026";"0100";"21,3";"22,0";"21,3";"90,0";"90,0";"88,0";"19,6";"19,9";"19,5";"1015,6";"1015,6";"1015,1";"2,6";"219,0";"5,3";"";"0,0"
"14/06/2026";"0200";"21,2";"21,3";"21,1";"89,0";"90,0";"89,0";"19,4";"19,6";"19,3";"1015,6";"1015,7";"1015,5";"2,6";"213,0";"5,3";"";"0,0"
"14/06/2026";"0300";"20,5";"21,2";"20,5";"91,0";"91,0";"89,0";"19,0";"19,3";"19,0";"1015,5";"1015,7";"1015,4";"2,0";"233,0";"4,5";"";"0,0"
"14/06/2026";"0400";"19,9";"20,5";"19,6";"93,0";"94,0";"91,0";"18,8";"19,0";"18,3";"1015,1";"1015,5";"1015,1";"0,9";"226,0";"2,9";"";"0,0"
"14/06/2026";"0500";"19,4";"19,9";"19,1";"95,0";"95,0";"93,0";"18,5";"19,0";"18,2";"1015,0";"1015,2";"1015,0";"1,1";"225,0";"1,8";"";"0,0"
"14/06/2026";"0600";"19,4";"19,6";"19,1";"95,0";"95,0";"94,0";"18,6";"18,8";"18,2";"1014,7";"1015,0";"1014,6";"0,6";"259,0";"1,4";"";"0,0"
"14/06/2026";"0700";"19,0";"19,5";"18,7";"95,0";"95,0";"95,0";"18,3";"18,7";"17,9";"1014,7";"1014,7";"1014,4";"1,3";"242,0";"1,6";"";"0,0"
"14/06/2026";"0800";"19,4";"19,5";"19,0";"95,0";"95,0";"95,0";"18,6";"18,8";"18,2";"1014,9";"1015,0";"1014,6";"0,7";"217,0";"1,8";"";"0,0"
"14/06/2026";"0900";"19,5";"19,6";"19,4";"95,0";"95,0";"95,0";"18,8";"18,8";"18,6";"1015,6";"1015,6";"1014,8";"1,3";"3,0";"1,8";"0,20";"0,0"
"14/06/2026";"1000";"19,9";"19,9";"19,6";"95,0";"95,0";"95,0";"19,2";"19,2";"18,8";"1016,5";"1016,6";"1015,6";"0,4";"318,0";"1,8";"27,50";"0,0"
"14/06/2026";"1100";"21,0";"21,0";"19,9";"95,0";"95,0";"95,0";"20,2";"20,2";"19,2";"1017,0";"1017,0";"1016,5";"1,4";"219,0";"2,3";"187,40";"0,0"
"14/06/2026";"1200";"22,4";"22,4";"21,1";"86,0";"95,0";"86,0";"19,9";"20,6";"19,9";"1017,5";"1017,6";"1017,0";"1,8";"222,0";"3,4";"450,10";"0,0"
"14/06/2026";"1300";"23,6";"23,7";"22,4";"79,0";"86,0";"79,0";"19,8";"20,1";"19,6";"1017,6";"1017,7";"1017,5";"1,6";"228,0";"3,5";"748,20";"0,0"
"14/06/2026";"1400";"24,1";"24,5";"23,6";"73,0";"79,0";"73,0";"19,0";"20,2";"19,0";"1016,9";"1017,7";"1016,9";"1,3";"206,0";"3,6";"1140,10";"0,0"
"14/06/2026";"1500";"24,5";"24,7";"23,9";"71,0";"74,0";"69,0";"18,9";"19,4";"18,1";"1016,1";"1016,9";"1016,1";"1,0";"172,0";"2,5";"950,00";"0,0"
"14/06/2026";"1600";"25,3";"25,7";"24,2";"66,0";"72,0";"66,0";"18,5";"19,4";"18,3";"1015,0";"1016,1";"1015,0";"0,7";"138,0";"2,4";"1045,40";"0,0"
"14/06/2026";"1700";"25,5";"26,0";"24,6";"65,0";"69,0";"64,0";"18,5";"19,2";"18,1";"1014,2";"1014,9";"1014,2";"1,4";"95,0";"3,3";"1420,20";"0,0"
"14/06/2026";"1800";"25,5";"25,9";"25,2";"68,0";"68,0";"64,0";"19,3";"19,3";"18,1";"1014,1";"1014,3";"1014,0";"1,8";"87,0";"3,9";"990,60";"0,0"
"14/06/2026";"1900";"24,5";"25,6";"24,5";"71,0";"71,0";"66,0";"18,8";"19,1";"18,5";"1014,3";"1014,3";"1013,9";"2,2";"72,0";"4,5";"589,90";"0,0"
"14/06/2026";"2000";"23,3";"24,8";"23,3";"72,0";"72,0";"67,0";"17,9";"19,0";"17,9";"1014,7";"1014,7";"1014,1";"2,2";"80,0";"5,0";"293,90";"0,0"
"14/06/2026";"2100";"21,8";"23,3";"21,8";"80,0";"80,0";"72,0";"18,3";"18,3";"17,8";"1014,8";"1014,8";"1014,5";"1,9";"71,0";"4,0";"";"0,0"
"14/06/2026";"2200";"21,2";"21,8";"21,2";"84,0";"84,0";"80,0";"18,4";"18,4";"18,3";"1015,3";"1015,3";"1014,8";"1,6";"64,0";"2,8";"";"0,0"
"14/06/2026";"2300";"20,8";"21,2";"20,7";"90,0";"90,0";"84,0";"19,1";"19,1";"18,4";"1016,0";"1016,0";"1015,3";"1,4";"87,0";"2,7";"";"0,0"
"15/06/2026";"0000";"20,5";"20,8";"20,3";"93,0";"93,0";"90,0";"19,2";"19,2";"18,9";"1016,1";"1016,2";"1015,9";"0,9";"102,0";"2,0";"";"0,0"
"15/06/2026";"0100";"19,6";"20,7";"19,6";"94,0";"94,0";"92,0";"18,5";"19,5";"18,4";"1016,6";"1016,7";"1016,1";"1,2";"305,0";"1,4";"";"0,0"
"15/06/2026";"0200";"19,6";"19,6";"19,2";"95,0";"95,0";"94,0";"18,7";"18,7";"18,3";"1016,1";"1016,6";"1016,1";"0,6";"318,0";"1,8";"";"0,0"
"15/06/2026";"0300";"19,2";"19,6";"19,2";"94,0";"95,0";"94,0";"18,3";"18,7";"18,2";"1015,6";"1016,1";"1015,5";"0,8";"266,0";"1,3";"";"0,0"
"15/06/2026";"0400";"19,6";"19,7";"19,2";"95,0";"95,0";"94,0";"18,8";"18,9";"18,3";"1015,4";"1015,9";"1015,4";"1,0";"317,0";"1,8";"";"0,0"
"15/06/2026";"0500";"20,0";"20,0";"19,4";"95,0";"95,0";"95,0";"19,1";"19,1";"18,6";"1014,5";"1015,4";"1014,5";"0,6";"110,0";"1,5";"";"0,0"
"15/06/2026";"0600";"20,3";"20,3";"20,0";"95,0";"95,0";"95,0";"19,4";"19,4";"19,1";"1014,3";"1014,5";"1014,3";"0,9";"211,0";"1,4";"";"0,0"
"15/06/2026";"0700";"20,4";"20,7";"20,3";"94,0";"95,0";"94,0";"19,4";"19,8";"19,4";"1013,9";"1014,5";"1013,9";"2,0";"25,0";"2,6";"0,10";"0,0"
"15/06/2026";"0800";"20,7";"20,7";"20,4";"94,0";"94,0";"94,0";"19,7";"19,7";"19,4";"1014,1";"1014,2";"1013,9";"1,2";"357,0";"2,7";"";"0,0"
"15/06/2026";"0900";"20,8";"21,0";"20,7";"94,0";"94,0";"94,0";"19,8";"20,0";"19,8";"1014,1";"1014,2";"1013,9";"1,7";"355,0";"2,6";"";"0,0"
"15/06/2026";"1000";"20,9";"20,9";"20,7";"94,0";"94,0";"94,0";"20,0";"20,0";"19,6";"1014,2";"1014,4";"1014,1";"2,3";"6,0";"4,2";"34,90";"0,0"
"15/06/2026";"1100";"21,3";"21,3";"20,9";"94,0";"94,0";"94,0";"20,3";"20,3";"20,0";"1014,6";"1014,7";"1014,2";"1,8";"14,0";"4,0";"246,40";"0,0"
"15/06/2026";"1200";"23,5";"23,5";"21,3";"82,0";"94,0";"82,0";"20,3";"20,5";"19,7";"1014,6";"1014,6";"1014,5";"2,6";"1,0";"4,7";"617,00";"0,0"
"15/06/2026";"1300";"26,8";"27,2";"23,5";"65,0";"82,0";"64,0";"19,6";"20,6";"19,0";"1014,4";"1014,7";"1014,4";"4,3";"353,0";"7,1";"1671,20";"0,0"
"15/06/2026";"1400";"29,2";"29,2";"26,7";"57,0";"65,0";"57,0";"19,9";"20,0";"19,1";"1013,7";"1014,4";"1013,7";"4,3";"356,0";"8,4";"2275,10";"0,0"
"15/06/2026";"1500";"28,5";"31,0";"28,5";"53,0";"57,0";"48,0";"18,0";"19,8";"17,7";"1012,8";"1013,7";"1012,8";"3,1";"319,0";"7,4";"2230,60";"0,0"
"15/06/2026";"1600";"31,5";"31,6";"28,5";"44,0";"53,0";"44,0";"17,9";"19,5";"17,4";"1011,7";"1012,8";"1011,7";"3,6";"326,0";"8,1";"2347,30";"0,0"
"15/06/2026";"1700";"30,4";"31,8";"29,9";"49,0";"49,0";"44,0";"18,4";"18,5";"17,2";"1011,4";"1011,8";"1011,4";"2,7";"283,0";"7,5";"1062,60";"0,0"
"15/06/2026";"1800";"26,4";"30,4";"26,4";"62,0";"62,0";"48,0";"18,6";"19,0";"18,0";"1011,8";"1011,8";"1011,3";"5,4";"201,0";"11,1";"702,60";"0,0"
"15/06/2026";"1900";"24,5";"26,4";"24,5";"74,0";"74,0";"62,0";"19,6";"19,8";"18,7";"1012,1";"1012,1";"1011,7";"4,3";"200,0";"11,1";"482,10";"0,0"
"15/06/2026";"2000";"23,7";"24,6";"23,7";"77,0";"77,0";"74,0";"19,5";"19,9";"19,5";"1012,7";"1012,7";"1012,0";"4,4";"204,0";"10,9";"268,80";"0,0"
"15/06/2026";"2100";"23,1";"23,7";"23,0";"85,0";"85,0";"77,0";"20,4";"20,4";"19,5";"1013,5";"1013,5";"1012,7";"2,1";"185,0";"9,9";"";"0,0"
"15/06/2026";"2200";"22,9";"23,1";"22,8";"88,0";"88,0";"85,0";"20,7";"20,7";"20,3";"1014,0";"1014,0";"1013,5";"2,2";"200,0";"4,9";"";"0,0"
"15/06/2026";"2300";"22,6";"22,9";"22,5";"90,0";"90,0";"88,0";"20,9";"21,0";"20,7";"1014,2";"1014,3";"1013,9";"1,9";"208,0";"4,9";"";"0,0"
"16/06/2026";"0000";"22,4";"22,6";"22,4";"92,0";"92,0";"90,0";"20,9";"21,1";"20,9";"1014,4";"1014,4";"1014,0";"2,3";"224,0";"4,2";"";"0,0"
"16/06/2026";"0100";"22,4";"22,5";"22,2";"92,0";"92,0";"91,0";"21,0";"21,1";"20,8";"1014,5";"1014,6";"1014,3";"1,0";"184,0";"3,4";"";"0,0"
"16/06/2026";"0200";"22,3";"22,5";"22,3";"92,0";"92,0";"92,0";"20,9";"21,1";"20,9";"1014,3";"1014,8";"1014,3";"0,4";"260,0";"2,5";"";"0,0"
"16/06/2026";"0300";"21,8";"22,3";"21,8";"93,0";"93,0";"92,0";"20,7";"20,8";"20,6";"1013,9";"1014,6";"1013,9";"1,2";"298,0";"1,9";"";"0,0"
"16/06/2026";"0400";"21,7";"21,8";"21,4";"94,0";"94,0";"93,0";"20,7";"20,7";"20,4";"1013,2";"1014,0";"1013,2";"1,7";"236,0";"2,7";"";"0,0"
"16/06/2026";"0500";"21,6";"21,7";"21,6";"94,0";"94,0";"94,0";"20,5";"20,7";"20,5";"1012,8";"1013,3";"1012,8";"1,9";"243,0";"3,7";"";"0,0"
"16/06/2026";"0600";"21,0";"21,6";"21,0";"94,0";"94,0";"94,0";"20,0";"20,5";"20,0";"1012,0";"1012,8";"1012,0";"1,1";"213,0";"3,9";"";"0,0"
"16/06/2026";"0700";"20,8";"21,0";"20,6";"94,0";"95,0";"94,0";"19,9";"20,0";"19,7";"1012,0";"1012,2";"1011,6";"1,2";"262,0";"3,0";"";"0,0"
"16/06/2026";"0800";"20,4";"20,8";"20,3";"95,0";"95,0";"94,0";"19,5";"19,9";"19,5";"1011,9";"1012,3";"1011,9";"2,0";"224,0";"2,7";"";"0,0"
"16/06/2026";"0900";"20,3";"20,4";"20,2";"95,0";"95,0";"95,0";"19,5";"19,6";"19,4";"1012,4";"1012,4";"1011,9";"1,3";"256,0";"2,7";"";"0,0"
"16/06/2026";"1000";"20,4";"20,4";"20,1";"95,0";"95,0";"95,0";"19,7";"19,7";"19,3";"1013,1";"1013,2";"1012,4";"1,8";"222,0";"3,4";"50,80";"0,0"
"16/06/2026";"1100";"21,6";"21,8";"20,5";"93,0";"95,0";"93,0";"20,4";"20,9";"19,7";"1013,6";"1013,6";"1013,1";"2,6";"223,0";"3,9";"388,40";"0,0"
"16/06/2026";"1200";"22,8";"22,9";"21,6";"86,0";"93,0";"86,0";"20,4";"20,9";"20,2";"1014,1";"1014,2";"1013,6";"2,8";"227,0";"5,8";"666,40";"0,0"
"16/06/2026";"1300";"24,8";"25,4";"22,8";"75,0";"86,0";"73,0";"20,0";"20,8";"19,6";"1014,0";"1014,2";"1014,0";"3,6";"217,0";"6,5";"1682,60";"0,0"
"16/06/2026";"1400";"25,2";"26,1";"24,4";"74,0";"77,0";"70,0";"20,3";"20,8";"19,7";"1013,6";"1014,1";"1013,6";"1,8";"220,0";"6,5";"1398,00";"0,0"
"16/06/2026";"1500";"27,0";"27,0";"25,2";"68,0";"75,0";"68,0";"20,4";"20,7";"19,6";"1013,0";"1013,6";"1013,0";"2,0";"225,0";"4,5";"1677,30";"0,0"
"16/06/2026";"1600";"24,6";"27,5";"24,5";"71,0";"76,0";"63,0";"19,0";"20,4";"19,0";"1012,4";"1013,0";"1012,4";"5,8";"220,0";"11,0";"1073,90";"0,0"
"16/06/2026";"1700";"23,5";"24,6";"23,1";"78,0";"80,0";"71,0";"19,4";"20,1";"18,9";"1012,1";"1012,4";"1012,0";"9,6";"222,0";"17,7";"2007,70";"0,0"
"16/06/2026";"1800";"22,3";"24,0";"22,3";"85,0";"85,0";"77,0";"19,7";"20,2";"19,3";"1013,1";"1013,1";"1012,1";"6,6";"214,0";"17,7";"1383,00";"0,0"
"16/06/2026";"1900";"21,7";"22,5";"21,6";"86,0";"88,0";"85,0";"19,3";"20,2";"19,3";"1013,8";"1013,8";"1013,0";"5,2";"206,0";"14,0";"671,40";"0,0"
"16/06/2026";"2000";"20,3";"21,7";"20,3";"91,0";"92,0";"85,0";"18,8";"19,3";"18,8";"1014,7";"1014,7";"1013,8";"4,9";"207,0";"13,1";"120,90";"0,0"
"16/06/2026";"2100";"19,7";"20,3";"19,6";"93,0";"93,0";"90,0";"18,4";"18,8";"18,3";"1015,1";"1015,1";"1014,6";"5,2";"208,0";"11,8";"1,30";"0,0"
"16/06/2026";"2200";"19,7";"19,7";"19,6";"93,0";"93,0";"93,0";"18,5";"18,5";"18,4";"1015,6";"1015,6";"1015,1";"4,0";"205,0";"9,5";"";"0,0"
"16/06/2026";"2300";"19,3";"19,7";"19,3";"94,0";"94,0";"93,0";"18,3";"18,5";"18,2";"1016,2";"1016,2";"1015,6";"3,8";"219,0";"7,9";"";"0,0"
"17/06/2026";"0000";"19,1";"19,3";"19,1";"94,0";"94,0";"94,0";"18,2";"18,3";"18,1";"1016,7";"1016,7";"1016,2";"2,7";"208,0";"6,7";"";"0,4"
"17/06/2026";"0100";"18,8";"19,1";"18,7";"95,0";"95,0";"94,0";"18,0";"18,2";"17,9";"1016,9";"1016,9";"1016,6";"2,9";"213,0";"5,9";"";"0,6"
"17/06/2026";"0200";"18,5";"18,8";"18,5";"95,0";"95,0";"95,0";"17,7";"18,0";"17,7";"1016,8";"1017,0";"1016,7";"2,5";"217,0";"5,8";"";"0,2"
"17/06/2026";"0300";"18,2";"18,5";"18,1";"95,0";"95,0";"95,0";"17,4";"17,7";"17,3";"1016,7";"1016,8";"1016,7";"3,2";"214,0";"5,1";"";"0,0"
"17/06/2026";"0400";"18,4";"18,5";"18,2";"94,0";"95,0";"94,0";"17,5";"17,6";"17,4";"1016,6";"1016,8";"1016,5";"3,4";"218,0";"7,1";"";"0,0"
"17/06/2026";"0500";"18,2";"18,5";"18,2";"94,0";"94,0";"94,0";"17,2";"17,5";"17,2";"1016,3";"1016,6";"1016,3";"3,1";"222,0";"5,9";"";"0,0"
"17/06/2026";"0600";"18,0";"18,2";"17,8";"94,0";"94,0";"94,0";"17,1";"17,2";"16,8";"1016,1";"1016,3";"1016,1";"2,1";"212,0";"5,2";"";"0,0"
"17/06/2026";"0700";"18,4";"18,4";"18,0";"92,0";"94,0";"92,0";"17,1";"17,1";"16,9";"1016,0";"1016,2";"1015,9";"3,8";"215,0";"6,8";"";"0,0"
"17/06/2026";"0800";"18,3";"18,4";"18,1";"93,0";"93,0";"92,0";"17,1";"17,1";"16,8";"1016,2";"1016,2";"1015,9";"2,4";"215,0";"6,0";"";"0,0"
"17/06/2026";"0900";"18,3";"18,3";"18,0";"93,0";"93,0";"93,0";"17,2";"17,2";"16,9";"1016,8";"1016,8";"1016,2";"1,7";"212,0";"3,8";"";"0,0"
"17/06/2026";"1000";"18,8";"18,8";"18,3";"91,0";"93,0";"90,0";"17,3";"17,3";"17,0";"1017,5";"1017,5";"1016,8";"1,9";"216,0";"4,1";"51,00";"0,0"
"17/06/2026";"1100";"20,0";"20,0";"18,8";"87,0";"91,0";"87,0";"17,9";"18,0";"17,3";"1018,1";"1018,1";"1017,6";"2,3";"221,0";"4,5";"382,10";"0,0"
"17/06/2026";"1200";"22,3";"22,3";"20,0";"78,0";"87,0";"77,0";"18,2";"18,3";"17,5";"1018,8";"1018,8";"1018,1";"2,3";"227,0";"4,0";"944,40";"0,0"
"17/06/2026";"1300";"22,9";"23,4";"22,1";"70,0";"77,0";"68,0";"17,1";"18,3";"16,8";"1018,9";"1019,0";"1018,8";"1,6";"212,0";"4,1";"1318,00";"0,0"
"17/06/2026";"1400";"23,2";"23,5";"22,8";"66,0";"72,0";"66,0";"16,6";"17,7";"16,4";"1018,9";"1019,0";"1018,9";"2,3";"214,0";"4,1";"1212,30";"0,0"
"17/06/2026";"1500";"24,2";"24,9";"23,0";"62,0";"70,0";"61,0";"16,5";"18,5";"15,8";"1018,3";"1018,9";"1018,3";"2,2";"225,0";"3,9";"1520,80";"0,2"
"17/06/2026";"1600";"25,4";"25,6";"24,0";"58,0";"64,0";"57,0";"16,6";"17,3";"16,1";"1017,3";"1018,3";"1017,3";"1,6";"190,0";"4,4";"2392,20";"0,0"
"17/06/2026";"1700";"24,5";"26,2";"23,7";"61,0";"65,0";"54,0";"16,6";"17,3";"15,6";"1016,8";"1017,3";"1016,8";"1,9";"172,0";"5,1";"1965,50";"0,0"
"17/06/2026";"1800";"24,9";"25,3";"23,6";"60,0";"64,0";"58,0";"16,5";"17,0";"15,6";"1016,4";"1016,8";"1016,4";"2,0";"199,0";"5,1";"1246,90";"0,0"
"17/06/2026";"1900";"22,4";"25,3";"22,4";"70,0";"70,0";"58,0";"16,6";"17,0";"15,9";"1017,0";"1017,0";"1016,4";"3,5";"196,0";"7,0";"634,20";"0,0"
"17/06/2026";"2000";"21,2";"22,4";"21,2";"76,0";"76,0";"70,0";"16,9";"17,0";"16,5";"1017,7";"1017,7";"1017,0";"2,4";"195,0";"7,2";"406,60";"0,0"
"17/06/2026";"2100";"20,1";"21,2";"20,1";"82,0";"82,0";"76,0";"17,0";"17,2";"16,9";"1018,3";"1018,3";"1017,7";"1,8";"202,0";"5,5";"3,80";"0,0"
"17/06/2026";"2200";"20,1";"20,2";"20,0";"82,0";"83,0";"82,0";"16,9";"17,0";"16,9";"1018,9";"1018,9";"1018,2";"2,7";"212,0";"6,2";"";"0,0"
"17/06/2026";"2300";"19,0";"20,1";"19,0";"88,0";"88,0";"82,0";"16,9";"16,9";"16,7";"1019,4";"1019,4";"1018,9";"2,2";"213,0";"5,2";"";"0,0"
"18/06/2026";"0000";"18,9";"19,1";"18,7";"86,0";"89,0";"86,0";"16,6";"16,9";"16,6";"1020,1";"1020,1";"1019,4";"2,8";"223,0";"5,2";"";"0,0"
"18/06/2026";"0100";"18,2";"19,0";"18,2";"88,0";"88,0";"86,0";"16,1";"16,6";"16,1";"1020,2";"1020,3";"1020,0";"2,9";"226,0";"5,2";"";"0,0"
"18/06/2026";"0200";"17,9";"18,2";"17,9";"88,0";"88,0";"88,0";"15,9";"16,1";"15,8";"1020,2";"1020,3";"1020,1";"2,8";"219,0";"4,4";"";"0,0"
"18/06/2026";"0300";"17,2";"17,9";"17,2";"91,0";"91,0";"88,0";"15,6";"15,9";"15,5";"1020,3";"1020,3";"1020,1";"2,2";"226,0";"4,3";"";"0,0"
"18/06/2026";"0400";"17,5";"17,6";"17,2";"89,0";"91,0";"89,0";"15,7";"16,0";"15,6";"1020,2";"1020,3";"1020,2";"2,1";"215,0";"4,7";"";"0,0"
"18/06/2026";"0500";"17,2";"17,5";"17,2";"89,0";"90,0";"89,0";"15,4";"15,7";"15,3";"1020,1";"1020,3";"1020,1";"2,3";"215,0";"4,6";"";"0,0"
"18/06/2026";"0600";"17,4";"17,6";"17,2";"87,0";"89,0";"87,0";"15,2";"15,5";"15,2";"1020,1";"1020,1";"1020,0";"2,8";"214,0";"5,0";"";"0,0"
"18/06/2026";"0700";"17,2";"17,7";"17,2";"87,0";"87,0";"86,0";"14,9";"15,4";"14,9";"1020,2";"1020,2";"1020,0";"3,0";"216,0";"6,8";"";"0,0"
"18/06/2026";"0800";"17,1";"17,4";"17,1";"85,0";"87,0";"85,0";"14,5";"15,0";"14,5";"1020,4";"1020,4";"1020,2";"3,5";"211,0";"5,4";"";"0,0"
"18/06/2026";"0900";"16,9";"17,2";"16,8";"84,0";"85,0";"84,0";"14,2";"14,5";"14,2";"1020,7";"1020,7";"1020,4";"3,8";"218,0";"5,8";"";"0,0"
"18/06/2026";"1000";"17,7";"17,7";"16,8";"79,0";"84,0";"79,0";"14,1";"14,2";"13,9";"1021,5";"1021,5";"1020,7";"3,7";"222,0";"5,8";"42,20";"0,0"
"18/06/2026";"1100";"19,7";"19,7";"17,7";"70,0";"79,0";"70,0";"14,2";"14,4";"14,1";"1021,9";"1021,9";"1021,5";"4,8";"220,0";"7,9";"540,50";"0,0"
"18/06/2026";"1200";"21,2";"21,3";"19,7";"62,0";"70,0";"61,0";"13,5";"14,3";"13,4";"1022,6";"1022,6";"1021,9";"5,5";"222,0";"9,5";"1331,60";"0,0"
"18/06/2026";"1300";"22,1";"22,5";"21,1";"54,0";"63,0";"52,0";"12,4";"14,0";"11,7";"1022,7";"1022,7";"1022,6";"4,2";"217,0";"10,2";"1783,60";"0,0"
"18/06/2026";"1400";"23,7";"23,9";"22,1";"50,0";"55,0";"48,0";"12,7";"13,1";"11,7";"1022,4";"1022,8";"1022,4";"4,1";"226,0";"8,5";"1922,00";"0,0"
"18/06/2026";"1500";"24,6";"24,9";"23,7";"46,0";"50,0";"44,0";"12,2";"12,6";"11,1";"1021,8";"1022,4";"1021,8";"3,5";"204,0";"9,1";"2561,90";"0,0"
"18/06/2026";"1600";"25,4";"25,5";"24,3";"42,0";"46,0";"40,0";"11,4";"12,5";"10,2";"1021,1";"1021,8";"1021,1";"2,6";"212,0";"7,7";"2530,00";"0,0"
"18/06/2026";"1700";"25,0";"25,9";"24,8";"42,0";"44,0";"41,0";"11,3";"12,3";"10,9";"1020,7";"1021,1";"1020,7";"1,9";"183,0";"6,8";"2269,40";"0,0"
"18/06/2026";"1800";"24,1";"25,8";"24,1";"49,0";"50,0";"40,0";"12,8";"13,3";"10,9";"1020,7";"1020,7";"1020,5";"3,1";"171,0";"7,3";"1641,20";"0,0"
"18/06/2026";"1900";"23,0";"24,1";"23,0";"51,0";"52,0";"48,0";"12,3";"13,3";"12,2";"1021,0";"1021,0";"1020,7";"3,1";"165,0";"8,6";"1078,30";"0,0"
"18/06/2026";"2000";"21,6";"23,0";"21,6";"62,0";"62,0";"51,0";"14,1";"14,1";"12,3";"1021,2";"1021,2";"1020,9";"2,9";"167,0";"8,3";"356,30";"0,0"
"18/06/2026";"2100";"20,0";"21,6";"20,0";"70,0";"70,0";"62,0";"14,4";"14,5";"14,1";"1021,4";"1021,4";"1021,1";"1,4";"175,0";"7,3";"2,20";"0,0"
"18/06/2026";"2200";"18,7";"20,1";"18,6";"77,0";"77,0";"70,0";"14,6";"14,6";"14,2";"1021,9";"1021,9";"1021,4";"1,2";"187,0";"4,6";"";"0,0"
"18/06/2026";"2300";"17,0";"19,2";"17,0";"84,0";"84,0";"75,0";"14,3";"14,7";"14,1";"1022,6";"1022,6";"1021,9";"2,2";"229,0";"4,3";"";"0,0"
"19/06/2026";"0000";"15,9";"17,0";"15,9";"89,0";"89,0";"84,0";"14,0";"14,5";"13,9";"1022,9";"1022,9";"1022,6";"2,0";"218,0";"2,9";"";"0,0"
"19/06/2026";"0100";"15,8";"16,3";"15,8";"89,0";"89,0";"88,0";"13,9";"14,4";"13,9";"1023,2";"1023,2";"1022,9";"1,0";"200,0";"2,4";"";"0,0"
"19/06/2026";"0200";"16,1";"16,3";"15,8";"86,0";"89,0";"85,0";"13,8";"14,2";"13,4";"1023,2";"1023,2";"1023,1";"1,9";"218,0";"2,6";"";"0,0"
"19/06/2026";"0300";"15,6";"16,1";"15,1";"89,0";"89,0";"85,0";"13,8";"13,8";"13,0";"1022,8";"1023,2";"1022,8";"1,2";"216,0";"2,9";"";"0,0"
"19/06/2026";"0400";"16,4";"16,6";"15,1";"84,0";"89,0";"84,0";"13,7";"14,3";"13,0";"1022,7";"1022,8";"1022,7";"1,0";"183,0";"2,8";"";"0,0"
"19/06/2026";"0500";"16,4";"17,0";"16,2";"83,0";"84,0";"81,0";"13,6";"14,0";"13,3";"1022,4";"1022,7";"1022,4";"1,7";"204,0";"3,1";"";"0,0"
"19/06/2026";"0600";"15,8";"16,8";"15,8";"86,0";"86,0";"81,0";"13,4";"13,7";"13,3";"1021,9";"1022,4";"1021,9";"0,7";"266,0";"3,3";"";"0,0"
"19/06/2026";"0700";"16,1";"16,1";"15,2";"87,0";"90,0";"86,0";"13,9";"14,0";"13,3";"1021,8";"1022,0";"1021,8";"1,0";"251,0";"1,8";"";"0,0"
"19/06/2026";"0800";"16,4";"16,4";"15,9";"87,0";"90,0";"87,0";"14,2";"14,4";"13,8";"1021,7";"1021,9";"1021,7";"0,8";"283,0";"2,2";"";"0,0"
"19/06/2026";"0900";"16,3";"16,4";"16,2";"92,0";"92,0";"87,0";"15,0";"15,0";"14,2";"1021,7";"1021,8";"1021,7";"0,3";"114,0";"2,2";"";"0,0"
"19/06/2026";"1000";"17,1";"17,1";"16,1";"95,0";"95,0";"92,0";"16,3";"16,3";"15,0";"1021,6";"1021,7";"1021,5";"1,7";"224,0";"3,6";"30,30";"0,0"
"19/06/2026";"1100";"17,0";"17,4";"16,4";"94,0";"95,0";"94,0";"16,1";"16,5";"15,5";"1021,7";"1021,8";"1021,6";"1,7";"306,0";"4,0";"300,40";"0,0"
"19/06/2026";"1200";"19,3";"19,3";"17,1";"86,0";"94,0";"86,0";"16,9";"17,1";"15,9";"1021,9";"1021,9";"1021,7";"1,6";"334,0";"2,8";"770,60";"0,0"
"19/06/2026";"1300";"22,5";"22,5";"19,3";"69,0";"86,0";"69,0";"16,5";"17,2";"15,9";"1021,3";"1021,9";"1021,3";"2,7";"322,0";"4,8";"1842,50";"0,0"
"19/06/2026";"1400";"24,5";"24,7";"22,0";"57,0";"69,0";"57,0";"15,5";"16,4";"15,1";"1020,8";"1021,3";"1020,8";"2,7";"329,0";"5,3";"2303,20";"0,0"
"19/06/2026";"1500";"24,8";"25,7";"23,8";"53,0";"59,0";"52,0";"14,7";"15,6";"14,7";"1020,0";"1020,8";"1020,0";"1,7";"12,0";"5,5";"2524,50";"0,0"
"19/06/2026";"1600";"25,2";"26,2";"24,6";"52,0";"56,0";"51,0";"14,7";"15,6";"14,5";"1018,5";"1020,0";"1018,5";"1,8";"20,0";"5,5";"2288,50";"0,0"
"19/06/2026";"1700";"25,3";"26,3";"24,9";"51,0";"53,0";"49,0";"14,5";"15,3";"14,0";"1017,6";"1018,5";"1017,6";"1,8";"32,0";"4,6";"1196,90";"0,0"
"19/06/2026";"1800";"26,8";"27,4";"25,3";"45,0";"51,0";"42,0";"13,8";"14,7";"13,3";"1016,9";"1017,6";"1016,9";"1,8";"39,0";"4,6";"1642,70";"0,0"
"19/06/2026";"1900";"24,3";"26,9";"24,3";"57,0";"58,0";"42,0";"15,3";"15,6";"12,8";"1016,7";"1016,9";"1016,7";"3,6";"87,0";"7,4";"1057,30";"0,0"
"19/06/2026";"2000";"22,1";"24,3";"22,1";"67,0";"67,0";"57,0";"15,6";"15,6";"14,7";"1017,0";"1017,0";"1016,7";"3,2";"73,0";"8,1";"343,50";"0,0"
"19/06/2026";"2100";"19,9";"22,1";"19,9";"80,0";"80,0";"67,0";"16,5";"16,5";"15,6";"1017,3";"1017,3";"1017,0";"2,3";"81,0";"5,2";"1,90";"0,0"
"19/06/2026";"2200";"18,7";"19,9";"18,7";"86,0";"86,0";"80,0";"16,3";"16,6";"16,3";"1017,6";"1017,6";"1017,3";"1,9";"74,0";"4,3";"";"0,0"
"19/06/2026";"2300";"17,9";"18,7";"17,9";"92,0";"92,0";"86,0";"16,5";"16,6";"16,2";"1018,0";"1018,0";"1017,6";"1,5";"63,0";"3,4";"";"0,0"
"20/06/2026";"0000";"16,9";"17,9";"16,6";"94,0";"94,0";"91,0";"15,9";"16,5";"15,5";"1018,0";"1018,1";"1017,9";"1,7";"35,0";"2,4";"";"0,0"
"20/06/2026";"0100";"17,0";"17,3";"16,9";"95,0";"95,0";"94,0";"16,1";"16,5";"16,0";"1018,0";"1018,1";"1018,0";"1,4";"303,0";"2,7";"";"0,0"
"20/06/2026";"0200";"16,5";"17,0";"16,0";"95,0";"95,0";"94,0";"15,7";"16,0";"15,1";"1017,8";"1018,0";"1017,8";"1,4";"336,0";"2,5";"";"0,0"
"20/06/2026";"0300";"16,8";"16,9";"16,3";"96,0";"96,0";"95,0";"16,0";"16,2";"15,5";"1017,4";"1017,8";"1017,4";"1,6";"351,0";"2,7";"";"0,0"
"20/06/2026";"0400";"16,6";"16,8";"16,0";"96,0";"96,0";"95,0";"15,9";"16,0";"15,3";"1017,1";"1017,4";"1017,1";"1,6";"346,0";"2,6";"";"0,0"
"20/06/2026";"0500";"17,1";"17,3";"16,5";"96,0";"96,0";"96,0";"16,5";"16,6";"15,8";"1016,7";"1017,1";"1016,7";"1,5";"335,0";"2,6";"";"0,2"
"20/06/2026";"0600";"16,1";"17,1";"16,1";"96,0";"96,0";"96,0";"15,4";"16,5";"15,4";"1016,0";"1016,7";"1016,0";"2,0";"16,0";"2,8";"";"0,0"
"20/06/2026";"0700";"16,7";"16,7";"16,0";"96,0";"96,0";"96,0";"16,0";"16,1";"15,4";"1015,4";"1016,0";"1015,4";"2,6";"352,0";"4,1";"";"0,0"
"20/06/2026";"0800";"16,4";"17,0";"16,4";"96,0";"96,0";"96,0";"15,7";"16,4";"15,7";"1015,4";"1015,5";"1015,4";"2,4";"349,0";"4,9";"";"0,0"
"20/06/2026";"0900";"15,8";"16,4";"15,7";"96,0";"96,0";"95,0";"15,1";"15,6";"15,0";"1015,8";"1015,8";"1015,4";"2,3";"360,0";"3,9";"";"0,0"
"20/06/2026";"1000";"16,3";"16,3";"15,4";"96,0";"96,0";"96,0";"15,6";"15,6";"14,7";"1016,0";"1016,0";"1015,8";"2,4";"357,0";"3,9";"41,40";"0,2"
"20/06/2026";"1100";"18,7";"18,7";"16,3";"89,0";"96,0";"89,0";"16,9";"17,2";"15,7";"1016,5";"1016,5";"1016,0";"2,6";"358,0";"4,9";"565,20";"0,0"
"20/06/2026";"1200";"21,7";"21,7";"18,7";"74,0";"89,0";"73,0";"16,8";"17,4";"16,6";"1016,7";"1016,8";"1016,5";"2,8";"346,0";"5,1";"1300,40";"0,0"
"20/06/2026";"1300";"24,3";"24,8";"21,5";"54,0";"74,0";"54,0";"14,3";"16,9";"14,3";"1016,1";"1016,7";"1016,0";"4,3";"338,0";"7,6";"1905,70";"0,0"
"20/06/2026";"1400";"26,4";"26,6";"24,3";"45,0";"55,0";"44,0";"13,4";"14,8";"13,4";"1015,2";"1016,1";"1015,2";"3,9";"333,0";"8,3";"2290,30";"0,0"
"20/06/2026";"1500";"27,3";"27,8";"26,1";"41,0";"46,0";"39,0";"12,7";"13,7";"11,9";"1014,1";"1015,2";"1014,1";"4,8";"336,0";"8,6";"2572,60";"0,0"
"20/06/2026";"1600";"27,9";"28,2";"27,1";"39,0";"41,0";"36,0";"12,6";"13,0";"11,0";"1012,7";"1014,1";"1012,7";"4,2";"329,0";"9,3";"2546,80";"0,0"
"20/06/2026";"1700";"28,4";"28,6";"27,7";"35,0";"39,0";"34,0";"11,6";"12,5";"11,0";"1011,8";"1012,7";"1011,8";"4,2";"327,0";"8,4";"2211,80";"0,0"
"20/06/2026";"1800";"28,5";"28,8";"27,4";"34,0";"36,0";"33,0";"10,9";"11,6";"10,4";"1011,3";"1011,9";"1011,3";"3,3";"330,0";"7,9";"1746,80";"0,0"
"20/06/2026";"1900";"27,6";"28,6";"27,5";"36,0";"36,0";"33,0";"11,3";"11,4";"10,4";"1011,4";"1011,5";"1011,3";"2,8";"330,0";"6,7";"1083,80";"0,0"
"20/06/2026";"2000";"23,3";"27,6";"23,3";"60,0";"60,0";"36,0";"15,1";"15,1";"10,9";"1011,9";"1011,9";"1011,3";"3,0";"46,0";"5,2";"314,30";"0,0"
"20/06/2026";"2100";"21,4";"23,3";"21,4";"68,0";"68,0";"60,0";"15,3";"15,4";"14,8";"1012,2";"1012,2";"1011,7";"3,0";"34,0";"6,4";"0,40";"0,0"
"20/06/2026";"2200";"20,2";"21,4";"20,0";"77,0";"77,0";"68,0";"16,0";"16,0";"15,2";"1012,3";"1012,5";"1012,2";"3,0";"34,0";"4,8";"";"0,0"
"20/06/2026";"2300";"19,1";"20,2";"19,1";"82,0";"82,0";"77,0";"16,0";"16,2";"15,8";"1012,2";"1012,4";"1012,2";"2,4";"33,0";"4,5";"";"0,0"
"21/06/2026";"0000";"18,8";"19,1";"18,8";"86,0";"86,0";"82,0";"16,4";"16,5";"16,0";"1011,6";"1012,3";"1011,6";"2,9";"33,0";"4,4";"";"0,0"
"21/06/2026";"0100";"19,6";"19,7";"18,7";"86,0";"90,0";"86,0";"17,3";"17,7";"16,3";"1010,3";"1011,6";"1010,3";"4,2";"41,0";"8,2";"";"0,0"
"21/06/2026";"0200";"18,2";"19,6";"18,2";"87,0";"88,0";"86,0";"16,1";"17,2";"16,1";"1010,6";"1010,7";"1010,0";"2,7";"1,0";"8,2";"";"0,0"
"21/06/2026";"0300";"17,6";"18,2";"17,5";"89,0";"89,0";"87,0";"15,7";"16,1";"15,6";"1011,6";"1011,6";"1010,6";"2,1";"27,0";"4,3";"";"0,0"
"21/06/2026";"0400";"17,3";"17,6";"17,1";"89,0";"90,0";"89,0";"15,5";"15,7";"15,3";"1011,7";"1012,0";"1011,7";"1,6";"6,0";"3,3";"";"0,0"
"21/06/2026";"0500";"18,0";"18,0";"17,2";"80,0";"89,0";"80,0";"14,5";"15,4";"14,3";"1011,3";"1011,7";"1011,3";"2,7";"356,0";"6,0";"";"0,0"
"21/06/2026";"0600";"17,8";"18,4";"17,7";"81,0";"81,0";"78,0";"14,5";"14,6";"14,2";"1010,5";"1011,3";"1010,5";"3,1";"11,0";"7,5";"";"0,0"
"21/06/2026";"0700";"19,5";"19,5";"17,8";"75,0";"82,0";"75,0";"15,0";"15,1";"14,6";"1010,4";"1011,0";"1010,4";"5,8";"346,0";"9,5";"";"0,0"
"21/06/2026";"0800";"19,0";"19,7";"18,9";"75,0";"76,0";"73,0";"14,6";"14,9";"14,5";"1011,0";"1011,1";"1010,2";"3,3";"353,0";"9,5";"";"0,0"
"21/06/2026";"0900";"18,5";"19,1";"18,5";"78,0";"78,0";"75,0";"14,6";"14,7";"14,5";"1012,4";"1012,4";"1011,0";"2,6";"347,0";"6,9";"";"0,0"
"21/06/2026";"1000";"18,1";"18,5";"17,9";"83,0";"83,0";"78,0";"15,1";"15,1";"14,6";"1013,5";"1013,5";"1012,4";"1,1";"358,0";"4,3";"42,80";"0,0"
"21/06/2026";"1100";"19,0";"19,1";"17,9";"82,0";"85,0";"80,0";"15,8";"16,0";"15,0";"1014,4";"1014,4";"1013,5";"1,8";"78,0";"2,8";"253,70";"0,0"
"21/06/2026";"1200";"23,7";"24,0";"19,0";"70,0";"83,0";"69,0";"18,0";"18,2";"15,9";"1015,3";"1015,4";"1014,4";"0,8";"105,0";"2,8";"949,90";"0,0"
"21/06/2026";"1300";"24,8";"25,0";"23,4";"69,0";"74,0";"69,0";"18,8";"19,4";"17,9";"1015,7";"1015,8";"1015,3";"3,0";"209,0";"5,0";"1541,10";"0,0"
"21/06/2026";"1400";"26,7";"26,8";"24,7";"59,0";"70,0";"59,0";"18,0";"19,4";"17,6";"1015,4";"1015,8";"1015,3";"3,1";"231,0";"6,2";"2233,50";"0,0"
"21/06/2026";"1500";"27,6";"28,0";"26,0";"54,0";"60,0";"53,0";"17,3";"18,6";"16,7";"1014,8";"1015,4";"1014,8";"2,0";"192,0";"5,5";"2485,50";"0,0"
"21/06/2026";"1600";"26,4";"27,8";"25,8";"59,0";"60,0";"54,0";"17,6";"18,6";"16,9";"1014,1";"1014,8";"1014,1";"2,3";"173,0";"5,4";"1987,40";"0,0"
"21/06/2026";"1700";"25,9";"27,2";"25,6";"61,0";"62,0";"55,0";"17,7";"18,1";"17,1";"1013,8";"1014,1";"1013,8";"2,9";"161,0";"6,4";"1455,10";"0,0"
"21/06/2026";"1800";"25,5";"26,2";"24,7";"68,0";"69,0";"60,0";"19,2";"19,4";"17,7";"1014,1";"1014,1";"1013,8";"3,0";"185,0";"8,0";"1025,50";"0,0"
"21/06/2026";"1900";"22,8";"25,5";"22,8";"76,0";"76,0";"67,0";"18,3";"19,0";"18,2";"1014,7";"1014,8";"1014,0";"3,2";"184,0";"8,8";"815,80";"0,0"
"21/06/2026";"2000";"22,2";"22,9";"22,1";"75,0";"76,0";"74,0";"17,6";"18,3";"17,5";"1015,5";"1015,5";"1014,7";"2,4";"174,0";"8,0";"167,70";"0,0"
"21/06/2026";"2100";"21,8";"22,2";"21,7";"77,0";"77,0";"75,0";"17,5";"17,7";"17,4";"1016,1";"1016,1";"1015,5";"1,5";"185,0";"6,4";"3,60";"0,0"
"21/06/2026";"2200";"21,0";"21,8";"21,0";"79,0";"79,0";"76,0";"17,2";"17,5";"17,1";"1016,6";"1016,6";"1016,1";"1,5";"199,0";"5,2";"";"0,0"
"21/06/2026";"2300";"19,6";"21,0";"19,6";"85,0";"85,0";"79,0";"17,0";"17,4";"17,0";"1016,8";"1016,8";"1016,5";"2,4";"208,0";"3,4";"";"0,0"
"22/06/2026";"0000";"18,7";"19,7";"18,5";"89,0";"89,0";"85,0";"16,9";"17,3";"16,5";"1017,0";"1017,0";"1016,8";"0,6";"261,0";"3,4";"";"0,0"
"22/06/2026";"0100";"18,7";"18,8";"17,9";"91,0";"92,0";"89,0";"17,1";"17,3";"16,1";"1017,1";"1017,1";"1017,0";"0,7";"223,0";"2,2";"";"0,0"
"22/06/2026";"0200";"17,5";"18,7";"17,4";"93,0";"93,0";"90,0";"16,5";"17,0";"16,2";"1016,9";"1017,2";"1016,9";"0,2";"350,0";"1,5";"";"0,0"
"22/06/2026";"0300";"17,0";"17,7";"16,8";"95,0";"95,0";"93,0";"16,2";"16,8";"15,8";"1016,6";"1016,9";"1016,5";"1,3";"343,0";"2,2";"";"0,0"
"22/06/2026";"0400";"17,8";"17,9";"16,7";"95,0";"95,0";"95,0";"17,1";"17,1";"15,9";"1016,7";"1016,8";"1016,6";"1,7";"348,0";"2,4";"";"0,0"
"22/06/2026";"0500";"17,3";"17,8";"17,3";"95,0";"95,0";"95,0";"16,5";"17,0";"16,5";"1016,3";"1016,7";"1016,3";"1,3";"5,0";"2,1";"";"0,0"
"22/06/2026";"0600";"17,4";"17,5";"17,0";"95,0";"95,0";"95,0";"16,7";"16,7";"16,2";"1016,3";"1016,4";"1016,2";"1,4";"337,0";"1,8";"";"0,0"
"22/06/2026";"0700";"16,7";"17,4";"16,7";"96,0";"96,0";"95,0";"16,0";"16,5";"16,0";"1016,4";"1016,4";"1016,2";"1,5";"290,0";"1,8";"";"0,0"
"22/06/2026";"0800";"16,0";"16,7";"16,0";"96,0";"96,0";"96,0";"15,4";"16,0";"15,4";"1016,6";"1016,6";"1016,4";"1,0";"294,0";"1,8";"";"0,0"
"22/06/2026";"0900";"15,9";"16,1";"15,7";"96,0";"96,0";"96,0";"15,3";"15,5";"15,1";"1017,2";"1017,2";"1016,6";"0,9";"323,0";"1,4";"";"0,0"
"22/06/2026";"1000";"16,5";"16,5";"15,9";"96,0";"96,0";"96,0";"15,9";"15,9";"15,3";"1017,8";"1017,8";"1017,2";"1,1";"328,0";"1,9";"40,80";"0,0"
"22/06/2026";"1100";"18,5";"18,5";"16,5";"96,0";"96,0";"96,0";"17,8";"17,8";"16,0";"1018,4";"1018,4";"1017,8";"1,4";"294,0";"2,4";"540,20";"0,0"
"22/06/2026";"1200";"22,7";"22,7";"18,5";"77,0";"96,0";"77,0";"18,4";"19,9";"17,8";"1018,7";"1018,7";"1018,4";"1,2";"331,0";"2,5";"1228,00";"0,0"
"22/06/2026";"1300";"24,9";"25,1";"22,7";"63,0";"78,0";"63,0";"17,5";"18,9";"17,3";"1018,4";"1018,7";"1018,4";"2,6";"345,0";"5,1";"1845,00";"0,0"
"22/06/2026";"1400";"26,0";"26,6";"24,9";"60,0";"64,0";"58,0";"17,6";"18,1";"17,1";"1017,9";"1018,4";"1017,9";"2,1";"31,0";"5,5";"2183,30";"0,0"
"22/06/2026";"1500";"27,0";"28,0";"25,5";"55,0";"61,0";"53,0";"17,2";"18,4";"16,9";"1016,7";"1017,9";"1016,7";"2,7";"29,0";"5,2";"2095,00";"0,0"
"22/06/2026";"1600";"27,7";"28,8";"25,8";"50,0";"60,0";"49,0";"16,4";"18,0";"16,4";"1015,3";"1016,7";"1015,3";"3,1";"8,0";"5,5";"2160,10";"0,0"
"22/06/2026";"1700";"28,1";"29,0";"26,8";"52,0";"55,0";"48,0";"17,2";"17,5";"16,2";"1014,1";"1015,3";"1014,1";"3,0";"32,0";"5,5";"1817,00";"0,0"
"22/06/2026";"1800";"27,4";"28,1";"26,8";"55,0";"58,0";"51,0";"17,7";"18,3";"16,6";"1013,4";"1014,1";"1013,4";"2,6";"51,0";"6,0";"1503,60";"0,0"
"22/06/2026";"1900";"25,4";"28,4";"25,4";"65,0";"66,0";"50,0";"18,4";"18,7";"17,0";"1013,2";"1013,4";"1013,2";"3,3";"69,0";"6,6";"652,20";"0,0"
"22/06/2026";"2000";"22,8";"25,5";"22,8";"77,0";"77,0";"65,0";"18,6";"18,6";"18,0";"1013,3";"1013,3";"1013,1";"3,2";"65,0";"6,8";"330,90";"0,0"
"22/06/2026";"2100";"20,9";"22,7";"20,9";"88,0";"88,0";"77,0";"18,8";"18,8";"18,6";"1013,7";"1013,7";"1013,3";"1,7";"66,0";"5,6";"0,60";"0,0"
"22/06/2026";"2200";"20,6";"21,0";"20,6";"91,0";"91,0";"88,0";"19,0";"19,1";"18,8";"1013,9";"1013,9";"1013,7";"2,5";"54,0";"5,8";"";"0,0"
"22/06/2026";"2300";"19,6";"20,6";"19,6";"93,0";"93,0";"91,0";"18,4";"19,0";"18,4";"1014,5";"1014,5";"1013,9";"1,7";"30,0";"3,6";"";"0,0"
"23/06/2026";"0000";"19,5";"20,1";"19,5";"93,0";"94,0";"93,0";"18,4";"19,0";"18,3";"1014,7";"1014,7";"1014,4";"1,5";"28,0";"4,2";"";"0,0"
"23/06/2026";"0100";"18,9";"19,6";"18,9";"95,0";"95,0";"93,0";"18,0";"18,5";"17,9";"1015,1";"1015,1";"1014,7";"1,4";"290,0";"3,4";"";"0,0"
"23/06/2026";"0200";"18,6";"19,2";"18,4";"95,0";"95,0";"94,0";"17,8";"18,4";"17,5";"1015,0";"1015,5";"1015,0";"1,6";"321,0";"2,7";"";"0,0"
"23/06/2026";"0300";"18,3";"18,8";"18,1";"96,0";"96,0";"95,0";"17,6";"18,0";"17,3";"1014,5";"1015,0";"1014,5";"2,0";"10,0";"3,1";"";"0,0"
"23/06/2026";"0400";"19,1";"19,1";"18,2";"96,0";"96,0";"96,0";"18,4";"18,4";"17,5";"1013,8";"1014,5";"1013,8";"2,6";"15,0";"4,1";"";"0,0"
"23/06/2026";"0500";"18,4";"19,4";"18,4";"95,0";"96,0";"95,0";"17,6";"18,6";"17,6";"1013,0";"1013,8";"1013,0";"2,2";"20,0";"4,9";"";"0,0"
"23/06/2026";"0600";"18,5";"18,6";"18,2";"95,0";"95,0";"95,0";"17,7";"17,8";"17,4";"1012,5";"1013,0";"1012,5";"3,2";"17,0";"5,2";"";"0,0"
"23/06/2026";"0700";"18,3";"18,5";"18,2";"95,0";"95,0";"95,0";"17,5";"17,7";"17,4";"1012,5";"1012,6";"1012,3";"2,7";"14,0";"5,2";"";"0,2"
"23/06/2026";"0800";"18,8";"18,8";"18,3";"94,0";"95,0";"94,0";"17,8";"17,9";"17,5";"1012,4";"1012,5";"1012,3";"3,5";"17,0";"5,8";"";"0,0"
"23/06/2026";"0900";"17,8";"19,0";"17,8";"94,0";"94,0";"93,0";"16,8";"17,9";"16,8";"1012,4";"1012,6";"1012,4";"3,9";"35,0";"6,0";"";"0,0"
"23/06/2026";"1000";"18,1";"18,1";"17,3";"95,0";"95,0";"94,0";"17,3";"17,3";"16,3";"1013,0";"1013,0";"1012,4";"3,4";"21,0";"5,8";"38,10";"0,0"
"23/06/2026";"1100";"20,6";"20,6";"18,1";"86,0";"95,0";"86,0";"18,3";"18,4";"17,4";"1013,2";"1013,2";"1013,0";"4,5";"16,0";"7,5";"527,00";"0,0"
"23/06/2026";"1200";"23,1";"23,1";"20,6";"73,0";"86,0";"73,0";"18,0";"18,5";"17,6";"1013,4";"1013,4";"1013,2";"5,1";"1,0";"9,2";"1267,40";"0,0"
"23/06/2026";"1300";"25,9";"26,1";"23,0";"61,0";"73,0";"61,0";"17,7";"18,3";"17,5";"1013,0";"1013,4";"1012,9";"5,1";"4,0";"8,6";"1872,70";"0,0"
"23/06/2026";"1400";"28,3";"28,6";"25,9";"51,0";"61,0";"50,0";"17,3";"18,0";"16,9";"1012,4";"1012,9";"1012,4";"4,7";"349,0";"9,1";"2319,20";"0,0"
"23/06/2026";"1500";"29,6";"30,0";"28,2";"43,0";"51,0";"42,0";"15,7";"17,5";"15,1";"1011,4";"1012,4";"1011,4";"4,9";"323,0";"9,0";"2523,30";"0,0"
"23/06/2026";"1600";"30,0";"30,6";"29,6";"39,0";"43,0";"39,0";"14,4";"15,9";"14,4";"1010,1";"1011,4";"1010,1";"5,4";"329,0";"9,9";"2485,80";"0,0"
"23/06/2026";"1700";"30,9";"31,0";"29,9";"38,0";"40,0";"37,0";"15,1";"15,2";"14,3";"1009,5";"1010,1";"1009,4";"4,5";"326,0";"9,7";"2219,90";"0,0"
"23/06/2026";"1800";"30,5";"31,1";"29,7";"38,0";"40,0";"37,0";"14,5";"15,0";"14,2";"1009,5";"1009,6";"1009,4";"4,7";"323,0";"9,3";"1678,50";"0,0"
"23/06/2026";"1900";"29,6";"30,7";"29,6";"39,0";"39,0";"37,0";"14,1";"14,9";"13,7";"1009,6";"1009,7";"1009,5";"3,3";"332,0";"8,0";"1086,10";"0,0"
"23/06/2026";"2000";"26,5";"29,6";"26,5";"49,0";"49,0";"38,0";"14,9";"14,9";"13,8";"1010,4";"1010,4";"1009,6";"1,7";"344,0";"6,5";"347,90";"0,0"
"23/06/2026";"2100";"23,4";"26,5";"23,2";"64,0";"64,0";"49,0";"16,2";"16,2";"14,9";"1011,0";"1011,0";"1010,4";"1,2";"43,0";"3,0";"0,60";"0,0"
"23/06/2026";"2200";"21,7";"23,4";"21,6";"75,0";"77,0";"64,0";"16,9";"17,7";"16,1";"1011,9";"1011,9";"1011,0";"1,5";"357,0";"3,9";"";"0,0"
"23/06/2026";"2300";"21,6";"22,3";"21,3";"77,0";"78,0";"70,0";"17,5";"17,6";"16,5";"1012,5";"1012,5";"1011,9";"3,0";"225,0";"5,7";"";"0,0"
"24/06/2026";"0000";"20,9";"21,7";"20,9";"86,0";"86,0";"77,0";"18,4";"18,4";"17,6";"1012,6";"1012,6";"1012,4";"4,2";"220,0";"7,5";"";"0,0"
"24/06/2026";"0100";"21,2";"21,7";"20,9";"88,0";"88,0";"85,0";"19,1";"19,1";"18,5";"1012,9";"1012,9";"1012,6";"3,3";"214,0";"6,4";"";"0,0"
"24/06/2026";"0200";"21,1";"21,5";"21,1";"88,0";"88,0";"87,0";"19,1";"19,3";"19,1";"1013,3";"1013,3";"1012,8";"2,8";"207,0";"6,4";"";"0,0"
"24/06/2026";"0300";"19,0";"21,1";"19,0";"93,0";"93,0";"88,0";"17,9";"19,1";"17,9";"1013,7";"1013,7";"1013,3";"2,6";"216,0";"5,8";"";"0,0"
"24/06/2026";"0400";"18,8";"19,2";"18,5";"94,0";"94,0";"93,0";"17,9";"18,3";"17,5";"1013,2";"1013,7";"1013,2";"1,7";"203,0";"3,7";"";"0,0"
"24/06/2026";"0500";"19,1";"19,5";"18,8";"94,0";"95,0";"94,0";"18,2";"18,6";"17,9";"1013,1";"1013,2";"1012,9";"2,1";"206,0";"3,8";"";"0,0"
"24/06/2026";"0600";"19,0";"19,1";"18,7";"94,0";"95,0";"94,0";"18,0";"18,2";"17,7";"1013,0";"1013,1";"1012,9";"1,9";"200,0";"4,0";"";"0,0"
"24/06/2026";"0700";"18,8";"19,2";"18,7";"92,0";"94,0";"92,0";"17,5";"18,2";"17,5";"1012,9";"1013,0";"1012,9";"2,6";"207,0";"4,3";"";"0,0"
"24/06/2026";"0800";"18,5";"18,8";"18,5";"92,0";"93,0";"92,0";"17,2";"17,5";"17,2";"1013,2";"1013,3";"1012,9";"1,9";"205,0";"4,0";"";"0,0"
"24/06/2026";"0900";"18,3";"18,8";"18,3";"92,0";"93,0";"92,0";"17,0";"17,5";"17,0";"1013,6";"1013,6";"1013,2";"1,6";"204,0";"3,5";"";"0,0"
"24/06/2026";"1000";"17,7";"18,4";"17,7";"94,0";"94,0";"92,0";"16,7";"17,2";"16,7";"1014,3";"1014,3";"1013,6";"1,5";"282,0";"2,9";"55,50";"0,0"
"24/06/2026";"1100";"20,1";"20,3";"17,7";"88,0";"94,0";"88,0";"18,1";"18,6";"16,7";"1014,5";"1014,5";"1014,3";"1,1";"329,0";"2,5";"514,60";"0,0"
"24/06/2026";"1200";"22,9";"23,3";"20,1";"76,0";"88,0";"76,0";"18,5";"19,1";"18,1";"1014,9";"1015,0";"1014,5";"1,0";"269,0";"2,2";"1171,90";"0,0"
"24/06/2026";"1300";"25,7";"25,7";"22,8";"68,0";"77,0";"67,0";"19,4";"19,6";"18,4";"1015,1";"1015,3";"1014,9";"1,4";"355,0";"4,2";"1653,70";"0,0"
"24/06/2026";"1400";"26,7";"27,1";"25,1";"61,0";"68,0";"60,0";"18,5";"19,3";"18,3";"1014,1";"1015,1";"1014,1";"2,6";"345,0";"5,4";"2005,40";"0,0"
"24/06/2026";"1500";"28,1";"28,2";"26,2";"52,0";"61,0";"52,0";"17,3";"18,8";"17,1";"1012,5";"1014,1";"1012,5";"3,4";"10,0";"5,7";"2278,90";"0,0"
"24/06/2026";"1600";"29,3";"29,6";"27,9";"47,0";"53,0";"46,0";"16,6";"17,7";"16,3";"1011,2";"1012,6";"1011,2";"4,2";"340,0";"7,0";"2422,70";"0,0"
"24/06/2026";"1700";"29,7";"30,4";"29,2";"44,0";"47,0";"43,0";"16,1";"17,2";"15,9";"1010,5";"1011,2";"1010,4";"4,0";"5,0";"7,8";"2114,90";"0,0"
"24/06/2026";"1800";"30,0";"30,7";"29,8";"42,0";"44,0";"41,0";"15,7";"16,8";"15,4";"1010,7";"1010,7";"1010,5";"2,6";"324,0";"6,1";"1604,90";"0,0"
"24/06/2026";"1900";"27,2";"30,4";"27,1";"62,0";"62,0";"41,0";"19,3";"19,3";"15,3";"1011,3";"1011,3";"1010,7";"2,0";"88,0";"5,2";"931,30";"0,0"
"24/06/2026";"2000";"24,9";"27,2";"24,9";"69,0";"69,0";"61,0";"18,9";"19,2";"18,8";"1012,4";"1012,4";"1011,3";"1,8";"81,0";"4,8";"243,00";"0,0"
"24/06/2026";"2100";"23,0";"24,9";"23,0";"84,0";"84,0";"69,0";"20,1";"20,1";"18,9";"1014,2";"1014,2";"1012,4";"3,0";"195,0";"9,8";"1,30";"0,0"
"24/06/2026";"2200";"22,9";"23,0";"22,9";"82,0";"84,0";"82,0";"19,7";"20,1";"19,7";"1015,5";"1015,5";"1014,2";"2,7";"180,0";"8,4";"";"0,0"
"24/06/2026";"2300";"22,1";"22,9";"22,1";"83,0";"83,0";"81,0";"19,1";"19,7";"19,1";"1016,7";"1016,7";"1015,5";"3,3";"201,0";"8,3";"";"0,0"
"25/06/2026";"0000";"21,7";"22,1";"21,7";"82,0";"86,0";"82,0";"18,4";"19,4";"18,4";"1017,4";"1017,4";"1016,7";"3,4";"203,0";"9,0";"";"0,0"
"25/06/2026";"0100";"21,7";"21,8";"21,6";"81,0";"83,0";"81,0";"18,3";"18,5";"18,3";"1017,3";"1017,4";"1017,0";"2,2";"178,0";"8,5";"";"0,0"
"25/06/2026";"0200";"21,3";"21,7";"21,3";"84,0";"84,0";"81,0";"18,5";"18,5";"18,3";"1017,3";"1017,4";"1017,2";"1,3";"232,0";"5,7";"";"0,0"
"25/06/2026";"0300";"20,8";"21,3";"20,8";"86,0";"87,0";"84,0";"18,3";"18,5";"18,3";"1017,3";"1017,7";"1017,3";"0,8";"311,0";"2,4";"";"0,0"
"25/06/2026";"0400";"20,6";"20,8";"20,6";"85,0";"87,0";"85,0";"17,9";"18,4";"17,9";"1017,0";"1017,3";"1017,0";"1,9";"352,0";"3,5";"";"0,0"
"25/06/2026";"0500";"20,8";"20,8";"20,5";"83,0";"85,0";"82,0";"17,8";"17,9";"17,5";"1016,0";"1017,0";"1016,0";"2,6";"346,0";"4,4";"";"0,0"
"25/06/2026";"0600";"20,2";"20,8";"20,2";"85,0";"85,0";"83,0";"17,7";"17,8";"17,7";"1015,7";"1016,0";"1015,3";"2,0";"207,0";"5,2";"";"0,0"
"25/06/2026";"0700";"19,9";"20,4";"19,9";"87,0";"87,0";"86,0";"17,6";"18,1";"17,6";"1016,2";"1016,2";"1015,7";"2,1";"200,0";"6,8";"";"0,0"
"25/06/2026";"0800";"19,5";"20,1";"19,5";"88,0";"88,0";"86,0";"17,4";"17,7";"17,4";"1016,7";"1016,7";"1016,2";"2,2";"199,0";"6,1";"";"0,0"
"25/06/2026";"0900";"19,4";"19,5";"19,3";"89,0";"89,0";"88,0";"17,6";"17,6";"17,3";"1017,3";"1017,3";"1016,7";"1,7";"195,0";"5,8";"";"0,0"
"25/06/2026";"1000";"20,2";"20,2";"19,4";"86,0";"90,0";"86,0";"17,7";"17,9";"17,6";"1018,5";"1018,5";"1017,3";"3,5";"208,0";"7,3";"9,00";"0,0"
"25/06/2026";"1100";"20,6";"20,6";"20,2";"82,0";"86,0";"82,0";"17,4";"17,7";"17,4";"1019,5";"1019,5";"1018,5";"4,8";"213,0";"9,6";"81,10";"0,0"
"25/06/2026";"1200";"20,8";"20,9";"20,6";"83,0";"83,0";"81,0";"17,9";"17,9";"17,4";"1020,7";"1020,8";"1019,5";"4,0";"218,0";"9,6";"142,20";"0,0"
"25/06/2026";"1300";"19,9";"20,9";"19,8";"92,0";"92,0";"83,0";"18,6";"18,6";"17,8";"1021,3";"1021,3";"1020,7";"4,0";"223,0";"8,5";"288,30";"0,0"
"25/06/2026";"1400";"21,7";"21,9";"19,9";"83,0";"93,0";"83,0";"18,7";"19,7";"18,6";"1021,2";"1021,4";"1021,1";"4,2";"215,0";"9,0";"1170,70";"0,2"
"25/06/2026";"1500";"22,9";"23,2";"21,7";"75,0";"83,0";"75,0";"18,4";"18,9";"18,2";"1021,0";"1021,2";"1020,9";"3,7";"210,0";"9,4";"1102,50";"0,0"
"25/06/2026";"1600";"23,1";"23,9";"23,0";"74,0";"75,0";"71,0";"18,1";"18,7";"18,0";"1020,4";"1021,0";"1020,4";"5,3";"214,0";"9,5";"1471,40";"0,0"
"25/06/2026";"1700";"23,4";"24,0";"22,9";"73,0";"75,0";"72,0";"18,3";"18,8";"17,9";"1020,3";"1020,5";"1020,3";"3,9";"212,0";"9,5";"982,70";"0,0"
"25/06/2026";"1800";"22,7";"23,5";"22,5";"76,0";"77,0";"73,0";"18,3";"18,5";"18,0";"1020,4";"1020,5";"1020,3";"4,3";"212,0";"8,0";"528,70";"0,0"
"25/06/2026";"1900";"22,2";"23,0";"22,2";"78,0";"78,0";"75,0";"18,1";"18,4";"18,0";"1020,4";"1020,4";"1020,2";"3,6";"204,0";"9,0";"662,60";"0,0"
"25/06/2026";"2000";"21,1";"22,3";"21,1";"84,0";"84,0";"78,0";"18,3";"18,5";"18,1";"1021,1";"1021,1";"1020,4";"2,7";"207,0";"8,0";"234,80";"0,0"
"25/06/2026";"2100";"20,8";"21,1";"20,6";"86,0";"88,0";"84,0";"18,5";"18,7";"18,3";"1021,5";"1021,5";"1021,1";"2,0";"208,0";"6,4";"0,80";"0,0"
"25/06/2026";"2200";"20,1";"20,9";"20,0";"93,0";"93,0";"86,0";"18,9";"18,9";"18,5";"1021,8";"1021,8";"1021,4";"2,7";"221,0";"4,8";"";"0,0"
"25/06/2026";"2300";"19,9";"20,1";"19,9";"93,0";"93,0";"93,0";"18,8";"18,9";"18,7";"1022,4";"1022,5";"1021,8";"3,3";"222,0";"5,0";"";"0,0"
"26/06/2026";"0000";"19,9";"19,9";"19,8";"94,0";"94,0";"93,0";"18,9";"18,9";"18,8";"1022,7";"1022,7";"1022,3";"2,3";"226,0";"4,9";"";"0,0"
"26/06/2026";"0100";"19,8";"19,9";"19,6";"94,0";"94,0";"94,0";"18,8";"18,9";"18,6";"1022,7";"1022,7";"1022,6";"2,0";"230,0";"3,9";"";"0,0"
"26/06/2026";"0200";"19,8";"19,9";"19,8";"93,0";"94,0";"93,0";"18,7";"18,9";"18,7";"1022,4";"1022,7";"1022,4";"2,8";"228,0";"4,8";"";"0,0"
"26/06/2026";"0300";"19,9";"19,9";"19,8";"93,0";"93,0";"93,0";"18,8";"18,8";"18,7";"1022,3";"1022,5";"1022,3";"1,6";"241,0";"4,5";"";"0,0"
"26/06/2026";"0400";"19,7";"19,9";"19,7";"94,0";"94,0";"93,0";"18,7";"18,8";"18,7";"1021,9";"1022,3";"1021,9";"2,5";"234,0";"3,7";"";"0,0"
"26/06/2026";"0500";"19,5";"19,7";"19,5";"95,0";"95,0";"94,0";"18,7";"18,8";"18,6";"1021,2";"1021,9";"1021,2";"2,7";"224,0";"4,6";"";"0,0"
"26/06/2026";"0600";"19,5";"19,7";"19,5";"95,0";"95,0";"95,0";"18,6";"18,9";"18,6";"1021,0";"1021,3";"1021,0";"1,7";"233,0";"4,5";"";"0,0"
"26/06/2026";"0700";"19,2";"19,5";"19,1";"95,0";"95,0";"95,0";"18,4";"18,6";"18,2";"1021,1";"1021,1";"1021,0";"1,3";"356,0";"3,4";"";"0,0"
"26/06/2026";"0800";"19,3";"19,4";"19,2";"95,0";"95,0";"95,0";"18,5";"18,6";"18,4";"1021,2";"1021,3";"1021,1";"1,1";"319,0";"2,0";"";"0,0"
"26/06/2026";"0900";"18,9";"19,5";"18,9";"95,0";"95,0";"95,0";"18,1";"18,7";"18,1";"1021,1";"1021,3";"1021,1";"1,3";"252,0";"2,8";"";"0,0"
"26/06/2026";"1000";"19,3";"19,3";"18,7";"95,0";"95,0";"95,0";"18,4";"18,4";"17,8";"1021,5";"1021,5";"1021,1";"1,3";"231,0";"3,0";"34,80";"0,0"
"26/06/2026";"1100";"22,3";"22,3";"19,3";"85,0";"95,0";"85,0";"19,6";"20,9";"18,4";"1022,5";"1022,5";"1021,5";"0,5";"273,0";"2,2";"499,00";"0,0"
"26/06/2026";"1200";"24,2";"24,4";"22,3";"72,0";"84,0";"71,0";"18,9";"19,5";"18,4";"1023,5";"1023,5";"1022,5";"1,2";"32,0";"2,9";"1349,30";"0,0"
"26/06/2026";"1300";"25,7";"25,8";"24,1";"66,0";"73,0";"66,0";"18,8";"19,6";"18,3";"1023,0";"1023,5";"1023,0";"1,2";"289,0";"4,1";"1970,30";"0,0"
"26/06/2026";"1400";"27,3";"27,3";"25,6";"58,0";"66,0";"56,0";"18,2";"19,2";"17,7";"1022,3";"1023,0";"1022,3";"2,2";"21,0";"4,4";"2381,10";"0,0"
"26/06/2026";"1500";"26,8";"28,6";"26,5";"55,0";"58,0";"52,0";"17,1";"18,4";"17,0";"1021,3";"1022,3";"1021,3";"2,0";"4,0";"4,4";"2315,60";"0,0"
"26/06/2026";"1600";"28,3";"28,3";"26,8";"52,0";"57,0";"51,0";"17,5";"17,8";"17,0";"1020,2";"1021,3";"1020,2";"1,3";"36,0";"4,4";"1428,20";"0,0"
"26/06/2026";"1700";"28,2";"29,9";"28,0";"50,0";"52,0";"46,0";"16,8";"17,5";"16,4";"1019,5";"1020,2";"1019,5";"2,0";"2,0";"4,6";"1763,90";"0,0"
"26/06/2026";"1800";"26,8";"28,2";"26,7";"59,0";"60,0";"50,0";"18,0";"18,2";"16,9";"1019,6";"1019,6";"1019,5";"1,9";"91,0";"4,1";"419,00";"0,0"
"26/06/2026";"1900";"25,6";"26,8";"25,6";"64,0";"64,0";"59,0";"18,3";"18,6";"18,0";"1020,0";"1020,1";"1019,6";"3,4";"90,0";"5,8";"398,60";"0,0"
"26/06/2026";"2000";"24,3";"25,8";"24,3";"72,0";"72,0";"64,0";"18,9";"18,9";"18,1";"1020,6";"1020,6";"1020,0";"3,2";"81,0";"7,4";"191,30";"0,0"
"26/06/2026";"2100";"22,9";"24,3";"22,9";"81,0";"81,0";"72,0";"19,5";"19,5";"18,8";"1021,2";"1021,3";"1020,5";"2,9";"82,0";"6,5";"3,00";"0,0"
"26/06/2026";"2200";"21,8";"22,9";"21,8";"87,0";"87,0";"81,0";"19,6";"19,7";"19,5";"1021,6";"1021,6";"1021,2";"1,6";"68,0";"5,3";"";"0,0"
"26/06/2026";"2300";"21,7";"22,0";"21,7";"90,0";"90,0";"87,0";"20,0";"20,0";"19,6";"1022,0";"1022,0";"1021,6";"1,2";"74,0";"3,0";"";"0,0"
"27/06/2026";"0000";"21,7";"22,0";"21,6";"91,0";"91,0";"89,0";"20,1";"20,2";"19,9";"1022,3";"1022,3";"1022,0";"0,5";"10,0";"2,5";"";"0,0"
"27/06/2026";"0100";"21,5";"21,7";"21,4";"92,0";"92,0";"91,0";"20,0";"20,2";"19,9";"1022,6";"1022,6";"1022,3";"0,9";"274,0";"1,7";"";"0,0"
"27/06/2026";"0200";"21,6";"21,7";"21,5";"92,0";"92,0";"92,0";"20,2";"20,3";"20,0";"1022,7";"1022,7";"1022,6";"1,3";"251,0";"2,0";"";"0,0"
"27/06/2026";"0300";"21,6";"21,8";"21,6";"91,0";"92,0";"91,0";"20,1";"20,3";"20,1";"1022,3";"1022,8";"1022,3";"0,4";"100,0";"2,2";"";"0,0"
"27/06/2026";"0400";"21,2";"21,6";"21,1";"93,0";"93,0";"91,0";"20,1";"20,2";"19,8";"1022,1";"1022,3";"1021,9";"0,8";"169,0";"2,4";"";"0,0"
"27/06/2026";"0500";"21,3";"21,5";"20,8";"94,0";"94,0";"93,0";"20,4";"20,4";"19,6";"1021,2";"1022,1";"1021,2";"0,8";"167,0";"4,0";"";"0,0"
"27/06/2026";"0600";"21,0";"21,5";"21,0";"94,0";"94,0";"94,0";"20,1";"20,5";"20,0";"1020,5";"1021,2";"1020,5";"1,1";"100,0";"3,8";"";"0,0"
"27/06/2026";"0700";"20,7";"21,0";"20,6";"94,0";"94,0";"94,0";"19,8";"20,1";"19,6";"1020,7";"1021,0";"1020,5";"0,8";"341,0";"2,3";"";"0,0"
"27/06/2026";"0800";"20,4";"20,7";"20,3";"95,0";"95,0";"94,0";"19,5";"19,7";"19,3";"1021,0";"1021,0";"1020,7";"1,0";"255,0";"2,2";"";"0,0"
"27/06/2026";"0900";"20,1";"20,4";"19,8";"95,0";"95,0";"95,0";"19,3";"19,6";"18,9";"1021,5";"1021,5";"1021,0";"0,9";"74,0";"1,5";"";"0,0"
"27/06/2026";"1000";"19,7";"20,1";"19,4";"95,0";"95,0";"95,0";"18,9";"19,4";"18,6";"1021,9";"1022,0";"1021,5";"1,4";"14,0";"1,7";"28,50";"0,0"
"27/06/2026";"1100";"22,6";"22,6";"19,7";"93,0";"96,0";"93,0";"21,4";"21,6";"19,0";"1022,3";"1022,3";"1021,9";"2,3";"10,0";"3,8";"486,20";"0,0"
"27/06/2026";"1200";"25,1";"25,2";"22,6";"73,0";"93,0";"73,0";"20,0";"21,8";"20,0";"1022,7";"1022,7";"1022,3";"2,7";"13,0";"4,5";"1238,70";"0,0"
"27/06/2026";"1300";"27,0";"27,3";"25,1";"61,0";"74,0";"61,0";"18,9";"20,3";"18,9";"1022,6";"1022,9";"1022,6";"3,8";"14,0";"6,2";"1835,90";"0,0"
"27/06/2026";"1400";"28,9";"28,9";"26,6";"56,0";"63,0";"55,0";"19,1";"19,7";"18,0";"1022,1";"1022,7";"1022,1";"3,4";"33,0";"7,4";"2205,90";"0,0"
"27/06/2026";"1500";"29,3";"29,5";"27,4";"51,0";"57,0";"51,0";"18,0";"19,1";"17,4";"1020,9";"1022,1";"1020,9";"3,8";"24,0";"7,6";"2032,20";"0,0"
"27/06/2026";"1600";"28,7";"30,0";"28,1";"54,0";"56,0";"48,0";"18,6";"18,7";"17,3";"1020,0";"1020,9";"1020,0";"3,1";"52,0";"6,5";"1992,10";"0,0"
"27/06/2026";"1700";"27,6";"29,2";"27,3";"57,0";"58,0";"52,0";"18,1";"19,0";"17,8";"1019,4";"1020,0";"1019,3";"4,8";"70,0";"8,2";"1872,20";"0,0"
"27/06/2026";"1800";"27,2";"28,2";"27,2";"58,0";"58,0";"54,0";"18,3";"18,6";"17,7";"1019,1";"1019,4";"1019,0";"4,4";"76,0";"8,5";"1692,20";"0,0"
"27/06/2026";"1900";"26,0";"27,2";"26,0";"62,0";"62,0";"58,0";"18,1";"18,3";"17,7";"1018,9";"1019,1";"1018,9";"4,7";"70,0";"9,3";"1066,00";"0,0"
"27/06/2026";"2000";"24,1";"26,0";"24,1";"75,0";"75,0";"62,0";"19,3";"19,3";"18,1";"1019,5";"1019,5";"1018,9";"4,3";"75,0";"8,2";"370,60";"0,0"
"27/06/2026";"2100";"22,3";"24,1";"22,3";"85,0";"85,0";"75,0";"19,7";"19,8";"19,3";"1020,2";"1020,2";"1019,5";"2,0";"72,0";"7,0";"2,50";"0,0"
"27/06/2026";"2200";"21,4";"22,4";"21,4";"92,0";"92,0";"85,0";"20,0";"20,2";"19,8";"1020,7";"1020,7";"1020,2";"1,4";"54,0";"3,7";"";"0,0"
"27/06/2026";"2300";"21,5";"21,5";"21,2";"94,0";"94,0";"92,0";"20,5";"20,5";"19,9";"1021,3";"1021,3";"1020,7";"0,6";"47,0";"2,2";"";"0,0"
"28/06/2026";"0000";"21,0";"21,5";"20,9";"94,0";"94,0";"94,0";"20,0";"20,5";"19,9";"1021,3";"1021,4";"1021,3";"1,3";"59,0";"1,9";"";"0,0"
"28/06/2026";"0100";"20,6";"21,1";"20,6";"95,0";"95,0";"94,0";"19,8";"20,2";"19,7";"1021,5";"1021,6";"1021,3";"1,9";"74,0";"2,7";"";"0,0"
"28/06/2026";"0200";"20,4";"20,8";"20,1";"95,0";"95,0";"95,0";"19,6";"19,9";"19,2";"1021,2";"1021,5";"1021,2";"0,9";"339,0";"2,7";"";"0,0"
"28/06/2026";"0300";"20,7";"20,8";"20,3";"95,0";"95,0";"95,0";"19,9";"20,0";"19,5";"1020,7";"1021,2";"1020,7";"1,5";"77,0";"2,1";"";"0,0"
"28/06/2026";"0400";"19,9";"20,8";"19,8";"95,0";"95,0";"95,0";"19,1";"20,0";"19,1";"1020,5";"1020,8";"1020,5";"0,6";"5,0";"2,2";"";"0,0"
"28/06/2026";"0500";"19,1";"20,1";"19,1";"95,0";"96,0";"95,0";"18,4";"19,3";"18,4";"1020,2";"1020,5";"1020,2";"0,7";"342,0";"1,0";"";"0,0"
"28/06/2026";"0600";"18,7";"20,0";"18,3";"96,0";"96,0";"95,0";"18,1";"19,3";"17,5";"1019,6";"1020,2";"1019,6";"1,3";"279,0";"1,6";"";"0,0"
"28/06/2026";"0700";"19,3";"19,9";"18,7";"96,0";"96,0";"96,0";"18,6";"19,2";"18,1";"1019,6";"1019,6";"1019,5";"0,4";"129,0";"1,6";"";"0,0"
"28/06/2026";"0800";"18,4";"19,5";"18,1";"96,0";"96,0";"96,0";"17,8";"18,9";"17,4";"1019,7";"1019,7";"1019,6";"1,4";"35,0";"2,7";"";"0,0"
"28/06/2026";"0900";"18,5";"18,8";"18,2";"96,0";"96,0";"96,0";"17,9";"18,2";"17,6";"1020,0";"1020,1";"1019,7";"1,0";"227,0";"2,1";"";"0,0"
"28/06/2026";"1000";"19,1";"19,1";"18,2";"96,0";"96,0";"96,0";"18,5";"18,5";"17,6";"1020,7";"1020,7";"1020,0";"0,2";"338,0";"1,3";"37,70";"0,0"
"28/06/2026";"1100";"21,6";"21,6";"19,1";"96,0";"96,0";"96,0";"20,8";"20,8";"18,5";"1021,3";"1021,3";"1020,7";"1,4";"10,0";"2,5";"520,60";"0,0"
"28/06/2026";"1200";"24,1";"24,3";"21,6";"76,0";"96,0";"76,0";"19,7";"21,5";"19,7";"1021,8";"1021,8";"1021,3";"2,6";"25,0";"3,9";"1271,80";"0,0"
"28/06/2026";"1300";"27,2";"27,2";"24,1";"58,0";"76,0";"57,0";"18,2";"20,1";"17,6";"1021,7";"1021,9";"1021,7";"3,5";"19,0";"5,9";"1871,60";"0,0"
"28/06/2026";"1400";"28,3";"29,1";"27,0";"52,0";"58,0";"50,0";"17,4";"18,2";"16,8";"1021,1";"1021,7";"1021,1";"4,6";"22,0";"7,7";"2329,10";"0,0"
"28/06/2026";"1500";"28,3";"29,4";"27,9";"50,0";"52,0";"47,0";"16,8";"17,6";"16,2";"1019,9";"1021,1";"1019,8";"3,9";"32,0";"7,8";"2393,50";"0,0"
"28/06/2026";"1600";"28,5";"29,9";"27,3";"54,0";"56,0";"47,0";"18,3";"18,3";"16,6";"1018,5";"1019,9";"1018,5";"4,5";"59,0";"9,6";"2166,10";"0,0"
"28/06/2026";"1700";"27,6";"28,9";"27,6";"56,0";"56,0";"51,0";"17,9";"18,3";"17,1";"1017,7";"1018,5";"1017,7";"4,9";"67,0";"9,6";"2119,60";"0,0"
"28/06/2026";"1800";"26,5";"27,6";"26,4";"60,0";"60,0";"55,0";"18,0";"18,5";"17,6";"1017,2";"1017,7";"1017,2";"5,4";"69,0";"10,1";"1748,30";"0,2"
"28/06/2026";"1900";"25,6";"26,9";"25,5";"62,0";"63,0";"59,0";"17,9";"18,4";"17,6";"1017,2";"1017,3";"1017,1";"4,8";"65,0";"10,1";"1085,90";"0,0"
"28/06/2026";"2000";"24,1";"25,6";"24,1";"71,0";"71,0";"62,0";"18,5";"18,6";"17,9";"1017,4";"1017,4";"1017,2";"3,4";"60,0";"8,7";"380,90";"0,0"
"28/06/2026";"2100";"22,5";"24,1";"22,5";"80,0";"80,0";"71,0";"18,9";"19,0";"18,5";"1017,7";"1017,7";"1017,3";"2,6";"62,0";"7,3";"3,10";"0,0"
"28/06/2026";"2200";"21,9";"22,7";"21,9";"84,0";"84,0";"80,0";"19,1";"19,3";"19,0";"1018,2";"1018,2";"1017,7";"1,8";"44,0";"5,6";"";"0,0"
"28/06/2026";"2300";"21,3";"21,9";"21,2";"89,0";"89,0";"84,0";"19,5";"19,6";"19,1";"1018,4";"1018,4";"1018,2";"2,1";"44,0";"4,0";"";"0,0"
"29/06/2026";"0000";"20,6";"21,3";"20,6";"93,0";"93,0";"89,0";"19,4";"19,6";"19,2";"1018,5";"1018,6";"1018,4";"1,6";"31,0";"3,3";"";"0,0"
"29/06/2026";"0100";"20,3";"20,6";"20,1";"94,0";"94,0";"93,0";"19,3";"19,5";"19,2";"1018,5";"1018,7";"1018,5";"1,0";"26,0";"2,4";"";"0,0"
"29/06/2026";"0200";"19,7";"20,3";"19,4";"95,0";"95,0";"94,0";"18,9";"19,3";"18,5";"1018,5";"1018,6";"1018,4";"1,1";"8,0";"2,4";"";"0,0"
"29/06/2026";"0300";"19,0";"19,8";"19,0";"95,0";"95,0";"95,0";"18,3";"19,0";"18,3";"1018,0";"1018,5";"1018,0";"1,5";"20,0";"2,0";"";"0,0"
"29/06/2026";"0400";"19,3";"19,4";"18,8";"96,0";"96,0";"95,0";"18,5";"18,7";"18,0";"1017,7";"1018,0";"1017,7";"2,2";"16,0";"3,5";"";"0,0"
"29/06/2026";"0500";"18,7";"19,3";"18,7";"96,0";"96,0";"96,0";"18,0";"18,5";"17,9";"1017,2";"1017,7";"1017,2";"1,7";"29,0";"3,9";"";"0,0"
"29/06/2026";"0600";"18,8";"19,5";"18,7";"95,0";"96,0";"95,0";"18,1";"18,8";"18,1";"1017,0";"1017,2";"1017,0";"2,2";"11,0";"4,2";"";"0,0"
"29/06/2026";"0700";"18,7";"19,0";"18,5";"96,0";"96,0";"95,0";"18,0";"18,2";"17,8";"1016,8";"1017,0";"1016,8";"2,3";"56,0";"3,8";"";"0,0"
"29/06/2026";"0800";"18,9";"19,0";"18,3";"96,0";"96,0";"96,0";"18,2";"18,3";"17,6";"1016,8";"1016,8";"1016,6";"2,7";"16,0";"4,3";"";"0,0"
"29/06/2026";"0900";"18,6";"18,9";"18,0";"95,0";"96,0";"95,0";"17,9";"18,2";"17,2";"1017,1";"1017,1";"1016,8";"2,4";"19,0";"4,2";"";"0,0"
"29/06/2026";"1000";"19,2";"19,2";"18,1";"94,0";"95,0";"94,0";"18,2";"18,2";"17,3";"1017,8";"1017,8";"1017,1";"3,9";"356,0";"7,2";"34,30";"0,0"
"29/06/2026";"1100";"21,2";"21,2";"19,1";"88,0";"94,0";"88,0";"19,2";"19,2";"18,1";"1018,4";"1018,4";"1017,8";"3,3";"360,0";"6,7";"517,40";"0,0"
"29/06/2026";"1200";"24,2";"24,2";"21,2";"74,0";"88,0";"74,0";"19,3";"19,7";"19,0";"1018,9";"1018,9";"1018,4";"4,4";"360,0";"7,4";"1270,70";"0,0"
"29/06/2026";"1300";"26,5";"26,8";"24,2";"59,0";"74,0";"59,0";"17,9";"19,4";"17,8";"1019,1";"1019,2";"1018,7";"4,3";"345,0";"8,1";"1871,50";"0,0"
"29/06/2026";"1400";"28,4";"28,6";"26,4";"49,0";"60,0";"48,0";"16,8";"18,6";"16,1";"1018,6";"1019,1";"1018,6";"4,7";"335,0";"8,6";"2301,30";"0,0"
"29/06/2026";"1500";"29,8";"29,8";"28,1";"47,0";"50,0";"45,0";"17,2";"17,2";"16,1";"1017,6";"1018,6";"1017,6";"4,2";"318,0";"8,0";"2495,20";"0,0"
"29/06/2026";"1600";"29,9";"30,4";"28,5";"44,0";"48,0";"43,0";"16,4";"16,9";"15,9";"1016,6";"1017,6";"1016,6";"3,8";"329,0";"7,7";"2379,90";"0,0"
"29/06/2026";"1700";"30,5";"30,9";"29,4";"41,0";"44,0";"40,0";"15,9";"16,5";"15,6";"1015,9";"1016,6";"1015,8";"3,0";"323,0";"7,6";"2238,20";"0,2"
"29/06/2026";"1800";"30,3";"31,0";"29,9";"42,0";"43,0";"41,0";"15,9";"16,4";"15,5";"1015,8";"1016,0";"1015,7";"2,1";"328,0";"6,1";"1764,40";"0,0"
"29/06/2026";"1900";"27,4";"30,5";"27,4";"53,0";"54,0";"41,0";"17,0";"17,6";"15,7";"1015,9";"1015,9";"1015,7";"3,3";"70,0";"6,4";"1273,50";"0,0"
"29/06/2026";"2000";"24,8";"27,3";"24,8";"67,0";"67,0";"53,0";"18,3";"18,3";"17,0";"1016,4";"1016,4";"1015,9";"2,5";"66,0";"6,0";"396,30";"0,0"
"29/06/2026";"2100";"22,7";"24,8";"22,7";"80,0";"80,0";"67,0";"19,1";"19,1";"18,2";"1016,6";"1016,6";"1016,4";"2,2";"65,0";"4,9";"2,90";"0,0"
"29/06/2026";"2200";"22,2";"22,7";"22,2";"85,0";"85,0";"80,0";"19,6";"19,6";"19,1";"1016,9";"1016,9";"1016,6";"2,5";"56,0";"4,5";"";"0,0"
"29/06/2026";"2300";"21,5";"22,2";"21,4";"88,0";"88,0";"85,0";"19,3";"19,5";"19,1";"1017,4";"1017,4";"1016,9";"2,0";"47,0";"4,1";"";"0,0"
"30/06/2026";"0000";"20,4";"21,5";"20,2";"92,0";"92,0";"88,0";"19,0";"19,3";"18,7";"1017,8";"1017,8";"1017,4";"1,1";"26,0";"3,1";"";"0,0"
"30/06/2026";"0100";"20,0";"20,6";"20,0";"93,0";"93,0";"92,0";"18,8";"19,3";"18,7";"1018,0";"1018,0";"1017,8";"1,2";"350,0";"2,3";"";"0,0"
"30/06/2026";"0200";"19,4";"20,1";"19,4";"94,0";"94,0";"93,0";"18,4";"19,0";"18,4";"1017,9";"1018,0";"1017,9";"1,5";"26,0";"2,5";"";"0,0"
"30/06/2026";"0300";"18,4";"19,8";"18,3";"94,0";"95,0";"94,0";"17,4";"18,9";"17,3";"1017,4";"1018,0";"1017,4";"1,8";"30,0";"4,0";"";"0,0"
"30/06/2026";"0400";"19,7";"19,8";"18,4";"95,0";"95,0";"94,0";"18,9";"19,1";"17,5";"1017,1";"1017,5";"1017,1";"1,5";"38,0";"4,0";"";"0,0"
"30/06/2026";"0500";"19,5";"19,7";"19,1";"96,0";"96,0";"95,0";"18,8";"18,8";"18,4";"1016,3";"1017,1";"1016,3";"0,9";"39,0";"2,3";"";"0,0"
"30/06/2026";"0600";"18,4";"19,6";"18,3";"96,0";"96,0";"95,0";"17,7";"18,8";"17,6";"1016,0";"1016,3";"1016,0";"1,4";"45,0";"2,0";"";"0,0"
"30/06/2026";"0700";"18,0";"18,9";"17,8";"96,0";"96,0";"96,0";"17,4";"18,2";"17,2";"1015,9";"1016,0";"1015,9";"1,1";"267,0";"2,0";"";"0,0"
"30/06/2026";"0800";"17,0";"18,0";"17,0";"96,0";"96,0";"96,0";"16,4";"17,4";"16,3";"1016,2";"1016,2";"1015,9";"1,7";"298,0";"2,3";"";"0,0"
"30/06/2026";"0900";"16,8";"17,0";"16,4";"96,0";"96,0";"96,0";"16,2";"16,4";"15,9";"1017,0";"1017,0";"1016,2";"1,5";"309,0";"2,3";"";"0,0"
"30/06/2026";"1000";"17,3";"17,4";"16,4";"96,0";"96,0";"96,0";"16,8";"16,8";"15,9";"1018,1";"1018,1";"1017,0";"1,1";"313,0";"1,7";"41,60";"0,0"
"30/06/2026";"1100";"20,4";"20,4";"17,3";"96,0";"96,0";"96,0";"19,7";"19,7";"16,7";"1018,5";"1018,6";"1018,1";"1,5";"221,0";"3,3";"513,10";"0,0"
"30/06/2026";"1200";"23,4";"23,4";"20,4";"80,0";"96,0";"80,0";"19,8";"20,7";"19,5";"1018,5";"1018,6";"1018,5";"1,5";"209,0";"4,4";"1258,20";"0,0"
"30/06/2026";"1300";"25,3";"25,3";"23,4";"70,0";"81,0";"69,0";"19,4";"20,0";"18,8";"1018,4";"1018,6";"1018,4";"1,4";"294,0";"3,5";"1833,30";"0,0"
"30/06/2026";"1400";"27,3";"27,7";"25,0";"54,0";"71,0";"54,0";"17,3";"19,5";"17,3";"1018,0";"1018,4";"1018,0";"2,8";"5,0";"5,2";"2265,70";"0,2"
"30/06/2026";"1500";"29,5";"29,7";"27,0";"47,0";"58,0";"47,0";"17,1";"18,2";"16,5";"1017,3";"1018,0";"1017,3";"2,9";"10,0";"6,0";"2459,40";"0,0"
"30/06/2026";"1600";"30,6";"30,6";"28,9";"42,0";"48,0";"42,0";"16,2";"17,2";"16,0";"1016,3";"1017,3";"1016,3";"4,1";"35,0";"6,6";"2420,00";"0,0"
"30/06/2026";"1700";"30,7";"31,2";"29,7";"41,0";"44,0";"41,0";"16,1";"16,7";"15,8";"1015,5";"1016,3";"1015,5";"3,7";"37,0";"7,1";"2178,30";"0,0"
"30/06/2026";"1800";"27,5";"31,4";"27,4";"56,0";"57,0";"41,0";"17,8";"18,9";"16,1";"1015,3";"1015,5";"1015,2";"5,0";"69,0";"8,3";"1209,50";"0,0"
"30/06/2026";"1900";"26,5";"27,8";"26,1";"67,0";"67,0";"56,0";"19,9";"19,9";"17,8";"1015,4";"1015,4";"1015,3";"4,1";"54,0";"9,0";"1047,00";"0,0"
"30/06/2026";"2000";"24,7";"26,7";"24,7";"75,0";"75,0";"66,0";"19,9";"20,1";"19,6";"1015,7";"1015,7";"1015,4";"5,1";"58,0";"9,1";"279,50";"0,0"
"30/06/2026";"2100";"23,6";"24,7";"23,6";"82,0";"82,0";"75,0";"20,3";"20,3";"19,9";"1016,2";"1016,2";"1015,7";"3,6";"58,0";"10,1";"6,10";"0,0"
"30/06/2026";"2200";"22,9";"23,6";"22,9";"86,0";"86,0";"82,0";"20,4";"20,5";"20,3";"1016,7";"1016,7";"1016,2";"2,3";"60,0";"6,0";"";"0,0"
"30/06/2026";"2300";"22,4";"22,9";"22,3";"87,0";"88,0";"86,0";"20,2";"20,4";"20,1";"1017,1";"1017,1";"1016,7";"1,6";"80,0";"3,9";"";"0,0"
"01/07/2026";"0000";"22,4";"22,6";"22,4";"87,0";"87,0";"86,0";"20,1";"20,3";"19,9";"1017,3";"1017,3";"1017,1";"1,5";"82,0";"2,8";"";"0,0"
"01/07/2026";"0100";"21,9";"22,5";"21,9";"87,0";"87,0";"86,0";"19,6";"20,1";"19,6";"1017,7";"1017,7";"1017,3";"1,7";"74,0";"2,3";"";"0,0"
"01/07/2026";"0200";"21,4";"21,9";"21,4";"90,0";"90,0";"87,0";"19,7";"19,9";"19,5";"1017,6";"1017,7";"1017,6";"1,9";"67,0";"2,7";"";"0,0"
"01/07/2026";"0300";"21,1";"21,7";"21,1";"90,0";"91,0";"89,0";"19,3";"20,0";"19,3";"1017,7";"1017,7";"1017,5";"2,0";"42,0";"3,5";"";"0,0"
"01/07/2026";"0400";"20,9";"21,2";"20,8";"91,0";"91,0";"90,0";"19,4";"19,6";"19,2";"1017,5";"1017,7";"1017,5";"1,9";"52,0";"3,1";"";"0,0"
"01/07/2026";"0500";"20,0";"20,9";"20,0";"93,0";"93,0";"91,0";"18,8";"19,3";"18,8";"1017,1";"1017,5";"1017,1";"1,7";"29,0";"3,1";"";"0,0"
"01/07/2026";"0600";"20,0";"20,3";"19,7";"94,0";"94,0";"93,0";"19,0";"19,2";"18,7";"1016,5";"1017,1";"1016,5";"1,6";"44,0";"3,0";"";"0,0"
"01/07/2026";"0700";"19,6";"20,0";"19,5";"95,0";"95,0";"94,0";"18,7";"19,0";"18,6";"1016,3";"1016,5";"1016,3";"1,0";"354,0";"2,9";"";"0,0"
"01/07/2026";"0800";"19,6";"19,7";"19,3";"95,0";"95,0";"94,0";"18,7";"18,9";"18,4";"1016,5";"1016,5";"1016,2";"1,4";"48,0";"3,7";"";"0,0"
"01/07/2026";"0900";"19,2";"19,6";"19,0";"95,0";"95,0";"95,0";"18,4";"18,8";"18,2";"1017,0";"1017,0";"1016,5";"1,4";"53,0";"2,6";"";"0,0"
"01/07/2026";"1000";"19,7";"19,7";"18,7";"95,0";"95,0";"95,0";"19,0";"19,0";"17,9";"1017,3";"1017,3";"1017,0";"2,2";"46,0";"3,7";"33,50";"0,0"
"01/07/2026";"1100";"22,5";"22,5";"19,7";"84,0";"95,0";"84,0";"19,7";"19,9";"18,9";"1018,3";"1018,3";"1017,3";"2,9";"19,0";"5,1";"522,20";"0,0"
"01/07/2026";"1200";"25,2";"25,2";"22,4";"70,0";"84,0";"69,0";"19,2";"20,0";"18,7";"1018,5";"1018,7";"1018,3";"3,5";"21,0";"6,2";"1249,30";"0,0"
"01/07/2026";"1300";"27,7";"27,8";"25,2";"55,0";"70,0";"54,0";"17,8";"19,3";"17,0";"1018,6";"1018,7";"1018,5";"4,5";"33,0";"8,1";"1886,70";"0,0"
"01/07/2026";"1400";"29,2";"29,6";"27,7";"49,0";"55,0";"49,0";"17,4";"18,4";"17,4";"1018,3";"1018,6";"1018,3";"3,9";"17,0";"7,7";"2313,90";"0,0"
"01/07/2026";"1500";"30,1";"30,5";"28,9";"46,0";"50,0";"44,0";"17,0";"17,7";"16,1";"1017,3";"1018,3";"1017,3";"3,4";"46,0";"7,8";"2524,50";"0,0"
"01/07/2026";"1600";"30,6";"31,6";"29,9";"42,0";"45,0";"39,0";"16,4";"16,8";"15,5";"1016,5";"1017,3";"1016,5";"3,7";"25,0";"7,8";"2422,60";"0,0"
"01/07/2026";"1700";"28,1";"31,0";"27,4";"54,0";"57,0";"41,0";"17,9";"18,3";"15,8";"1016,1";"1016,5";"1016,1";"5,5";"69,0";"10,0";"1724,90";"0,0"
"01/07/2026";"1800";"27,5";"28,1";"27,2";"59,0";"60,0";"54,0";"18,7";"19,1";"17,7";"1015,9";"1016,1";"1015,9";"5,0";"58,0";"10,8";"1516,20";"0,0"
"01/07/2026";"1900";"26,1";"27,6";"26,1";"65,0";"65,0";"59,0";"19,0";"19,2";"18,7";"1016,5";"1016,5";"1015,9";"4,3";"70,0";"9,6";"1017,70";"0,0"
"01/07/2026";"2000";"24,7";"26,0";"24,7";"69,0";"70,0";"65,0";"18,7";"19,2";"18,7";"1017,2";"1017,2";"1016,5";"3,0";"63,0";"9,8";"350,30";"0,0"
"01/07/2026";"2100";"23,4";"24,7";"23,4";"73,0";"73,0";"69,0";"18,2";"18,7";"18,1";"1017,7";"1017,7";"1017,2";"3,1";"52,0";"6,9";"3,80";"0,0"
"01/07/2026";"2200";"22,3";"23,4";"22,3";"78,0";"78,0";"72,0";"18,3";"18,5";"18,1";"1018,2";"1018,2";"1017,7";"1,9";"45,0";"5,3";"";"0,0"
"01/07/2026";"2300";"21,0";"22,3";"21,0";"83,0";"83,0";"78,0";"18,0";"18,3";"17,9";"1018,6";"1018,6";"1018,2";"1,7";"28,0";"3,6";"";"0,0"
"02/07/2026";"0000";"20,5";"21,1";"20,3";"87,0";"88,0";"83,0";"18,3";"18,7";"17,8";"1018,7";"1018,7";"1018,6";"1,1";"20,0";"2,5";"";"0,0"
"02/07/2026";"0100";"20,5";"20,7";"19,7";"89,0";"91,0";"87,0";"18,6";"18,7";"17,9";"1018,4";"1018,8";"1018,4";"2,3";"44,0";"3,3";"";"0,0"
"02/07/2026";"0200";"20,5";"20,8";"20,3";"90,0";"90,0";"87,0";"18,8";"18,9";"18,1";"1018,2";"1018,4";"1018,2";"2,6";"40,0";"5,5";"";"0,0"
"02/07/2026";"0300";"20,3";"20,8";"20,0";"93,0";"93,0";"90,0";"19,2";"19,3";"18,7";"1018,4";"1018,5";"1018,2";"2,4";"38,0";"4,1";"";"0,0"
"02/07/2026";"0400";"19,7";"20,6";"19,7";"93,0";"94,0";"93,0";"18,6";"19,5";"18,6";"1018,2";"1018,4";"1018,2";"1,7";"17,0";"3,6";"";"0,0"
"02/07/2026";"0500";"19,5";"19,7";"19,3";"94,0";"94,0";"93,0";"18,4";"18,6";"18,3";"1018,0";"1018,3";"1018,0";"2,4";"51,0";"3,9";"";"0,0"
"02/07/2026";"0600";"19,7";"19,7";"19,4";"93,0";"94,0";"93,0";"18,6";"18,6";"18,3";"1017,3";"1018,0";"1017,3";"2,8";"31,0";"4,2";"";"0,0"
"02/07/2026";"0700";"18,5";"20,9";"18,5";"93,0";"93,0";"90,0";"17,3";"19,4";"17,3";"1017,1";"1017,3";"1017,1";"1,8";"45,0";"5,5";"";"0,0"
"02/07/2026";"0800";"18,8";"18,8";"18,3";"94,0";"94,0";"93,0";"17,8";"17,9";"17,2";"1017,4";"1017,4";"1017,1";"2,0";"35,0";"3,5";"";"0,0"
"02/07/2026";"0900";"18,3";"19,0";"18,1";"94,0";"94,0";"93,0";"17,3";"18,0";"17,1";"1017,5";"1017,5";"1017,2";"1,6";"38,0";"4,4";"";"0,0"
"02/07/2026";"1000";"19,3";"19,3";"18,0";"95,0";"95,0";"94,0";"18,4";"18,4";"17,1";"1018,0";"1018,0";"1017,5";"2,0";"40,0";"4,0";"35,90";"0,0"
"02/07/2026";"1100";"21,5";"21,5";"19,3";"85,0";"95,0";"85,0";"18,9";"19,0";"18,5";"1018,3";"1018,3";"1018,0";"3,6";"12,0";"6,0";"527,70";"0,0"
"02/07/2026";"1200";"24,8";"24,9";"21,5";"70,0";"85,0";"70,0";"19,0";"19,6";"18,9";"1018,4";"1018,5";"1018,3";"4,0";"7,0";"6,7";"1288,40";"0,0"
"02/07/2026";"1300";"27,5";"27,5";"24,7";"61,0";"71,0";"60,0";"19,2";"19,4";"18,5";"1018,6";"1018,6";"1018,4";"3,8";"4,0";"8,5";"1900,80";"0,0"
"02/07/2026";"1400";"29,5";"29,9";"27,4";"52,0";"61,0";"52,0";"18,7";"19,3";"18,5";"1018,2";"1018,6";"1018,2";"3,7";"357,0";"7,9";"2323,10";"0,0"
"02/07/2026";"1500";"31,2";"31,3";"29,4";"45,0";"52,0";"43,0";"17,9";"18,9";"16,9";"1017,6";"1018,3";"1017,6";"3,1";"8,0";"6,0";"2514,00";"0,0"
"02/07/2026";"1600";"31,4";"32,4";"30,6";"37,0";"46,0";"36,0";"14,8";"17,8";"14,8";"1016,7";"1017,6";"1016,7";"2,9";"355,0";"6,8";"2472,80";"0,0"
"02/07/2026";"1700";"31,7";"32,3";"31,1";"37,0";"40,0";"35,0";"15,4";"16,4";"14,6";"1015,8";"1016,7";"1015,8";"2,1";"8,0";"6,4";"2223,70";"0,0"
"02/07/2026";"1800";"31,4";"32,1";"31,3";"39,0";"41,0";"37,0";"15,7";"17,0";"15,4";"1015,5";"1015,8";"1015,5";"2,7";"19,0";"6,0";"1751,50";"0,0"
"02/07/2026";"1900";"27,5";"31,7";"27,5";"55,0";"55,0";"37,0";"17,5";"18,0";"15,0";"1015,8";"1015,8";"1015,5";"3,9";"74,0";"6,8";"1113,20";"0,0"
"02/07/2026";"2000";"24,7";"27,5";"24,7";"67,0";"67,0";"55,0";"18,2";"18,3";"17,2";"1016,1";"1016,1";"1015,8";"4,2";"70,0";"7,1";"391,80";"0,0"
"02/07/2026";"2100";"22,9";"24,7";"22,8";"80,0";"80,0";"67,0";"19,2";"19,2";"18,2";"1016,6";"1016,6";"1016,1";"2,8";"60,0";"6,7";"5,30";"0,0"
"02/07/2026";"2200";"21,9";"22,9";"21,9";"84,0";"84,0";"80,0";"19,0";"19,3";"19,0";"1017,0";"1017,0";"1016,6";"2,5";"55,0";"4,8";"";"0,0"
"02/07/2026";"2300";"21,1";"21,9";"21,1";"88,0";"88,0";"84,0";"19,0";"19,2";"18,8";"1017,5";"1017,5";"1017,0";"2,0";"56,0";"3,9";"";"0,0"
"03/07/2026";"0000";"20,1";"21,1";"19,9";"92,0";"92,0";"88,0";"18,7";"18,9";"18,4";"1017,7";"1017,8";"1017,5";"1,0";"27,0";"2,7";"";"0,0"
"03/07/2026";"0100";"20,0";"20,3";"19,9";"94,0";"94,0";"92,0";"19,0";"19,2";"18,6";"1017,9";"1017,9";"1017,7";"0,9";"316,0";"1,6";"";"0,0"
"03/07/2026";"0200";"19,9";"20,1";"19,6";"95,0";"95,0";"94,0";"19,0";"19,0";"18,7";"1017,7";"1017,9";"1017,7";"1,0";"340,0";"1,8";"";"0,0"
"03/07/2026";"0300";"19,3";"19,9";"19,3";"95,0";"95,0";"95,0";"18,5";"19,0";"18,5";"1017,3";"1017,7";"1017,3";"1,5";"2,0";"1,8";"";"0,0"
"03/07/2026";"0400";"19,1";"19,5";"19,1";"95,0";"95,0";"95,0";"18,3";"18,8";"18,3";"1017,2";"1017,4";"1017,2";"1,0";"2,0";"1,8";"";"0,0"
"03/07/2026";"0500";"18,4";"19,2";"18,4";"96,0";"96,0";"95,0";"17,7";"18,5";"17,7";"1016,6";"1017,2";"1016,6";"1,6";"44,0";"2,2";"";"0,0"
"03/07/2026";"0600";"18,5";"18,7";"17,9";"96,0";"96,0";"96,0";"17,9";"18,0";"17,3";"1016,0";"1016,6";"1016,0";"1,8";"26,0";"2,5";"";"0,0"
"03/07/2026";"0700";"18,2";"18,7";"18,1";"96,0";"96,0";"96,0";"17,5";"18,1";"17,4";"1015,5";"1016,0";"1015,5";"1,5";"41,0";"2,9";"";"0,0"
"03/07/2026";"0800";"18,3";"18,7";"18,2";"96,0";"96,0";"96,0";"17,6";"18,0";"17,5";"1015,4";"1015,5";"1015,4";"2,9";"23,0";"4,4";"";"0,2"
"03/07/2026";"0900";"17,3";"18,3";"17,3";"95,0";"96,0";"95,0";"16,6";"17,7";"16,6";"1015,9";"1015,9";"1015,4";"1,8";"38,0";"4,1";"";"0,0"
"03/07/2026";"1000";"17,9";"17,9";"17,0";"96,0";"96,0";"95,0";"17,2";"17,2";"16,2";"1016,4";"1016,4";"1015,9";"2,4";"35,0";"3,8";"37,80";"0,0"
"03/07/2026";"1100";"20,9";"20,9";"18,0";"87,0";"96,0";"87,0";"18,6";"18,8";"17,3";"1017,3";"1017,3";"1016,4";"2,4";"30,0";"4,2";"522,40";"0,0"
"03/07/2026";"1200";"24,1";"24,2";"20,9";"74,0";"87,0";"74,0";"19,2";"19,4";"18,5";"1017,5";"1017,5";"1017,3";"2,9";"29,0";"4,8";"1268,60";"0,0"
"03/07/2026";"1300";"27,6";"28,0";"24,1";"57,0";"75,0";"55,0";"18,4";"20,0";"17,8";"1017,3";"1017,5";"1017,3";"3,7";"1,0";"6,8";"1875,70";"0,0"
"03/07/2026";"1400";"29,2";"29,8";"27,7";"49,0";"57,0";"48,0";"17,5";"18,6";"17,1";"1017,0";"1017,3";"1017,0";"3,2";"334,0";"6,4";"2307,60";"0,0"
"03/07/2026";"1500";"31,4";"31,4";"29,2";"41,0";"49,0";"41,0";"16,5";"17,8";"16,5";"1016,4";"1017,0";"1016,3";"3,1";"324,0";"6,2";"2500,30";"0,0"
"03/07/2026";"1600";"31,4";"31,7";"30,2";"35,0";"42,0";"34,0";"13,9";"16,5";"13,3";"1015,4";"1016,4";"1015,4";"3,4";"299,0";"6,8";"2489,70";"0,0"
"03/07/2026";"1700";"31,9";"32,7";"31,1";"33,0";"36,0";"33,0";"13,8";"14,8";"13,6";"1014,8";"1015,4";"1014,8";"2,3";"333,0";"6,0";"2229,60";"0,0"
"03/07/2026";"1800";"32,0";"32,4";"31,3";"34,0";"36,0";"33,0";"14,1";"14,9";"13,4";"1014,4";"1014,8";"1014,4";"1,4";"288,0";"4,5";"1753,00";"0,0"
"03/07/2026";"1900";"27,3";"32,1";"27,3";"55,0";"56,0";"32,0";"17,6";"17,7";"13,1";"1014,7";"1014,7";"1014,3";"3,5";"90,0";"7,2";"1091,10";"0,0"
"03/07/2026";"2000";"24,8";"27,3";"24,8";"69,0";"69,0";"55,0";"18,8";"18,9";"17,5";"1015,2";"1015,2";"1014,7";"3,8";"72,0";"7,0";"383,00";"0,0"
"03/07/2026";"2100";"22,8";"24,8";"22,8";"81,0";"81,0";"69,0";"19,4";"19,4";"18,8";"1015,7";"1015,7";"1015,2";"2,3";"72,0";"6,5";"5,90";"0,0"
"03/07/2026";"2200";"22,1";"22,8";"22,1";"88,0";"88,0";"81,0";"20,2";"20,2";"19,4";"1016,2";"1016,2";"1015,7";"1,7";"85,0";"3,5";"";"0,0"
"03/07/2026";"2300";"21,6";"22,2";"21,2";"91,0";"92,0";"88,0";"20,1";"20,3";"19,4";"1016,8";"1016,8";"1016,2";"1,0";"210,0";"2,3";"";"0,0"
"04/07/2026";"0000";"21,2";"22,1";"21,1";"89,0";"92,0";"89,0";"19,4";"20,6";"19,3";"1017,3";"1017,3";"1016,8";"0,7";"182,0";"2,7";"";"0,0"
"04/07/2026";"0100";"21,1";"21,3";"20,8";"91,0";"92,0";"89,0";"19,6";"19,6";"19,1";"1017,8";"1017,8";"1017,3";"1,6";"194,0";"5,1";"";"0,0"
"04/07/2026";"0200";"20,6";"21,2";"20,6";"92,0";"92,0";"90,0";"19,3";"19,7";"19,3";"1018,0";"1018,0";"1017,8";"1,9";"201,0";"4,7";"";"0,0"
"04/07/2026";"0300";"20,7";"20,9";"20,6";"90,0";"93,0";"90,0";"19,1";"19,5";"19,0";"1018,2";"1018,2";"1018,0";"2,6";"207,0";"5,5";"";"0,0"
"04/07/2026";"0400";"20,5";"20,8";"20,4";"90,0";"91,0";"90,0";"18,8";"19,1";"18,8";"1017,9";"1018,2";"1017,9";"1,9";"207,0";"5,5";"";"0,0"
"04/07/2026";"0500";"20,0";"20,5";"20,0";"91,0";"91,0";"90,0";"18,5";"18,8";"18,4";"1017,6";"1017,9";"1017,6";"3,0";"220,0";"5,6";"";"0,0"
"04/07/2026";"0600";"19,9";"20,1";"19,5";"92,0";"92,0";"91,0";"18,5";"18,6";"18,1";"1017,5";"1017,7";"1017,5";"2,0";"227,0";"4,9";"";"0,0"
"04/07/2026";"0700";"20,3";"20,3";"19,9";"90,0";"92,0";"90,0";"18,5";"18,6";"18,4";"1017,3";"1017,5";"1017,3";"1,7";"220,0";"4,1";"";"0,0"
"04/07/2026";"0800";"20,5";"20,5";"20,3";"88,0";"90,0";"88,0";"18,5";"18,6";"18,4";"1017,3";"1017,3";"1017,2";"1,3";"211,0";"3,5";"";"0,0"
"04/07/2026";"0900";"19,5";"20,6";"19,5";"90,0";"90,0";"87,0";"17,8";"18,5";"17,8";"1017,5";"1017,5";"1017,3";"1,2";"221,0";"3,2";"";"0,0"
"04/07/2026";"1000";"19,7";"19,7";"18,6";"92,0";"93,0";"90,0";"18,4";"18,4";"17,4";"1017,9";"1017,9";"1017,5";"1,2";"200,0";"2,5";"47,70";"0,0"
"04/07/2026";"1100";"21,8";"22,1";"19,7";"83,0";"92,0";"82,0";"18,7";"19,3";"18,5";"1018,7";"1018,7";"1017,9";"1,7";"231,0";"3,0";"455,80";"0,0"
"04/07/2026";"1200";"22,5";"22,5";"21,8";"82,0";"83,0";"81,0";"19,2";"19,4";"18,6";"1019,5";"1019,5";"1018,7";"1,2";"241,0";"3,0";"478,90";"0,0"
"04/07/2026";"1300";"23,3";"23,3";"22,4";"78,0";"82,0";"77,0";"19,1";"19,3";"18,7";"1019,6";"1019,6";"1019,5";"1,1";"242,0";"2,3";"475,60";"0,0"
"04/07/2026";"1400";"24,5";"24,6";"23,2";"67,0";"78,0";"67,0";"18,1";"19,2";"18,1";"1019,0";"1019,6";"1019,0";"1,0";"196,0";"3,0";"743,00";"0,0"
"04/07/2026";"1500";"26,8";"27,1";"24,3";"58,0";"68,0";"55,0";"17,9";"18,6";"17,0";"1018,0";"1019,0";"1018,0";"1,5";"332,0";"3,9";"2053,70";"0,0"
"04/07/2026";"1600";"27,1";"28,1";"26,3";"49,0";"59,0";"48,0";"15,4";"18,2";"15,4";"1016,8";"1018,0";"1016,7";"2,1";"1,0";"5,2";"2358,80";"0,0"
"04/07/2026";"1700";"27,3";"28,6";"27,0";"50,0";"51,0";"45,0";"15,8";"16,9";"15,0";"1015,6";"1016,8";"1015,6";"2,7";"10,0";"5,6";"1478,40";"0,0"
"04/07/2026";"1800";"28,0";"29,2";"27,3";"47,0";"50,0";"45,0";"15,5";"16,6";"15,4";"1015,5";"1015,6";"1015,4";"2,7";"334,0";"6,5";"1611,80";"0,0"
"04/07/2026";"1900";"26,7";"28,0";"26,6";"56,0";"57,0";"47,0";"17,2";"17,4";"15,2";"1015,7";"1015,8";"1015,4";"0,8";"211,0";"6,5";"568,90";"0,0"
"04/07/2026";"2000";"24,4";"27,0";"24,4";"71,0";"71,0";"52,0";"18,8";"18,9";"16,2";"1016,5";"1016,5";"1015,7";"4,4";"142,0";"7,2";"307,60";"0,0"
"04/07/2026";"2100";"22,3";"24,4";"22,3";"81,0";"81,0";"71,0";"18,9";"18,9";"18,6";"1017,6";"1017,6";"1016,5";"2,2";"191,0";"7,3";"3,40";"0,0"
"04/07/2026";"2200";"21,8";"22,3";"21,6";"86,0";"86,0";"81,0";"19,4";"19,4";"18,9";"1017,8";"1017,8";"1017,6";"1,8";"198,0";"6,7";"";"0,0"
"04/07/2026";"2300";"21,4";"21,9";"21,3";"89,0";"89,0";"86,0";"19,4";"19,6";"19,2";"1018,5";"1018,5";"1017,8";"3,1";"217,0";"5,8";"";"0,0"
"05/07/2026";"0000";"21,0";"21,4";"21,0";"89,0";"90,0";"89,0";"19,2";"19,5";"19,2";"1018,8";"1018,8";"1018,5";"2,5";"200,0";"6,4";"";"0,0"
"05/07/2026";"0100";"20,3";"21,0";"20,2";"92,0";"92,0";"89,0";"19,0";"19,3";"18,8";"1018,9";"1018,9";"1018,8";"1,9";"213,0";"5,8";"";"0,0"
"05/07/2026";"0200";"20,3";"20,3";"20,0";"93,0";"93,0";"92,0";"19,1";"19,1";"18,7";"1019,0";"1019,1";"1018,9";"1,0";"227,0";"3,1";"";"0,0"
"05/07/2026";"0300";"20,6";"20,6";"20,3";"91,0";"93,0";"91,0";"19,1";"19,2";"19,1";"1018,5";"1019,0";"1018,5";"2,8";"220,0";"4,8";"";"0,0"
"05/07/2026";"0400";"20,1";"20,7";"20,1";"92,0";"92,0";"90,0";"18,8";"19,1";"18,7";"1018,5";"1018,6";"1018,4";"3,1";"218,0";"5,2";"";"0,0"
"05/07/2026";"0500";"20,1";"20,1";"19,9";"92,0";"92,0";"92,0";"18,7";"18,8";"18,6";"1017,9";"1018,5";"1017,9";"2,5";"213,0";"4,9";"";"0,0"
"05/07/2026";"0600";"19,8";"20,1";"19,8";"91,0";"92,0";"91,0";"18,3";"18,7";"18,3";"1017,7";"1018,1";"1017,6";"1,7";"229,0";"5,2";"";"0,0"
"05/07/2026";"0700";"19,5";"19,8";"19,5";"90,0";"92,0";"90,0";"17,7";"18,3";"17,7";"1017,4";"1017,7";"1017,4";"2,9";"216,0";"5,0";"";"0,0"
"05/07/2026";"0800";"19,2";"19,5";"19,0";"92,0";"92,0";"90,0";"17,8";"17,8";"17,4";"1017,4";"1017,5";"1017,4";"2,4";"206,0";"5,0";"";"0,0"
"05/07/2026";"0900";"19,4";"19,5";"19,1";"90,0";"92,0";"90,0";"17,7";"17,8";"17,7";"1017,8";"1017,8";"1017,4";"2,9";"209,0";"5,6";"";"0,0"
"05/07/2026";"1000";"19,5";"19,5";"19,3";"90,0";"90,0";"90,0";"17,8";"17,8";"17,7";"1018,4";"1018,4";"1017,8";"2,9";"209,0";"5,6";"11,50";"0,0"
"05/07/2026";"1100";"19,7";"19,7";"19,5";"87,0";"90,0";"87,0";"17,5";"17,7";"17,5";"1018,9";"1018,9";"1018,4";"2,9";"221,0";"6,3";"105,30";"0,0"
"05/07/2026";"1200";"20,6";"20,6";"19,7";"83,0";"87,0";"82,0";"17,5";"17,7";"17,5";"1019,5";"1019,5";"1018,9";"4,1";"211,0";"7,7";"345,90";"0,0"
"05/07/2026";"1300";"23,3";"23,3";"20,6";"75,0";"83,0";"75,0";"18,6";"18,6";"17,5";"1019,5";"1019,7";"1019,4";"4,0";"217,0";"7,9";"1110,90";"0,0"
"05/07/2026";"1400";"23,3";"23,8";"22,8";"70,0";"75,0";"68,0";"17,4";"18,4";"17,2";"1019,2";"1019,7";"1019,2";"4,3";"212,0";"9,1";"1733,10";"0,0"
"05/07/2026";"1500";"23,5";"24,3";"23,3";"67,0";"70,0";"66,0";"17,1";"18,0";"17,0";"1018,6";"1019,3";"1018,6";"3,8";"208,0";"9,1";"1686,90";"0,0"
"05/07/2026";"1600";"24,2";"25,6";"23,5";"65,0";"67,0";"62,0";"17,3";"18,2";"16,8";"1017,4";"1018,6";"1017,4";"2,1";"184,0";"7,2";"2014,50";"0,0"
"05/07/2026";"1700";"25,1";"25,8";"23,5";"61,0";"68,0";"59,0";"17,1";"18,4";"16,7";"1016,5";"1017,4";"1016,5";"1,8";"195,0";"5,4";"1580,30";"0,0"
"05/07/2026";"1800";"23,2";"25,1";"23,2";"70,0";"70,0";"60,0";"17,6";"17,6";"16,6";"1016,2";"1016,5";"1016,1";"2,4";"163,0";"5,7";"836,50";"0,0"
"05/07/2026";"1900";"22,7";"24,1";"22,7";"71,0";"71,0";"67,0";"17,2";"18,0";"17,0";"1016,1";"1016,3";"1016,0";"2,1";"173,0";"6,0";"847,30";"0,0"
"05/07/2026";"2000";"21,7";"22,7";"21,7";"76,0";"76,0";"71,0";"17,3";"17,5";"17,1";"1017,1";"1017,1";"1016,1";"2,9";"182,0";"6,2";"135,50";"0,0"
"05/07/2026";"2100";"21,2";"21,7";"21,2";"77,0";"78,0";"76,0";"17,1";"17,4";"17,0";"1017,7";"1017,7";"1017,1";"2,5";"185,0";"9,0";"0,50";"0,0"
"05/07/2026";"2200";"20,2";"21,3";"20,1";"84,0";"84,0";"77,0";"17,4";"17,4";"17,1";"1018,6";"1018,6";"1017,7";"3,4";"203,0";"7,2";"";"0,0"
"05/07/2026";"2300";"19,8";"20,2";"19,8";"86,0";"86,0";"84,0";"17,4";"17,4";"17,3";"1018,7";"1018,7";"1018,6";"2,4";"211,0";"7,8";"";"0,0"
"06/07/2026";"0000";"19,6";"19,8";"19,6";"86,0";"87,0";"86,0";"17,3";"17,4";"17,2";"1018,8";"1018,8";"1018,6";"2,9";"218,0";"5,1";"";"0,0"
"06/07/2026";"0100";"19,7";"19,9";"19,6";"84,0";"86,0";"83,0";"16,9";"17,3";"16,9";"1019,0";"1019,1";"1018,8";"2,5";"212,0";"6,3";"";"0,0"
"06/07/2026";"0200";"18,6";"19,7";"18,6";"88,0";"88,0";"84,0";"16,5";"16,9";"16,5";"1018,8";"1019,0";"1018,8";"1,5";"223,0";"4,9";"";"0,0"
"06/07/2026";"0300";"18,0";"18,6";"17,8";"92,0";"92,0";"88,0";"16,7";"16,7";"16,3";"1018,5";"1018,8";"1018,5";"0,7";"240,0";"2,7";"";"0,0"
"06/07/2026";"0400";"18,1";"18,1";"17,3";"92,0";"93,0";"91,0";"16,7";"16,8";"15,9";"1018,7";"1018,8";"1018,4";"1,7";"227,0";"3,1";"";"0,0"
"06/07/2026";"0500";"18,6";"18,6";"18,1";"88,0";"92,0";"88,0";"16,5";"16,7";"16,4";"1018,4";"1018,8";"1018,4";"2,2";"225,0";"4,1";"";"0,0"
"06/07/2026";"0600";"18,8";"18,9";"18,6";"84,0";"88,0";"84,0";"16,1";"16,5";"16,1";"1018,1";"1018,4";"1018,1";"3,3";"217,0";"5,8";"";"0,0"
"06/07/2026";"0700";"17,7";"18,8";"17,6";"88,0";"88,0";"84,0";"15,7";"16,1";"15,6";"1017,7";"1018,1";"1017,7";"2,1";"224,0";"5,8";"";"0,0"
"06/07/2026";"0800";"18,8";"18,8";"17,6";"84,0";"89,0";"84,0";"16,0";"16,0";"15,6";"1017,4";"1017,7";"1017,4";"2,8";"218,0";"4,7";"";"0,0"
"06/07/2026";"0900";"18,7";"18,8";"18,7";"84,0";"84,0";"83,0";"15,9";"16,0";"15,9";"1017,1";"1017,4";"1017,0";"1,5";"239,0";"4,7";"";"0,0"
"06/07/2026";"1000";"18,8";"18,8";"18,5";"85,0";"86,0";"84,0";"16,2";"16,2";"15,9";"1018,3";"1018,3";"1017,1";"1,5";"226,0";"2,6";"22,00";"0,0"
"06/07/2026";"1100";"19,8";"19,8";"18,8";"80,0";"85,0";"80,0";"16,2";"16,5";"16,2";"1019,1";"1019,1";"1018,3";"1,1";"236,0";"2,8";"187,00";"0,0"
"06/07/2026";"1200";"20,6";"20,6";"19,8";"75,0";"81,0";"75,0";"16,0";"16,5";"16,0";"1019,6";"1019,6";"1019,1";"2,5";"222,0";"4,5";"402,20";"0,0"
"06/07/2026";"1300";"22,4";"22,5";"20,6";"66,0";"76,0";"65,0";"15,7";"16,4";"15,5";"1019,6";"1019,7";"1019,5";"3,5";"225,0";"5,7";"1111,70";"0,0"
"06/07/2026";"1400";"24,1";"24,3";"22,4";"60,0";"67,0";"59,0";"15,9";"16,2";"15,2";"1019,1";"1019,7";"1019,1";"2,6";"224,0";"5,6";"1588,60";"0,0"
"06/07/2026";"1500";"23,7";"25,4";"23,2";"60,0";"64,0";"55,0";"15,5";"16,6";"14,7";"1018,4";"1019,1";"1018,4";"1,9";"185,0";"5,6";"1717,50";"0,0"
"06/07/2026";"1600";"24,2";"25,0";"23,7";"58,0";"60,0";"54,0";"15,5";"15,6";"14,6";"1017,5";"1018,4";"1017,5";"2,1";"219,0";"5,6";"1372,00";"0,0"
"06/07/2026";"1700";"24,7";"25,3";"24,1";"58,0";"60,0";"55,0";"15,8";"16,2";"15,1";"1016,6";"1017,5";"1016,6";"1,5";"202,0";"5,6";"1250,40";"0,0"
"06/07/2026";"1800";"24,6";"25,4";"24,0";"56,0";"58,0";"54,0";"15,1";"15,5";"14,8";"1016,3";"1016,6";"1016,3";"1,0";"304,0";"3,3";"1131,50";"0,0"
"06/07/2026";"1900";"24,2";"24,7";"24,2";"60,0";"60,0";"55,0";"15,8";"16,2";"15,0";"1016,2";"1016,3";"1016,2";"0,6";"203,0";"2,2";"495,50";"0,0"
"06/07/2026";"2000";"21,6";"24,2";"21,6";"75,0";"75,0";"60,0";"17,1";"17,1";"15,7";"1016,5";"1016,5";"1016,2";"2,9";"73,0";"5,4";"135,90";"0,0"
"06/07/2026";"2100";"20,1";"21,6";"20,1";"81,0";"81,0";"75,0";"16,8";"17,1";"16,8";"1016,8";"1016,8";"1016,5";"2,0";"80,0";"5,5";"6,80";"0,0"
"06/07/2026";"2200";"20,0";"20,5";"20,0";"81,0";"82,0";"80,0";"16,7";"17,0";"16,6";"1017,0";"1017,0";"1016,8";"1,2";"105,0";"3,0";"";"0,0"
"06/07/2026";"2300";"19,2";"20,2";"19,1";"86,0";"86,0";"80,0";"16,8";"16,8";"16,5";"1017,3";"1017,3";"1017,0";"0,4";"108,0";"2,8";"";"0,0"
"07/07/2026";"0000";"19,4";"19,5";"18,8";"85,0";"86,0";"85,0";"16,8";"17,1";"16,3";"1017,5";"1017,6";"1017,3";"0,7";"72,0";"1,3";"";"0,0"
"07/07/2026";"0100";"19,2";"19,4";"19,1";"88,0";"88,0";"85,0";"17,2";"17,2";"16,6";"1017,6";"1017,6";"1017,4";"1,0";"303,0";"1,3";"";"0,0"
"07/07/2026";"0200";"18,7";"19,2";"18,7";"90,0";"90,0";"88,0";"17,1";"17,2";"16,9";"1017,5";"1017,6";"1017,4";"1,2";"309,0";"1,7";"";"0,0"
"07/07/2026";"0300";"18,2";"18,7";"18,2";"92,0";"92,0";"90,0";"16,8";"17,1";"16,8";"1017,3";"1017,5";"1017,2";"1,3";"311,0";"1,6";"";"0,0"
"07/07/2026";"0400";"17,7";"18,2";"17,6";"93,0";"93,0";"92,0";"16,6";"16,9";"16,2";"1017,1";"1017,4";"1017,1";"0,6";"313,0";"1,9";"";"0,0"
"07/07/2026";"0500";"17,6";"17,9";"17,6";"94,0";"94,0";"93,0";"16,7";"16,8";"16,5";"1016,5";"1017,2";"1016,5";"1,3";"328,0";"1,5";"";"0,0"
"07/07/2026";"0600";"17,7";"18,1";"17,6";"94,0";"95,0";"94,0";"16,7";"17,2";"16,6";"1015,8";"1016,5";"1015,8";"1,0";"17,0";"1,5";"";"0,0"
"07/07/2026";"0700";"17,5";"17,7";"17,2";"95,0";"95,0";"94,0";"16,7";"16,8";"16,4";"1015,5";"1015,8";"1015,5";"1,2";"307,0";"1,7";"";"0,0"
"07/07/2026";"0800";"17,3";"17,6";"17,3";"95,0";"95,0";"95,0";"16,5";"16,8";"16,5";"1015,3";"1015,6";"1015,3";"1,1";"340,0";"1,6";"";"0,0"
"07/07/2026";"0900";"17,5";"17,6";"17,3";"95,0";"95,0";"95,0";"16,7";"16,8";"16,5";"1015,1";"1015,3";"1015,1";"1,2";"52,0";"2,2";"";"0,0"
"07/07/2026";"1000";"17,8";"17,8";"17,1";"95,0";"95,0";"95,0";"16,9";"16,9";"16,3";"1015,5";"1015,5";"1015,1";"1,9";"335,0";"3,5";"41,60";"0,0"
"07/07/2026";"1100";"21,3";"21,3";"17,8";"82,0";"95,0";"82,0";"18,1";"18,2";"16,9";"1015,7";"1015,7";"1015,4";"1,4";"341,0";"3,2";"505,60";"0,0"
"07/07/2026";"1200";"23,4";"23,7";"21,3";"66,0";"82,0";"65,0";"16,7";"17,9";"16,5";"1016,2";"1016,2";"1015,7";"2,9";"353,0";"5,4";"1226,30";"0,0"
"07/07/2026";"1300";"25,7";"25,8";"23,3";"59,0";"67,0";"59,0";"17,1";"17,5";"16,4";"1015,4";"1016,2";"1015,4";"4,5";"12,0";"8,1";"1846,00";"0,0"
"07/07/2026";"1400";"26,6";"27,1";"25,4";"53,0";"59,0";"53,0";"16,2";"17,1";"16,1";"1014,8";"1015,5";"1014,8";"4,3";"19,0";"7,8";"2032,40";"0,0"
"07/07/2026";"1500";"28,5";"28,5";"26,4";"48,0";"54,0";"48,0";"16,5";"16,7";"15,7";"1013,9";"1014,8";"1013,9";"3,0";"358,0";"7,8";"2464,10";"0,0"
"07/07/2026";"1600";"28,6";"28,7";"27,5";"47,0";"50,0";"46,0";"16,1";"16,5";"15,4";"1013,0";"1013,9";"1013,0";"1,6";"325,0";"5,8";"2463,30";"0,0"
"07/07/2026";"1700";"29,2";"29,8";"28,2";"43,0";"47,0";"43,0";"15,4";"16,6";"15,4";"1012,2";"1013,0";"1012,2";"3,9";"307,0";"6,8";"2152,30";"0,0"
"07/07/2026";"1800";"29,7";"30,1";"29,0";"43,0";"44,0";"41,0";"15,6";"16,1";"15,0";"1012,1";"1012,2";"1012,0";"3,3";"316,0";"7,2";"1680,30";"0,0"
"07/07/2026";"1900";"29,2";"30,1";"29,1";"42,0";"43,0";"41,0";"15,1";"15,8";"14,8";"1012,1";"1012,1";"1012,0";"3,8";"301,0";"7,1";"1071,20";"0,0"
"07/07/2026";"2000";"26,1";"29,3";"26,1";"54,0";"54,0";"42,0";"15,9";"15,9";"14,9";"1012,7";"1012,7";"1012,1";"1,8";"286,0";"5,6";"285,70";"0,0"
"07/07/2026";"2100";"22,6";"26,1";"22,6";"77,0";"77,0";"54,0";"18,5";"18,5";"16,0";"1013,4";"1013,4";"1012,7";"2,1";"66,0";"6,4";"3,80";"0,0"
"07/07/2026";"2200";"23,0";"23,2";"22,0";"78,0";"80,0";"75,0";"18,9";"18,9";"18,2";"1014,9";"1014,9";"1013,4";"4,7";"195,0";"10,9";"";"0,0"
"07/07/2026";"2300";"21,9";"23,0";"21,9";"79,0";"79,0";"75,0";"18,1";"19,0";"17,9";"1016,0";"1016,0";"1014,9";"2,9";"186,0";"10,9";"";"0,0"
"08/07/2026";"0000";"21,4";"21,9";"21,4";"81,0";"81,0";"79,0";"17,9";"18,1";"17,8";"1016,1";"1016,1";"1015,9";"1,9";"179,0";"7,9";"";"0,0"
"08/07/2026";"0100";"21,3";"21,7";"21,3";"79,0";"81,0";"78,0";"17,6";"18,0";"17,6";"1016,0";"1016,1";"1015,9";"1,9";"183,0";"6,5";"";"0,0"
"08/07/2026";"0200";"20,9";"21,3";"20,8";"79,0";"79,0";"79,0";"17,0";"17,6";"17,0";"1016,0";"1016,0";"1015,9";"3,0";"202,0";"7,2";"";"0,0"
"08/07/2026";"0300";"20,5";"20,9";"20,4";"79,0";"80,0";"79,0";"16,8";"17,0";"16,7";"1015,9";"1016,1";"1015,8";"4,7";"203,0";"9,3";"";"0,0"
"08/07/2026";"0400";"20,9";"20,9";"20,5";"82,0";"82,0";"79,0";"17,6";"17,6";"16,8";"1016,0";"1016,1";"1015,9";"4,8";"205,0";"10,1";"";"0,0"
"08/07/2026";"0500";"20,4";"20,9";"20,4";"82,0";"82,0";"81,0";"17,2";"17,7";"17,2";"1015,8";"1016,2";"1015,7";"5,0";"211,0";"9,7";"";"0,0"
"08/07/2026";"0600";"20,0";"20,4";"19,9";"85,0";"85,0";"82,0";"17,3";"17,3";"17,2";"1015,6";"1015,8";"1015,6";"4,6";"214,0";"10,3";"";"0,0"
"08/07/2026";"0700";"20,0";"20,0";"19,8";"83,0";"85,0";"83,0";"17,0";"17,3";"17,0";"1015,7";"1015,8";"1015,6";"4,2";"212,0";"8,6";"";"0,0"
"08/07/2026";"0800";"19,6";"20,0";"19,6";"85,0";"85,0";"83,0";"17,1";"17,1";"17,0";"1016,4";"1016,4";"1015,7";"2,8";"202,0";"8,4";"";"0,0"
"08/07/2026";"0900";"19,3";"19,6";"19,3";"88,0";"88,0";"85,0";"17,2";"17,3";"17,1";"1017,0";"1017,0";"1016,4";"3,1";"217,0";"6,1";"";"0,0"
"08/07/2026";"1000";"19,2";"19,3";"19,1";"88,0";"88,0";"88,0";"17,2";"17,2";"17,1";"1017,9";"1017,9";"1017,0";"2,6";"219,0";"5,0";"20,20";"0,0"
"08/07/2026";"1100";"20,1";"20,1";"19,2";"82,0";"88,0";"82,0";"17,0";"17,2";"16,9";"1018,6";"1018,6";"1017,9";"2,5";"232,0";"4,9";"194,30";"0,0"
"08/07/2026";"1200";"20,8";"20,8";"20,1";"79,0";"82,0";"78,0";"16,9";"17,0";"16,7";"1019,4";"1019,4";"1018,6";"3,5";"224,0";"7,2";"461,30";"0,0"
"08/07/2026";"1300";"22,4";"23,7";"20,7";"70,0";"79,0";"68,0";"16,7";"17,7";"16,6";"1019,5";"1019,5";"1019,3";"3,5";"215,0";"7,9";"1122,40";"0,0"
"08/07/2026";"1400";"23,5";"23,8";"22,2";"65,0";"72,0";"63,0";"16,6";"17,5";"16,3";"1019,2";"1019,6";"1019,2";"2,5";"198,0";"7,8";"1524,60";"0,0"
"08/07/2026";"1500";"24,1";"24,8";"23,1";"60,0";"66,0";"59,0";"15,8";"17,0";"15,8";"1018,2";"1019,1";"1018,2";"3,1";"206,0";"7,1";"1937,90";"0,0"
"08/07/2026";"1600";"23,4";"24,1";"23,2";"64,0";"65,0";"60,0";"16,1";"16,4";"15,7";"1017,4";"1018,2";"1017,4";"2,7";"188,0";"7,1";"1002,60";"0,0"
"08/07/2026";"1700";"23,4";"23,5";"22,4";"64,0";"68,0";"63,0";"16,3";"16,4";"15,7";"1016,9";"1017,4";"1016,8";"2,5";"193,0";"7,9";"797,10";"0,0"
"08/07/2026";"1800";"22,4";"23,8";"22,3";"67,0";"67,0";"62,0";"15,9";"16,6";"15,6";"1016,6";"1016,9";"1016,6";"2,8";"192,0";"7,9";"1240,30";"0,0"
"08/07/2026";"1900";"21,6";"22,5";"21,4";"68,0";"69,0";"67,0";"15,3";"16,2";"15,2";"1016,7";"1016,8";"1016,6";"3,3";"183,0";"7,4";"342,20";"0,0"
"08/07/2026";"2000";"21,0";"21,5";"21,0";"70,0";"70,0";"68,0";"15,4";"15,4";"15,1";"1017,2";"1017,2";"1016,7";"2,0";"192,0";"7,4";"136,80";"0,0"
"08/07/2026";"2100";"20,3";"21,0";"20,3";"72,0";"73,0";"70,0";"15,2";"15,4";"15,2";"1017,8";"1017,8";"1017,2";"1,7";"190,0";"5,9";"5,60";"0,0"
"08/07/2026";"2200";"20,3";"20,4";"20,3";"73,0";"73,0";"72,0";"15,2";"15,3";"15,2";"1018,2";"1018,2";"1017,8";"1,9";"196,0";"5,2";"";"0,0"
"08/07/2026";"2300";"20,1";"20,3";"20,1";"73,0";"73,0";"72,0";"15,2";"15,3";"15,1";"1018,4";"1018,4";"1018,1";"2,4";"207,0";"5,4";"";"0,0"
"09/07/2026";"0000";"19,8";"20,1";"19,8";"74,0";"74,0";"73,0";"15,0";"15,2";"15,0";"1018,7";"1018,7";"1018,3";"2,5";"213,0";"5,2";"";"0,0"
"09/07/2026";"0100";"19,6";"19,8";"19,5";"74,0";"75,0";"74,0";"14,9";"15,1";"14,9";"1018,8";"1018,8";"1018,6";"2,0";"207,0";"4,6";"";"0,0"
"09/07/2026";"0200";"19,3";"19,6";"19,3";"76,0";"76,0";"74,0";"14,9";"14,9";"14,8";"1019,0";"1019,1";"1018,8";"1,8";"216,0";"4,4";"";"0,0"
"09/07/2026";"0300";"19,2";"19,3";"19,1";"76,0";"77,0";"75,0";"14,7";"14,9";"14,7";"1018,8";"1019,1";"1018,8";"2,2";"220,0";"3,8";"";"0,0"
"09/07/2026";"0400";"19,1";"19,3";"19,1";"76,0";"76,0";"74,0";"14,7";"14,8";"14,5";"1018,8";"1018,9";"1018,7";"2,5";"223,0";"5,2";"";"0,0"
"09/07/2026";"0500";"18,9";"19,1";"18,9";"78,0";"78,0";"76,0";"14,9";"15,1";"14,7";"1018,3";"1018,7";"1018,3";"2,5";"223,0";"5,2";"";"0,0"
"09/07/2026";"0600";"18,8";"19,0";"18,8";"77,0";"78,0";"76,0";"14,7";"14,9";"14,7";"1018,1";"1018,3";"1018,0";"2,0";"217,0";"4,2";"";"0,0"
"09/07/2026";"0700";"18,9";"18,9";"18,8";"76,0";"77,0";"76,0";"14,4";"14,7";"14,4";"1018,1";"1018,1";"1018,0";"2,6";"222,0";"4,0";"";"0,0"
"09/07/2026";"0800";"18,9";"18,9";"18,7";"76,0";"77,0";"75,0";"14,5";"14,5";"14,4";"1018,2";"1018,2";"1018,0";"2,3";"212,0";"4,3";"";"0,0"
"09/07/2026";"0900";"17,2";"19,0";"17,2";"82,0";"82,0";"75,0";"14,1";"14,4";"14,1";"1018,5";"1018,5";"1018,1";"2,1";"227,0";"4,8";"";"0,0"
"09/07/2026";"1000";"17,4";"17,4";"16,8";"83,0";"84,0";"82,0";"14,4";"14,4";"14,0";"1018,7";"1018,7";"1018,5";"1,4";"250,0";"2,6";"46,20";"0,0"
"09/07/2026";"1100";"19,7";"19,7";"17,4";"75,0";"83,0";"75,0";"15,1";"15,2";"14,4";"1019,3";"1019,3";"1018,7";"1,1";"233,0";"2,5";"401,20";"0,0"
"09/07/2026";"1200";"21,1";"21,3";"19,7";"66,0";"75,0";"66,0";"14,5";"15,3";"14,4";"1019,8";"1019,9";"1019,3";"2,9";"220,0";"5,9";"898,90";"0,0"
"09/07/2026";"1300";"22,9";"23,5";"21,0";"61,0";"67,0";"59,0";"14,9";"15,4";"14,4";"1019,6";"1019,9";"1019,6";"1,9";"203,0";"5,7";"1929,50";"0,0"
"09/07/2026";"1400";"24,3";"24,6";"22,8";"56,0";"61,0";"55,0";"14,9";"15,3";"14,3";"1019,2";"1019,6";"1019,1";"1,6";"195,0";"4,6";"2249,70";"0,0"
"09/07/2026";"1500";"24,6";"25,9";"23,2";"53,0";"58,0";"52,0";"14,5";"15,6";"14,0";"1018,3";"1019,2";"1018,3";"1,8";"186,0";"4,2";"2279,90";"0,0"
"09/07/2026";"1600";"23,9";"24,9";"23,5";"60,0";"60,0";"54,0";"15,7";"15,7";"14,6";"1017,8";"1018,3";"1017,8";"2,4";"188,0";"5,6";"1277,40";"0,0"
"09/07/2026";"1700";"24,8";"25,4";"23,4";"55,0";"60,0";"54,0";"15,1";"15,9";"14,8";"1017,0";"1017,8";"1017,0";"2,6";"191,0";"6,0";"2203,50";"0,0"
"09/07/2026";"1800";"23,5";"25,1";"23,4";"60,0";"60,0";"54,0";"15,3";"15,6";"14,9";"1016,6";"1017,0";"1016,5";"2,2";"192,0";"6,3";"1486,50";"0,0"
"09/07/2026";"1900";"23,3";"23,9";"23,0";"61,0";"62,0";"59,0";"15,3";"15,7";"14,9";"1016,6";"1016,7";"1016,6";"2,0";"188,0";"6,6";"1009,00";"0,0"
"09/07/2026";"2000";"21,2";"23,3";"21,2";"65,0";"65,0";"60,0";"14,4";"15,2";"14,3";"1016,8";"1016,8";"1016,6";"2,6";"156,0";"6,0";"363,90";"0,0"
"09/07/2026";"2100";"20,1";"21,2";"20,0";"69,0";"70,0";"65,0";"14,3";"14,5";"14,3";"1017,4";"1017,4";"1016,8";"1,7";"160,0";"6,0";"6,90";"0,0"
"09/07/2026";"2200";"19,5";"20,2";"19,5";"71,0";"71,0";"69,0";"14,1";"14,3";"14,0";"1018,0";"1018,0";"1017,4";"1,5";"151,0";"4,1";"";"0,0"
"09/07/2026";"2300";"18,3";"19,5";"18,3";"76,0";"76,0";"71,0";"13,9";"14,2";"13,8";"1018,3";"1018,3";"1018,0";"0,4";"137,0";"3,0";"";"0,0"
"10/07/2026";"0000";"16,0";"18,3";"16,0";"88,0";"88,0";"76,0";"14,1";"14,4";"13,7";"1018,3";"1018,5";"1018,3";"1,9";"309,0";"2,4";"";"0,0"
"10/07/2026";"0100";"15,7";"16,0";"15,3";"92,0";"92,0";"88,0";"14,3";"14,5";"13,8";"1018,1";"1018,3";"1018,1";"1,5";"320,0";"2,4";"";"0,0"
"10/07/2026";"0200";"15,5";"15,7";"15,3";"93,0";"94,0";"92,0";"14,5";"14,6";"14,1";"1017,6";"1018,1";"1017,6";"1,6";"345,0";"1,8";"";"0,0"
"10/07/2026";"0300";"15,5";"15,5";"15,1";"93,0";"94,0";"93,0";"14,4";"14,5";"13,9";"1017,2";"1017,6";"1017,2";"1,4";"325,0";"2,2";"";"0,0"
"10/07/2026";"0400";"15,2";"15,5";"15,0";"94,0";"94,0";"93,0";"14,3";"14,4";"14,0";"1016,9";"1017,3";"1016,8";"1,5";"348,0";"2,5";"";"0,0"
"10/07/2026";"0500";"15,0";"15,3";"14,9";"95,0";"95,0";"94,0";"14,2";"14,4";"14,0";"1016,2";"1016,9";"1016,2";"1,7";"350,0";"2,0";"";"0,0"
"10/07/2026";"0600";"14,6";"15,0";"14,6";"95,0";"95,0";"95,0";"13,8";"14,2";"13,8";"1015,6";"1016,2";"1015,6";"1,6";"10,0";"2,3";"";"0,0"
"10/07/2026";"0700";"14,4";"14,9";"14,4";"95,0";"95,0";"95,0";"13,6";"14,1";"13,6";"1015,2";"1015,6";"1015,2";"2,2";"6,0";"2,8";"";"0,0"
"10/07/2026";"0800";"14,9";"14,9";"14,2";"95,0";"95,0";"95,0";"14,1";"14,2";"13,5";"1014,9";"1015,2";"1014,9";"2,8";"357,0";"4,6";"";"0,0"
"10/07/2026";"0900";"15,1";"15,2";"14,9";"93,0";"95,0";"93,0";"14,0";"14,2";"14,0";"1015,0";"1015,0";"1014,7";"2,8";"1,0";"4,6";"";"0,0"
"10/07/2026";"1000";"15,9";"15,9";"15,1";"92,0";"93,0";"92,0";"14,6";"14,6";"13,9";"1015,2";"1015,2";"1015,0";"2,8";"357,0";"5,4";"42,60";"0,0"
"10/07/2026";"1100";"19,7";"19,7";"15,9";"80,0";"92,0";"80,0";"16,2";"16,2";"14,6";"1015,0";"1015,2";"1015,0";"3,7";"3,0";"6,6";"546,70";"0,0"
"10/07/2026";"1200";"21,9";"21,9";"19,7";"70,0";"80,0";"69,0";"16,1";"16,3";"15,6";"1015,0";"1015,1";"1015,0";"5,2";"2,0";"8,9";"1275,10";"0,0"
"10/07/2026";"1300";"22,7";"23,1";"21,6";"64,0";"70,0";"64,0";"15,5";"16,2";"15,4";"1014,8";"1015,0";"1014,8";"6,3";"3,0";"10,0";"1895,10";"0,0"
"10/07/2026";"1400";"25,6";"25,6";"22,7";"56,0";"64,0";"56,0";"16,1";"16,3";"15,5";"1014,1";"1014,8";"1014,1";"5,3";"3,0";"9,6";"2341,40";"0,0"
"10/07/2026";"1500";"26,8";"27,2";"25,6";"51,0";"56,0";"50,0";"15,7";"16,4";"15,6";"1013,0";"1014,1";"1013,0";"5,2";"4,0";"10,0";"2562,20";"0,0"
"10/07/2026";"1600";"28,4";"28,6";"26,8";"46,0";"51,0";"45,0";"15,5";"16,2";"15,5";"1011,9";"1013,0";"1011,9";"4,5";"351,0";"8,6";"2551,60";"0,0"
"10/07/2026";"1700";"29,6";"30,2";"28,4";"39,0";"46,0";"39,0";"14,2";"16,0";"14,2";"1011,0";"1011,9";"1011,0";"3,9";"316,0";"8,2";"2267,40";"0,0"
"10/07/2026";"1800";"29,4";"30,2";"29,0";"38,0";"40,0";"38,0";"13,6";"14,9";"13,4";"1010,3";"1011,0";"1010,3";"4,7";"320,0";"8,6";"1809,90";"0,0"
"10/07/2026";"1900";"28,7";"29,5";"28,6";"41,0";"41,0";"38,0";"14,2";"14,6";"13,5";"1010,3";"1010,3";"1010,2";"3,2";"327,0";"8,3";"1159,70";"0,0"
"10/07/2026";"2000";"26,1";"28,7";"26,1";"50,0";"50,0";"41,0";"14,8";"14,8";"13,9";"1010,6";"1010,6";"1010,2";"2,2";"360,0";"6,9";"426,50";"0,0"
"10/07/2026";"2100";"21,8";"26,1";"21,8";"82,0";"82,0";"50,0";"18,5";"18,5";"14,8";"1011,0";"1011,0";"1010,6";"2,7";"67,0";"5,6";"6,80";"0,0"
"10/07/2026";"2200";"20,2";"21,8";"20,2";"88,0";"88,0";"82,0";"18,1";"18,6";"18,1";"1011,8";"1011,8";"1011,0";"2,4";"69,0";"5,0";"";"0,0"
"10/07/2026";"2300";"19,8";"20,4";"19,8";"89,0";"89,0";"87,0";"17,9";"18,2";"17,8";"1012,0";"1012,0";"1011,8";"1,9";"69,0";"4,0";"";"0,0"
"11/07/2026";"0000";"19,0";"19,8";"18,8";"92,0";"92,0";"89,0";"17,7";"18,0";"17,4";"1012,2";"1012,2";"1012,0";"1,5";"52,0";"3,1";"";"0,0"
"11/07/2026";"0100";"18,9";"19,4";"18,9";"93,0";"93,0";"92,0";"17,7";"18,2";"17,7";"1012,4";"1012,4";"1012,2";"2,0";"73,0";"2,6";"";"0,0"
"11/07/2026";"0200";"18,6";"19,0";"18,4";"94,0";"94,0";"93,0";"17,7";"18,0";"17,5";"1012,4";"1012,5";"1012,3";"1,3";"59,0";"3,0";"";"0,0"
"11/07/2026";"0300";"17,4";"18,7";"17,0";"95,0";"95,0";"94,0";"16,6";"17,8";"16,1";"1012,4";"1012,5";"1012,4";"1,2";"331,0";"2,3";"";"0,0"
"11/07/2026";"0400";"16,7";"17,5";"16,4";"96,0";"96,0";"95,0";"16,0";"16,8";"15,6";"1012,3";"1012,5";"1012,2";"1,8";"307,0";"2,6";"";"0,0"
"11/07/2026";"0500";"16,6";"16,7";"16,0";"96,0";"96,0";"96,0";"16,0";"16,0";"15,3";"1011,9";"1012,3";"1011,9";"1,6";"235,0";"2,3";"";"0,0"
"11/07/2026";"0600";"15,6";"16,7";"15,6";"96,0";"96,0";"96,0";"15,0";"16,1";"15,0";"1012,0";"1012,0";"1011,8";"1,9";"229,0";"3,1";"";"0,0"
"11/07/2026";"0700";"15,3";"15,8";"14,9";"96,0";"96,0";"96,0";"14,7";"15,2";"14,3";"1012,3";"1012,3";"1011,9";"1,5";"276,0";"2,8";"";"0,0"
"11/07/2026";"0800";"15,0";"15,4";"14,8";"96,0";"96,0";"96,0";"14,4";"14,8";"14,2";"1012,9";"1012,9";"1012,3";"1,5";"321,0";"2,7";"";"0,0"
"11/07/2026";"0900";"15,5";"15,8";"14,9";"96,0";"96,0";"96,0";"14,8";"15,2";"14,3";"1013,5";"1013,5";"1012,9";"1,7";"327,0";"2,2";"";"0,0"
"11/07/2026";"1000";"16,6";"16,6";"15,4";"95,0";"96,0";"95,0";"15,9";"15,9";"14,7";"1014,0";"1014,0";"1013,5";"2,0";"356,0";"2,8";"41,70";"0,0"
"11/07/2026";"1100";"19,5";"19,5";"16,6";"88,0";"95,0";"88,0";"17,5";"17,6";"15,9";"1014,6";"1014,6";"1014,0";"1,4";"342,0";"2,8";"554,40";"0,2"
"11/07/2026";"1200";"22,6";"22,6";"19,3";"72,0";"88,0";"72,0";"17,4";"18,5";"17,1";"1015,2";"1015,2";"1014,6";"1,0";"305,0";"2,0";"1257,30";"0,0"
"11/07/2026";"1300";"25,2";"25,3";"22,6";"54,0";"72,0";"54,0";"15,3";"17,7";"15,3";"1014,7";"1015,2";"1014,7";"1,8";"193,0";"4,6";"1874,00";"0,0"
"11/07/2026";"1400";"26,3";"26,5";"25,0";"53,0";"57,0";"51,0";"15,9";"16,2";"15,0";"1013,7";"1014,7";"1013,7";"1,4";"154,0";"5,1";"2300,30";"0,0"
"11/07/2026";"1500";"27,6";"28,0";"26,1";"44,0";"53,0";"43,0";"14,2";"16,0";"14,0";"1012,7";"1013,7";"1012,7";"1,2";"78,0";"2,9";"2496,20";"0,0"
"11/07/2026";"1600";"29,0";"29,4";"27,6";"39,0";"44,0";"38,0";"13,7";"14,6";"13,3";"1011,2";"1012,7";"1011,2";"2,1";"53,0";"5,7";"2500,30";"0,0"
"11/07/2026";"1700";"30,6";"31,1";"28,9";"38,0";"41,0";"37,0";"14,8";"15,3";"13,6";"1010,0";"1011,2";"1010,0";"2,3";"24,0";"5,7";"2222,10";"0,0"
"11/07/2026";"1800";"30,9";"31,6";"30,2";"37,0";"39,0";"36,0";"14,5";"15,2";"14,3";"1009,3";"1010,0";"1009,3";"3,3";"11,0";"5,6";"1745,20";"0,0"
"11/07/2026";"1900";"27,2";"31,1";"27,2";"50,0";"52,0";"37,0";"15,9";"17,3";"14,5";"1009,3";"1009,4";"1009,1";"3,2";"63,0";"6,2";"1110,40";"0,0"
"11/07/2026";"2000";"24,4";"27,2";"24,4";"60,0";"60,0";"50,0";"16,0";"16,5";"15,8";"1009,7";"1009,7";"1009,3";"3,2";"61,0";"6,5";"406,70";"0,0"
"11/07/2026";"2100";"22,2";"24,4";"22,2";"77,0";"77,0";"60,0";"17,9";"17,9";"16,0";"1010,1";"1010,1";"1009,7";"2,7";"54,0";"6,3";"6,70";"0,0"
"11/07/2026";"2200";"21,3";"22,2";"21,3";"85,0";"85,0";"77,0";"18,5";"18,7";"17,9";"1010,7";"1010,7";"1010,1";"2,8";"55,0";"5,1";"";"0,0"
"11/07/2026";"2300";"20,3";"21,3";"20,3";"89,0";"89,0";"84,0";"18,3";"18,6";"18,3";"1011,1";"1011,1";"1010,7";"1,8";"65,0";"4,6";"";"0,0"
"12/07/2026";"0000";"19,4";"20,3";"19,4";"92,0";"92,0";"89,0";"18,1";"18,4";"18,0";"1010,9";"1011,1";"1010,9";"2,1";"58,0";"3,7";"";"0,0"
"12/07/2026";"0100";"19,4";"19,7";"19,2";"93,0";"93,0";"92,0";"18,3";"18,5";"18,0";"1010,6";"1010,9";"1010,6";"2,0";"55,0";"4,0";"";"0,0"
"12/07/2026";"0200";"19,4";"19,5";"18,9";"94,0";"94,0";"93,0";"18,4";"18,4";"17,8";"1010,1";"1010,6";"1010,1";"2,7";"16,0";"4,0";"";"0,0"
"12/07/2026";"0300";"19,8";"20,3";"19,4";"92,0";"94,0";"92,0";"18,5";"19,2";"18,4";"1009,5";"1010,1";"1009,5";"2,8";"15,0";"5,2";"";"0,0"
"12/07/2026";"0400";"19,4";"19,8";"19,3";"93,0";"93,0";"92,0";"18,2";"18,6";"18,2";"1008,8";"1009,5";"1008,8";"1,8";"19,0";"4,9";"";"0,0"
"12/07/2026";"0500";"19,4";"19,4";"19,1";"87,0";"93,0";"87,0";"17,2";"18,1";"17,2";"1008,4";"1008,9";"1008,4";"3,0";"5,0";"4,7";"";"0,0"
"12/07/2026";"0600";"19,0";"19,4";"18,8";"87,0";"87,0";"87,0";"16,8";"17,2";"16,7";"1007,9";"1008,4";"1007,9";"2,8";"8,0";"4,7";"";"0,0"
"12/07/2026";"0700";"19,5";"19,5";"18,8";"83,0";"87,0";"83,0";"16,5";"17,0";"16,4";"1008,2";"1008,2";"1007,8";"2,1";"359,0";"5,4";"";"0,0"
"12/07/2026";"0800";"21,5";"21,6";"19,0";"75,0";"83,0";"74,0";"16,8";"16,8";"15,9";"1009,6";"1009,6";"1008,2";"2,6";"162,0";"13,4";"";"0,0"
"12/07/2026";"0900";"20,2";"21,6";"20,2";"83,0";"83,0";"75,0";"17,2";"17,4";"16,8";"1010,1";"1010,1";"1009,6";"1,7";"113,0";"6,0";"";"0,0"
"12/07/2026";"1000";"19,6";"20,2";"18,7";"89,0";"90,0";"83,0";"17,7";"17,7";"16,9";"1010,6";"1010,6";"1009,9";"1,2";"174,0";"3,1";"42,90";"0,0"
"12/07/2026";"1100";"21,3";"21,3";"18,0";"86,0";"91,0";"86,0";"18,9";"18,9";"16,1";"1010,2";"1010,9";"1010,2";"2,5";"351,0";"4,1";"452,50";"0,0"
"12/07/2026";"1200";"23,9";"23,9";"21,3";"74,0";"86,0";"73,0";"19,1";"19,1";"17,9";"1010,5";"1010,7";"1010,0";"3,6";"17,0";"6,9";"1147,70";"0,0"
"12/07/2026";"1300";"26,4";"27,5";"23,5";"54,0";"74,0";"52,0";"16,3";"19,1";"16,2";"1009,6";"1010,5";"1009,6";"4,1";"6,0";"7,0";"1512,50";"0,0"
"12/07/2026";"1400";"32,0";"32,3";"26,1";"34,0";"56,0";"34,0";"14,0";"16,8";"14,0";"1008,9";"1009,6";"1008,9";"4,4";"333,0";"8,1";"2218,80";"0,0"
"12/07/2026";"1500";"32,9";"32,9";"31,2";"27,0";"36,0";"27,0";"11,6";"15,1";"11,0";"1008,0";"1008,9";"1008,0";"5,5";"292,0";"11,6";"2652,40";"0,0"
"12/07/2026";"1600";"33,2";"33,2";"31,3";"26,0";"27,0";"24,0";"10,9";"11,3";"9,5";"1007,1";"1008,0";"1007,1";"6,6";"301,0";"10,9";"2438,00";"0,0"
"12/07/2026";"1700";"33,6";"33,6";"31,3";"25,0";"29,0";"25,0";"10,8";"11,2";"9,5";"1006,7";"1007,1";"1006,7";"4,7";"300,0";"10,9";"1150,80";"0,0"
"12/07/2026";"1800";"32,7";"34,1";"31,9";"27,0";"28,0";"24,0";"11,5";"11,7";"9,8";"1006,3";"1006,7";"1006,2";"4,9";"293,0";"10,4";"1496,70";"0,0"
"12/07/2026";"1900";"31,1";"32,8";"31,1";"32,0";"32,0";"27,0";"12,4";"12,4";"11,2";"1007,0";"1007,0";"1006,3";"2,2";"263,0";"10,0";"781,00";"0,0"
"12/07/2026";"2000";"26,3";"31,1";"26,3";"50,0";"50,0";"32,0";"14,9";"15,2";"12,4";"1008,5";"1008,6";"1007,0";"3,4";"187,0";"8,6";"253,00";"0,0"
"12/07/2026";"2100";"23,9";"26,3";"23,9";"68,0";"68,0";"50,0";"17,7";"17,7";"15,0";"1009,4";"1009,4";"1008,5";"3,5";"184,0";"10,6";"4,50";"0,0"
"12/07/2026";"2200";"23,0";"23,9";"23,0";"73,0";"73,0";"68,0";"17,9";"18,0";"17,6";"1010,0";"1010,1";"1009,4";"4,3";"192,0";"11,3";"";"0,0"
"12/07/2026";"2300";"22,6";"23,0";"22,6";"72,0";"73,0";"71,0";"17,4";"17,9";"17,3";"1010,9";"1010,9";"1010,0";"3,9";"190,0";"10,7";"";"0,0"
"13/07/2026";"0000";"21,7";"22,6";"21,5";"77,0";"79,0";"72,0";"17,5";"17,6";"17,2";"1012,1";"1012,9";"1010,8";"3,6";"199,0";"12,7";"";"0,0"
"13/07/2026";"0100";"21,7";"22,0";"21,7";"76,0";"77,0";"75,0";"17,4";"17,6";"17,3";"1012,3";"1012,3";"1012,0";"5,0";"198,0";"11,2";"";"0,0"
"13/07/2026";"0200";"20,7";"21,8";"20,7";"75,0";"77,0";"74,0";"16,1";"17,3";"16,1";"1012,8";"1012,9";"1012,2";"5,0";"199,0";"12,6";"";"0,0"
"13/07/2026";"0300";"20,0";"20,7";"20,0";"73,0";"75,0";"72,0";"14,9";"16,0";"14,9";"1012,4";"1012,8";"1012,4";"2,9";"196,0";"11,0";"";"0,0"
"13/07/2026";"0400";"19,9";"20,1";"19,8";"72,0";"73,0";"72,0";"14,7";"14,9";"14,7";"1012,1";"1012,6";"1012,1";"3,4";"201,0";"9,2";"";"0,0"
"13/07/2026";"0500";"20,3";"20,4";"19,9";"69,0";"72,0";"68,0";"14,4";"14,7";"14,3";"1011,9";"1012,1";"1011,8";"4,4";"209,0";"9,4";"";"0,0"
"13/07/2026";"0600";"20,2";"20,4";"20,2";"69,0";"69,0";"69,0";"14,4";"14,4";"14,4";"1011,4";"1012,0";"1011,3";"3,4";"213,0";"8,6";"";"0,0"
"13/07/2026";"0700";"20,2";"20,4";"20,1";"70,0";"71,0";"69,0";"14,7";"14,7";"14,5";"1011,5";"1011,5";"1011,3";"2,6";"219,0";"6,2";"";"0,0"
"13/07/2026";"0800";"20,5";"20,5";"20,2";"69,0";"71,0";"68,0";"14,6";"14,7";"14,3";"1011,8";"1011,8";"1011,5";"3,3";"207,0";"7,5";"";"0,0"
"13/07/2026";"0900";"20,0";"20,5";"20,0";"79,0";"79,0";"69,0";"16,2";"16,2";"14,6";"1012,5";"1012,5";"1011,8";"3,5";"200,0";"8,1";"";"0,0"
"13/07/2026";"1000";"19,0";"20,0";"18,7";"83,0";"84,0";"79,0";"16,0";"16,2";"15,5";"1013,3";"1013,3";"1012,5";"2,9";"199,0";"9,4";"";"0,0"
"13/07/2026";"1100";"18,8";"19,2";"18,8";"79,0";"83,0";"78,0";"15,1";"16,0";"15,0";"1014,2";"1014,2";"1013,3";"3,9";"210,0";"8,4";"62,00";"0,0"
"13/07/2026";"1200";"19,5";"19,5";"18,3";"74,0";"83,0";"73,0";"14,6";"15,5";"14,6";"1014,6";"1014,6";"1014,1";"2,8";"207,0";"7,3";"183,90";"0,4"
"13/07/2026";"1300";"20,0";"20,0";"19,4";"71,0";"74,0";"71,0";"14,6";"14,9";"14,3";"1015,1";"1015,2";"1014,6";"2,9";"222,0";"6,4";"382,70";"0,0"
"13/07/2026";"1400";"20,6";"21,2";"19,9";"75,0";"76,0";"66,0";"16,0";"16,0";"14,6";"1014,9";"1015,1";"1014,7";"1,5";"307,0";"4,9";"651,70";"0,0"
"13/07/2026";"1500";"22,1";"22,2";"20,5";"63,0";"75,0";"61,0";"14,9";"16,3";"13,9";"1014,4";"1014,9";"1014,4";"2,8";"195,0";"8,1";"754,40";"0,0"
"13/07/2026";"1600";"22,0";"23,0";"21,7";"69,0";"70,0";"59,0";"16,0";"16,2";"14,0";"1013,9";"1014,4";"1013,9";"1,9";"330,0";"7,9";"889,80";"0,0"
"13/07/2026";"1700";"22,5";"23,3";"22,0";"53,0";"70,0";"52,0";"12,3";"17,1";"11,9";"1013,5";"1013,9";"1013,5";"4,4";"222,0";"8,9";"777,60";"0,0"
"13/07/2026";"1800";"22,7";"23,1";"22,5";"50,0";"58,0";"49,0";"11,9";"14,3";"11,5";"1013,4";"1013,5";"1013,3";"3,6";"202,0";"9,1";"823,50";"0,0"
"13/07/2026";"1900";"22,5";"23,8";"22,5";"49,0";"51,0";"47,0";"11,2";"12,3";"11,1";"1013,6";"1013,7";"1013,4";"4,1";"211,0";"9,6";"892,50";"0,0"
"13/07/2026";"2000";"20,8";"22,5";"20,8";"58,0";"58,0";"49,0";"12,2";"12,3";"11,2";"1014,4";"1014,4";"1013,6";"4,6";"205,0";"9,2";"123,30";"0,0"
"13/07/2026";"2100";"19,8";"20,8";"19,7";"62,0";"62,0";"58,0";"12,2";"12,3";"12,1";"1014,9";"1014,9";"1014,4";"3,9";"200,0";"10,8";"6,00";"0,0"
"13/07/2026";"2200";"19,6";"19,8";"19,6";"63,0";"63,0";"62,0";"12,3";"12,4";"12,2";"1015,4";"1015,4";"1014,9";"3,9";"208,0";"9,1";"";"0,0"
"13/07/2026";"2300";"19,3";"19,6";"19,2";"62,0";"64,0";"62,0";"11,9";"12,4";"11,9";"1016,3";"1016,4";"1015,4";"5,1";"210,0";"10,2";"";"0,0"
"14/07/2026";"0000";"19,0";"19,4";"18,8";"64,0";"64,0";"62,0";"12,0";"12,0";"11,8";"1016,9";"1016,9";"1016,3";"4,7";"211,0";"11,5";"";"0,0"
"14/07/2026";"0100";"19,0";"19,3";"19,0";"62,0";"64,0";"61,0";"11,5";"12,0";"11,5";"1017,4";"1017,5";"1016,9";"5,0";"214,0";"10,2";"";"0,0"
"14/07/2026";"0200";"18,9";"19,1";"18,8";"61,0";"62,0";"61,0";"11,3";"11,6";"11,2";"1017,6";"1017,6";"1017,4";"5,3";"217,0";"10,1";"";"0,0"
"14/07/2026";"0300";"17,6";"18,9";"17,6";"67,0";"67,0";"61,0";"11,4";"11,5";"11,2";"1017,9";"1017,9";"1017,6";"3,1";"221,0";"8,8";"";"0,0"
"14/07/2026";"0400";"18,3";"18,3";"17,4";"63,0";"68,0";"63,0";"11,2";"11,7";"11,2";"1018,0";"1018,1";"1017,8";"3,8";"202,0";"7,4";"";"0,0"
"14/07/2026";"0500";"17,8";"18,3";"17,7";"65,0";"65,0";"63,0";"11,0";"11,2";"10,9";"1017,9";"1018,0";"1017,8";"3,3";"205,0";"7,8";"";"0,0"
"14/07/2026";"0600";"16,2";"17,7";"15,9";"73,0";"73,0";"65,0";"11,3";"11,3";"11,0";"1017,7";"1017,9";"1017,7";"2,5";"224,0";"7,7";"";"0,0"
"14/07/2026";"0700";"15,2";"16,2";"15,0";"78,0";"79,0";"73,0";"11,5";"11,6";"11,0";"1017,8";"1018,0";"1017,7";"1,7";"268,0";"3,5";"";"0,0"
"14/07/2026";"0800";"15,4";"16,0";"15,3";"75,0";"78,0";"73,0";"11,1";"11,6";"11,0";"1018,0";"1018,1";"1017,8";"1,8";"262,0";"4,6";"";"0,0"
"14/07/2026";"0900";"15,4";"16,2";"15,0";"75,0";"77,0";"73,0";"11,0";"11,2";"10,7";"1018,6";"1018,6";"1017,9";"1,5";"257,0";"6,5";"";"0,0"
"14/07/2026";"1000";"15,2";"15,3";"14,1";"79,0";"81,0";"75,0";"11,6";"11,6";"10,6";"1019,5";"1019,5";"1018,6";"2,1";"278,0";"5,3";"39,00";"0,0"
"14/07/2026";"1100";"19,3";"19,4";"15,2";"64,0";"79,0";"64,0";"12,2";"12,8";"11,6";"1020,3";"1020,3";"1019,5";"1,1";"268,0";"3,1";"606,70";"0,0"
"14/07/2026";"1200";"21,5";"21,5";"19,2";"57,0";"65,0";"57,0";"12,7";"12,8";"11,8";"1021,2";"1021,2";"1020,3";"5,4";"224,0";"10,3";"1322,00";"0,0"
"14/07/2026";"1300";"";"";"";"";"";"";"";"";"";"1021,7";"";"";"5,8";"217,0";"";"549,00";"0,0"
"14/07/2026";"1400";"22,2";"";"";"53,0";"";"";"12,0";"";"";"1021,7";"1021,7";"1021,5";"4,9";"212,0";"10,3";"2200,40";""
"14/07/2026";"1500";"22,5";"23,5";"22,0";"54,0";"55,0";"50,0";"12,8";"13,5";"11,9";"1021,2";"1021,7";"1021,2";"3,1";"193,0";"9,6";"1913,10";""
"14/07/2026";"1600";"22,4";"24,2";"21,8";"54,0";"59,0";"50,0";"12,7";"13,9";"12,1";"1020,6";"1021,2";"1020,5";"4,6";"210,0";"9,8";"1459,00";"0,0"
"14/07/2026";"1700";"23,9";"23,9";"22,3";"50,0";"56,0";"50,0";"12,8";"13,6";"11,6";"1019,8";"1020,6";"1019,8";"3,2";"184,0";"8,2";"2391,50";"0,0"
"14/07/2026";"1800";"23,0";"24,0";"22,6";"52,0";"54,0";"49,0";"12,6";"13,6";"12,1";"1019,6";"1019,8";"1019,6";"3,1";"164,0";"7,3";"1799,50";"0,0"
"14/07/2026";"1900";"22,2";"23,2";"22,0";"57,0";"58,0";"52,0";"13,2";"13,5";"12,4";"1019,7";"1019,7";"1019,5";"2,8";"183,0";"7,4";"1204,80";"0,0"
"14/07/2026";"2000";"20,3";"22,2";"20,2";"66,0";"66,0";"56,0";"13,7";"13,7";"12,9";"1020,2";"1020,2";"1019,6";"1,1";"181,0";"6,2";"375,90";"0,0"
"14/07/2026";"2100";"18,9";"20,4";"18,9";"72,0";"72,0";"65,0";"13,7";"13,8";"13,4";"1020,7";"1020,7";"1020,2";"1,3";"176,0";"5,7";"8,40";"0,0"
"14/07/2026";"2200";"18,8";"19,3";"18,7";"77,0";"77,0";"72,0";"14,7";"14,7";"13,7";"1021,4";"1021,4";"1020,7";"2,0";"195,0";"5,3";"";"0,0"
"14/07/2026";"2300";"18,4";"18,8";"18,2";"76,0";"78,0";"76,0";"14,2";"14,7";"14,2";"1022,0";"1022,0";"1021,4";"2,5";"203,0";"5,3";"";"0,0"
"15/07/2026";"0000";"18,2";"18,5";"18,1";"75,0";"76,0";"75,0";"13,7";"14,2";"13,7";"1022,4";"1022,4";"1022,0";"3,2";"213,0";"5,8";"";"0,0"
"15/07/2026";"0100";"16,6";"18,2";"16,6";"83,0";"83,0";"75,0";"13,7";"14,2";"13,7";"1022,6";"1022,7";"1022,4";"1,3";"317,0";"5,4";"";"0,0"
"15/07/2026";"0200";"16,4";"16,6";"16,3";"86,0";"87,0";"83,0";"14,1";"14,3";"13,8";"1022,7";"1022,7";"1022,6";"1,4";"266,0";"2,1";"";"0,0"
"15/07/2026";"0300";"16,1";"16,6";"16,1";"85,0";"87,0";"84,0";"13,6";"14,1";"13,6";"1022,6";"1022,8";"1022,6";"0,7";"229,0";"2,0";"";"0,0"
"15/07/2026";"0400";"15,2";"16,4";"15,2";"88,0";"88,0";"85,0";"13,3";"14,1";"13,3";"1022,4";"1022,7";"1022,4";"1,2";"249,0";"1,6";"";"0,0"
"15/07/2026";"0500";"15,3";"15,4";"14,5";"91,0";"92,0";"88,0";"13,8";"14,0";"13,0";"1021,7";"1022,4";"1021,7";"1,7";"219,0";"2,5";"";"0,0"
"15/07/2026";"0600";"14,0";"15,4";"14,0";"92,0";"92,0";"89,0";"12,8";"13,8";"12,7";"1021,6";"1021,8";"1021,6";"1,1";"250,0";"2,0";"";"0,0"
"15/07/2026";"0700";"13,5";"14,0";"13,5";"94,0";"94,0";"92,0";"12,6";"12,9";"12,6";"1021,6";"1021,6";"1021,5";"1,3";"282,0";"2,2";"";"0,0"
"15/07/2026";"0800";"13,5";"13,6";"13,3";"95,0";"95,0";"94,0";"12,8";"12,8";"12,5";"1021,7";"1021,7";"1021,6";"1,6";"240,0";"2,3";"";"0,0"
"15/07/2026";"0900";"12,9";"13,6";"12,8";"96,0";"96,0";"95,0";"12,3";"12,9";"12,0";"1022,2";"1022,2";"1021,7";"1,6";"286,0";"2,4";"";"0,0"
"15/07/2026";"1000";"13,3";"13,3";"12,4";"96,0";"96,0";"96,0";"12,7";"12,7";"11,8";"1023,2";"1023,2";"1022,2";"1,9";"353,0";"2,9";"42,60";"0,0"
"15/07/2026";"1100";"16,5";"16,5";"13,3";"87,0";"96,0";"87,0";"14,4";"14,6";"12,8";"1023,7";"1023,7";"1023,2";"1,9";"299,0";"3,2";"611,60";"0,0"
"15/07/2026";"1200";"20,1";"20,1";"16,5";"69,0";"87,0";"67,0";"14,2";"14,7";"13,6";"1024,5";"1024,5";"1023,7";"2,0";"307,0";"3,5";"1374,90";"0,0"
"15/07/2026";"1300";"21,9";"22,3";"20,1";"53,0";"69,0";"52,0";"11,9";"14,3";"11,8";"1024,8";"1024,8";"1024,5";"1,1";"191,0";"3,8";"2011,10";"0,0"
"15/07/2026";"1400";"22,5";"23,7";"21,7";"47,0";"54,0";"44,0";"10,6";"12,6";"10,3";"1024,4";"1024,8";"1024,4";"1,9";"100,0";"3,7";"2184,10";"0,0"
"15/07/2026";"1500";"25,0";"25,0";"22,2";"34,0";"48,0";"33,0";"7,9";"10,9";"7,5";"1023,6";"1024,4";"1023,6";"2,4";"48,0";"4,5";"1831,70";"0,0"
"15/07/2026";"1600";"23,3";"25,3";"22,9";"40,0";"46,0";"32,0";"8,9";"11,3";"7,5";"1022,8";"1023,7";"1022,8";"2,1";"123,0";"6,1";"1057,90";"0,0"
"15/07/2026";"1700";"24,3";"24,9";"23,2";"31,0";"40,0";"30,0";"6,2";"9,7";"5,7";"1022,1";"1022,8";"1022,1";"2,5";"100,0";"6,1";"1461,00";"0,0"
"15/07/2026";"1800";"24,2";"24,7";"23,9";"33,0";"36,0";"30,0";"7,0";"8,1";"5,9";"1021,7";"1022,1";"1021,7";"2,3";"79,0";"7,4";"1859,60";"0,0"
"15/07/2026";"1900";"23,1";"24,5";"23,1";"41,0";"41,0";"32,0";"9,0";"9,1";"6,3";"1021,8";"1021,8";"1021,7";"3,5";"86,0";"6,4";"1186,50";"0,0"
"15/07/2026";"2000";"21,1";"23,1";"21,1";"50,0";"50,0";"39,0";"10,1";"10,1";"8,6";"1022,0";"1022,0";"1021,8";"3,1";"78,0";"6,4";"444,70";"0,0"
"15/07/2026";"2100";"18,6";"21,1";"18,6";"65,0";"65,0";"50,0";"11,8";"11,8";"10,2";"1022,1";"1022,1";"1021,9";"2,2";"82,0";"5,4";"8,80";"0,0"
"15/07/2026";"2200";"17,1";"18,6";"17,1";"76,0";"76,0";"65,0";"12,8";"12,9";"11,8";"1022,5";"1022,5";"1022,0";"1,9";"73,0";"3,8";"";"0,0"
"15/07/2026";"2300";"16,4";"17,2";"16,2";"82,0";"82,0";"76,0";"13,4";"13,4";"12,7";"1023,0";"1023,0";"1022,5";"2,0";"66,0";"3,1";"";"0,0"
"16/07/2026";"0000";"16,5";"17,2";"16,3";"81,0";"82,0";"79,0";"13,2";"13,6";"13,1";"1023,3";"1023,3";"1022,9";"1,9";"46,0";"3,8";"";"0,0"
"16/07/2026";"0100";"14,5";"16,5";"14,5";"89,0";"89,0";"81,0";"12,7";"13,2";"12,4";"1023,7";"1023,7";"1023,3";"1,5";"279,0";"3,3";"";"0,0"
"16/07/2026";"0200";"14,8";"15,6";"14,1";"90,0";"90,0";"88,0";"13,1";"13,7";"12,2";"1023,6";"1023,7";"1023,6";"1,1";"284,0";"2,1";"";"0,0"
"16/07/2026";"0300";"14,7";"14,9";"14,4";"91,0";"93,0";"90,0";"13,3";"13,7";"13,1";"1023,3";"1023,6";"1023,3";"1,6";"304,0";"2,2";"";"0,0"
"16/07/2026";"0400";"14,5";"14,8";"14,3";"90,0";"92,0";"90,0";"12,9";"13,3";"12,8";"1023,3";"1023,4";"1023,3";"0,6";"293,0";"1,9";"";"0,0"
"16/07/2026";"0500";"14,9";"14,9";"14,4";"91,0";"92,0";"90,0";"13,4";"13,5";"12,8";"1022,8";"1023,3";"1022,8";"0,9";"17,0";"1,2";"";"0,0"
"16/07/2026";"0600";"14,0";"15,1";"13,9";"93,0";"93,0";"91,0";"12,9";"13,9";"12,6";"1022,8";"1022,8";"1022,7";"0,7";"186,0";"1,2";"";"0,0"
"16/07/2026";"0700";"14,1";"14,3";"13,9";"95,0";"95,0";"93,0";"13,4";"13,4";"12,8";"1022,7";"1022,8";"1022,6";"0,4";"313,0";"1,2";"";"0,0"
"16/07/2026";"0800";"13,5";"14,1";"13,4";"96,0";"96,0";"95,0";"12,8";"13,3";"12,5";"1023,1";"1023,1";"1022,7";"1,9";"75,0";"3,7";"";"0,0"
"16/07/2026";"0900";"14,5";"14,5";"13,4";"93,0";"96,0";"93,0";"13,3";"13,4";"12,7";"1023,3";"1023,3";"1023,0";"1,9";"333,0";"3,7";"";"0,0"
"16/07/2026";"1000";"18,0";"18,6";"14,5";"78,0";"93,0";"76,0";"14,2";"14,9";"13,4";"1023,5";"1023,6";"1023,3";"2,5";"331,0";"8,0";"52,50";"0,0"
"16/07/2026";"1100";"19,7";"19,7";"17,7";"67,0";"81,0";"67,0";"13,3";"14,4";"13,1";"1024,5";"1024,5";"1023,5";"1,8";"354,0";"4,0";"682,30";"0,0"
"16/07/2026";"1200";"20,8";"20,8";"19,0";"63,0";"71,0";"63,0";"13,5";"14,2";"13,0";"1025,0";"1025,2";"1024,5";"2,4";"354,0";"4,8";"745,70";"0,0"
"16/07/2026";"1300";"23,8";"23,9";"20,8";"47,0";"63,0";"47,0";"11,9";"13,3";"11,7";"1025,2";"1025,3";"1025,0";"2,7";"360,0";"6,5";"1963,20";"0,0"
"16/07/2026";"1400";"25,1";"25,1";"23,1";"46,0";"50,0";"45,0";"12,6";"13,3";"11,7";"1024,5";"1025,2";"1024,5";"3,4";"23,0";"8,0";"2127,10";"0,0"
"16/07/2026";"1500";"24,6";"26,4";"23,9";"42,0";"46,0";"40,0";"10,7";"12,6";"10,7";"1023,6";"1024,5";"1023,6";"5,6";"33,0";"9,1";"1721,10";"0,0"
"16/07/2026";"1600";"24,5";"26,0";"24,0";"44,0";"45,0";"40,0";"11,6";"12,1";"10,9";"1022,6";"1023,6";"1022,6";"4,7";"50,0";"11,2";"1524,40";"0,0"
"16/07/2026";"1700";"25,7";"26,2";"24,2";"43,0";"46,0";"41,0";"12,2";"12,7";"11,4";"1021,7";"1022,7";"1021,7";"4,4";"35,0";"9,3";"1694,60";"0,0"
"16/07/2026";"1800";"25,4";"26,0";"24,1";"42,0";"46,0";"40,0";"11,5";"12,5";"11,1";"1021,3";"1021,8";"1021,2";"5,2";"31,0";"11,2";"1522,90";"0,0"
"16/07/2026";"1900";"23,9";"25,4";"23,8";"48,0";"48,0";"42,0";"12,2";"12,4";"11,0";"1021,1";"1021,3";"1021,0";"5,0";"56,0";"9,8";"1198,70";"0,0"
"16/07/2026";"2000";"22,4";"24,0";"22,4";"52,0";"52,0";"48,0";"12,0";"12,3";"11,7";"1021,4";"1021,4";"1021,1";"4,4";"57,0";"9,9";"452,70";"0,0"
"16/07/2026";"2100";"20,8";"22,4";"20,8";"62,0";"62,0";"52,0";"13,3";"13,4";"12,0";"1021,7";"1021,7";"1021,4";"3,7";"56,0";"8,4";"12,00";"0,0"
"16/07/2026";"2200";"19,8";"20,8";"19,8";"68,0";"68,0";"62,0";"13,8";"13,9";"13,4";"1022,0";"1022,0";"1021,7";"2,9";"56,0";"5,9";"";"0,0"
"16/07/2026";"2300";"18,8";"19,8";"18,7";"74,0";"74,0";"68,0";"14,1";"14,1";"13,8";"1022,3";"1022,3";"1022,0";"1,9";"64,0";"4,6";"";"0,0"
"17/07/2026";"0000";"18,4";"18,8";"18,2";"76,0";"76,0";"74,0";"14,1";"14,2";"13,9";"1022,7";"1022,7";"1022,3";"2,1";"38,0";"4,0";"";"0,0"
"17/07/2026";"0100";"17,2";"18,5";"16,9";"81,0";"82,0";"76,0";"14,0";"14,1";"13,2";"1022,8";"1022,8";"1022,7";"1,6";"358,0";"4,4";"";"0,0"
"17/07/2026";"0200";"16,4";"17,2";"16,4";"83,0";"83,0";"80,0";"13,5";"13,9";"13,5";"1022,9";"1023,0";"1022,8";"1,4";"17,0";"3,0";"";"0,0"
"17/07/2026";"0300";"16,6";"16,6";"16,3";"80,0";"83,0";"80,0";"13,0";"13,6";"13,0";"1022,8";"1022,9";"1022,7";"2,6";"31,0";"4,2";"";"0,0"
"17/07/2026";"0400";"16,3";"17,2";"16,3";"79,0";"80,0";"76,0";"12,6";"13,2";"12,6";"1022,6";"1022,9";"1022,6";"2,2";"48,0";"5,0";"";"0,0"
"17/07/2026";"0500";"16,5";"16,9";"16,1";"78,0";"80,0";"77,0";"12,7";"12,8";"12,5";"1022,1";"1022,6";"1022,1";"2,8";"17,0";"5,1";"";"0,0"
"17/07/2026";"0600";"15,6";"16,5";"15,5";"81,0";"82,0";"78,0";"12,5";"12,8";"12,3";"1021,7";"1022,1";"1021,7";"2,6";"15,0";"4,3";"";"0,0"
"17/07/2026";"0700";"15,2";"15,9";"15,2";"81,0";"82,0";"80,0";"11,9";"12,5";"11,9";"1021,5";"1021,7";"1021,5";"1,8";"61,0";"4,3";"";"0,0"
"17/07/2026";"0800";"14,8";"15,2";"14,2";"86,0";"86,0";"81,0";"12,4";"12,4";"11,7";"1021,6";"1021,7";"1021,5";"2,1";"33,0";"3,5";"";"0,0"
"17/07/2026";"0900";"16,6";"16,6";"14,8";"79,0";"86,0";"79,0";"13,0";"13,2";"12,3";"1022,3";"1022,3";"1021,6";"1,9";"26,0";"3,5";"";"0,0"
"17/07/2026";"1000";"17,8";"17,8";"16,6";"74,0";"79,0";"74,0";"13,0";"13,0";"12,7";"1022,7";"1022,8";"1022,3";"2,5";"8,0";"4,2";"34,50";"0,0"
"17/07/2026";"1100";"20,0";"20,0";"17,8";"67,0";"74,0";"66,0";"13,6";"13,6";"12,9";"1023,4";"1023,4";"1022,7";"2,0";"23,0";"4,5";"358,10";"0,0"
"17/07/2026";"1200";"23,3";"23,8";"20,0";"47,0";"67,0";"47,0";"11,4";"13,5";"11,4";"1023,7";"1023,8";"1023,3";"3,8";"343,0";"6,2";"1401,60";"0,0"
"17/07/2026";"1300";"24,9";"25,6";"23,3";"43,0";"48,0";"41,0";"11,4";"12,2";"11,1";"1023,8";"1023,9";"1023,7";"4,2";"354,0";"7,1";"1974,60";"0,0"
"17/07/2026";"1400";"27,0";"27,0";"24,9";"40,0";"44,0";"39,0";"12,3";"12,8";"11,4";"1023,1";"1023,8";"1023,0";"6,3";"25,0";"10,9";"2232,60";"0,0"
"17/07/2026";"1500";"27,0";"27,7";"25,6";"38,0";"41,0";"36,0";"11,6";"12,3";"11,0";"1022,3";"1023,1";"1022,3";"6,4";"28,0";"11,0";"2568,80";"0,0"
"17/07/2026";"1600";"27,3";"28,2";"25,8";"38,0";"42,0";"36,0";"11,7";"12,8";"11,4";"1021,1";"1022,3";"1021,1";"5,7";"31,0";"11,0";"2399,60";"0,0"
"17/07/2026";"1700";"26,8";"28,1";"26,3";"41,0";"42,0";"36,0";"12,4";"12,9";"11,3";"1020,3";"1021,2";"1020,2";"5,1";"58,0";"10,8";"2139,50";"0,0"
"17/07/2026";"1800";"25,4";"26,8";"25,2";"48,0";"48,0";"41,0";"13,4";"13,6";"12,3";"1020,1";"1020,3";"1020,1";"6,3";"64,0";"11,4";"1806,80";"0,0"
"17/07/2026";"1900";"24,6";"25,6";"24,6";"49,0";"49,0";"45,0";"13,3";"13,7";"12,5";"1019,9";"1020,2";"1019,8";"5,1";"58,0";"11,1";"1194,70";"0,0"
"17/07/2026";"2000";"22,8";"24,8";"22,8";"61,0";"61,0";"47,0";"14,8";"14,8";"12,7";"1019,8";"1019,9";"1019,8";"5,1";"59,0";"11,8";"455,00";"0,0"
"17/07/2026";"2100";"21,7";"22,8";"21,7";"71,0";"71,0";"61,0";"16,2";"16,2";"14,8";"1020,1";"1020,1";"1019,8";"4,6";"58,0";"9,8";"13,10";"0,0"
"17/07/2026";"2200";"21,2";"21,7";"21,1";"76,0";"77,0";"71,0";"16,7";"17,1";"16,2";"1020,4";"1020,4";"1020,1";"4,0";"54,0";"8,0";"";"0,0"
"17/07/2026";"2300";"21,1";"21,3";"21,0";"78,0";"78,0";"75,0";"17,1";"17,1";"16,6";"1020,5";"1020,5";"1020,4";"3,9";"51,0";"8,3";"";"0,0"
"18/07/2026";"0000";"20,8";"21,1";"20,7";"79,0";"79,0";"78,0";"17,0";"17,1";"16,9";"1020,6";"1020,6";"1020,5";"3,7";"45,0";"6,9";"";"0,0"
"18/07/2026";"0100";"20,2";"20,9";"20,1";"82,0";"82,0";"79,0";"17,0";"17,1";"16,9";"1021,0";"1021,0";"1020,6";"3,6";"33,0";"6,7";"";"0,0"
"18/07/2026";"0200";"19,7";"20,2";"19,7";"80,0";"82,0";"80,0";"16,1";"17,1";"16,1";"1021,2";"1021,2";"1021,0";"3,7";"37,0";"6,3";"";"0,0"
"18/07/2026";"0300";"18,8";"19,9";"18,8";"79,0";"80,0";"77,0";"15,2";"16,1";"15,2";"1021,2";"1021,4";"1021,2";"3,2";"30,0";"7,1";"";"0,0"
"18/07/2026";"0400";"18,7";"18,9";"18,4";"80,0";"81,0";"79,0";"15,0";"15,4";"15,0";"1020,9";"1021,3";"1020,9";"2,1";"12,0";"5,2";"";"0,0"
"18/07/2026";"0500";"18,4";"19,1";"18,4";"79,0";"80,0";"79,0";"14,7";"15,4";"14,7";"1020,4";"1021,0";"1020,4";"2,3";"351,0";"3,7";"";"0,0"
"18/07/2026";"0600";"17,4";"18,4";"17,4";"82,0";"83,0";"79,0";"14,3";"14,8";"14,3";"1019,8";"1020,4";"1019,8";"1,8";"8,0";"3,9";"";"0,0"
"18/07/2026";"0700";"17,2";"17,4";"16,9";"82,0";"84,0";"82,0";"14,2";"14,3";"14,0";"1019,9";"1019,9";"1019,7";"2,1";"11,0";"3,3";"";"0,0"
"18/07/2026";"0800";"17,8";"18,0";"17,2";"79,0";"82,0";"79,0";"14,1";"14,5";"14,1";"1019,9";"1019,9";"1019,8";"2,3";"1,0";"3,7";"";"0,0"
"18/07/2026";"0900";"16,9";"17,8";"16,8";"84,0";"84,0";"79,0";"14,2";"14,3";"14,0";"1020,3";"1020,3";"1019,8";"2,3";"3,0";"4,0";"";"0,0"
"18/07/2026";"1000";"17,2";"17,2";"16,3";"85,0";"87,0";"84,0";"14,6";"14,7";"13,9";"1020,9";"1020,9";"1020,3";"1,9";"26,0";"3,7";"47,50";"0,0"
"18/07/2026";"1100";"20,1";"20,1";"17,2";"73,0";"85,0";"73,0";"15,1";"15,3";"14,6";"1020,9";"1021,1";"1020,9";"3,1";"356,0";"5,5";"638,50";"0,0"
"18/07/2026";"1200";"23,5";"23,5";"20,1";"59,0";"73,0";"58,0";"15,0";"15,6";"14,6";"1021,1";"1021,2";"1020,8";"2,8";"347,0";"6,3";"1380,40";"0,0"
"18/07/2026";"1300";"25,5";"26,1";"23,4";"49,0";"59,0";"48,0";"14,1";"15,1";"13,9";"1020,8";"1021,1";"1020,8";"3,8";"358,0";"6,3";"2005,20";"0,0"
"18/07/2026";"1400";"27,1";"27,5";"25,5";"45,0";"49,0";"44,0";"14,0";"15,0";"13,7";"1019,9";"1020,8";"1019,9";"5,0";"1,0";"9,3";"2425,20";"0,0"
"18/07/2026";"1500";"28,6";"28,8";"26,9";"39,0";"45,0";"39,0";"13,5";"14,6";"13,1";"1018,9";"1019,9";"1018,9";"5,8";"18,0";"9,9";"2591,20";"0,0"
"18/07/2026";"1600";"29,3";"29,3";"28,2";"39,0";"40,0";"38,0";"13,9";"13,9";"12,8";"1017,7";"1018,9";"1017,6";"5,6";"13,0";"12,0";"2552,60";"0,0"
"18/07/2026";"1700";"26,3";"29,8";"26,0";"58,0";"58,0";"37,0";"17,4";"17,4";"12,7";"1016,9";"1017,7";"1016,9";"5,0";"58,0";"12,1";"2097,70";"0,0"
"18/07/2026";"1800";"25,7";"27,0";"25,4";"62,0";"62,0";"56,0";"17,9";"18,1";"17,1";"1016,4";"1016,9";"1016,4";"5,5";"59,0";"11,1";"1709,80";"0,0"
"18/07/2026";"1900";"24,5";"25,7";"24,5";"65,0";"66,0";"62,0";"17,4";"18,1";"17,3";"1016,1";"1016,4";"1016,1";"7,2";"57,0";"14,3";"1195,10";"0,0"
"18/07/2026";"2000";"23,3";"24,7";"23,3";"72,0";"72,0";"65,0";"17,9";"17,9";"17,4";"1016,5";"1016,5";"1016,1";"6,3";"55,0";"14,3";"460,90";"0,0"
"18/07/2026";"2100";"22,2";"23,3";"22,2";"80,0";"80,0";"72,0";"18,5";"18,6";"18,0";"1016,7";"1016,7";"1016,4";"6,6";"53,0";"13,5";"15,90";"0,0"
"18/07/2026";"2200";"21,9";"22,2";"21,9";"81,0";"81,0";"79,0";"18,6";"18,6";"18,2";"1017,2";"1017,2";"1016,7";"6,2";"50,0";"12,7";"";"0,0"
"18/07/2026";"2300";"21,6";"21,9";"21,5";"82,0";"84,0";"81,0";"18,3";"18,9";"18,3";"1017,7";"1017,7";"1017,1";"4,8";"46,0";"12,0";"";"0,0"
"19/07/2026";"0000";"21,4";"21,6";"21,2";"81,0";"82,0";"80,0";"17,9";"18,2";"17,8";"1017,8";"1017,8";"1017,7";"4,5";"49,0";"8,3";"";"0,0"
"19/07/2026";"0100";"21,2";"21,4";"21,1";"79,0";"81,0";"79,0";"17,5";"17,9";"17,5";"1018,4";"1018,4";"1017,7";"3,1";"54,0";"7,7";"";"0,0"
"19/07/2026";"0200";"21,3";"21,3";"21,0";"79,0";"80,0";"79,0";"17,5";"17,5";"17,4";"1018,8";"1018,8";"1018,4";"3,5";"52,0";"5,6";"";"0,0"
"19/07/2026";"0300";"21,3";"21,4";"21,2";"79,0";"79,0";"78,0";"17,4";"17,5";"17,3";"1018,3";"1018,8";"1018,3";"3,6";"54,0";"6,7";"";"0,0"
"19/07/2026";"0400";"21,0";"21,4";"21,0";"81,0";"81,0";"79,0";"17,7";"17,7";"17,4";"1018,3";"1018,5";"1018,3";"3,6";"49,0";"7,2";"";"0,0"
"19/07/2026";"0500";"21,0";"21,0";"20,7";"82,0";"83,0";"81,0";"17,8";"17,8";"17,7";"1018,1";"1018,4";"1018,1";"3,7";"51,0";"7,0";"";"0,0"
"19/07/2026";"0600";"20,4";"21,0";"20,4";"84,0";"84,0";"82,0";"17,6";"17,8";"17,6";"1017,8";"1018,1";"1017,8";"4,1";"53,0";"7,3";"";"0,0"
"19/07/2026";"0700";"20,3";"20,4";"19,9";"82,0";"85,0";"82,0";"17,1";"17,7";"17,1";"1017,6";"1017,9";"1017,6";"3,8";"51,0";"6,6";"";"0,0"
"19/07/2026";"0800";"19,3";"20,3";"19,1";"85,0";"86,0";"82,0";"16,7";"17,1";"16,6";"1017,5";"1017,7";"1017,5";"2,7";"37,0";"6,6";"";"0,0"
"19/07/2026";"0900";"18,2";"19,7";"18,2";"89,0";"89,0";"84,0";"16,3";"17,0";"16,1";"1017,8";"1017,8";"1017,5";"1,6";"310,0";"4,3";"";"0,0"
"19/07/2026";"1000";"19,0";"19,1";"18,2";"87,0";"90,0";"87,0";"16,8";"17,0";"16,3";"1017,8";"1018,0";"1017,8";"1,6";"13,0";"3,0";"41,10";"0,0"
"19/07/2026";"1100";"22,2";"22,2";"18,8";"77,0";"88,0";"77,0";"17,9";"17,9";"16,7";"1018,1";"1018,1";"1017,7";"2,0";"20,0";"4,2";"560,50";"0,0"
"19/07/2026";"1200";"25,3";"25,4";"22,2";"58,0";"77,0";"58,0";"16,6";"18,3";"16,6";"1018,4";"1018,4";"1018,1";"4,7";"24,0";"7,8";"1420,20";"0,0"
"19/07/2026";"1300";"27,1";"27,5";"25,3";"51,0";"59,0";"50,0";"16,0";"16,9";"15,7";"1018,2";"1018,5";"1018,2";"5,7";"12,0";"9,4";"2102,70";"0,0"
"19/07/2026";"1400";"28,7";"29,0";"26,8";"41,0";"51,0";"41,0";"14,3";"16,3";"14,1";"1017,7";"1018,3";"1017,6";"5,4";"23,0";"9,9";"2469,70";"0,0"
"19/07/2026";"1500";"29,5";"29,5";"28,1";"39,0";"42,0";"38,0";"14,0";"14,6";"13,2";"1016,8";"1017,7";"1016,7";"5,1";"39,0";"10,3";"2621,90";"0,0"
"19/07/2026";"1600";"27,4";"29,6";"27,2";"51,0";"52,0";"38,0";"16,4";"16,9";"13,3";"1016,0";"1016,8";"1016,0";"6,0";"64,0";"11,9";"2591,60";"0,0"
"19/07/2026";"1700";"26,2";"27,6";"25,8";"59,0";"61,0";"50,0";"17,5";"18,0";"15,9";"1015,6";"1016,0";"1015,5";"6,9";"64,0";"13,1";"2348,80";"0,0"
"19/07/2026";"1800";"25,9";"26,8";"25,3";"53,0";"63,0";"51,0";"15,7";"18,0";"15,4";"1015,5";"1015,7";"1015,4";"6,1";"61,0";"12,4";"1846,60";"0,0"
"19/07/2026";"1900";"25,1";"26,2";"24,9";"62,0";"63,0";"52,0";"17,2";"17,4";"15,4";"1015,5";"1015,5";"1015,3";"5,1";"57,0";"12,1";"1217,00";"0,0"
"19/07/2026";"2000";"23,4";"25,1";"23,4";"70,0";"70,0";"59,0";"17,7";"17,7";"16,1";"1015,7";"1015,7";"1015,5";"5,9";"54,0";"11,3";"479,70";"0,0"
"19/07/2026";"2100";"22,1";"23,4";"22,1";"78,0";"78,0";"70,0";"18,1";"18,5";"17,9";"1016,0";"1016,0";"1015,7";"4,4";"57,0";"11,0";"17,30";"0,0"
"19/07/2026";"2200";"22,1";"22,1";"21,8";"76,0";"78,0";"76,0";"17,7";"18,1";"17,4";"1016,4";"1016,4";"1016,0";"4,5";"52,0";"8,4";"";"0,0"
"19/07/2026";"2300";"22,1";"22,1";"21,9";"80,0";"80,0";"76,0";"18,4";"18,4";"17,6";"1016,6";"1016,7";"1016,4";"5,5";"51,0";"9,2";"";"0,0"
"20/07/2026";"0000";"21,9";"22,1";"21,8";"78,0";"80,0";"78,0";"17,9";"18,4";"17,9";"1016,8";"1016,9";"1016,6";"4,4";"43,0";"9,8";"";"0,0"
"20/07/2026";"0100";"22,0";"22,0";"21,7";"79,0";"79,0";"77,0";"18,1";"18,1";"17,7";"1017,0";"1017,0";"1016,8";"5,1";"48,0";"9,2";"";"0,0"
"20/07/2026";"0200";"21,7";"22,0";"21,6";"79,0";"81,0";"79,0";"17,9";"18,3";"17,9";"1017,0";"1017,2";"1017,0";"4,7";"42,0";"9,6";"";"0,0"
"20/07/2026";"0300";"21,0";"21,7";"20,9";"77,0";"79,0";"76,0";"16,9";"17,9";"16,7";"1017,0";"1017,0";"1016,9";"3,1";"42,0";"8,7";"";"0,0"
"20/07/2026";"0400";"19,6";"21,0";"19,6";"81,0";"81,0";"77,0";"16,2";"16,9";"16,1";"1016,8";"1017,0";"1016,8";"3,0";"32,0";"5,6";"";"0,0"
"20/07/2026";"0500";"19,2";"19,6";"19,0";"83,0";"84,0";"81,0";"16,2";"16,3";"16,0";"1016,4";"1016,9";"1016,3";"3,3";"23,0";"5,5";"";"0,0"
"20/07/2026";"0600";"18,8";"19,2";"18,7";"84,0";"85,0";"83,0";"16,1";"16,3";"16,0";"1016,2";"1016,4";"1016,2";"2,9";"3,0";"5,5";"";"0,0"
"20/07/2026";"0700";"17,4";"18,8";"17,4";"90,0";"90,0";"84,0";"15,7";"16,0";"15,4";"1015,9";"1016,2";"1015,9";"1,8";"18,0";"4,9";"";"0,0"
"20/07/2026";"0800";"16,9";"17,4";"16,4";"91,0";"92,0";"90,0";"15,4";"15,8";"15,0";"1016,0";"1016,0";"1015,8";"2,2";"22,0";"3,9";"";"0,0"
"20/07/2026";"0900";"16,6";"16,9";"16,3";"92,0";"92,0";"91,0";"15,2";"15,5";"14,9";"1016,4";"1016,4";"1016,0";"2,6";"9,0";"4,0";"";"0,0"
"20/07/2026";"1000";"17,4";"17,4";"16,6";"89,0";"92,0";"89,0";"15,6";"15,6";"15,1";"1017,0";"1017,0";"1016,4";"1,7";"24,0";"4,4";"57,00";"0,0"
"20/07/2026";"1100";"21,3";"21,3";"17,4";"77,0";"89,0";"77,0";"17,0";"17,2";"15,6";"1017,7";"1017,7";"1017,0";"2,6";"9,0";"4,3";"656,10";"0,0"
"20/07/2026";"1200";"24,7";"24,7";"21,3";"58,0";"77,0";"57,0";"15,8";"17,2";"15,2";"1018,1";"1018,3";"1017,6";"3,6";"336,0";"7,3";"1396,60";"0,0"
"20/07/2026";"1300";"26,6";"26,6";"24,5";"48,0";"58,0";"47,0";"14,6";"15,7";"14,1";"1018,3";"1018,4";"1018,1";"4,9";"357,0";"8,6";"1916,20";"0,0"
"20/07/2026";"1400";"27,7";"27,8";"25,8";"41,0";"48,0";"41,0";"13,4";"14,9";"13,4";"1017,7";"1018,3";"1017,7";"4,4";"335,0";"8,1";"2198,10";"0,0"
"20/07/2026";"1500";"29,2";"29,2";"27,3";"38,0";"42,0";"36,0";"13,3";"13,6";"12,3";"1016,8";"1017,7";"1016,8";"3,9";"319,0";"8,4";"2655,40";"0,0"
"20/07/2026";"1600";"28,5";"29,6";"28,2";"34,0";"38,0";"33,0";"11,3";"13,2";"11,2";"1015,5";"1016,8";"1015,5";"3,5";"329,0";"7,5";"2672,10";"0,0"
"20/07/2026";"1700";"29,9";"30,3";"28,5";"33,0";"35,0";"32,0";"11,8";"12,1";"11,1";"1014,5";"1015,5";"1014,5";"3,2";"328,0";"8,1";"2425,10";"0,0"
"20/07/2026";"1800";"26,6";"30,1";"26,2";"54,0";"55,0";"32,0";"16,4";"16,8";"11,2";"1013,9";"1014,5";"1013,8";"6,3";"63,0";"12,5";"1884,80";"0,0"
"20/07/2026";"1900";"25,3";"26,7";"25,3";"59,0";"59,0";"53,0";"16,8";"17,0";"16,1";"1014,1";"1014,1";"1013,9";"6,3";"61,0";"10,6";"1211,70";"0,0"
"20/07/2026";"2000";"23,7";"25,5";"23,7";"71,0";"71,0";"59,0";"18,1";"18,1";"16,8";"1014,4";"1014,4";"1014,1";"6,1";"57,0";"12,0";"480,90";"0,0"
"20/07/2026";"2100";"22,6";"23,7";"22,6";"79,0";"79,0";"71,0";"18,7";"18,7";"18,1";"1014,6";"1014,6";"1014,3";"5,1";"51,0";"10,8";"18,70";"0,0"
"20/07/2026";"2200";"22,2";"22,6";"22,2";"80,0";"80,0";"79,0";"18,5";"18,8";"18,5";"1015,3";"1015,3";"1014,6";"4,2";"50,0";"9,6";"";"0,0"
"20/07/2026";"2300";"22,0";"22,2";"21,9";"82,0";"82,0";"80,0";"18,8";"18,9";"18,5";"1015,6";"1015,6";"1015,3";"3,8";"52,0";"7,5";"";"0,0"
"21/07/2026";"0000";"21,8";"22,1";"21,8";"80,0";"83,0";"80,0";"18,2";"19,0";"18,2";"1015,8";"1015,8";"1015,6";"3,1";"55,0";"6,9";"";"0,0"
"21/07/2026";"0100";"20,1";"21,8";"20,1";"84,0";"84,0";"80,0";"17,2";"18,2";"17,2";"1015,9";"1015,9";"1015,8";"1,8";"31,0";"5,3";"";"0,0"
"21/07/2026";"0200";"19,3";"20,1";"18,8";"89,0";"90,0";"84,0";"17,5";"17,5";"16,8";"1015,6";"1015,9";"1015,6";"2,1";"34,0";"2,9";"";"0,0"
"21/07/2026";"0300";"19,6";"19,9";"19,2";"87,0";"89,0";"86,0";"17,4";"17,7";"17,1";"1015,5";"1015,6";"1015,5";"2,8";"23,0";"4,6";"";"0,0"
"21/07/2026";"0400";"19,0";"19,8";"18,9";"89,0";"90,0";"87,0";"17,2";"17,5";"17,0";"1015,4";"1015,6";"1015,4";"2,5";"24,0";"5,0";"";"0,0"
"21/07/2026";"0500";"19,2";"19,8";"19,0";"85,0";"89,0";"84,0";"16,7";"17,4";"16,7";"1015,2";"1015,4";"1015,1";"2,2";"354,0";"5,9";"";"0,0"
"21/07/2026";"0600";"17,9";"19,2";"17,7";"92,0";"92,0";"85,0";"16,6";"16,8";"16,4";"1015,2";"1015,2";"1015,1";"1,8";"22,0";"4,4";"";"0,0"
"21/07/2026";"0700";"17,9";"18,0";"17,6";"93,0";"93,0";"92,0";"16,8";"16,8";"16,3";"1015,1";"1015,2";"1015,1";"2,1";"2,0";"3,1";"";"0,0"
"21/07/2026";"0800";"17,8";"18,0";"17,6";"92,0";"93,0";"92,0";"16,5";"16,9";"16,4";"1015,2";"1015,2";"1015,0";"2,3";"21,0";"3,4";"";"0,0"
"21/07/2026";"0900";"17,8";"17,8";"17,5";"93,0";"93,0";"92,0";"16,6";"16,7";"16,2";"1015,5";"1015,5";"1015,1";"2,1";"32,0";"3,4";"";"0,0"
"21/07/2026";"1000";"19,0";"19,0";"17,4";"89,0";"93,0";"89,0";"17,2";"17,2";"16,2";"1016,1";"1016,1";"1015,5";"2,2";"30,0";"4,0";"68,00";"0,0"
"21/07/2026";"1100";"22,4";"22,4";"19,0";"75,0";"89,0";"75,0";"17,8";"18,0";"17,1";"1016,5";"1016,5";"1016,0";"2,6";"27,0";"4,5";"648,40";"0,0"
"21/07/2026";"1200";"24,6";"24,7";"22,4";"64,0";"75,0";"64,0";"17,4";"18,0";"17,1";"1016,6";"1016,7";"1016,5";"3,8";"23,0";"6,3";"1371,50";"0,0"
"21/07/2026";"1300";"26,7";"26,8";"24,6";"56,0";"65,0";"56,0";"17,3";"17,7";"16,9";"1016,3";"1016,7";"1016,3";"3,8";"18,0";"6,4";"1872,00";"0,0"
"21/07/2026";"1400";"28,7";"28,8";"26,7";"47,0";"56,0";"47,0";"16,3";"17,4";"16,1";"1015,6";"1016,3";"1015,6";"3,8";"18,0";"9,1";"2253,20";"0,0"
"21/07/2026";"1500";"28,9";"30,0";"28,6";"46,0";"47,0";"43,0";"16,0";"16,5";"15,5";"1014,4";"1015,6";"1014,4";"3,8";"40,0";"7,5";"2332,50";"0,0"
"21/07/2026";"1600";"27,4";"29,7";"26,7";"58,0";"61,0";"44,0";"18,4";"18,9";"15,7";"1013,5";"1014,4";"1013,5";"5,6";"66,0";"10,0";"1619,20";"0,0"
"21/07/2026";"1700";"27,6";"28,3";"26,7";"57,0";"60,0";"56,0";"18,4";"18,8";"18,1";"1012,9";"1013,5";"1012,9";"5,6";"57,0";"11,2";"2021,30";"0,0"
"21/07/2026";"1800";"25,8";"27,7";"25,8";"66,0";"66,0";"57,0";"18,9";"18,9";"18,1";"1012,6";"1012,9";"1012,6";"6,4";"60,0";"11,8";"1868,00";"0,0"
"21/07/2026";"1900";"24,9";"26,0";"24,7";"68,0";"69,0";"65,0";"18,5";"19,3";"18,5";"1012,8";"1012,8";"1012,6";"6,5";"56,0";"11,7";"1210,00";"0,0"
"21/07/2026";"2000";"23,4";"24,9";"23,4";"74,0";"75,0";"67,0";"18,6";"19,0";"18,2";"1013,1";"1013,1";"1012,8";"6,0";"60,0";"13,7";"460,70";"0,0"
"21/07/2026";"2100";"22,6";"23,4";"22,5";"76,0";"76,0";"74,0";"18,1";"18,6";"17,9";"1013,3";"1013,3";"1013,1";"5,0";"53,0";"11,3";"15,40";"0,0"
"21/07/2026";"2200";"22,4";"22,6";"22,2";"77,0";"77,0";"76,0";"18,2";"18,2";"17,9";"1013,3";"1013,3";"1013,2";"4,5";"53,0";"9,5";"";"0,0"
"21/07/2026";"2300";"22,0";"22,5";"22,0";"76,0";"77,0";"73,0";"17,7";"18,2";"17,3";"1013,5";"1013,6";"1013,3";"2,6";"39,0";"8,6";"";"0,0"
"22/07/2026";"0000";"21,2";"22,1";"21,2";"81,0";"81,0";"76,0";"17,8";"18,0";"17,7";"1014,0";"1014,0";"1013,5";"1,5";"20,0";"5,8";"";"0,0"
"22/07/2026";"0100";"20,7";"21,2";"20,4";"84,0";"85,0";"81,0";"18,0";"18,2";"17,7";"1013,7";"1014,0";"1013,7";"2,0";"49,0";"3,0";"";"0,0"
"22/07/2026";"0200";"20,3";"20,8";"20,3";"85,0";"85,0";"84,0";"17,6";"18,0";"17,6";"1013,7";"1013,8";"1013,6";"1,8";"47,0";"3,6";"";"0,0"
"22/07/2026";"0300";"19,7";"20,3";"19,7";"85,0";"85,0";"84,0";"17,1";"17,6";"17,1";"1013,3";"1013,7";"1013,3";"1,9";"42,0";"4,1";"";"0,0"
"22/07/2026";"0400";"19,3";"19,7";"19,2";"87,0";"87,0";"85,0";"17,1";"17,4";"17,0";"1013,1";"1013,3";"1013,0";"1,8";"55,0";"4,1";"";"0,0"
"22/07/2026";"0500";"18,9";"19,3";"18,7";"89,0";"89,0";"87,0";"17,0";"17,2";"16,8";"1013,0";"1013,3";"1013,0";"2,0";"29,0";"3,5";"";"0,0"
"22/07/2026";"0600";"18,4";"19,0";"18,3";"91,0";"91,0";"88,0";"16,9";"17,1";"16,6";"1012,7";"1013,0";"1012,7";"1,1";"343,0";"3,5";"";"0,0"
"22/07/2026";"0700";"18,0";"18,4";"18,0";"91,0";"92,0";"91,0";"16,5";"17,0";"16,5";"1012,8";"1012,8";"1012,6";"1,7";"6,0";"2,4";"";"0,0"
"22/07/2026";"0800";"17,5";"18,0";"17,5";"93,0";"93,0";"91,0";"16,3";"16,6";"16,3";"1013,2";"1013,2";"1012,7";"1,6";"16,0";"2,4";"";"0,0"
"22/07/2026";"0900";"17,4";"17,9";"17,4";"94,0";"94,0";"93,0";"16,4";"16,8";"16,3";"1014,0";"1014,0";"1013,2";"2,1";"11,0";"2,6";"";"0,0"
"22/07/2026";"1000";"19,6";"19,6";"17,3";"89,0";"94,0";"89,0";"17,8";"17,8";"16,3";"1015,0";"1015,0";"1014,0";"1,3";"46,0";"3,2";"99,30";"0,0"
"22/07/2026";"1100";"22,0";"22,1";"19,5";"80,0";"89,0";"79,0";"18,4";"18,5";"17,7";"1015,6";"1015,7";"1015,0";"1,6";"40,0";"3,3";"536,70";"0,0"
"22/07/2026";"1200";"26,0";"26,1";"22,0";"59,0";"80,0";"58,0";"17,3";"19,0";"17,1";"1015,5";"1015,7";"1015,5";"3,5";"357,0";"6,5";"1430,40";"0,0"
"22/07/2026";"1300";"28,0";"28,0";"26,0";"51,0";"59,0";"49,0";"16,9";"17,5";"15,9";"1015,1";"1015,5";"1015,1";"5,4";"1,0";"8,5";"2019,40";"0,0"
"22/07/2026";"1400";"29,7";"29,7";"27,7";"45,0";"51,0";"43,0";"16,4";"16,6";"15,3";"1014,3";"1015,1";"1014,3";"4,6";"349,0";"10,8";"2425,00";"0,0"
"22/07/2026";"1500";"30,3";"31,1";"29,0";"38,0";"45,0";"38,0";"14,5";"16,1";"14,4";"1012,9";"1014,3";"1012,9";"3,7";"352,0";"9,6";"2639,60";"0,0"
"22/07/2026";"1600";"31,5";"32,1";"30,3";"32,0";"39,0";"32,0";"13,0";"15,1";"12,7";"1011,9";"1012,9";"1011,9";"4,1";"337,0";"7,6";"2644,20";"0,0"
"22/07/2026";"1700";"32,5";"32,5";"31,4";"29,0";"33,0";"29,0";"12,4";"13,6";"11,7";"1010,9";"1011,9";"1010,9";"3,5";"356,0";"6,5";"2363,30";"0,0"
"22/07/2026";"1800";"28,6";"32,7";"28,3";"48,0";"49,0";"29,0";"16,7";"17,1";"11,9";"1010,8";"1010,9";"1010,5";"3,6";"70,0";"10,6";"1580,30";"0,0"
"22/07/2026";"1900";"27,4";"28,6";"27,0";"57,0";"58,0";"48,0";"18,1";"18,2";"16,6";"1010,7";"1010,9";"1010,6";"4,0";"65,0";"8,0";"939,40";"0,0"
"22/07/2026";"2000";"25,3";"27,4";"25,3";"65,0";"65,0";"54,0";"18,3";"18,3";"17,3";"1011,4";"1011,4";"1010,7";"3,9";"64,0";"8,4";"364,80";"0,0"
"22/07/2026";"2100";"23,9";"25,3";"23,9";"76,0";"76,0";"65,0";"19,4";"19,4";"18,4";"1012,3";"1012,3";"1011,4";"3,2";"65,0";"7,7";"20,50";"0,0"
"22/07/2026";"2200";"23,3";"23,9";"23,3";"81,0";"81,0";"76,0";"19,8";"19,8";"19,4";"1012,7";"1012,8";"1012,3";"3,5";"55,0";"7,3";"";"0,0"
"22/07/2026";"2300";"22,7";"23,4";"22,6";"86,0";"86,0";"81,0";"20,2";"20,2";"19,8";"1013,0";"1013,0";"1012,7";"2,0";"62,0";"6,1";"";"0,0"
"23/07/2026";"0000";"21,7";"22,7";"21,6";"89,0";"89,0";"85,0";"19,8";"20,1";"19,6";"1013,3";"1013,3";"1013,0";"2,0";"41,0";"3,6";"";"0,0"
"23/07/2026";"0100";"20,9";"21,7";"20,9";"92,0";"92,0";"89,0";"19,5";"20,1";"19,5";"1013,5";"1013,5";"1013,2";"1,5";"237,0";"3,2";"";"0,0"
"23/07/2026";"0200";"21,7";"21,7";"20,6";"91,0";"93,0";"91,0";"20,2";"20,2";"19,3";"1013,2";"1013,7";"1013,2";"1,1";"170,0";"5,3";"";"0,0"
"23/07/2026";"0300";"21,6";"22,0";"21,5";"90,0";"91,0";"90,0";"19,8";"20,2";"19,8";"1012,8";"1013,2";"1012,8";"1,0";"186,0";"2,0";"";"0,0"
"23/07/2026";"0400";"21,7";"21,8";"21,5";"90,0";"90,0";"89,0";"19,9";"20,1";"19,7";"1012,3";"1012,8";"1012,3";"1,0";"151,0";"2,2";"";"0,0"
"23/07/2026";"0500";"19,7";"21,7";"19,6";"94,0";"94,0";"90,0";"18,7";"19,9";"18,5";"1012,4";"1012,4";"1012,1";"0,9";"248,0";"2,7";"";"0,0"
"23/07/2026";"0600";"19,1";"19,7";"19,0";"95,0";"95,0";"94,0";"18,3";"18,8";"18,2";"1012,3";"1012,4";"1012,3";"1,1";"288,0";"2,1";"";"0,0"
"23/07/2026";"0700";"18,5";"19,2";"17,9";"95,0";"96,0";"95,0";"17,8";"18,5";"17,1";"1012,3";"1012,5";"1012,3";"1,4";"283,0";"2,5";"";"0,0"
"23/07/2026";"0800";"18,7";"18,7";"17,5";"96,0";"96,0";"95,0";"18,0";"18,0";"16,8";"1012,3";"1012,4";"1012,2";"1,3";"36,0";"2,6";"";"0,0"
"23/07/2026";"0900";"18,3";"18,6";"18,0";"96,0";"96,0";"96,0";"17,7";"17,9";"17,4";"1012,5";"1012,6";"1012,1";"2,7";"12,0";"4,7";"";"0,0"
"23/07/2026";"1000";"19,6";"19,6";"18,3";"92,0";"96,0";"92,0";"18,3";"18,3";"17,7";"1012,7";"1012,7";"1012,5";"2,9";"10,0";"4,9";"79,00";"0,0"
"23/07/2026";"1100";"22,5";"22,5";"19,6";"78,0";"92,0";"78,0";"18,4";"18,6";"18,2";"1013,3";"1013,3";"1012,7";"2,5";"355,0";"6,1";"641,40";"0,0"
"23/07/2026";"1200";"25,8";"25,8";"22,5";"62,0";"77,0";"61,0";"17,9";"18,4";"17,3";"1013,5";"1013,5";"1013,2";"3,5";"5,0";"5,7";"1357,50";"0,0"
"23/07/2026";"1300";"28,8";"28,8";"25,8";"45,0";"62,0";"45,0";"15,6";"17,8";"15,5";"1013,2";"1013,6";"1013,2";"4,8";"16,0";"7,3";"1986,70";"0,0"
"23/07/2026";"1400";"31,3";"31,5";"28,8";"36,0";"46,0";"36,0";"14,4";"16,1";"14,4";"1012,8";"1013,3";"1012,8";"3,2";"357,0";"7,6";"2390,90";"0,0"
"23/07/2026";"1500";"32,2";"32,5";"30,2";"33,0";"38,0";"32,0";"14,0";"15,5";"13,3";"1011,8";"1012,8";"1011,8";"2,1";"339,0";"6,1";"2576,40";"0,0"
"23/07/2026";"1600";"29,3";"32,9";"29,0";"51,0";"52,0";"32,0";"18,2";"19,1";"13,5";"1011,3";"1011,8";"1011,3";"2,9";"176,0";"8,0";"2542,30";"0,0"
"23/07/2026";"1700";"29,0";"30,3";"29,0";"52,0";"54,0";"50,0";"18,3";"19,4";"18,0";"1010,8";"1011,3";"1010,8";"3,1";"165,0";"6,8";"2269,40";"0,0"
"23/07/2026";"1800";"29,5";"30,2";"28,9";"54,0";"55,0";"50,0";"19,2";"19,4";"18,0";"1010,4";"1010,8";"1010,4";"2,7";"165,0";"6,3";"1842,60";"0,0"
"23/07/2026";"1900";"27,6";"29,7";"27,6";"64,0";"64,0";"54,0";"20,1";"20,3";"19,2";"1010,6";"1010,6";"1010,4";"1,9";"172,0";"6,3";"1148,30";"0,0"
"23/07/2026";"2000";"25,8";"27,7";"25,8";"63,0";"68,0";"58,0";"18,2";"20,4";"18,0";"1011,6";"1011,6";"1010,6";"2,1";"80,0";"4,7";"320,70";"0,0"
"23/07/2026";"2100";"23,3";"25,8";"23,3";"80,0";"80,0";"63,0";"19,8";"19,8";"18,1";"1012,7";"1012,7";"1011,6";"3,2";"202,0";"6,8";"21,90";"0,0"
"23/07/2026";"2200";"21,9";"23,3";"21,9";"87,0";"87,0";"80,0";"19,6";"19,8";"19,6";"1013,4";"1013,4";"1012,6";"2,7";"198,0";"8,5";"";"0,0"
"23/07/2026";"2300";"21,5";"21,9";"21,5";"90,0";"90,0";"87,0";"19,7";"19,9";"19,6";"1014,0";"1014,1";"1013,4";"3,0";"198,0";"7,7";"";"0,0"
"24/07/2026";"0000";"21,1";"21,5";"21,0";"91,0";"91,0";"90,0";"19,5";"19,8";"19,5";"1014,4";"1014,4";"1014,0";"1,5";"190,0";"6,6";"";"0,0"
"24/07/2026";"0100";"20,9";"21,1";"20,8";"90,0";"91,0";"90,0";"19,2";"19,6";"19,1";"1014,8";"1014,8";"1014,4";"1,5";"188,0";"4,5";"";"0,0"
"24/07/2026";"0200";"21,4";"21,4";"20,8";"88,0";"91,0";"88,0";"19,3";"19,5";"19,2";"1014,9";"1014,9";"1014,7";"1,7";"183,0";"4,8";"";"0,0"
"24/07/2026";"0300";"21,5";"21,6";"21,3";"85,0";"89,0";"85,0";"18,9";"19,5";"18,9";"1015,2";"1015,3";"1014,9";"2,6";"183,0";"6,3";"";"0,0"
"24/07/2026";"0400";"21,5";"21,6";"21,4";"85,0";"86,0";"85,0";"18,9";"19,0";"18,8";"1015,2";"1015,3";"1015,2";"2,1";"178,0";"6,1";"";"0,0"
"24/07/2026";"0500";"21,0";"21,5";"21,0";"87,0";"87,0";"85,0";"18,7";"19,0";"18,7";"1014,6";"1015,2";"1014,6";"3,1";"211,0";"5,8";"";"0,0"
"24/07/2026";"0600";"20,4";"21,0";"20,4";"88,0";"88,0";"87,0";"18,3";"18,7";"18,3";"1014,1";"1014,6";"1014,1";"3,5";"213,0";"8,0";"";"0,0"
"24/07/2026";"0700";"19,5";"20,4";"19,5";"89,0";"89,0";"87,0";"17,7";"18,3";"17,7";"1014,3";"1014,3";"1014,1";"3,6";"219,0";"6,9";"";"0,0"
"24/07/2026";"0800";"19,4";"19,6";"19,4";"89,0";"90,0";"89,0";"17,6";"17,8";"17,6";"1014,5";"1014,5";"1014,2";"3,1";"219,0";"6,2";"";"0,0"
"24/07/2026";"0900";"18,9";"19,5";"18,9";"91,0";"91,0";"89,0";"17,4";"17,7";"17,4";"1015,3";"1015,3";"1014,5";"2,0";"232,0";"5,2";"";"0,0"
"24/07/2026";"1000";"19,9";"19,9";"18,8";"87,0";"91,0";"87,0";"17,7";"17,8";"17,3";"1016,1";"1016,1";"1015,3";"2,5";"203,0";"4,5";"69,00";"0,0"
"24/07/2026";"1100";"20,6";"20,6";"19,9";"84,0";"87,0";"84,0";"17,8";"17,9";"17,6";"1016,7";"1016,7";"1016,1";"2,4";"224,0";"5,3";"241,20";"0,0"
"24/07/2026";"1200";"21,8";"21,9";"20,6";"77,0";"84,0";"77,0";"17,6";"18,0";"17,6";"1017,7";"1017,7";"1016,7";"3,4";"211,0";"6,0";"562,20";"0,0"
"24/07/2026";"1300";"23,2";"23,3";"21,8";"72,0";"78,0";"71,0";"17,8";"18,0";"17,5";"1018,0";"1018,0";"1017,7";"3,6";"207,0";"7,1";"895,80";"0,0"
"24/07/2026";"1400";"25,9";"25,9";"23,2";"64,0";"72,0";"62,0";"18,6";"18,6";"17,6";"1017,2";"1018,1";"1017,2";"2,2";"186,0";"7,3";"1734,80";"0,0"
"24/07/2026";"1500";"27,0";"27,1";"25,7";"57,0";"64,0";"57,0";"17,7";"18,8";"17,5";"1016,1";"1017,2";"1016,1";"2,4";"217,0";"6,5";"2559,70";"0,0"
"24/07/2026";"1600";"27,6";"27,9";"26,0";"52,0";"58,0";"52,0";"17,0";"18,1";"16,6";"1014,9";"1016,1";"1014,9";"1,7";"168,0";"5,6";"2578,00";"0,0"
"24/07/2026";"1700";"25,2";"28,2";"25,2";"61,0";"62,0";"52,0";"17,2";"17,9";"16,9";"1014,7";"1014,9";"1014,7";"2,6";"177,0";"6,9";"1169,70";"0,0"
"24/07/2026";"1800";"24,1";"25,2";"24,0";"67,0";"67,0";"61,0";"17,5";"17,7";"17,1";"1014,7";"1014,8";"1014,6";"2,5";"184,0";"7,8";"327,60";"0,0"
"24/07/2026";"1900";"23,5";"24,2";"23,5";"69,0";"70,0";"65,0";"17,5";"17,9";"16,9";"1015,2";"1015,2";"1014,6";"3,1";"170,0";"7,4";"277,70";"0,0"
"24/07/2026";"2000";"22,8";"23,5";"22,8";"74,0";"74,0";"69,0";"17,8";"17,9";"17,6";"1016,0";"1016,0";"1015,2";"2,7";"162,0";"7,0";"72,30";"0,0"
"24/07/2026";"2100";"22,3";"22,8";"22,3";"78,0";"78,0";"73,0";"18,2";"18,2";"17,8";"1016,6";"1016,6";"1016,0";"2,2";"171,0";"7,7";"5,10";"0,0"
"24/07/2026";"2200";"22,2";"22,3";"22,1";"80,0";"81,0";"78,0";"18,6";"18,7";"18,2";"1017,0";"1017,0";"1016,5";"2,8";"151,0";"6,6";"";"0,0"
"24/07/2026";"2300";"21,5";"22,2";"21,5";"84,0";"84,0";"80,0";"18,7";"18,7";"18,5";"1017,8";"1017,8";"1017,0";"1,8";"208,0";"5,0";"";"0,0"
"25/07/2026";"0000";"20,9";"21,5";"20,7";"87,0";"87,0";"84,0";"18,6";"18,7";"18,3";"1018,1";"1018,1";"1017,7";"1,5";"229,0";"3,6";"";"0,0"
"25/07/2026";"0100";"20,7";"21,1";"20,7";"87,0";"87,0";"86,0";"18,5";"18,7";"18,5";"1018,0";"1018,2";"1017,8";"1,7";"235,0";"3,4";"";"0,0"
"25/07/2026";"0200";"20,6";"20,7";"20,5";"89,0";"89,0";"87,0";"18,6";"18,7";"18,5";"1017,9";"1018,0";"1017,7";"2,3";"229,0";"3,8";"";"0,0"
"25/07/2026";"0300";"20,8";"20,9";"20,6";"85,0";"89,0";"85,0";"18,2";"18,6";"18,2";"1017,7";"1017,9";"1017,6";"2,1";"219,0";"4,7";"";"0,0"
"25/07/2026";"0400";"20,1";"20,8";"20,1";"89,0";"89,0";"85,0";"18,3";"18,3";"18,1";"1017,2";"1017,7";"1017,2";"1,0";"244,0";"3,8";"";"0,0"
"25/07/2026";"0500";"20,0";"20,2";"20,0";"91,0";"91,0";"89,0";"18,5";"18,5";"18,3";"1017,0";"1017,2";"1016,9";"1,2";"347,0";"2,4";"";"0,0"
"25/07/2026";"0600";"19,8";"20,0";"19,8";"94,0";"94,0";"91,0";"18,8";"18,8";"18,5";"1015,0";"1017,0";"1015,0";"1,5";"79,0";"2,5";"";"0,6"
"25/07/2026";"0700";"19,6";"19,8";"19,6";"95,0";"95,0";"94,0";"18,7";"18,8";"18,6";"1015,9";"1016,3";"1015,0";"1,2";"245,0";"3,0";"";"0,0"
"25/07/2026";"0800";"19,4";"19,6";"19,3";"95,0";"95,0";"95,0";"18,5";"18,8";"18,5";"1015,6";"1015,9";"1015,3";"0,6";"226,0";"2,4";"";"0,4"
"25/07/2026";"0900";"19,2";"19,5";"19,2";"95,0";"95,0";"95,0";"18,4";"18,7";"18,4";"1016,1";"1016,1";"1015,6";"1,3";"211,0";"1,6";"";"0,0"
"25/07/2026";"1000";"19,1";"19,4";"19,0";"95,0";"95,0";"95,0";"18,3";"18,7";"18,3";"1016,5";"1016,5";"1016,1";"1,6";"222,0";"3,5";"24,00";"0,0"
"25/07/2026";"1100";"20,3";"20,3";"19,0";"94,0";"95,0";"94,0";"19,2";"19,4";"18,3";"1017,2";"1017,2";"1016,5";"2,3";"218,0";"3,9";"412,90";"0,0"
"25/07/2026";"1200";"23,0";"23,0";"20,3";"83,0";"94,0";"83,0";"20,0";"20,2";"19,0";"1016,9";"1017,3";"1016,6";"0,8";"124,0";"3,8";"1209,00";"0,0"
"25/07/2026";"1300";"23,6";"24,4";"22,4";"77,0";"83,0";"72,0";"19,3";"19,7";"18,5";"1017,2";"1017,3";"1016,9";"1,9";"359,0";"4,0";"1668,80";"0,0"
"25/07/2026";"1400";"24,5";"25,6";"23,3";"71,0";"77,0";"67,0";"18,8";"19,8";"18,3";"1016,3";"1017,2";"1016,2";"2,7";"9,0";"6,0";"1458,20";"0,0"
"25/07/2026";"1500";"26,4";"26,4";"24,4";"62,0";"71,0";"62,0";"18,5";"19,4";"17,9";"1015,4";"1016,3";"1015,4";"2,3";"312,0";"5,4";"1365,90";"0,0"
"25/07/2026";"1600";"27,6";"28,4";"26,0";"53,0";"62,0";"52,0";"17,2";"18,7";"16,9";"1014,0";"1015,4";"1014,0";"2,7";"290,0";"7,0";"2451,80";"0,0"
"25/07/2026";"1700";"28,8";"28,9";"26,8";"50,0";"57,0";"50,0";"17,2";"18,1";"16,8";"1013,4";"1014,0";"1013,4";"2,2";"329,0";"5,8";"2110,90";"0,0"
"25/07/2026";"1800";"28,4";"29,2";"28,0";"49,0";"51,0";"48,0";"16,8";"17,6";"16,6";"1013,3";"1013,5";"1013,1";"2,5";"311,0";"5,7";"1617,40";"0,0"
"25/07/2026";"1900";"26,9";"28,7";"26,9";"61,0";"61,0";"48,0";"18,9";"18,9";"16,5";"1013,8";"1013,9";"1013,3";"2,1";"185,0";"6,2";"992,30";"0,0"
"25/07/2026";"2000";"24,6";"27,0";"24,6";"73,0";"73,0";"61,0";"19,3";"19,6";"18,8";"1014,8";"1014,8";"1013,8";"1,9";"106,0";"6,0";"284,10";"0,0"
"25/07/2026";"2100";"23,2";"24,6";"23,2";"80,0";"80,0";"73,0";"19,5";"19,5";"19,3";"1015,9";"1015,9";"1014,8";"2,6";"189,0";"5,5";"4,00";"0,0"
"25/07/2026";"2200";"22,6";"23,2";"22,6";"83,0";"83,0";"80,0";"19,5";"19,5";"19,4";"1016,5";"1016,5";"1015,8";"2,0";"169,0";"7,2";"";"0,0"
"25/07/2026";"2300";"22,2";"22,6";"22,2";"85,0";"85,0";"83,0";"19,5";"19,5";"19,4";"1017,1";"1017,1";"1016,5";"1,9";"190,0";"5,9";"";"0,0"
"26/07/2026";"0000";"21,8";"22,2";"21,8";"85,0";"86,0";"85,0";"19,2";"19,5";"19,2";"1017,7";"1017,7";"1017,1";"2,8";"203,0";"6,5";"";"0,0"
"26/07/2026";"0100";"21,3";"21,8";"21,3";"86,0";"86,0";"85,0";"18,9";"19,2";"18,9";"1018,0";"1018,0";"1017,7";"2,7";"214,0";"6,4";"";"0,0"
"26/07/2026";"0200";"20,7";"21,3";"20,6";"88,0";"88,0";"86,0";"18,7";"18,9";"18,6";"1017,8";"1018,0";"1017,8";"2,6";"223,0";"5,2";"";"0,0"
"26/07/2026";"0300";"20,5";"21,0";"20,4";"91,0";"91,0";"87,0";"18,9";"18,9";"18,6";"1017,8";"1017,9";"1017,8";"3,0";"214,0";"6,2";"";"0,0"
"26/07/2026";"0400";"19,9";"20,5";"19,9";"91,0";"91,0";"90,0";"18,3";"18,9";"18,3";"1017,5";"1017,8";"1017,5";"3,3";"216,0";"6,0";"";"0,0"
"26/07/2026";"0500";"19,7";"19,9";"19,7";"89,0";"91,0";"89,0";"17,9";"18,3";"17,9";"1017,0";"1017,5";"1017,0";"3,4";"222,0";"6,2";"";"0,0"
"26/07/2026";"0600";"19,7";"19,9";"19,6";"89,0";"90,0";"89,0";"17,9";"18,0";"17,8";"1016,9";"1017,1";"1016,9";"3,0";"207,0";"7,4";"";"0,0"
"26/07/2026";"0700";"19,7";"19,8";"19,7";"88,0";"89,0";"88,0";"17,6";"17,9";"17,6";"1016,9";"1016,9";"1016,8";"2,9";"207,0";"6,4";"";"0,0"
"26/07/2026";"0800";"19,2";"19,7";"19,1";"90,0";"90,0";"88,0";"17,5";"17,6";"17,4";"1016,9";"1016,9";"1016,7";"3,0";"199,0";"6,6";"";"0,0"
"26/07/2026";"0900";"19,4";"19,5";"19,2";"88,0";"90,0";"88,0";"17,4";"17,6";"17,4";"1017,2";"1017,3";"1016,9";"3,2";"206,0";"6,9";"";"0,0"
"26/07/2026";"1000";"19,4";"19,5";"19,3";"87,0";"88,0";"86,0";"17,2";"17,4";"17,0";"1017,4";"1017,5";"1017,2";"3,9";"210,0";"7,3";"92,00";"0,0"
"26/07/2026";"1100";"20,7";"20,7";"19,4";"83,0";"87,0";"83,0";"17,7";"17,9";"17,1";"1018,2";"1018,2";"1017,4";"2,8";"234,0";"7,0";"480,90";"0,0"
"26/07/2026";"1200";"23,0";"23,0";"20,7";"70,0";"83,0";"70,0";"17,3";"18,2";"17,0";"1018,8";"1018,8";"1018,2";"3,3";"209,0";"6,4";"1334,20";"0,0"
"26/07/2026";"1300";"23,4";"23,5";"22,4";"67,0";"71,0";"67,0";"17,0";"17,7";"16,6";"1018,8";"1018,9";"1018,7";"2,4";"181,0";"7,6";"1332,60";"0,0"
"26/07/2026";"1400";"23,9";"23,9";"22,9";"65,0";"70,0";"63,0";"16,9";"17,4";"16,5";"1018,4";"1018,8";"1018,4";"1,8";"193,0";"6,1";"981,90";"0,0"
"26/07/2026";"1500";"24,1";"24,3";"23,8";"61,0";"65,0";"60,0";"16,0";"17,1";"16,0";"1017,5";"1018,4";"1017,5";"2,7";"212,0";"5,2";"784,90";"0,0"
"26/07/2026";"1600";"24,8";"24,9";"23,8";"58,0";"63,0";"58,0";"16,0";"16,7";"15,7";"1016,6";"1017,5";"1016,6";"2,0";"197,0";"6,0";"848,60";"0,0"
"26/07/2026";"1700";"25,3";"26,0";"24,7";"56,0";"59,0";"53,0";"15,8";"16,4";"15,4";"1015,7";"1016,6";"1015,7";"2,2";"164,0";"5,1";"1551,70";"0,0"
"26/07/2026";"1800";"25,2";"26,1";"24,8";"55,0";"57,0";"53,0";"15,4";"16,2";"15,3";"1015,1";"1015,7";"1015,1";"2,4";"138,0";"4,8";"1502,60";"0,0"
"26/07/2026";"1900";"25,3";"25,9";"25,1";"56,0";"57,0";"54,0";"15,8";"16,3";"15,5";"1015,3";"1015,3";"1015,1";"1,7";"187,0";"5,2";"1301,60";"0,0"
"26/07/2026";"2000";"23,0";"25,3";"23,0";"62,0";"63,0";"56,0";"15,4";"16,6";"15,4";"1015,9";"1015,9";"1015,2";"2,6";"179,0";"6,8";"469,70";"0,0"
"26/07/2026";"2100";"22,4";"23,0";"22,3";"67,0";"67,0";"61,0";"16,0";"16,0";"14,8";"1016,3";"1016,3";"1015,9";"2,4";"171,0";"6,1";"15,60";"0,0"
"26/07/2026";"2200";"21,2";"22,4";"21,2";"76,0";"76,0";"67,0";"16,7";"16,8";"16,0";"1016,8";"1016,8";"1016,3";"2,5";"160,0";"5,3";"";"0,0"
"26/07/2026";"2300";"20,4";"21,3";"20,4";"80,0";"81,0";"76,0";"16,9";"17,0";"16,7";"1017,3";"1017,3";"1016,8";"0,9";"164,0";"5,1";"";"0,0"
"27/07/2026";"0000";"19,2";"20,4";"19,2";"86,0";"86,0";"80,0";"16,8";"17,0";"16,4";"1017,5";"1017,5";"1017,3";"0,1";"136,0";"2,4";"";"0,0"
"27/07/2026";"0100";"17,9";"19,2";"17,8";"92,0";"92,0";"86,0";"16,5";"16,8";"16,4";"1017,6";"1017,6";"1017,5";"1,0";"22,0";"1,2";"";"0,0"
"27/07/2026";"0200";"17,4";"18,1";"17,4";"94,0";"94,0";"92,0";"16,5";"16,9";"16,4";"1017,8";"1017,8";"1017,6";"0,7";"299,0";"1,4";"";"0,0"
"27/07/2026";"0300";"17,6";"17,7";"16,9";"95,0";"95,0";"94,0";"16,9";"16,9";"16,0";"1017,3";"1017,8";"1017,3";"1,3";"220,0";"1,7";"";"0,0"
"27/07/2026";"0400";"16,2";"17,6";"15,7";"96,0";"96,0";"95,0";"15,5";"16,8";"14,8";"1016,9";"1017,3";"1016,9";"1,2";"284,0";"1,8";"";"0,0"
"27/07/2026";"0500";"16,0";"16,3";"15,8";"96,0";"96,0";"96,0";"15,4";"15,7";"15,2";"1016,6";"1016,9";"1016,5";"1,2";"300,0";"2,0";"";"0,0"
"27/07/2026";"0600";"16,2";"16,3";"15,9";"96,0";"96,0";"96,0";"15,6";"15,7";"15,3";"1016,3";"1016,6";"1016,3";"1,4";"255,0";"1,9";"";"0,0"
"27/07/2026";"0700";"16,2";"16,2";"16,0";"96,0";"96,0";"96,0";"15,6";"15,6";"15,3";"1016,2";"1016,3";"1016,2";"1,0";"263,0";"1,9";"";"0,0"
"27/07/2026";"0800";"16,0";"16,2";"15,5";"96,0";"96,0";"96,0";"15,5";"15,5";"14,9";"1015,9";"1016,2";"1015,9";"1,3";"222,0";"1,5";"";"0,0"
"27/07/2026";"0900";"15,1";"16,3";"15,0";"97,0";"97,0";"96,0";"14,6";"15,8";"14,5";"1016,4";"1016,4";"1015,9";"1,1";"277,0";"2,5";"";"0,0"
"27/07/2026";"1000";"15,4";"15,4";"14,8";"97,0";"97,0";"97,0";"14,9";"14,9";"14,3";"1017,3";"1017,3";"1016,4";"1,8";"291,0";"2,2";"92,90";"0,2"
"27/07/2026";"1100";"18,3";"18,3";"15,3";"96,0";"97,0";"96,0";"17,7";"17,7";"14,8";"1017,7";"1017,7";"1017,3";"1,3";"332,0";"2,4";"630,90";"0,0"
"27/07/2026";"1200";"22,3";"22,3";"18,2";"79,0";"96,0";"78,0";"18,4";"20,0";"17,6";"1017,9";"1017,9";"1017,7";"3,0";"354,0";"5,0";"1302,20";"0,0"
"27/07/2026";"1300";"24,6";"24,7";"22,3";"62,0";"79,0";"62,0";"16,9";"18,4";"16,8";"1018,0";"1018,1";"1017,9";"4,2";"357,0";"6,5";"1896,00";"0,0"
"27/07/2026";"1400";"26,3";"26,6";"24,6";"55,0";"63,0";"54,0";"16,6";"17,2";"15,5";"1017,2";"1018,0";"1017,2";"4,3";"356,0";"7,8";"2456,20";"0,0"
"27/07/2026";"1500";"27,2";"27,8";"26,1";"52,0";"56,0";"51,0";"16,5";"17,0";"16,1";"1016,3";"1017,2";"1016,3";"4,0";"346,0";"7,8";"2705,70";"0,0"
"27/07/2026";"1600";"28,3";"28,4";"26,6";"47,0";"54,0";"47,0";"15,9";"16,8";"15,7";"1014,8";"1016,3";"1014,8";"4,8";"344,0";"7,9";"2688,80";"0,0"
"27/07/2026";"1700";"29,2";"29,3";"27,6";"44,0";"49,0";"44,0";"15,7";"16,4";"15,5";"1014,0";"1014,8";"1014,0";"4,5";"358,0";"8,6";"2416,20";"0,0"
"27/07/2026";"1800";"29,8";"29,9";"28,4";"41,0";"46,0";"41,0";"15,1";"16,2";"14,6";"1013,3";"1014,0";"1013,3";"2,7";"332,0";"8,3";"1957,40";"0,0"
"27/07/2026";"1900";"29,1";"29,8";"28,8";"44,0";"45,0";"41,0";"15,7";"15,9";"14,6";"1013,1";"1013,3";"1013,1";"2,0";"336,0";"5,8";"1288,00";"0,0"
"27/07/2026";"2000";"23,7";"29,2";"23,7";"69,0";"69,0";"44,0";"17,8";"17,9";"15,6";"1013,7";"1013,7";"1013,1";"3,9";"73,0";"7,3";"528,10";"0,0"
"27/07/2026";"2100";"21,8";"23,7";"21,8";"81,0";"81,0";"69,0";"18,3";"18,3";"17,8";"1014,0";"1014,0";"1013,7";"2,9";"72,0";"6,4";"26,40";"0,0"
"27/07/2026";"2200";"20,6";"21,8";"20,6";"86,0";"86,0";"81,0";"18,1";"18,4";"18,0";"1014,3";"1014,3";"1013,9";"1,9";"63,0";"5,0";"";"0,0"
"27/07/2026";"2300";"19,7";"20,7";"19,7";"89,0";"89,0";"85,0";"17,8";"18,1";"17,7";"1015,0";"1015,0";"1014,3";"1,5";"68,0";"3,5";"";"0,0"
"28/07/2026";"0000";"19,4";"19,7";"19,4";"91,0";"91,0";"89,0";"18,0";"18,1";"17,7";"1015,9";"1015,9";"1015,0";"1,4";"81,0";"2,6";"";"0,0"
"28/07/2026";"0100";"19,3";"19,5";"18,9";"93,0";"94,0";"91,0";"18,2";"18,3";"17,7";"1016,4";"1016,4";"1015,9";"0,1";"352,0";"2,3";"";"0,0"
"28/07/2026";"0200";"19,5";"19,5";"18,8";"94,0";"94,0";"93,0";"18,4";"18,5";"17,7";"1016,6";"1016,6";"1016,4";"0,9";"267,0";"1,2";"";"0,0"
"28/07/2026";"0300";"19,1";"19,7";"19,1";"94,0";"94,0";"93,0";"18,1";"18,6";"18,1";"1016,4";"1016,7";"1016,4";"1,0";"227,0";"1,4";"";"0,0"
"28/07/2026";"0400";"18,8";"19,1";"18,7";"95,0";"95,0";"94,0";"17,9";"18,1";"17,8";"1016,2";"1016,5";"1016,1";"0,7";"221,0";"1,9";"";"0,0"
"28/07/2026";"0500";"19,0";"19,2";"18,7";"94,0";"95,0";"94,0";"18,0";"18,3";"17,8";"1015,8";"1016,2";"1015,8";"0,2";"238,0";"1,2";"";"0,0"
"28/07/2026";"0600";"18,7";"19,2";"18,0";"95,0";"95,0";"94,0";"17,9";"18,3";"17,1";"1015,4";"1015,9";"1015,4";"1,5";"300,0";"2,0";"";"0,0"
"28/07/2026";"0700";"18,5";"18,7";"18,2";"96,0";"96,0";"95,0";"17,8";"17,9";"17,5";"1015,2";"1015,5";"1015,2";"1,8";"281,0";"2,2";"";"0,0"
"28/07/2026";"0800";"19,2";"19,3";"18,4";"96,0";"96,0";"95,0";"18,5";"18,5";"17,7";"1015,5";"1015,5";"1015,1";"0,7";"265,0";"2,3";"";"0,0"
"28/07/2026";"0900";"18,3";"19,2";"18,2";"95,0";"96,0";"95,0";"17,6";"18,4";"17,5";"1015,9";"1015,9";"1015,5";"0,6";"66,0";"1,7";"";"0,0"
"28/07/2026";"1000";"18,7";"18,7";"18,2";"96,0";"96,0";"95,0";"18,0";"18,0";"17,5";"1016,2";"1016,3";"1015,9";"1,5";"92,0";"2,0";"89,20";"0,0"
"28/07/2026";"1100";"21,2";"21,3";"18,7";"89,0";"96,0";"89,0";"19,4";"19,8";"18,0";"1016,1";"1016,2";"1016,0";"2,5";"33,0";"4,1";"649,70";"0,0"
"28/07/2026";"1200";"23,4";"23,4";"21,2";"78,0";"89,0";"78,0";"19,4";"19,6";"18,9";"1016,4";"1016,6";"1016,0";"3,3";"23,0";"6,1";"1382,60";"0,0"
"28/07/2026";"1300";"25,9";"26,1";"23,4";"61,0";"78,0";"60,0";"17,9";"19,4";"17,6";"1016,3";"1016,4";"1016,2";"4,7";"345,0";"8,6";"2072,30";"0,0"
"28/07/2026";"1400";"28,1";"28,2";"25,9";"51,0";"61,0";"49,0";"17,0";"18,4";"16,2";"1015,6";"1016,3";"1015,6";"4,4";"358,0";"7,8";"2503,10";"0,0"
"28/07/2026";"1500";"29,9";"29,9";"27,7";"42,0";"51,0";"42,0";"15,7";"16,7";"14,9";"1014,4";"1015,6";"1014,4";"4,1";"345,0";"7,9";"2710,90";"0,0"
"28/07/2026";"1600";"30,8";"31,1";"29,1";"37,0";"43,0";"36,0";"14,3";"15,6";"13,6";"1013,2";"1014,4";"1013,2";"3,8";"345,0";"7,1";"2582,00";"0,0"
"28/07/2026";"1700";"31,3";"31,5";"30,2";"33,0";"37,0";"33,0";"12,9";"14,1";"12,9";"1012,3";"1013,2";"1012,3";"2,9";"341,0";"6,8";"2370,70";"0,0"
"28/07/2026";"1800";"27,9";"31,3";"27,8";"48,0";"49,0";"33,0";"15,7";"16,4";"12,6";"1011,9";"1012,4";"1011,9";"4,7";"67,0";"8,6";"1889,40";"0,0"
"28/07/2026";"1900";"26,2";"28,0";"26,2";"54,0";"54,0";"46,0";"16,1";"16,1";"14,7";"1011,9";"1012,0";"1011,8";"5,2";"71,0";"8,6";"1267,20";"0,0"
"28/07/2026";"2000";"24,8";"26,4";"24,7";"62,0";"62,0";"52,0";"17,1";"17,1";"15,4";"1012,2";"1012,2";"1011,9";"3,6";"68,0";"8,4";"518,30";"0,0"
"28/07/2026";"2100";"22,8";"24,8";"22,8";"78,0";"78,0";"62,0";"18,7";"18,7";"17,2";"1012,7";"1012,7";"1012,2";"3,1";"70,0";"6,7";"24,10";"0,0"
"28/07/2026";"2200";"22,3";"22,9";"22,2";"84,0";"84,0";"77,0";"19,4";"19,4";"18,6";"1013,2";"1013,2";"1012,7";"3,5";"53,0";"6,5";"";"0,0"
"28/07/2026";"2300";"21,7";"22,3";"21,7";"88,0";"88,0";"84,0";"19,7";"19,8";"19,4";"1013,5";"1013,5";"1013,2";"3,1";"55,0";"6,2";"";"0,0"
"29/07/2026";"0000";"21,2";"21,7";"21,2";"91,0";"91,0";"88,0";"19,6";"19,8";"19,5";"1014,0";"1014,0";"1013,5";"2,4";"55,0";"5,2";"";"0,0"
"29/07/2026";"0100";"20,7";"21,3";"20,7";"93,0";"93,0";"91,0";"19,5";"19,8";"19,4";"1013,9";"1014,0";"1013,8";"1,7";"44,0";"4,4";"";"0,0"
"29/07/2026";"0200";"19,6";"20,7";"19,5";"95,0";"95,0";"92,0";"18,8";"19,5";"18,5";"1013,7";"1013,9";"1013,7";"1,1";"344,0";"2,6";"";"0,0"
"29/07/2026";"0300";"19,3";"19,7";"19,1";"95,0";"95,0";"95,0";"18,6";"18,9";"18,3";"1013,6";"1013,8";"1013,6";"1,6";"37,0";"2,4";"";"0,0"
"29/07/2026";"0400";"18,8";"19,3";"18,6";"96,0";"96,0";"95,0";"18,1";"18,6";"17,9";"1013,0";"1013,6";"1013,0";"1,9";"19,0";"3,0";"";"0,0"
"29/07/2026";"0500";"18,6";"18,9";"18,4";"96,0";"96,0";"96,0";"17,9";"18,3";"17,6";"1012,6";"1013,0";"1012,6";"2,5";"21,0";"3,7";"";"0,2"
"29/07/2026";"0600";"19,6";"19,6";"18,6";"92,0";"96,0";"92,0";"18,2";"18,5";"17,9";"1012,0";"1012,6";"1012,0";"3,2";"7,0";"5,2";"";"0,0"
"29/07/2026";"0700";"19,6";"19,8";"19,4";"88,0";"92,0";"88,0";"17,6";"18,2";"17,6";"1011,6";"1012,0";"1011,6";"3,0";"3,0";"5,5";"";"0,0"
"29/07/2026";"0800";"19,6";"19,9";"19,5";"86,0";"89,0";"86,0";"17,3";"17,6";"17,3";"1011,9";"1011,9";"1011,6";"3,7";"1,0";"6,8";"";"0,0"
"29/07/2026";"0900";"19,3";"19,6";"19,2";"86,0";"87,0";"86,0";"16,9";"17,3";"16,9";"1012,1";"1012,1";"1011,9";"4,0";"8,0";"6,1";"";"0,0"
"29/07/2026";"1000";"19,9";"19,9";"19,3";"84,0";"86,0";"84,0";"17,2";"17,2";"16,8";"1012,7";"1012,7";"1012,1";"3,0";"9,0";"6,5";"81,70";"0,0"
"29/07/2026";"1100";"22,7";"22,7";"19,9";"73,0";"84,0";"73,0";"17,7";"17,9";"17,2";"1013,2";"1013,2";"1012,7";"3,7";"13,0";"6,5";"681,80";"0,0"
"29/07/2026";"1200";"27,0";"27,0";"22,7";"58,0";"74,0";"58,0";"18,0";"18,4";"17,8";"1013,5";"1013,5";"1013,2";"3,4";"354,0";"6,7";"1404,20";"0,0"
"29/07/2026";"1300";"29,9";"30,0";"27,0";"42,0";"58,0";"42,0";"15,5";"18,1";"15,5";"1013,3";"1013,5";"1013,3";"4,7";"333,0";"9,1";"2066,50";"0,0"
"29/07/2026";"1400";"30,8";"31,2";"29,8";"37,0";"43,0";"37,0";"14,5";"16,1";"14,3";"1012,9";"1013,4";"1012,9";"5,7";"342,0";"9,9";"2512,80";"0,0"
"29/07/2026";"1500";"32,5";"32,8";"30,8";"33,0";"37,0";"33,0";"14,4";"15,2";"13,8";"1011,9";"1012,8";"1011,9";"4,7";"327,0";"9,4";"2712,70";"0,0"
"29/07/2026";"1600";"32,7";"33,5";"31,8";"31,0";"35,0";"30,0";"13,4";"14,6";"13,2";"1011,0";"1011,9";"1011,0";"5,5";"308,0";"10,4";"2723,30";"0,0"
"29/07/2026";"1700";"33,5";"34,3";"32,6";"29,0";"31,0";"28,0";"12,8";"14,0";"12,3";"1010,4";"1011,0";"1010,3";"5,4";"316,0";"10,6";"2464,80";"0,0"
"29/07/2026";"1800";"33,5";"34,3";"33,3";"28,0";"29,0";"27,0";"12,6";"13,6";"12,3";"1010,2";"1010,4";"1010,2";"5,4";"308,0";"9,7";"2007,30";"0,0"
"29/07/2026";"1900";"33,1";"33,9";"33,1";"27,0";"29,0";"27,0";"11,8";"13,2";"11,7";"1010,0";"1010,2";"1009,9";"5,1";"302,0";"10,8";"1350,50";"0,0"
"29/07/2026";"2000";"30,9";"33,1";"30,9";"33,0";"33,0";"27,0";"12,7";"12,7";"11,8";"1010,3";"1010,3";"1009,9";"2,3";"321,0";"10,3";"575,70";"0,0"
"29/07/2026";"2100";"24,4";"30,9";"24,4";"73,0";"73,0";"33,0";"19,3";"19,3";"12,6";"1010,9";"1011,0";"1010,3";"2,7";"92,0";"5,5";"23,10";"0,0"
"29/07/2026";"2200";"23,5";"24,4";"23,3";"74,0";"78,0";"73,0";"18,6";"19,5";"18,6";"1011,5";"1011,5";"1010,9";"2,9";"67,0";"4,5";"";"0,0"
"29/07/2026";"2300";"25,9";"25,9";"22,2";"61,0";"77,0";"61,0";"17,7";"18,8";"17,7";"1014,3";"1014,3";"1011,4";"5,3";"225,0";"14,3";"";"0,0"
"30/07/2026";"0000";"24,4";"26,2";"24,3";"66,0";"67,0";"58,0";"17,7";"18,2";"17,1";"1015,2";"1015,4";"1014,3";"3,2";"200,0";"14,3";"";"0,0"
"30/07/2026";"0100";"23,4";"24,5";"23,3";"69,0";"70,0";"65,0";"17,4";"17,7";"17,4";"1015,5";"1015,5";"1015,0";"3,7";"194,0";"11,8";"";"0,0"
"30/07/2026";"0200";"22,6";"23,4";"22,4";"68,0";"72,0";"68,0";"16,4";"17,4";"16,4";"1014,9";"1015,5";"1014,9";"3,1";"194,0";"8,5";"";"0,0"
"30/07/2026";"0300";"21,6";"22,7";"21,5";"71,0";"71,0";"67,0";"16,1";"16,3";"16,1";"1014,7";"1014,9";"1014,7";"1,6";"190,0";"6,5";"";"0,0"
"30/07/2026";"0400";"19,8";"21,6";"19,5";"82,0";"82,0";"71,0";"16,6";"16,6";"15,7";"1014,3";"1015,0";"1014,3";"1,9";"11,0";"3,8";"";"0,0"
"30/07/2026";"0500";"20,3";"20,4";"19,6";"80,0";"83,0";"78,0";"16,6";"16,7";"16,2";"1013,3";"1014,4";"1013,3";"3,7";"10,0";"6,0";"";"0,0"
"30/07/2026";"0600";"19,6";"20,6";"19,4";"78,0";"80,0";"74,0";"15,6";"16,5";"15,4";"1013,6";"1013,9";"1012,6";"1,2";"154,0";"6,8";"";"0,0"
"30/07/2026";"0700";"19,7";"19,9";"19,1";"78,0";"79,0";"76,0";"15,7";"15,8";"15,2";"1013,9";"1014,0";"1013,4";"2,4";"13,0";"3,5";"";"0,0"
"30/07/2026";"0800";"19,4";"19,8";"19,4";"81,0";"82,0";"78,0";"16,2";"16,3";"15,7";"1014,3";"1014,3";"1013,8";"1,3";"25,0";"3,8";"";"0,0"
"30/07/2026";"0900";"18,9";"19,4";"17,1";"87,0";"89,0";"81,0";"16,7";"16,8";"14,7";"1015,6";"1015,6";"1014,3";"1,5";"153,0";"3,0";"";"0,0"
"30/07/2026";"1000";"18,2";"19,5";"17,9";"88,0";"88,0";"81,0";"16,2";"16,7";"15,6";"1016,8";"1017,0";"1015,6";"1,0";"208,0";"3,2";"90,70";"0,0"
"30/07/2026";"1100";"20,3";"20,3";"18,2";"84,0";"88,0";"84,0";"17,5";"17,6";"16,1";"1017,6";"1017,9";"1016,8";"1,3";"235,0";"3,3";"392,30";"0,0"
"30/07/2026";"1200";"24,2";"24,2";"20,3";"70,0";"84,0";"70,0";"18,4";"18,5";"17,0";"1018,6";"1018,6";"1017,6";"1,6";"211,0";"3,1";"1281,30";"0,0"
"30/07/2026";"1300";"26,2";"27,0";"23,8";"55,0";"71,0";"54,0";"16,4";"18,5";"16,4";"1018,9";"1019,0";"1018,6";"1,5";"176,0";"3,9";"1943,60";"0,0"
"30/07/2026";"1400";"27,7";"27,7";"25,9";"50,0";"55,0";"50,0";"16,3";"16,9";"15,6";"1018,8";"1019,0";"1018,7";"2,6";"178,0";"6,1";"2211,50";"0,0"
"30/07/2026";"1500";"28,4";"28,4";"27,2";"51,0";"53,0";"48,0";"17,1";"17,2";"15,6";"1018,3";"1018,8";"1018,2";"3,0";"199,0";"7,9";"2637,80";"0,0"
"30/07/2026";"1600";"27,0";"28,4";"27,0";"53,0";"54,0";"49,0";"16,6";"17,2";"16,2";"1018,0";"1018,4";"1018,0";"3,8";"170,0";"8,6";"2564,90";"0,0"
"30/07/2026";"1700";"26,9";"27,6";"26,4";"57,0";"57,0";"53,0";"17,6";"17,8";"16,7";"1017,1";"1018,0";"1017,1";"3,4";"172,0";"8,6";"2402,00";"0,0"
"30/07/2026";"1800";"26,0";"27,3";"25,9";"60,0";"60,0";"56,0";"17,6";"18,0";"17,3";"1017,2";"1017,2";"1017,1";"4,5";"167,0";"9,9";"1869,20";"0,0"
"30/07/2026";"1900";"24,7";"26,1";"24,7";"67,0";"67,0";"60,0";"18,1";"18,2";"17,3";"1017,8";"1017,8";"1017,2";"4,1";"169,0";"9,9";"1202,70";"0,0"
"30/07/2026";"2000";"23,5";"24,7";"23,5";"71,0";"71,0";"67,0";"18,0";"18,2";"17,5";"1018,4";"1018,4";"1017,8";"3,5";"178,0";"10,7";"234,70";"0,0"
"30/07/2026";"2100";"22,9";"23,5";"22,9";"76,0";"76,0";"71,0";"18,3";"18,3";"18,0";"1018,8";"1018,9";"1018,4";"3,4";"167,0";"9,3";"16,40";"0,0"
"30/07/2026";"2200";"22,6";"22,9";"22,6";"78,0";"78,0";"76,0";"18,6";"18,6";"18,3";"1019,4";"1019,4";"1018,8";"2,8";"175,0";"8,5";"";"0,0"
"30/07/2026";"2300";"22,3";"22,6";"22,3";"81,0";"81,0";"78,0";"18,9";"18,9";"18,6";"1020,0";"1020,0";"1019,4";"2,3";"182,0";"7,9";"";"0,0"
"31/07/2026";"0000";"22,1";"22,3";"22,1";"80,0";"81,0";"79,0";"18,6";"18,9";"18,4";"1020,4";"1020,4";"1020,0";"2,0";"183,0";"6,8";"";"0,0"
"31/07/2026";"0100";"22,0";"22,2";"22,0";"82,0";"82,0";"80,0";"18,8";"18,8";"18,6";"1020,7";"1020,7";"1020,4";"1,7";"199,0";"5,2";"";"0,0"
"31/07/2026";"0200";"21,8";"22,0";"21,7";"83,0";"83,0";"82,0";"18,8";"18,8";"18,7";"1021,1";"1021,1";"1020,7";"1,8";"209,0";"4,2";"";"0,0"
"31/07/2026";"0300";"21,6";"21,8";"21,6";"83,0";"84,0";"83,0";"18,7";"18,8";"18,7";"1021,3";"1021,3";"1021,1";"2,7";"213,0";"4,7";"";"0,0"
"31/07/2026";"0400";"21,3";"21,6";"21,3";"84,0";"84,0";"83,0";"18,4";"18,7";"18,4";"1021,3";"1021,3";"1021,2";"2,6";"222,0";"5,3";"";"0,0"
"31/07/2026";"0500";"20,6";"21,3";"20,6";"87,0";"87,0";"84,0";"18,4";"18,5";"18,3";"1021,1";"1021,3";"1021,0";"2,8";"229,0";"5,0";"";"0,0"
"31/07/2026";"0600";"20,3";"20,6";"20,2";"88,0";"89,0";"87,0";"18,4";"18,5";"18,3";"1020,8";"1021,1";"1020,8";"2,4";"225,0";"4,3";"";"0,0"
"31/07/2026";"0700";"20,2";"20,4";"20,0";"89,0";"89,0";"88,0";"18,3";"18,5";"18,0";"1020,7";"1020,8";"1020,6";"2,7";"224,0";"4,7";"";"0,0"
"31/07/2026";"0800";"19,5";"20,2";"19,5";"90,0";"90,0";"88,0";"17,8";"18,3";"17,8";"1020,8";"1020,8";"1020,6";"2,6";"223,0";"4,7";"";"0,0"
"31/07/2026";"0900";"19,2";"19,5";"19,1";"90,0";"91,0";"90,0";"17,5";"17,8";"17,5";"1021,4";"1021,4";"1020,8";"2,9";"218,0";"5,2";"";"0,0"
"31/07/2026";"1000";"20,4";"20,4";"19,2";"85,0";"90,0";"85,0";"17,7";"17,8";"17,5";"1022,1";"1022,1";"1021,4";"3,5";"217,0";"6,0";"79,10";"0,0"
"31/07/2026";"1100";"22,5";"22,6";"20,4";"74,0";"85,0";"74,0";"17,6";"18,3";"17,6";"1022,5";"1022,5";"1022,1";"4,7";"224,0";"7,9";"833,60";"0,0"
"31/07/2026";"1200";"23,9";"24,0";"22,5";"67,0";"75,0";"67,0";"17,3";"17,9";"17,1";"1023,2";"1023,2";"1022,5";"3,3";"201,0";"8,5";"1473,60";"0,0"
"31/07/2026";"1300";"25,1";"25,4";"23,4";"61,0";"69,0";"61,0";"17,1";"18,0";"17,1";"1023,3";"1023,4";"1023,2";"2,8";"196,0";"7,5";"1854,20";"0,0"
"31/07/2026";"1400";"26,3";"26,7";"24,7";"59,0";"63,0";"56,0";"17,7";"17,7";"16,5";"1023,1";"1023,4";"1023,1";"2,7";"184,0";"9,8";"2592,00";"0,0"
"31/07/2026";"1500";"25,0";"26,9";"24,0";"58,0";"68,0";"57,0";"16,2";"17,9";"16,1";"1022,7";"1023,2";"1022,7";"3,9";"160,0";"8,7";"1327,40";"0,0"
"31/07/2026";"1600";"25,0";"27,4";"25,0";"57,0";"59,0";"49,0";"15,9";"16,8";"14,9";"1021,9";"1022,7";"1021,9";"4,1";"170,0";"9,5";"2583,90";"0,0"
"31/07/2026";"1700";"24,0";"25,6";"24,0";"65,0";"65,0";"57,0";"16,9";"17,2";"15,9";"1021,4";"1021,9";"1021,3";"4,7";"133,0";"9,5";"1241,30";"0,0"
"31/07/2026";"1800";"23,5";"24,7";"23,5";"65,0";"66,0";"61,0";"16,5";"17,3";"16,2";"1021,0";"1021,4";"1020,9";"3,6";"117,0";"8,6";"1311,30";"0,0"
"31/07/2026";"1900";"23,4";"23,6";"23,2";"62,0";"65,0";"60,0";"15,7";"16,5";"15,4";"1021,2";"1021,2";"1021,0";"3,3";"102,0";"8,2";"554,50";"0,0"
"31/07/2026";"2000";"23,0";"23,5";"23,0";"63,0";"63,0";"59,0";"15,6";"15,9";"14,7";"1021,6";"1021,6";"1021,2";"2,8";"111,0";"7,1";"243,50";"0,0"
"31/07/2026";"2100";"21,7";"23,0";"21,7";"72,0";"72,0";"63,0";"16,3";"16,4";"15,7";"1022,2";"1022,2";"1021,6";"2,3";"110,0";"6,0";"16,50";"0,0"
"31/07/2026";"2200";"21,4";"21,7";"21,2";"74,0";"74,0";"72,0";"16,5";"16,5";"16,3";"1022,9";"1022,9";"1022,2";"1,7";"120,0";"4,9";"";"0,0"
"31/07/2026";"2300";"21,4";"21,5";"21,3";"73,0";"74,0";"72,0";"16,4";"16,5";"16,3";"1023,5";"1023,5";"1022,9";"2,0";"136,0";"4,4";"";"0,0"
"01/08/2026";"0000";"21,2";"21,5";"21,1";"73,0";"74,0";"72,0";"16,2";"16,4";"16,2";"1023,7";"1023,7";"1023,5";"1,8";"125,0";"4,3";"";"0,0"
"01/08/2026";"0100";"20,9";"21,3";"20,9";"74,0";"74,0";"72,0";"16,2";"16,2";"16,0";"1023,8";"1023,8";"1023,7";"1,0";"92,0";"3,5";"";"0,0"
"01/08/2026";"0200";"20,0";"20,9";"20,0";"78,0";"78,0";"74,0";"16,0";"16,2";"16,0";"1023,6";"1023,8";"1023,6";"0,8";"159,0";"2,7";"";"0,0"
"01/08/2026";"0300";"18,7";"20,0";"18,5";"85,0";"87,0";"78,0";"16,1";"16,5";"15,8";"1023,3";"1023,6";"1023,3";"0,8";"224,0";"1,5";"";"0,0"
"01/08/2026";"0400";"17,7";"18,7";"17,7";"91,0";"91,0";"85,0";"16,2";"16,3";"15,8";"1022,9";"1023,3";"1022,9";"1,3";"229,0";"1,8";"";"0,0"
"01/08/2026";"0500";"17,2";"17,7";"17,2";"92,0";"92,0";"91,0";"15,9";"16,2";"15,9";"1022,3";"1022,9";"1022,3";"1,7";"219,0";"1,9";"";"0,0"
"01/08/2026";"0600";"17,0";"17,2";"16,9";"93,0";"93,0";"92,0";"15,8";"16,1";"15,7";"1021,7";"1022,3";"1021,7";"1,5";"221,0";"1,9";"";"0,0"
"01/08/2026";"0700";"16,7";"17,0";"16,6";"94,0";"94,0";"93,0";"15,8";"15,9";"15,6";"1021,3";"1021,7";"1021,2";"1,5";"232,0";"2,0";"";"0,0"
"01/08/2026";"0800";"16,6";"16,7";"15,9";"95,0";"95,0";"94,0";"15,8";"15,9";"15,0";"1021,0";"1021,3";"1021,0";"0,7";"246,0";"2,4";"";"0,0"
"01/08/2026";"0900";"17,1";"17,3";"16,4";"95,0";"95,0";"95,0";"16,3";"16,6";"15,6";"1021,3";"1021,3";"1020,9";"1,1";"259,0";"2,7";"";"0,0"
"01/08/2026";"1000";"18,5";"18,5";"17,1";"94,0";"95,0";"94,0";"17,6";"17,6";"16,3";"1021,6";"1021,6";"1021,3";"0,6";"175,0";"1,8";"60,50";"0,0"
"01/08/2026";"1100";"20,3";"20,3";"18,5";"87,0";"95,0";"87,0";"18,0";"18,1";"17,6";"1022,5";"1022,5";"1021,6";"0,7";"271,0";"2,1";"514,70";"0,0"
"01/08/2026";"1200";"23,2";"23,6";"20,3";"65,0";"87,0";"65,0";"16,3";"18,6";"16,3";"1023,1";"1023,1";"1022,5";"1,8";"343,0";"3,7";"1574,90";"0,0"
"01/08/2026";"1300";"25,6";"25,7";"23,0";"53,0";"67,0";"52,0";"15,2";"17,1";"14,6";"1023,1";"1023,3";"1023,1";"2,7";"42,0";"6,3";"2163,70";"0,0"
"01/08/2026";"1400";"25,5";"26,7";"25,0";"48,0";"53,0";"44,0";"13,8";"15,5";"12,8";"1022,6";"1023,1";"1022,6";"2,1";"48,0";"5,7";"2277,70";"0,0"
"01/08/2026";"1500";"25,0";"27,5";"24,7";"53,0";"55,0";"44,0";"14,8";"15,1";"12,7";"1022,0";"1022,6";"1022,0";"3,5";"59,0";"6,6";"1583,50";"0,0"
"01/08/2026";"1600";"26,2";"27,2";"24,9";"46,0";"57,0";"44,0";"13,7";"16,4";"13,3";"1021,1";"1022,0";"1021,1";"4,2";"20,0";"8,5";"2536,90";"0,0"
"01/08/2026";"1700";"26,0";"27,6";"25,5";"48,0";"50,0";"44,0";"14,1";"15,0";"13,5";"1020,3";"1021,1";"1020,3";"3,9";"64,0";"7,5";"2556,80";"0,0"
"01/08/2026";"1800";"25,1";"26,7";"25,1";"49,0";"49,0";"46,0";"13,7";"14,4";"13,5";"1019,8";"1020,3";"1019,7";"4,0";"77,0";"8,5";"1958,00";"0,0"
"01/08/2026";"1900";"24,6";"25,8";"24,6";"50,0";"51,0";"47,0";"13,4";"14,0";"13,1";"1019,8";"1019,8";"1019,6";"4,9";"66,0";"8,9";"1252,90";"0,0"
"01/08/2026";"2000";"23,0";"24,7";"23,0";"60,0";"60,0";"50,0";"14,7";"15,1";"13,6";"1020,3";"1020,3";"1019,7";"4,4";"79,0";"8,9";"564,00";"0,0"
"01/08/2026";"2100";"21,5";"23,0";"21,5";"77,0";"77,0";"60,0";"17,3";"17,3";"14,8";"1020,4";"1020,4";"1020,2";"3,8";"77,0";"7,9";"28,80";"0,0"
"01/08/2026";"2200";"20,4";"21,5";"20,2";"81,0";"82,0";"77,0";"17,0";"17,3";"17,0";"1020,3";"1020,4";"1020,2";"2,4";"69,0";"6,0";"";"0,0"
"01/08/2026";"2300";"19,1";"20,4";"19,1";"84,0";"84,0";"81,0";"16,3";"16,9";"16,3";"1020,7";"1020,7";"1020,3";"2,2";"37,0";"4,4";"";"0,0"
"02/08/2026";"0000";"18,3";"19,1";"18,3";"89,0";"89,0";"84,0";"16,4";"16,5";"16,1";"1020,7";"1020,7";"1020,6";"1,6";"13,0";"3,2";"";"0,0"
"02/08/2026";"0100";"18,6";"18,6";"18,0";"88,0";"90,0";"88,0";"16,6";"16,6";"16,3";"1020,8";"1020,8";"1020,6";"1,8";"3,0";"2,8";"";"0,0"
"02/08/2026";"0200";"18,1";"18,6";"18,1";"91,0";"91,0";"88,0";"16,5";"16,6";"16,3";"1020,9";"1021,0";"1020,8";"1,7";"12,0";"2,8";"";"0,0"
"02/08/2026";"0300";"17,6";"18,1";"17,5";"93,0";"93,0";"91,0";"16,5";"16,7";"16,2";"1020,6";"1021,0";"1020,6";"1,5";"21,0";"2,3";"";"0,0"
"02/08/2026";"0400";"17,6";"17,9";"17,3";"94,0";"94,0";"93,0";"16,7";"16,9";"16,2";"1020,0";"1020,6";"1020,0";"0,6";"321,0";"2,7";"";"0,0"
"02/08/2026";"0500";"17,3";"17,7";"17,2";"95,0";"95,0";"94,0";"16,4";"16,7";"16,3";"1019,5";"1020,0";"1019,5";"1,8";"12,0";"3,3";"";"0,0"
"02/08/2026";"0600";"17,5";"17,7";"17,2";"93,0";"95,0";"93,0";"16,5";"16,8";"16,3";"1019,0";"1019,5";"1019,0";"2,1";"21,0";"3,8";"";"0,0"
"02/08/2026";"0700";"17,1";"17,5";"17,0";"91,0";"94,0";"91,0";"15,6";"16,5";"15,6";"1018,4";"1019,0";"1018,4";"3,6";"7,0";"5,0";"";"0,0"
"02/08/2026";"0800";"17,1";"17,2";"16,5";"90,0";"91,0";"90,0";"15,4";"15,6";"15,1";"1018,3";"1018,5";"1018,3";"3,0";"21,0";"5,1";"";"0,0"
"02/08/2026";"0900";"17,4";"17,6";"17,0";"88,0";"90,0";"86,0";"15,3";"15,5";"14,9";"1018,8";"1018,8";"1018,3";"3,2";"21,0";"5,1";"";"0,0"
"02/08/2026";"1000";"17,3";"17,5";"17,0";"88,0";"88,0";"87,0";"15,2";"15,4";"15,0";"1019,2";"1019,2";"1018,8";"2,4";"16,0";"4,8";"107,10";"0,0"
"02/08/2026";"1100";"20,0";"20,1";"17,3";"81,0";"88,0";"81,0";"16,6";"16,9";"15,2";"1019,6";"1019,6";"1019,2";"3,4";"355,0";"5,1";"781,80";"0,0"
"02/08/2026";"1200";"23,1";"23,3";"19,9";"67,0";"82,0";"66,0";"16,6";"17,3";"16,4";"1019,9";"1020,0";"1019,6";"3,4";"357,0";"5,5";"1518,20";"0,0"
"02/08/2026";"1300";"25,5";"25,8";"23,0";"50,0";"67,0";"50,0";"14,4";"16,9";"14,4";"1019,5";"1020,0";"1019,5";"4,0";"15,0";"7,8";"2135,90";"0,0"
"02/08/2026";"1400";"27,3";"27,3";"25,5";"44,0";"50,0";"43,0";"13,9";"14,8";"13,5";"1019,0";"1019,6";"1019,0";"5,0";"19,0";"7,9";"2592,60";"0,0"
"02/08/2026";"1500";"28,6";"28,7";"26,9";"39,0";"44,0";"36,0";"13,2";"13,9";"12,0";"1018,1";"1019,0";"1018,1";"4,3";"352,0";"9,1";"2802,80";"0,0"
"02/08/2026";"1600";"29,4";"29,6";"28,1";"33,0";"38,0";"33,0";"11,3";"12,9";"11,1";"1016,9";"1018,0";"1016,9";"3,6";"355,0";"7,6";"2788,50";"0,0"
"02/08/2026";"1700";"30,1";"30,4";"28,9";"30,0";"33,0";"30,0";"10,8";"11,7";"10,3";"1016,1";"1016,9";"1016,1";"4,0";"358,0";"7,6";"2523,30";"0,0"
"02/08/2026";"1800";"26,3";"30,2";"26,1";"57,0";"57,0";"30,0";"17,0";"17,1";"10,6";"1015,7";"1016,1";"1015,6";"6,3";"66,0";"10,8";"2012,10";"0,0"
"02/08/2026";"1900";"25,3";"26,5";"25,1";"59,0";"60,0";"56,0";"16,8";"17,3";"16,6";"1016,0";"1016,0";"1015,8";"6,0";"64,0";"10,8";"1331,80";"0,0"
"02/08/2026";"2000";"23,8";"25,3";"23,8";"61,0";"61,0";"59,0";"15,9";"16,9";"15,9";"1016,1";"1016,1";"1016,0";"4,8";"56,0";"10,6";"548,70";"0,0"
"02/08/2026";"2100";"22,2";"23,8";"22,2";"71,0";"71,0";"61,0";"16,7";"16,7";"15,8";"1016,6";"1016,6";"1016,1";"4,1";"54,0";"8,8";"30,40";"0,0"
"02/08/2026";"2200";"21,3";"22,2";"21,3";"77,0";"77,0";"71,0";"17,2";"17,4";"16,8";"1017,0";"1017,0";"1016,6";"2,8";"50,0";"7,7";"";"0,0"
"02/08/2026";"2300";"20,1";"21,3";"20,1";"82,0";"82,0";"77,0";"16,9";"17,2";"16,8";"1017,6";"1017,6";"1017,0";"1,8";"49,0";"5,0";"";"0,0"
"03/08/2026";"0000";"19,1";"20,2";"19,1";"85,0";"85,0";"81,0";"16,6";"16,9";"16,5";"1018,0";"1018,0";"1017,6";"1,4";"25,0";"3,4";"";"0,0"
"03/08/2026";"0100";"18,7";"19,3";"18,7";"90,0";"90,0";"85,0";"17,1";"17,3";"16,6";"1018,4";"1018,4";"1018,0";"0,3";"322,0";"2,3";"";"0,0"
"03/08/2026";"0200";"18,0";"18,9";"18,0";"92,0";"93,0";"90,0";"16,7";"17,4";"16,7";"1018,6";"1018,6";"1018,3";"1,2";"237,0";"2,0";"";"0,0"
"03/08/2026";"0300";"18,0";"18,0";"17,8";"94,0";"94,0";"92,0";"17,0";"17,0";"16,7";"1018,8";"1018,8";"1018,5";"1,6";"213,0";"2,3";"";"0,0"
"03/08/2026";"0400";"17,6";"18,3";"17,6";"94,0";"94,0";"93,0";"16,6";"17,3";"16,6";"1018,4";"1018,8";"1018,3";"0,5";"184,0";"2,1";"";"0,0"
"03/08/2026";"0500";"17,5";"17,8";"17,3";"95,0";"95,0";"94,0";"16,7";"17,0";"16,3";"1018,1";"1018,4";"1018,1";"1,4";"208,0";"1,9";"";"0,0"
"03/08/2026";"0600";"17,3";"17,8";"17,3";"96,0";"96,0";"95,0";"16,6";"17,1";"16,6";"1017,6";"1018,1";"1017,6";"0,3";"132,0";"1,8";"";"0,0"
"03/08/2026";"0700";"17,3";"17,5";"16,7";"96,0";"96,0";"96,0";"16,7";"16,8";"16,0";"1017,2";"1017,6";"1017,2";"0,8";"182,0";"1,2";"";"0,0"
"03/08/2026";"0800";"15,6";"17,6";"15,6";"96,0";"96,0";"96,0";"15,0";"16,9";"15,0";"1017,1";"1017,2";"1017,0";"1,2";"293,0";"1,6";"";"0,0"
"03/08/2026";"0900";"15,8";"15,8";"15,0";"97,0";"97,0";"96,0";"15,2";"15,2";"14,4";"1017,4";"1017,4";"1017,1";"1,7";"360,0";"2,5";"";"0,0"
"03/08/2026";"1000";"16,3";"16,3";"15,6";"96,0";"97,0";"96,0";"15,8";"15,8";"15,0";"1017,8";"1017,8";"1017,4";"1,1";"5,0";"3,2";"121,50";"0,2"
"03/08/2026";"1100";"19,5";"19,5";"16,3";"92,0";"96,0";"92,0";"18,1";"18,4";"15,8";"1018,5";"1018,5";"1017,8";"2,3";"20,0";"3,7";"682,40";"0,0"
"03/08/2026";"1200";"22,4";"22,5";"19,5";"70,0";"92,0";"70,0";"16,6";"18,0";"16,6";"1019,1";"1019,1";"1018,5";"3,0";"12,0";"4,5";"1379,70";"0,0"
"03/08/2026";"1300";"25,6";"25,6";"22,4";"57,0";"71,0";"57,0";"16,5";"17,1";"16,0";"1019,2";"1019,3";"1019,1";"2,8";"2,0";"4,9";"2170,10";"0,0"
"03/08/2026";"1400";"27,9";"28,0";"25,5";"47,0";"58,0";"46,0";"15,7";"16,7";"15,2";"1018,6";"1019,2";"1018,6";"2,7";"16,0";"5,4";"2544,00";"0,0"
"03/08/2026";"1500";"29,1";"29,4";"27,9";"43,0";"47,0";"40,0";"15,1";"15,7";"13,9";"1017,7";"1018,6";"1017,7";"2,1";"65,0";"6,2";"2728,30";"0,0"
"03/08/2026";"1600";"29,8";"30,7";"28,6";"36,0";"43,0";"34,0";"13,3";"15,0";"12,9";"1017,0";"1017,7";"1017,0";"2,3";"52,0";"7,0";"2638,90";"0,0"
"03/08/2026";"1700";"28,3";"29,8";"28,1";"46,0";"48,0";"36,0";"15,6";"16,7";"12,9";"1016,3";"1017,0";"1016,3";"3,3";"94,0";"7,6";"2386,10";"0,0"
"03/08/2026";"1800";"27,9";"28,7";"27,6";"46,0";"47,0";"44,0";"15,4";"16,0";"14,7";"1016,3";"1016,3";"1016,3";"3,5";"88,0";"7,2";"2003,60";"0,0"
"03/08/2026";"1900";"25,9";"28,1";"25,6";"53,0";"54,0";"46,0";"15,7";"16,0";"15,0";"1016,4";"1016,5";"1016,3";"4,7";"79,0";"9,2";"1260,80";"0,0"
"03/08/2026";"2000";"23,7";"25,9";"23,7";"64,0";"64,0";"53,0";"16,6";"16,6";"15,4";"1016,7";"1016,7";"1016,4";"5,0";"67,0";"9,1";"601,20";"0,0"
"03/08/2026";"2100";"21,6";"23,7";"21,6";"78,0";"78,0";"65,0";"17,6";"17,6";"16,6";"1017,0";"1017,0";"1016,7";"2,0";"61,0";"8,2";"27,00";"0,0"
"03/08/2026";"2200";"20,7";"21,6";"20,7";"87,0";"87,0";"78,0";"18,4";"18,5";"17,5";"1017,4";"1017,4";"1017,0";"2,2";"57,0";"4,6";"";"0,0"
"03/08/2026";"2300";"19,9";"20,8";"19,7";"91,0";"91,0";"87,0";"18,4";"18,6";"18,1";"1017,8";"1017,9";"1017,4";"1,0";"50,0";"4,4";"";"0,0"
"04/08/2026";"0000";"19,0";"19,9";"19,0";"94,0";"94,0";"91,0";"18,0";"18,7";"17,9";"1018,3";"1018,3";"1017,8";"1,3";"234,0";"2,0";"";"0,0"
"04/08/2026";"0100";"18,9";"19,2";"18,8";"95,0";"95,0";"94,0";"18,0";"18,3";"17,8";"1018,6";"1018,6";"1018,3";"1,3";"249,0";"1,9";"";"0,0"
"04/08/2026";"0200";"18,6";"19,0";"18,4";"96,0";"96,0";"95,0";"17,9";"18,1";"17,7";"1018,7";"1018,7";"1018,6";"1,3";"235,0";"1,9";"";"0,0"
"04/08/2026";"0300";"18,3";"18,6";"18,2";"96,0";"96,0";"95,0";"17,6";"17,9";"17,5";"1018,7";"1018,8";"1018,7";"1,6";"211,0";"2,1";"";"0,0"
"04/08/2026";"0400";"18,0";"18,5";"18,0";"96,0";"96,0";"96,0";"17,3";"17,8";"17,3";"1018,4";"1018,8";"1018,4";"1,6";"211,0";"2,0";"";"0,0"
"04/08/2026";"0500";"18,0";"18,6";"18,0";"96,0";"96,0";"96,0";"17,3";"18,0";"17,3";"1018,0";"1018,4";"1018,0";"0,9";"192,0";"2,3";"";"0,0"
"04/08/2026";"0600";"18,2";"18,7";"18,0";"96,0";"96,0";"96,0";"17,6";"18,0";"17,3";"1017,4";"1018,0";"1017,4";"0,7";"230,0";"1,6";"";"0,0"
"04/08/2026";"0700";"18,0";"18,3";"17,5";"96,0";"96,0";"96,0";"17,4";"17,7";"16,9";"1017,1";"1017,5";"1017,1";"1,4";"217,0";"2,0";"";"0,2"
"04/08/2026";"0800";"18,1";"18,4";"17,7";"96,0";"96,0";"96,0";"17,5";"17,7";"17,1";"1017,3";"1017,3";"1017,1";"1,6";"215,0";"2,3";"";"0,0"
"04/08/2026";"0900";"18,4";"18,6";"18,1";"96,0";"96,0";"96,0";"17,8";"18,0";"17,5";"1017,5";"1017,5";"1017,3";"1,4";"211,0";"2,0";"";"0,0"
"04/08/2026";"1000";"19,0";"19,1";"18,4";"96,0";"96,0";"96,0";"18,3";"18,4";"17,8";"1017,8";"1017,8";"1017,5";"0,5";"234,0";"2,0";"103,90";"0,0"
"04/08/2026";"1100";"21,7";"21,7";"19,0";"95,0";"96,0";"95,0";"20,9";"20,9";"18,3";"1018,2";"1018,2";"1017,8";"0,7";"35,0";"1,2";"641,40";"0,0"
"04/08/2026";"1200";"23,8";"23,9";"21,6";"76,0";"95,0";"75,0";"19,2";"21,3";"19,0";"1018,5";"1018,5";"1018,2";"2,1";"358,0";"3,9";"1297,80";"0,0"
"04/08/2026";"1300";"25,6";"25,6";"23,8";"64,0";"76,0";"64,0";"18,3";"19,7";"18,1";"1018,5";"1018,6";"1018,5";"1,9";"16,0";"4,2";"1894,90";"0,0"
"04/08/2026";"1400";"27,3";"28,0";"25,5";"53,0";"65,0";"53,0";"17,0";"18,5";"17,0";"1017,8";"1018,5";"1017,8";"2,1";"3,0";"4,4";"2188,00";"0,0"
"04/08/2026";"1500";"28,7";"29,8";"27,0";"46,0";"55,0";"44,0";"15,9";"17,6";"15,7";"1017,0";"1017,8";"1017,0";"2,5";"20,0";"5,1";"2493,00";"0,0"
"04/08/2026";"1600";"28,7";"30,7";"28,1";"46,0";"48,0";"40,0";"15,8";"16,8";"14,9";"1016,3";"1017,0";"1016,3";"2,7";"80,0";"5,8";"2472,90";"0,0"
"04/08/2026";"1700";"27,4";"29,1";"27,3";"54,0";"54,0";"46,0";"17,2";"17,6";"16,1";"1015,5";"1016,3";"1015,5";"4,6";"63,0";"8,1";"2179,10";"0,0"
"04/08/2026";"1800";"27,0";"27,8";"26,8";"57,0";"58,0";"53,0";"17,8";"18,1";"17,2";"1015,2";"1015,5";"1015,2";"5,1";"80,0";"10,3";"1971,00";"0,0"
"04/08/2026";"1900";"25,5";"27,0";"25,5";"64,0";"64,0";"57,0";"18,1";"18,1";"17,5";"1015,1";"1015,2";"1015,0";"5,4";"65,0";"10,0";"1217,80";"0,0"
"04/08/2026";"2000";"24,1";"25,9";"24,1";"73,0";"73,0";"63,0";"18,9";"18,9";"18,1";"1015,3";"1015,3";"1015,1";"5,0";"57,0";"10,3";"596,00";"0,0"
"04/08/2026";"2100";"22,8";"24,1";"22,8";"82,0";"82,0";"73,0";"19,5";"19,6";"18,9";"1015,6";"1015,6";"1015,3";"3,5";"57,0";"9,2";"33,00";"0,0"
"04/08/2026";"2200";"22,5";"22,8";"22,3";"84,0";"85,0";"82,0";"19,6";"19,8";"19,5";"1015,8";"1015,8";"1015,5";"3,8";"49,0";"7,7";"";"0,0"
"04/08/2026";"2300";"22,6";"22,6";"22,3";"88,0";"88,0";"84,0";"20,4";"20,4";"19,5";"1016,2";"1016,2";"1015,8";"3,6";"49,0";"7,0";"";"0,0"
"05/08/2026";"0000";"22,5";"22,7";"22,5";"88,0";"88,0";"87,0";"20,4";"20,5";"20,3";"1016,2";"1016,3";"1016,1";"2,9";"53,0";"6,6";"";"0,0"
"05/08/2026";"0100";"21,6";"22,6";"21,6";"89,0";"89,0";"87,0";"19,7";"20,4";"19,7";"1016,5";"1016,6";"1016,2";"1,7";"38,0";"5,2";"";"0,0"
"05/08/2026";"0200";"21,0";"21,6";"21,0";"92,0";"92,0";"89,0";"19,7";"19,9";"19,5";"1015,9";"1016,5";"1015,9";"2,0";"73,0";"2,9";"";"0,0"
"05/08/2026";"0300";"20,1";"21,1";"20,1";"93,0";"93,0";"92,0";"19,0";"19,8";"18,9";"1015,9";"1016,0";"1015,9";"0,6";"329,0";"2,9";"";"0,0"
"05/08/2026";"0400";"20,3";"20,6";"20,2";"94,0";"94,0";"93,0";"19,4";"19,6";"19,0";"1015,5";"1015,9";"1015,5";"1,3";"90,0";"1,7";"";"0,0"
"05/08/2026";"0500";"20,2";"20,3";"19,9";"95,0";"95,0";"94,0";"19,4";"19,4";"19,0";"1015,3";"1015,5";"1015,2";"2,1";"41,0";"3,4";"";"0,0"
"05/08/2026";"0600";"20,1";"20,2";"19,8";"95,0";"95,0";"94,0";"19,2";"19,4";"18,9";"1014,8";"1015,3";"1014,8";"1,5";"61,0";"3,4";"";"0,0"
"05/08/2026";"0700";"19,6";"20,1";"19,5";"95,0";"95,0";"95,0";"18,8";"19,2";"18,7";"1014,8";"1014,8";"1014,8";"0,8";"319,0";"2,3";"";"0,0"
"05/08/2026";"0800";"19,0";"19,6";"19,0";"96,0";"96,0";"95,0";"18,3";"18,8";"18,3";"1014,8";"1014,9";"1014,7";"1,6";"56,0";"2,4";"";"0,0"
"05/08/2026";"0900";"18,9";"19,1";"18,7";"96,0";"96,0";"96,0";"18,3";"18,4";"18,0";"1015,5";"1015,5";"1014,7";"2,2";"22,0";"2,9";"";"0,0"
"05/08/2026";"1000";"19,6";"19,6";"18,9";"96,0";"96,0";"96,0";"18,9";"18,9";"18,2";"1015,9";"1016,0";"1015,5";"2,1";"28,0";"3,6";"69,20";"0,0"
"05/08/2026";"1100";"22,4";"22,4";"19,6";"92,0";"96,0";"92,0";"21,0";"21,4";"19,0";"1016,5";"1016,5";"1015,9";"2,3";"35,0";"4,1";"626,50";"0,0"
"05/08/2026";"1200";"25,5";"25,6";"22,2";"70,0";"92,0";"70,0";"19,7";"21,3";"19,6";"1017,0";"1017,0";"1016,5";"3,0";"31,0";"4,9";"1355,40";"0,0"
"05/08/2026";"1300";"27,8";"28,0";"25,5";"54,0";"71,0";"54,0";"17,5";"20,3";"17,4";"1017,0";"1017,1";"1017,0";"2,8";"4,0";"5,2";"2150,60";"0,0"
"05/08/2026";"1400";"29,3";"29,6";"27,3";"46,0";"55,0";"45,0";"16,6";"18,0";"15,9";"1016,1";"1017,0";"1016,1";"3,4";"358,0";"5,8";"2529,20";"0,0"
"05/08/2026";"1500";"30,9";"30,9";"29,0";"42,0";"46,0";"40,0";"16,5";"16,8";"14,8";"1014,8";"1016,1";"1014,8";"2,7";"36,0";"6,1";"2769,80";"0,0"
"05/08/2026";"1600";"29,1";"30,9";"28,1";"49,0";"52,0";"41,0";"17,4";"17,6";"15,9";"1013,9";"1014,8";"1013,9";"5,4";"70,0";"8,9";"2487,50";"0,0"
"05/08/2026";"1700";"27,9";"29,1";"27,7";"55,0";"57,0";"48,0";"18,1";"18,4";"16,7";"1013,0";"1013,9";"1013,0";"5,9";"72,0";"10,1";"2455,80";"0,0"
"05/08/2026";"1800";"27,2";"28,3";"26,9";"58,0";"59,0";"54,0";"18,3";"18,7";"17,8";"1012,6";"1013,0";"1012,5";"5,7";"52,0";"10,8";"1984,30";"0,0"
"05/08/2026";"1900";"26,0";"27,2";"25,8";"65,0";"66,0";"58,0";"18,9";"19,1";"18,3";"1012,6";"1012,7";"1012,5";"5,1";"56,0";"10,6";"1339,20";"0,0"
"05/08/2026";"2000";"24,1";"26,0";"24,1";"73,0";"73,0";"65,0";"19,1";"19,2";"18,7";"1013,0";"1013,0";"1012,5";"5,4";"59,0";"10,7";"570,70";"0,0"
"05/08/2026";"2100";"23,1";"24,1";"23,1";"79,0";"79,0";"73,0";"19,2";"19,3";"19,0";"1013,4";"1013,4";"1013,0";"4,9";"58,0";"10,7";"34,60";"0,0"
"05/08/2026";"2200";"22,7";"23,1";"22,6";"80,0";"80,0";"79,0";"19,1";"19,2";"19,1";"1013,7";"1013,8";"1013,4";"4,2";"58,0";"9,8";"";"0,0"
"05/08/2026";"2300";"22,4";"22,7";"22,4";"81,0";"81,0";"80,0";"19,0";"19,2";"19,0";"1014,0";"1014,0";"1013,7";"3,1";"50,0";"8,0";"";"0,0"
"06/08/2026";"0000";"22,0";"22,4";"21,9";"83,0";"83,0";"81,0";"19,0";"19,1";"18,8";"1014,2";"1014,4";"1014,0";"3,1";"52,0";"7,0";"";"0,0"
"06/08/2026";"0100";"21,7";"22,0";"21,7";"85,0";"85,0";"83,0";"19,1";"19,2";"19,0";"1014,2";"1014,2";"1014,0";"2,7";"50,0";"6,2";"";"0,0"
"06/08/2026";"0200";"21,3";"21,7";"21,3";"88,0";"88,0";"85,0";"19,2";"19,3";"19,0";"1013,9";"1014,2";"1013,9";"2,0";"54,0";"4,8";"";"0,0"
"06/08/2026";"0300";"20,9";"21,3";"20,9";"90,0";"90,0";"88,0";"19,3";"19,4";"18,9";"1013,6";"1013,9";"1013,6";"2,0";"52,0";"3,5";"";"0,0"
"06/08/2026";"0400";"19,6";"20,9";"19,6";"93,0";"93,0";"90,0";"18,4";"19,3";"18,4";"1013,3";"1013,7";"1013,3";"1,0";"313,0";"2,9";"";"0,0"
"06/08/2026";"0500";"19,4";"19,7";"19,2";"95,0";"95,0";"93,0";"18,6";"18,7";"18,3";"1012,9";"1013,3";"1012,9";"1,3";"21,0";"1,5";"";"0,0"
"06/08/2026";"0600";"18,8";"19,4";"18,6";"96,0";"96,0";"95,0";"18,1";"18,6";"17,8";"1012,3";"1012,9";"1012,3";"1,6";"53,0";"2,6";"";"0,0"
"06/08/2026";"0700";"18,4";"19,0";"18,4";"96,0";"96,0";"95,0";"17,7";"18,3";"17,7";"1012,2";"1012,3";"1012,2";"2,1";"14,0";"3,4";"";"0,0"
"06/08/2026";"0800";"19,1";"19,3";"18,4";"95,0";"96,0";"95,0";"18,4";"18,5";"17,7";"1012,0";"1012,2";"1012,0";"3,3";"27,0";"4,9";"";"0,0"
"06/08/2026";"0900";"19,0";"19,1";"18,6";"95,0";"95,0";"95,0";"18,2";"18,3";"17,8";"1012,6";"1012,6";"1012,0";"2,7";"26,0";"4,9";"";"0,0"
"06/08/2026";"1000";"19,8";"19,8";"18,9";"94,0";"95,0";"94,0";"18,8";"18,8";"18,1";"1012,9";"1012,9";"1012,6";"3,6";"24,0";"5,6";"150,70";"0,2"
"06/08/2026";"1100";"22,4";"22,4";"19,8";"83,0";"94,0";"83,0";"19,4";"19,7";"18,8";"1013,2";"1013,2";"1012,9";"3,7";"16,0";"6,0";"767,30";"0,0"
"06/08/2026";"1200";"25,9";"25,9";"22,4";"64,0";"83,0";"64,0";"18,5";"19,8";"18,5";"1013,4";"1013,4";"1013,2";"4,6";"8,0";"8,7";"1599,50";"0,0"
"06/08/2026";"1300";"27,8";"28,0";"25,9";"51,0";"64,0";"51,0";"16,9";"18,4";"16,9";"1013,0";"1013,5";"1013,0";"5,8";"6,0";"8,9";"2140,90";"0,0"
"06/08/2026";"1400";"29,9";"30,2";"27,8";"43,0";"52,0";"42,0";"15,9";"17,0";"15,5";"1012,1";"1013,0";"1012,1";"5,3";"350,0";"9,7";"2569,00";"0,0"
"06/08/2026";"1500";"31,1";"31,4";"29,9";"37,0";"43,0";"36,0";"14,8";"16,1";"14,1";"1010,8";"1012,1";"1010,8";"5,8";"1,0";"9,7";"2777,10";"0,0"
"06/08/2026";"1600";"32,0";"32,9";"31,0";"33,0";"38,0";"32,0";"13,5";"15,2";"13,5";"1009,9";"1010,8";"1009,9";"4,3";"333,0";"9,2";"2747,90";"0,0"
"06/08/2026";"1700";"33,0";"33,6";"32,0";"30,0";"33,0";"30,0";"13,4";"14,2";"13,3";"1008,7";"1009,9";"1008,7";"4,0";"3,0";"8,0";"2473,00";"0,0"
"06/08/2026";"1800";"28,5";"33,3";"28,5";"52,0";"52,0";"30,0";"17,7";"18,0";"12,8";"1008,4";"1008,8";"1008,4";"5,9";"71,0";"9,6";"1997,00";"0,0"
"06/08/2026";"1900";"27,6";"28,8";"27,6";"54,0";"55,0";"51,0";"17,4";"18,0";"17,4";"1008,8";"1008,9";"1008,4";"4,6";"66,0";"9,3";"1323,60";"0,0"
"06/08/2026";"2000";"25,6";"27,8";"25,6";"68,0";"68,0";"53,0";"19,2";"19,2";"17,4";"1009,3";"1009,3";"1008,8";"4,4";"64,0";"8,6";"555,40";"0,0"
"06/08/2026";"2100";"23,9";"25,6";"23,9";"78,0";"78,0";"68,0";"19,9";"19,9";"19,2";"1009,9";"1009,9";"1009,3";"3,7";"54,0";"7,9";"31,50";"0,0"
"06/08/2026";"2200";"23,1";"23,9";"23,1";"83,0";"83,0";"78,0";"20,1";"20,2";"19,9";"1010,3";"1010,4";"1009,9";"3,4";"54,0";"7,4";"";"0,0"
"06/08/2026";"2300";"22,7";"23,1";"22,6";"86,0";"86,0";"83,0";"20,2";"20,2";"20,0";"1010,7";"1010,7";"1010,3";"2,4";"49,0";"6,2";"";"0,0"
"07/08/2026";"0000";"21,8";"22,7";"21,7";"89,0";"89,0";"86,0";"20,0";"20,3";"19,8";"1010,6";"1010,8";"1010,5";"1,7";"33,0";"4,6";"";"0,0"
"07/08/2026";"0100";"21,4";"21,8";"21,3";"92,0";"92,0";"89,0";"20,1";"20,3";"19,9";"1010,4";"1010,7";"1010,4";"2,5";"44,0";"3,8";"";"0,0"
"07/08/2026";"0200";"20,9";"21,4";"20,9";"94,0";"94,0";"92,0";"19,9";"20,1";"19,7";"1010,3";"1010,5";"1010,3";"2,1";"54,0";"3,8";"";"0,0"
"07/08/2026";"0300";"20,4";"21,0";"20,4";"94,0";"94,0";"94,0";"19,4";"20,0";"19,4";"1010,1";"1010,3";"1010,1";"2,2";"25,0";"3,9";"";"0,0"
"07/08/2026";"0400";"20,6";"20,7";"20,4";"93,0";"94,0";"93,0";"19,5";"19,7";"19,4";"1009,6";"1010,1";"1009,6";"2,5";"27,0";"3,5";"";"0,0"
"07/08/2026";"0500";"20,7";"21,0";"20,5";"90,0";"93,0";"89,0";"18,9";"19,5";"18,9";"1009,2";"1009,6";"1009,1";"1,9";"39,0";"4,4";"";"0,0"
"07/08/2026";"0600";"20,6";"20,9";"20,4";"89,0";"90,0";"89,0";"18,6";"19,2";"18,6";"1008,5";"1009,2";"1008,5";"2,3";"34,0";"3,8";"";"0,0"
"07/08/2026";"0700";"20,7";"21,1";"20,6";"81,0";"89,0";"80,0";"17,3";"18,6";"17,3";"1008,2";"1008,5";"1008,2";"3,2";"359,0";"5,0";"";"0,0"
"07/08/2026";"0800";"20,5";"20,7";"20,1";"81,0";"82,0";"80,0";"17,1";"17,3";"16,9";"1008,1";"1008,2";"1008,0";"3,2";"4,0";"5,5";"";"0,0"
"07/08/2026";"0900";"21,0";"21,1";"20,4";"77,0";"82,0";"77,0";"16,9";"17,4";"16,9";"1008,1";"1008,2";"1007,9";"2,6";"41,0";"5,1";"";"0,0"
"07/08/2026";"1000";"20,6";"21,1";"20,0";"80,0";"82,0";"77,0";"16,9";"17,1";"16,7";"1009,6";"1009,6";"1008,1";"2,8";"80,0";"4,6";"108,90";"0,0"
"07/08/2026";"1100";"25,9";"25,9";"20,6";"59,0";"80,0";"59,0";"17,4";"17,6";"17,0";"1010,3";"1010,3";"1009,6";"2,5";"36,0";"5,1";"807,50";"0,0"
"07/08/2026";"1200";"28,4";"28,4";"25,9";"50,0";"59,0";"50,0";"16,9";"17,6";"16,5";"1010,4";"1010,4";"1010,1";"3,5";"28,0";"6,4";"1642,50";"0,0"
"07/08/2026";"1300";"31,0";"31,4";"27,5";"40,0";"51,0";"40,0";"15,9";"17,1";"15,7";"1010,0";"1010,5";"1010,0";"3,6";"346,0";"6,0";"1686,30";"0,0"
"07/08/2026";"1400";"31,6";"32,2";"30,4";"35,0";"41,0";"33,0";"14,5";"16,3";"13,3";"1009,4";"1010,0";"1009,4";"4,0";"299,0";"8,5";"2083,00";"0,0"
"07/08/2026";"1500";"33,6";"33,8";"31,5";"31,0";"35,0";"31,0";"14,1";"14,6";"13,5";"1008,4";"1009,4";"1008,4";"2,5";"297,0";"6,5";"2279,40";"0,0"
"07/08/2026";"1600";"35,0";"35,0";"33,4";"29,0";"31,0";"29,0";"14,4";"14,5";"13,5";"1007,5";"1008,4";"1007,5";"2,3";"257,0";"7,2";"2706,60";"0,0"
"07/08/2026";"1700";"35,7";"35,8";"33,5";"26,0";"30,0";"26,0";"13,5";"14,4";"13,3";"1006,5";"1007,5";"1006,5";"2,9";"302,0";"5,8";"2433,20";"0,0"
"07/08/2026";"1800";"31,4";"35,9";"31,4";"45,0";"45,0";"26,0";"18,0";"18,4";"13,2";"1006,1";"1006,5";"1005,9";"4,1";"87,0";"7,6";"1958,40";"0,0"
"07/08/2026";"1900";"29,2";"31,4";"29,2";"53,0";"53,0";"45,0";"18,5";"18,6";"17,9";"1006,6";"1006,6";"1006,1";"3,8";"82,0";"7,6";"1292,50";"0,0"
"07/08/2026";"2000";"27,2";"29,3";"27,2";"65,0";"65,0";"52,0";"20,0";"20,0";"18,2";"1007,0";"1007,0";"1006,6";"3,2";"72,0";"7,6";"461,50";"0,0"
"07/08/2026";"2100";"25,3";"27,2";"25,0";"76,0";"76,0";"65,0";"20,7";"20,7";"20,0";"1008,4";"1008,4";"1007,0";"2,6";"163,0";"5,6";"26,20";"0,0"
"07/08/2026";"2200";"25,6";"26,1";"25,3";"72,0";"76,0";"70,0";"20,2";"20,8";"20,1";"1009,0";"1009,0";"1008,4";"2,3";"141,0";"6,0";"";"0,0"
"07/08/2026";"2300";"24,6";"25,7";"24,5";"77,0";"77,0";"70,0";"20,2";"20,4";"19,7";"1009,2";"1009,2";"1008,9";"1,4";"74,0";"3,8";"";"0,0"
"08/08/2026";"0000";"23,5";"24,6";"23,5";"81,0";"82,0";"77,0";"20,1";"20,5";"20,0";"1008,8";"1009,2";"1008,8";"0,8";"74,0";"2,2";"";"0,0"
"08/08/2026";"0100";"23,2";"23,5";"22,5";"80,0";"87,0";"80,0";"19,6";"20,4";"19,6";"1008,8";"1009,1";"1008,7";"0,7";"275,0";"2,0";"";"0,0"
"08/08/2026";"0200";"22,4";"23,2";"22,3";"82,0";"83,0";"80,0";"19,1";"19,6";"19,0";"1008,5";"1008,9";"1008,4";"1,0";"299,0";"1,7";"";"0,0"
"08/08/2026";"0300";"20,6";"22,4";"20,6";"86,0";"88,0";"81,0";"18,3";"19,5";"18,3";"1008,3";"1008,5";"1008,1";"1,3";"315,0";"3,0";"";"0,0"
"08/08/2026";"0400";"21,2";"21,7";"20,6";"87,0";"88,0";"84,0";"18,9";"19,3";"18,3";"1008,5";"1008,5";"1008,2";"1,2";"198,0";"3,1";"";"0,0"
"08/08/2026";"0500";"22,3";"22,4";"20,9";"77,0";"87,0";"77,0";"18,2";"19,4";"18,0";"1008,6";"1008,6";"1008,3";"2,6";"208,0";"5,3";"";"0,0"
"08/08/2026";"0600";"22,1";"22,6";"21,9";"77,0";"78,0";"75,0";"17,9";"18,1";"17,8";"1008,3";"1008,6";"1008,2";"2,4";"213,0";"5,8";"";"0,0"
"08/08/2026";"0700";"22,2";"22,3";"22,0";"80,0";"81,0";"77,0";"18,6";"18,7";"17,9";"1009,2";"1009,2";"1008,3";"3,5";"220,0";"5,6";"";"0,0"
"08/08/2026";"0800";"23,0";"23,0";"22,1";"77,0";"82,0";"77,0";"18,7";"19,1";"18,6";"1009,6";"1009,6";"1009,1";"4,2";"217,0";"8,0";"";"0,0"
"08/08/2026";"0900";"22,6";"23,1";"22,6";"84,0";"84,0";"77,0";"19,8";"19,9";"18,7";"1009,9";"1009,9";"1009,6";"2,4";"219,0";"8,0";"";"0,0"
"08/08/2026";"1000";"22,6";"22,6";"22,1";"85,0";"85,0";"84,0";"20,0";"20,0";"19,5";"1010,5";"1010,5";"1009,9";"1,7";"232,0";"4,4";"55,40";"0,0"
"08/08/2026";"1100";"23,6";"23,6";"22,6";"84,0";"85,0";"83,0";"20,7";"20,7";"19,9";"1010,5";"1010,6";"1010,3";"1,2";"16,0";"2,5";"241,60";"0,0"
"08/08/2026";"1200";"25,4";"25,4";"23,6";"73,0";"84,0";"72,0";"20,2";"20,7";"19,7";"1011,5";"1011,5";"1010,5";"0,7";"276,0";"1,7";"501,80";"0,0"
"08/08/2026";"1300";"26,8";"26,9";"25,4";"68,0";"76,0";"68,0";"20,4";"21,1";"20,2";"1011,7";"1011,8";"1011,4";"1,2";"243,0";"2,4";"1056,30";"0,0"
"08/08/2026";"1400";"27,7";"27,9";"26,7";"61,0";"69,0";"60,0";"19,4";"20,9";"19,3";"1010,8";"1011,8";"1010,8";"1,3";"77,0";"3,2";"1374,00";"0,0"
"08/08/2026";"1500";"29,7";"30,0";"27,7";"54,0";"62,0";"54,0";"19,3";"20,2";"18,8";"1009,7";"1010,8";"1009,7";"1,9";"79,0";"3,7";"2180,30";"0,0"
"08/08/2026";"1600";"30,5";"31,1";"29,5";"51,0";"55,0";"49,0";"19,2";"19,7";"18,7";"1008,6";"1009,7";"1008,6";"1,0";"86,0";"4,3";"1867,20";"0,0"
"08/08/2026";"1700";"31,4";"31,8";"30,3";"46,0";"52,0";"44,0";"18,2";"19,3";"17,5";"1007,7";"1008,6";"1007,7";"1,5";"102,0";"2,8";"1111,20";"0,0"
"08/08/2026";"1800";"31,8";"32,1";"31,2";"45,0";"50,0";"44,0";"18,3";"19,8";"18,1";"1007,0";"1007,7";"1007,0";"2,9";"76,0";"6,5";"1664,30";"0,0"
"08/08/2026";"1900";"30,3";"32,0";"30,3";"40,0";"45,0";"39,0";"15,3";"18,4";"15,3";"1007,5";"1007,5";"1007,0";"4,1";"81,0";"7,6";"1269,50";"0,0"
"08/08/2026";"2000";"26,8";"30,4";"26,8";"64,0";"64,0";"40,0";"19,4";"19,5";"15,5";"1008,2";"1008,2";"1007,5";"3,6";"65,0";"7,9";"535,40";"0,0"
"08/08/2026";"2100";"23,9";"26,8";"23,9";"83,0";"83,0";"64,0";"20,8";"20,8";"19,5";"1008,6";"1008,6";"1008,2";"2,8";"66,0";"7,4";"36,10";"0,0"
"08/08/2026";"2200";"23,1";"23,9";"23,1";"86,0";"86,0";"83,0";"20,6";"20,9";"20,6";"1009,0";"1009,0";"1008,6";"2,6";"52,0";"4,9";"";"0,0"
"08/08/2026";"2300";"22,6";"23,1";"22,5";"90,0";"90,0";"86,0";"20,8";"21,0";"20,5";"1009,8";"1009,8";"1009,0";"1,7";"44,0";"4,8";"";"0,0"
"09/08/2026";"0000";"22,5";"22,6";"22,3";"92,0";"93,0";"90,0";"21,3";"21,4";"20,8";"1010,0";"1010,1";"1009,8";"1,6";"55,0";"3,2";"";"0,0"
"09/08/2026";"0100";"23,4";"23,4";"22,4";"91,0";"93,0";"91,0";"21,8";"21,9";"21,1";"1010,0";"1010,2";"1010,0";"2,1";"49,0";"4,4";"";"0,0"
"09/08/2026";"0200";"23,5";"23,6";"23,4";"91,0";"91,0";"90,0";"21,8";"21,9";"21,8";"1009,6";"1010,0";"1009,6";"1,3";"45,0";"4,4";"";"0,0"
"09/08/2026";"0300";"23,0";"23,5";"23,0";"92,0";"92,0";"91,0";"21,6";"21,8";"21,6";"1009,5";"1009,8";"1009,5";"1,9";"38,0";"3,6";"";"0,0"
"09/08/2026";"0400";"22,4";"23,0";"22,4";"93,0";"93,0";"92,0";"21,3";"21,6";"21,3";"1009,4";"1009,6";"1009,1";"0,9";"21,0";"3,2";"";"0,0"
"09/08/2026";"0500";"21,9";"22,4";"21,9";"95,0";"95,0";"93,0";"21,1";"21,3";"21,1";"1008,9";"1009,4";"1008,9";"2,0";"36,0";"3,6";"";"0,0"
"09/08/2026";"0600";"21,4";"21,9";"21,4";"96,0";"96,0";"95,0";"20,6";"21,1";"20,6";"1008,9";"1009,1";"1008,8";"2,0";"58,0";"3,8";"";"0,0"
"09/08/2026";"0700";"21,3";"21,4";"21,2";"96,0";"96,0";"96,0";"20,6";"20,7";"20,5";"1009,0";"1009,0";"1008,7";"2,1";"39,0";"3,6";"";"0,0"
"09/08/2026";"0800";"20,2";"21,3";"20,2";"96,0";"96,0";"96,0";"19,6";"20,5";"19,6";"1009,4";"1009,5";"1009,0";"2,2";"23,0";"3,4";"";"0,0"
"09/08/2026";"0900";"20,2";"20,4";"20,1";"96,0";"96,0";"96,0";"19,5";"19,7";"19,5";"1010,2";"1010,2";"1009,3";"2,1";"24,0";"4,5";"";"0,0"
"09/08/2026";"1000";"21,1";"21,2";"20,1";"91,0";"96,0";"91,0";"19,5";"20,1";"19,4";"1010,8";"1010,8";"1010,2";"2,2";"71,0";"4,2";"125,90";"0,0"
"09/08/2026";"1100";"25,5";"25,5";"21,1";"68,0";"91,0";"68,0";"19,2";"20,4";"19,2";"1011,5";"1011,5";"1010,8";"2,5";"36,0";"4,1";"733,70";"0,0"
"09/08/2026";"1200";"29,5";"29,5";"24,5";"55,0";"77,0";"54,0";"19,4";"20,8";"18,9";"1012,3";"1012,3";"1011,5";"2,2";"29,0";"4,1";"1462,10";"0,0"
"09/08/2026";"1300";"33,2";"33,5";"29,3";"39,0";"55,0";"38,0";"17,2";"19,5";"17,2";"1012,1";"1012,4";"1012,1";"2,4";"23,0";"4,0";"2106,10";"0,0"
"09/08/2026";"1400";"36,0";"36,1";"33,1";"30,0";"39,0";"30,0";"15,7";"17,5";"15,5";"1011,1";"1012,1";"1011,1";"4,2";"15,0";"7,0";"2562,50";"0,0"
"09/08/2026";"1500";"38,1";"38,2";"35,8";"25,0";"30,0";"24,0";"14,5";"15,8";"13,8";"1010,2";"1011,1";"1010,2";"4,5";"344,0";"7,8";"2770,80";"0,0"
"09/08/2026";"1600";"39,0";"39,0";"37,6";"21,0";"25,0";"21,0";"12,8";"14,4";"12,8";"1009,4";"1010,2";"1009,4";"3,4";"300,0";"9,9";"2741,90";"0,0"
"09/08/2026";"1700";"33,3";"40,0";"32,5";"40,0";"41,0";"18,0";"17,9";"18,1";"10,4";"1009,9";"1010,0";"1009,0";"5,4";"198,0";"18,2";"2337,80";"0,0"
"09/08/2026";"1800";"30,6";"33,3";"30,4";"49,0";"49,0";"40,0";"18,6";"18,8";"17,8";"1010,4";"1010,4";"1009,8";"5,5";"186,0";"11,8";"1917,20";"0,0"
"09/08/2026";"1900";"29,2";"30,6";"29,2";"56,0";"56,0";"49,0";"19,4";"19,5";"18,7";"1011,1";"1011,1";"1010,3";"5,0";"189,0";"11,6";"1239,00";"0,0"
"09/08/2026";"2000";"26,8";"29,3";"26,8";"69,0";"69,0";"55,0";"20,6";"20,7";"19,3";"1012,1";"1012,2";"1011,1";"3,6";"190,0";"12,6";"499,20";"0,0"
"09/08/2026";"2100";"25,4";"26,8";"25,4";"77,0";"77,0";"69,0";"21,1";"21,1";"20,6";"1012,9";"1012,9";"1012,1";"3,6";"192,0";"10,4";"30,90";"0,0"
"09/08/2026";"2200";"24,3";"25,4";"24,2";"82,0";"82,0";"77,0";"21,0";"21,2";"21,0";"1013,7";"1013,8";"1012,9";"4,6";"200,0";"9,9";"";"0,0"
"09/08/2026";"2300";"23,6";"24,3";"23,5";"82,0";"82,0";"80,0";"20,3";"20,9";"20,2";"1014,9";"1014,9";"1013,7";"2,9";"193,0";"9,9";"";"0,0"
"10/08/2026";"0000";"23,1";"23,6";"23,1";"86,0";"86,0";"82,0";"20,7";"20,8";"20,2";"1015,7";"1015,7";"1014,9";"3,5";"196,0";"8,3";"";"0,0"
"10/08/2026";"0100";"23,4";"23,5";"23,1";"85,0";"86,0";"85,0";"20,7";"20,9";"20,7";"1016,4";"1016,4";"1015,7";"3,7";"200,0";"9,4";"";"0,0"
"10/08/2026";"0200";"22,9";"23,4";"22,8";"86,0";"86,0";"85,0";"20,4";"20,7";"20,3";"1016,7";"1016,7";"1016,4";"2,6";"186,0";"9,2";"";"0,0"
"10/08/2026";"0300";"22,6";"22,9";"22,6";"88,0";"89,0";"86,0";"20,6";"20,8";"20,3";"1016,6";"1016,9";"1016,6";"2,8";"199,0";"6,8";"";"0,0"
"10/08/2026";"0400";"22,3";"22,7";"22,3";"90,0";"90,0";"88,0";"20,6";"20,7";"20,6";"1016,2";"1016,7";"1016,2";"2,7";"211,0";"6,2";"";"0,0"
"10/08/2026";"0500";"22,3";"22,3";"22,0";"92,0";"92,0";"90,0";"20,9";"21,0";"20,5";"1016,4";"1016,5";"1016,2";"3,0";"212,0";"5,9";"";"0,0"
"10/08/2026";"0600";"22,1";"22,3";"22,1";"92,0";"92,0";"92,0";"20,8";"20,9";"20,8";"1016,5";"1016,6";"1016,4";"2,2";"210,0";"6,0";"";"0,0"
"10/08/2026";"0700";"22,4";"22,4";"22,1";"92,0";"93,0";"92,0";"21,0";"21,0";"20,8";"1016,6";"1016,6";"1016,4";"1,7";"195,0";"5,0";"";"0,0"
"10/08/2026";"0800";"21,6";"22,4";"21,5";"93,0";"93,0";"92,0";"20,4";"21,0";"20,3";"1016,8";"1016,8";"1016,4";"1,7";"231,0";"4,3";"";"0,0"
"10/08/2026";"0900";"22,3";"22,3";"21,6";"92,0";"94,0";"92,0";"21,0";"21,0";"20,5";"1017,7";"1017,7";"1016,8";"1,8";"204,0";"4,0";"";"0,0"
"10/08/2026";"1000";"22,5";"22,5";"22,3";"91,0";"92,0";"91,0";"20,9";"21,0";"20,8";"1018,6";"1018,6";"1017,7";"1,9";"228,0";"5,4";"49,10";"0,0"
"10/08/2026";"1100";"23,5";"23,5";"22,5";"86,0";"91,0";"86,0";"21,0";"21,3";"20,9";"1019,6";"1019,6";"1018,6";"3,4";"216,0";"5,9";"340,70";"0,0"
"10/08/2026";"1200";"24,0";"24,1";"23,5";"83,0";"86,0";"82,0";"20,9";"21,2";"20,8";"1020,7";"1020,7";"1019,6";"3,2";"225,0";"7,0";"508,60";"0,0"
"10/08/2026";"1300";"24,6";"24,6";"22,8";"86,0";"91,0";"83,0";"22,0";"22,5";"20,8";"1021,0";"1021,1";"1020,8";"2,4";"218,0";"5,5";"843,50";"0,0"
"10/08/2026";"1400";"25,0";"25,0";"23,6";"79,0";"86,0";"79,0";"21,1";"21,9";"20,8";"1020,5";"1021,0";"1020,5";"1,9";"191,0";"6,2";"663,90";"0,0"
"10/08/2026";"1500";"23,9";"25,1";"23,9";"81,0";"84,0";"78,0";"20,6";"21,4";"20,2";"1020,3";"1020,5";"1020,3";"2,5";"182,0";"6,9";"510,00";"0,0"
"10/08/2026";"1600";"22,9";"24,6";"22,9";"89,0";"89,0";"79,0";"21,0";"21,2";"20,4";"1020,1";"1020,3";"1020,1";"4,0";"212,0";"9,5";"563,60";"0,0"
"10/08/2026";"1700";"22,4";"22,9";"22,3";"90,0";"92,0";"89,0";"20,8";"21,5";"20,5";"1019,8";"1020,1";"1019,7";"3,9";"202,0";"9,1";"507,20";"0,0"
"10/08/2026";"1800";"21,8";"22,9";"21,8";"93,0";"93,0";"86,0";"20,6";"20,8";"20,1";"1019,8";"1019,9";"1019,7";"4,0";"210,0";"10,3";"456,10";"0,2"
"10/08/2026";"1900";"21,3";"21,9";"21,3";"91,0";"93,0";"91,0";"19,7";"20,7";"19,7";"1020,3";"1020,3";"1019,9";"4,4";"201,0";"10,6";"387,20";"0,0"
"10/08/2026";"2000";"20,6";"21,3";"20,5";"94,0";"94,0";"90,0";"19,5";"19,7";"19,2";"1021,0";"1021,1";"1020,3";"2,8";"194,0";"10,5";"70,30";"0,0"
"10/08/2026";"2100";"20,4";"20,6";"20,3";"94,0";"94,0";"94,0";"19,4";"19,6";"19,4";"1021,6";"1021,6";"1021,0";"2,7";"192,0";"8,3";"5,60";"0,6"
"10/08/2026";"2200";"20,4";"20,6";"20,4";"91,0";"94,0";"91,0";"19,0";"19,4";"19,0";"1022,1";"1022,1";"1021,6";"3,9";"206,0";"7,8";"";"0,0"
"10/08/2026";"2300";"20,0";"20,4";"20,0";"95,0";"95,0";"91,0";"19,1";"19,1";"18,9";"1023,3";"1023,3";"1022,1";"4,5";"201,0";"9,8";"";"0,6"
"11/08/2026";"0000";"19,6";"20,0";"19,6";"95,0";"95,0";"95,0";"18,8";"19,1";"18,7";"1024,0";"1024,0";"1023,3";"4,2";"211,0";"9,8";"";"0,4"
"11/08/2026";"0100";"19,4";"19,6";"19,4";"93,0";"95,0";"93,0";"18,3";"18,8";"18,3";"1024,1";"1024,2";"1024,0";"3,1";"207,0";"9,2";"";"0,0"
"11/08/2026";"0200";"19,2";"19,4";"19,2";"93,0";"93,0";"92,0";"18,0";"18,3";"17,9";"1024,1";"1024,2";"1024,0";"3,8";"206,0";"7,7";"";"0,0"
"11/08/2026";"0300";"18,9";"19,2";"18,9";"95,0";"95,0";"93,0";"18,1";"18,1";"18,0";"1024,2";"1024,3";"1024,1";"3,5";"213,0";"8,4";"";"0,2"
"11/08/2026";"0400";"18,8";"18,9";"18,8";"95,0";"95,0";"95,0";"18,0";"18,1";"18,0";"1023,7";"1024,2";"1023,7";"3,4";"221,0";"6,4";"";"0,2"
"11/08/2026";"0500";"18,7";"18,8";"18,7";"95,0";"95,0";"95,0";"17,9";"18,0";"17,9";"1022,9";"1023,7";"1022,9";"3,2";"221,0";"6,6";"";"0,0"
"11/08/2026";"0600";"18,8";"18,8";"18,6";"94,0";"95,0";"94,0";"17,8";"17,9";"17,8";"1022,4";"1022,9";"1022,4";"3,2";"211,0";"5,6";"";"0,0"
"11/08/2026";"0700";"18,7";"18,8";"18,7";"94,0";"95,0";"94,0";"17,8";"17,9";"17,8";"1022,2";"1022,4";"1022,2";"3,4";"215,0";"6,7";"";"0,0"
"11/08/2026";"0800";"18,5";"18,7";"18,5";"95,0";"95,0";"94,0";"17,7";"17,8";"17,7";"1022,3";"1022,3";"1022,1";"3,2";"210,0";"7,1";"";"0,0"
"11/08/2026";"0900";"18,5";"18,6";"18,4";"95,0";"95,0";"95,0";"17,6";"17,8";"17,6";"1022,7";"1022,7";"1022,3";"3,1";"217,0";"6,6";"";"0,0"
"11/08/2026";"1000";"18,7";"18,7";"18,4";"94,0";"95,0";"94,0";"17,7";"17,7";"17,5";"1023,6";"1023,6";"1022,7";"3,1";"218,0";"6,0";"35,80";"0,0"
"11/08/2026";"1100";"18,6";"18,7";"18,5";"95,0";"95,0";"94,0";"17,7";"17,8";"17,6";"1024,4";"1024,4";"1023,5";"3,2";"212,0";"6,3";"96,00";"0,2"
"11/08/2026";"1200";"18,9";"18,9";"18,6";"94,0";"95,0";"94,0";"18,0";"18,0";"17,7";"1025,2";"1025,2";"1024,4";"3,5";"214,0";"8,0";"216,30";"0,0"
"11/08/2026";"1300";"19,4";"19,5";"18,9";"93,0";"94,0";"93,0";"18,2";"18,3";"17,7";"1025,5";"1025,6";"1025,2";"2,7";"212,0";"6,9";"477,80";"0,2"
"11/08/2026";"1400";"19,2";"20,4";"19,2";"92,0";"94,0";"89,0";"17,9";"19,1";"17,7";"1025,2";"1025,5";"1025,2";"2,1";"172,0";"7,1";"619,70";"0,0"
"11/08/2026";"1500";"19,3";"19,3";"18,6";"93,0";"94,0";"92,0";"18,1";"18,2";"17,5";"1024,5";"1025,3";"1024,5";"2,3";"162,0";"7,0";"450,50";"1,6"
"11/08/2026";"1600";"20,4";"20,4";"19,2";"88,0";"93,0";"86,0";"18,4";"18,8";"17,9";"1023,5";"1024,5";"1023,5";"2,4";"204,0";"5,6";"816,40";"0,0"
"11/08/2026";"1700";"19,7";"20,4";"18,8";"91,0";"92,0";"87,0";"18,2";"18,4";"17,3";"1022,7";"1023,5";"1022,7";"1,9";"205,0";"6,3";"493,30";"0,2"
"11/08/2026";"1800";"19,9";"20,4";"19,7";"80,0";"91,0";"80,0";"16,3";"18,3";"16,3";"1022,3";"1022,7";"1022,3";"2,5";"162,0";"5,7";"563,50";"0,0"
"11/08/2026";"1900";"20,3";"20,4";"19,9";"82,0";"83,0";"79,0";"17,1";"17,3";"16,4";"1022,1";"1022,3";"1022,1";"1,7";"221,0";"5,3";"417,80";"0,2"
"11/08/2026";"2000";"19,8";"20,3";"19,8";"84,0";"86,0";"82,0";"17,1";"17,5";"16,9";"1022,1";"1022,1";"1022,0";"1,9";"225,0";"3,9";"145,70";"0,0"
"11/08/2026";"2100";"18,4";"19,8";"18,4";"91,0";"91,0";"84,0";"17,0";"17,3";"16,9";"1022,5";"1022,5";"1022,1";"2,7";"232,0";"4,8";"13,90";"0,0"
"11/08/2026";"2200";"18,0";"18,6";"18,0";"92,0";"92,0";"90,0";"16,7";"17,2";"16,6";"1023,2";"1023,2";"1022,5";"2,9";"202,0";"6,9";"";"0,0"
"11/08/2026";"2300";"18,0";"18,0";"17,8";"95,0";"95,0";"92,0";"17,1";"17,1";"16,7";"1023,5";"1023,5";"1023,1";"1,7";"223,0";"5,7";"";"0,0"
"12/08/2026";"0000";"17,6";"18,0";"17,6";"95,0";"95,0";"95,0";"16,8";"17,1";"16,8";"1023,4";"1023,5";"1023,4";"1,8";"239,0";"3,0";"";"0,0"
"12/08/2026";"0100";"17,6";"17,6";"17,6";"94,0";"95,0";"94,0";"16,6";"16,8";"16,6";"1023,4";"1023,4";"1023,3";"1,9";"227,0";"4,1";"";"0,0"
"12/08/2026";"0200";"17,6";"17,6";"17,6";"94,0";"94,0";"94,0";"16,6";"16,6";"16,6";"1023,1";"1023,4";"1023,1";"1,2";"204,0";"2,8";"";"0,0"
"12/08/2026";"0300";"17,9";"17,9";"17,6";"92,0";"94,0";"92,0";"16,6";"16,8";"16,6";"1022,7";"1023,1";"1022,7";"1,7";"208,0";"2,8";"";"0,0"
"12/08/2026";"0400";"17,9";"18,0";"17,9";"92,0";"92,0";"91,0";"16,5";"16,6";"16,5";"1022,2";"1022,7";"1022,2";"1,8";"217,0";"3,0";"";"0,0"
"12/08/2026";"0500";"17,9";"18,1";"17,9";"91,0";"92,0";"91,0";"16,5";"16,7";"16,5";"1021,4";"1022,2";"1021,4";"2,4";"218,0";"3,9";"";"0,0"
"12/08/2026";"0600";"17,8";"17,9";"17,8";"92,0";"92,0";"91,0";"16,5";"16,6";"16,4";"1020,9";"1021,4";"1020,9";"1,3";"248,0";"3,8";"";"0,0"
"12/08/2026";"0700";"17,6";"17,8";"17,6";"93,0";"93,0";"92,0";"16,5";"16,5";"16,5";"1020,9";"1020,9";"1020,8";"1,4";"232,0";"2,7";"";"0,0"
"12/08/2026";"0800";"17,7";"17,7";"17,6";"93,0";"93,0";"93,0";"16,6";"16,6";"16,5";"1020,5";"1020,9";"1020,5";"0,9";"267,0";"2,3";"";"0,0"
"12/08/2026";"0900";"17,8";"17,8";"17,7";"92,0";"93,0";"92,0";"16,4";"16,6";"16,4";"1020,8";"1020,8";"1020,4";"1,5";"237,0";"2,6";"";"0,0"
"12/08/2026";"1000";"18,2";"18,2";"17,7";"92,0";"92,0";"91,0";"16,8";"16,8";"16,4";"1021,2";"1021,2";"1020,8";"0,9";"340,0";"2,4";"30,60";"0,0"
"12/08/2026";"1100";"19,2";"19,2";"18,2";"89,0";"92,0";"89,0";"17,2";"17,5";"16,8";"1021,5";"1021,5";"1021,1";"0,7";"240,0";"1,6";"294,50";"0,0"
"12/08/2026";"1200";"20,4";"20,4";"19,1";"85,0";"89,0";"84,0";"17,7";"17,8";"17,2";"1022,0";"1022,0";"1021,5";"0,7";"225,0";"2,0";"521,20";"0,0"
"12/08/2026";"1300";"21,6";"21,7";"20,4";"73,0";"85,0";"73,0";"16,5";"17,8";"16,3";"1021,7";"1022,2";"1021,7";"0,9";"75,0";"1,9";"1024,40";"0,0"
"12/08/2026";"1400";"21,8";"22,5";"21,6";"71,0";"74,0";"69,0";"16,4";"17,1";"16,0";"1021,1";"1021,7";"1021,1";"1,7";"65,0";"3,4";"1123,50";"0,0"
"12/08/2026";"1500";"22,1";"22,2";"21,8";"67,0";"71,0";"67,0";"15,6";"16,5";"15,6";"1020,1";"1021,1";"1020,1";"2,3";"71,0";"3,8";"583,40";"0,0"
"12/08/2026";"1600";"22,6";"22,8";"22,1";"66,0";"69,0";"65,0";"16,0";"16,4";"15,7";"1019,0";"1020,1";"1019,0";"2,2";"95,0";"4,3";"826,30";"0,0"
"12/08/2026";"1700";"22,1";"22,6";"22,1";"68,0";"69,0";"66,0";"16,0";"16,3";"15,6";"1018,1";"1019,1";"1018,1";"2,6";"62,0";"4,5";"470,10";"0,0"
"12/08/2026";"1800";"21,8";"22,1";"21,8";"73,0";"74,0";"68,0";"16,7";"17,1";"16,0";"1017,4";"1018,1";"1017,3";"3,0";"69,0";"5,3";"375,10";"0,0"
"12/08/2026";"1900";"22,0";"22,1";"21,7";"72,0";"75,0";"71,0";"16,6";"17,1";"16,5";"1016,9";"1017,4";"1016,7";"3,3";"69,0";"6,7";"471,90";"0,0"
"12/08/2026";"2000";"21,3";"22,0";"21,3";"76,0";"76,0";"71,0";"16,8";"17,0";"16,5";"1017,1";"1017,2";"1016,8";"3,1";"63,0";"6,8";"254,70";"0,0"
"12/08/2026";"2100";"20,9";"21,3";"20,9";"79,0";"79,0";"75,0";"17,0";"17,0";"16,7";"1017,3";"1017,3";"1017,1";"2,7";"59,0";"5,5";"13,10";"0,0"
"12/08/2026";"2200";"20,7";"20,9";"20,7";"80,0";"80,0";"79,0";"17,2";"17,2";"17,0";"1017,9";"1017,9";"1017,3";"3,0";"48,0";"6,2";"";"0,0"
"12/08/2026";"2300";"20,5";"20,7";"20,5";"81,0";"81,0";"80,0";"17,1";"17,2";"17,0";"1018,2";"1018,2";"1017,8";"2,0";"52,0";"5,1";"";"0,0"
"13/08/2026";"0000";"20,2";"20,5";"20,2";"83,0";"83,0";"81,0";"17,3";"17,3";"17,1";"1018,1";"1018,2";"1017,9";"2,0";"42,0";"4,5";"";"0,0"
"13/08/2026";"0100";"20,3";"20,6";"20,2";"83,0";"83,0";"82,0";"17,3";"17,4";"17,3";"1018,0";"1018,2";"1018,0";"2,5";"29,0";"5,1";"";"0,0"
"13/08/2026";"0200";"20,4";"20,5";"20,3";"84,0";"84,0";"83,0";"17,6";"17,6";"17,3";"1017,9";"1018,2";"1017,9";"3,1";"20,0";"5,0";"";"0,0"
"13/08/2026";"0300";"19,4";"20,4";"19,4";"87,0";"87,0";"84,0";"17,2";"17,7";"17,2";"1017,4";"1017,9";"1017,3";"2,4";"9,0";"4,9";"";"0,0"
"13/08/2026";"0400";"18,7";"19,4";"18,6";"91,0";"91,0";"87,0";"17,2";"17,2";"17,0";"1016,3";"1017,4";"1016,3";"2,6";"16,0";"4,2";"";"0,0"
"13/08/2026";"0500";"18,3";"18,7";"18,3";"92,0";"92,0";"91,0";"16,9";"17,3";"16,9";"1015,5";"1016,3";"1015,5";"2,1";"3,0";"4,5";"";"0,0"
"13/08/2026";"0600";"17,8";"18,3";"17,7";"93,0";"93,0";"92,0";"16,6";"17,0";"16,5";"1014,9";"1015,5";"1014,9";"2,3";"359,0";"3,8";"";"0,0"
"13/08/2026";"0700";"17,9";"18,3";"17,8";"93,0";"93,0";"92,0";"16,7";"17,0";"16,6";"1014,0";"1014,9";"1014,0";"2,3";"12,0";"4,5";"";"0,0"
"13/08/2026";"0800";"18,7";"18,7";"17,9";"91,0";"93,0";"91,0";"17,1";"17,2";"16,7";"1013,5";"1014,0";"1013,5";"4,0";"4,0";"6,1";"";"0,0"
"13/08/2026";"0900";"18,6";"18,7";"18,2";"90,0";"91,0";"90,0";"16,9";"17,1";"16,7";"1013,8";"1013,8";"1013,4";"4,9";"360,0";"8,3";"";"0,0"
"13/08/2026";"1000";"19,5";"19,5";"18,4";"87,0";"90,0";"87,0";"17,3";"17,3";"16,7";"1013,6";"1013,9";"1013,6";"5,8";"358,0";"10,9";"164,30";"0,0"
"13/08/2026";"1100";"21,5";"21,5";"19,6";"79,0";"87,0";"78,0";"17,6";"17,6";"17,1";"1014,1";"1014,1";"1013,6";"6,0";"359,0";"10,9";"655,30";"0,0"
"13/08/2026";"1200";"25,3";"25,3";"21,5";"64,0";"79,0";"63,0";"17,9";"18,2";"17,5";"1014,0";"1014,1";"1013,9";"5,4";"352,0";"10,4";"1485,30";"0,0"
"13/08/2026";"1300";"29,6";"29,6";"25,2";"46,0";"63,0";"46,0";"16,9";"17,9";"16,4";"1013,6";"1014,1";"1013,5";"5,1";"324,0";"10,8";"2028,80";"0,0"
"13/08/2026";"1400";"31,1";"31,3";"29,0";"41,0";"47,0";"41,0";"16,3";"16,9";"16,1";"1012,9";"1013,6";"1012,9";"5,6";"310,0";"10,4";"2482,20";"0,0"
"13/08/2026";"1500";"31,6";"32,4";"30,7";"38,0";"42,0";"38,0";"15,7";"17,0";"15,7";"1012,0";"1012,9";"1012,0";"5,1";"318,0";"11,3";"2779,90";"0,0"
"13/08/2026";"1600";"34,0";"34,0";"31,6";"35,0";"39,0";"34,0";"16,3";"16,6";"15,4";"1010,9";"1012,0";"1010,9";"4,3";"323,0";"9,7";"2754,50";"0,0"
"13/08/2026";"1700";"33,6";"34,2";"32,7";"34,0";"36,0";"33,0";"15,4";"16,2";"15,4";"1009,9";"1010,9";"1009,9";"5,0";"308,0";"8,9";"2472,30";"0,0"
"13/08/2026";"1800";"34,1";"34,6";"33,4";"33,0";"35,0";"32,0";"15,5";"16,2";"15,2";"1009,5";"1009,9";"1009,5";"3,6";"309,0";"8,9";"1943,60";"0,0"
"13/08/2026";"1900";"33,8";"34,8";"33,6";"34,0";"34,0";"33,0";"15,8";"16,2";"15,3";"1009,8";"1009,8";"1009,5";"3,0";"326,0";"6,7";"1272,50";"0,0"
"13/08/2026";"2000";"32,0";"33,8";"32,0";"40,0";"40,0";"34,0";"16,7";"16,7";"15,6";"1010,3";"1010,3";"1009,8";"2,1";"308,0";"5,2";"534,50";"0,0"
"13/08/2026";"2100";"24,9";"31,9";"24,9";"72,0";"72,0";"40,0";"19,5";"19,5";"16,6";"1011,3";"1011,3";"1010,3";"3,5";"87,0";"5,6";"37,40";"0,0"
"13/08/2026";"2200";"23,7";"24,9";"23,7";"77,0";"78,0";"72,0";"19,5";"19,8";"19,4";"1012,6";"1012,6";"1011,3";"1,6";"147,0";"5,6";"";"0,0"
"13/08/2026";"2300";"23,1";"23,7";"23,1";"81,0";"81,0";"77,0";"19,7";"19,8";"19,5";"1013,1";"1013,1";"1012,6";"1,1";"126,0";"3,0";"";"0,0"
"14/08/2026";"0000";"23,2";"23,3";"22,6";"81,0";"83,0";"81,0";"19,8";"19,9";"19,4";"1013,6";"1013,7";"1013,1";"1,1";"127,0";"2,3";"";"0,0"
"14/08/2026";"0100";"22,8";"23,2";"22,6";"83,0";"84,0";"81,0";"19,8";"20,2";"19,4";"1013,7";"1013,7";"1013,5";"0,4";"343,0";"2,9";"";"0,0"
"14/08/2026";"0200";"22,1";"22,8";"22,1";"87,0";"88,0";"83,0";"19,9";"20,0";"19,7";"1013,7";"1014,1";"1013,5";"1,2";"31,0";"2,8";"";"0,0"
"14/08/2026";"0300";"22,5";"22,7";"22,1";"87,0";"89,0";"87,0";"20,2";"20,6";"19,9";"1014,9";"1015,0";"1013,7";"2,5";"214,0";"6,1";"";"0,2"
"14/08/2026";"0400";"22,4";"22,6";"21,9";"85,0";"90,0";"85,0";"19,8";"20,4";"19,8";"1014,5";"1015,3";"1014,5";"3,4";"214,0";"8,5";"";"0,0"
"14/08/2026";"0500";"22,1";"22,4";"22,0";"85,0";"86,0";"85,0";"19,5";"19,8";"19,5";"1014,0";"1014,5";"1013,9";"3,1";"212,0";"6,9";"";"0,0"
"14/08/2026";"0600";"21,6";"22,1";"21,6";"87,0";"87,0";"85,0";"19,5";"19,5";"19,4";"1013,5";"1014,0";"1013,3";"1,8";"202,0";"5,9";"";"0,0"
"14/08/2026";"0700";"20,9";"21,7";"20,9";"90,0";"90,0";"87,0";"19,2";"19,6";"19,2";"1013,4";"1013,5";"1013,4";"2,4";"218,0";"5,2";"";"0,0"
"14/08/2026";"0800";"20,4";"20,9";"20,3";"92,0";"92,0";"90,0";"19,1";"19,2";"18,8";"1013,8";"1013,8";"1013,4";"0,8";"231,0";"3,9";"";"0,0"
"14/08/2026";"0900";"20,5";"20,6";"20,3";"92,0";"92,0";"92,0";"19,3";"19,3";"18,9";"1015,1";"1015,1";"1013,8";"1,1";"205,0";"2,0";"";"0,0"
"14/08/2026";"1000";"20,9";"20,9";"20,5";"91,0";"92,0";"91,0";"19,5";"19,5";"19,2";"1015,7";"1015,7";"1015,1";"0,9";"214,0";"3,1";"70,90";"0,0"
"14/08/2026";"1100";"22,4";"22,4";"20,9";"86,0";"92,0";"85,0";"19,9";"20,4";"19,6";"1016,9";"1016,9";"1015,7";"1,9";"189,0";"4,6";"309,60";"0,0"
"14/08/2026";"1200";"23,7";"23,8";"22,4";"81,0";"86,0";"81,0";"20,3";"20,7";"19,8";"1017,4";"1017,5";"1016,9";"3,4";"197,0";"9,0";"966,90";"0,0"
"14/08/2026";"1300";"25,9";"26,1";"23,7";"69,0";"82,0";"69,0";"19,8";"20,8";"19,7";"1017,7";"1017,7";"1017,4";"3,3";"181,0";"9,0";"1947,20";"0,0"
"14/08/2026";"1400";"27,5";"27,8";"25,8";"61,0";"71,0";"59,0";"19,3";"20,4";"18,7";"1017,5";"1017,7";"1017,4";"3,5";"182,0";"7,8";"2607,50";"0,0"
"14/08/2026";"1500";"27,0";"28,1";"26,2";"62,0";"64,0";"59,0";"19,2";"19,6";"18,7";"1017,4";"1017,5";"1017,3";"3,8";"187,0";"8,5";"2309,60";"0,0"
"14/08/2026";"1600";"27,3";"28,4";"26,7";"59,0";"62,0";"56,0";"18,6";"19,3";"17,7";"1016,7";"1017,4";"1016,7";"3,9";"165,0";"8,5";"2617,70";"0,2"
"14/08/2026";"1700";"26,6";"28,6";"26,2";"59,0";"62,0";"53,0";"17,9";"18,7";"16,8";"1016,6";"1016,8";"1016,5";"4,0";"170,0";"8,6";"1995,80";"0,0"
"14/08/2026";"1800";"24,3";"26,8";"24,3";"71,0";"71,0";"58,0";"18,7";"18,7";"17,5";"1016,8";"1016,8";"1016,3";"2,8";"175,0";"8,0";"671,30";"0,0"
"14/08/2026";"1900";"25,1";"25,3";"23,9";"69,0";"75,0";"69,0";"19,1";"19,3";"18,5";"1016,7";"1016,9";"1016,6";"3,3";"162,0";"8,1";"568,80";"0,0"
"14/08/2026";"2000";"23,9";"25,4";"23,9";"74,0";"74,0";"67,0";"18,9";"19,3";"18,6";"1017,3";"1017,3";"1016,6";"3,4";"178,0";"7,7";"409,20";"0,0"
"14/08/2026";"2100";"23,0";"23,9";"23,0";"81,0";"81,0";"74,0";"19,6";"19,6";"18,8";"1017,5";"1017,6";"1017,3";"2,6";"164,0";"7,8";"28,00";"0,0"
"14/08/2026";"2200";"22,6";"23,0";"22,6";"84,0";"84,0";"81,0";"19,7";"19,7";"19,6";"1017,3";"1017,5";"1017,1";"1,7";"75,0";"5,8";"";"0,0"
"14/08/2026";"2300";"22,2";"22,6";"22,2";"86,0";"86,0";"84,0";"19,7";"19,8";"19,6";"1018,5";"1018,5";"1017,3";"0,7";"203,0";"3,3";"";"0,0"
"15/08/2026";"0000";"22,4";"22,7";"22,2";"86,0";"86,0";"84,0";"20,0";"20,0";"19,7";"1018,9";"1019,0";"1018,5";"1,3";"143,0";"3,1";"";"0,0"
"15/08/2026";"0100";"21,6";"22,4";"21,6";"94,0";"94,0";"86,0";"20,6";"20,6";"20,0";"1019,0";"1019,0";"1018,9";"1,1";"145,0";"4,4";"";"1,4"
"15/08/2026";"0200";"21,8";"21,9";"21,6";"91,0";"94,0";"91,0";"20,3";"20,7";"20,3";"1018,7";"1019,0";"1018,7";"2,1";"121,0";"4,6";"";"0,0"
"15/08/2026";"0300";"21,7";"21,9";"21,7";"91,0";"91,0";"91,0";"20,1";"20,3";"20,1";"1018,3";"1018,8";"1018,3";"1,7";"90,0";"4,0";"";"0,0"
"15/08/2026";"0400";"21,7";"21,9";"21,6";"88,0";"91,0";"88,0";"19,7";"20,2";"19,7";"1018,5";"1018,5";"1018,2";"1,6";"108,0";"4,4";"";"0,0"
"15/08/2026";"0500";"21,7";"21,8";"21,6";"87,0";"88,0";"87,0";"19,4";"19,7";"19,4";"1018,1";"1018,5";"1018,0";"1,4";"112,0";"3,4";"";"0,0"
"15/08/2026";"0600";"21,4";"21,7";"21,3";"89,0";"89,0";"87,0";"19,4";"19,4";"19,3";"1017,8";"1018,1";"1017,7";"0,7";"93,0";"3,1";"";"0,0"
"15/08/2026";"0700";"21,4";"21,5";"21,2";"88,0";"89,0";"88,0";"19,4";"19,5";"19,3";"1017,6";"1017,8";"1017,6";"0,7";"145,0";"2,0";"";"0,0"
"15/08/2026";"0800";"21,7";"21,7";"21,4";"87,0";"88,0";"87,0";"19,5";"19,5";"19,4";"1017,7";"1017,7";"1017,5";"1,3";"122,0";"2,3";"";"0,0"
"15/08/2026";"0900";"21,3";"21,7";"21,3";"89,0";"89,0";"87,0";"19,4";"19,5";"19,4";"1018,2";"1018,2";"1017,6";"1,2";"42,0";"2,5";"";"0,0"
"15/08/2026";"1000";"20,9";"21,3";"20,7";"89,0";"90,0";"89,0";"19,1";"19,4";"18,9";"1018,5";"1018,5";"1018,2";"1,3";"104,0";"5,0";"51,10";"0,2"
"15/08/2026";"1100";"22,2";"22,2";"20,9";"86,0";"89,0";"86,0";"19,7";"19,8";"19,1";"1019,3";"1019,3";"1018,5";"1,7";"83,0";"3,0";"333,60";"0,0"
"15/08/2026";"1200";"22,4";"23,0";"22,2";"85,0";"86,0";"82,0";"19,8";"20,2";"19,6";"1020,2";"1020,2";"1019,3";"1,8";"142,0";"4,1";"391,30";"0,0"
"15/08/2026";"1300";"21,1";"22,4";"21,1";"90,0";"90,0";"85,0";"19,4";"20,2";"19,1";"1020,6";"1020,6";"1020,2";"3,6";"64,0";"5,9";"270,90";"0,6"
"15/08/2026";"1400";"21,5";"21,5";"21,0";"93,0";"93,0";"90,0";"20,3";"20,4";"19,5";"1020,3";"1020,6";"1020,1";"1,6";"65,0";"5,9";"373,10";"0,8"
"15/08/2026";"1500";"21,0";"21,8";"20,9";"91,0";"93,0";"90,0";"19,6";"20,4";"19,3";"1019,8";"1020,3";"1019,8";"3,7";"87,0";"6,6";"370,80";"0,0"
"15/08/2026";"1600";"22,0";"22,5";"21,0";"87,0";"92,0";"85,0";"19,8";"20,0";"19,4";"1019,0";"1019,8";"1019,0";"3,0";"103,0";"6,6";"568,40";"0,0"
"15/08/2026";"1700";"21,5";"22,3";"21,5";"90,0";"90,0";"86,0";"19,8";"20,0";"19,7";"1018,4";"1019,0";"1018,3";"3,2";"104,0";"6,8";"296,30";"0,0"
"15/08/2026";"1800";"20,2";"21,5";"20,1";"95,0";"95,0";"90,0";"19,5";"19,7";"19,3";"1019,1";"1019,2";"1018,4";"2,4";"105,0";"7,7";"39,40";"25,0"
"15/08/2026";"1900";"19,9";"20,3";"19,9";"96,0";"96,0";"95,0";"19,2";"19,5";"19,1";"1018,0";"1019,4";"1017,6";"3,5";"82,0";"8,9";"44,00";"4,8"
"15/08/2026";"2000";"20,3";"20,3";"19,9";"95,0";"96,0";"95,0";"19,5";"19,6";"19,2";"1018,6";"1018,7";"1017,7";"3,0";"96,0";"6,9";"95,80";"5,0"
"15/08/2026";"2100";"20,1";"20,3";"20,1";"95,0";"95,0";"94,0";"19,2";"19,6";"19,2";"1019,5";"1019,5";"1018,6";"2,3";"129,0";"6,3";"18,80";"0,2"
"15/08/2026";"2200";"20,0";"20,1";"19,9";"95,0";"95,0";"95,0";"19,1";"19,2";"19,1";"1019,2";"1019,9";"1019,2";"3,1";"87,0";"7,1";"";"0,6"
"15/08/2026";"2300";"20,0";"20,0";"19,8";"95,0";"95,0";"95,0";"19,1";"19,1";"18,9";"1018,9";"1019,2";"1018,1";"2,9";"83,0";"9,1";"";"0,6"
"16/08/2026";"0000";"20,2";"20,2";"20,0";"92,0";"95,0";"92,0";"18,9";"19,1";"18,9";"1020,2";"1020,3";"1018,9";"2,0";"129,0";"7,0";"";"0,2"
"16/08/2026";"0100";"20,0";"20,3";"20,0";"93,0";"93,0";"92,0";"18,8";"18,9";"18,8";"1020,6";"1020,6";"1020,2";"2,7";"133,0";"5,0";"";"0,0"
"16/08/2026";"0200";"19,9";"20,0";"19,8";"93,0";"94,0";"93,0";"18,8";"18,8";"18,7";"1020,9";"1021,0";"1020,5";"2,8";"94,0";"6,5";"";"0,0"
"16/08/2026";"0300";"19,8";"19,9";"19,8";"93,0";"94,0";"93,0";"18,8";"18,8";"18,7";"1021,0";"1021,0";"1020,8";"1,9";"98,0";"6,3";"";"0,0"
"16/08/2026";"0400";"19,9";"19,9";"19,8";"94,0";"94,0";"93,0";"18,8";"18,9";"18,8";"1020,8";"1021,1";"1020,8";"1,6";"101,0";"4,1";"";"0,0"
"16/08/2026";"0500";"20,0";"20,0";"19,8";"94,0";"94,0";"94,0";"19,0";"19,0";"18,8";"1020,3";"1020,8";"1020,3";"2,4";"110,0";"5,2";"";"0,0"
"16/08/2026";"0600";"19,9";"20,0";"19,8";"93,0";"94,0";"93,0";"18,6";"18,9";"18,6";"1020,1";"1020,3";"1019,9";"2,1";"115,0";"6,4";"";"0,2"
"16/08/2026";"0700";"19,7";"19,9";"19,7";"93,0";"93,0";"93,0";"18,6";"18,7";"18,5";"1020,2";"1020,2";"1019,9";"0,7";"147,0";"4,0";"";"0,0"
"16/08/2026";"0800";"20,0";"20,1";"19,7";"92,0";"93,0";"92,0";"18,7";"18,9";"18,6";"1020,4";"1020,4";"1020,2";"0,9";"141,0";"2,0";"";"0,0"
"16/08/2026";"0900";"19,7";"20,1";"19,7";"93,0";"93,0";"92,0";"18,6";"18,8";"18,6";"1020,8";"1020,8";"1020,4";"1,5";"114,0";"5,2";"";"0,0"
"16/08/2026";"1000";"19,7";"20,1";"19,6";"94,0";"94,0";"92,0";"18,7";"18,7";"18,5";"1021,3";"1021,3";"1020,8";"1,5";"110,0";"5,0";"31,00";"0,2"
"16/08/2026";"1100";"20,8";"20,8";"19,7";"93,0";"95,0";"93,0";"19,6";"19,6";"18,7";"1021,6";"1021,6";"1021,2";"1,8";"101,0";"3,6";"257,60";"0,2"
"16/08/2026";"1200";"22,0";"22,0";"20,8";"82,0";"93,0";"82,0";"18,8";"20,1";"18,8";"1022,0";"1022,0";"1021,5";"2,3";"88,0";"5,3";"579,00";"0,2"
"16/08/2026";"1300";"22,7";"22,7";"21,9";"74,0";"82,0";"74,0";"17,8";"18,9";"17,8";"1022,1";"1022,2";"1022,0";"4,6";"83,0";"8,6";"891,00";"0,0"
"16/08/2026";"1400";"20,9";"22,9";"20,7";"89,0";"89,0";"73,0";"18,9";"19,0";"17,6";"1022,0";"1022,1";"1021,9";"3,1";"107,0";"9,4";"774,90";"0,0"
"16/08/2026";"1500";"21,2";"21,3";"20,4";"86,0";"90,0";"86,0";"18,8";"19,4";"18,5";"1021,1";"1022,0";"1021,1";"4,3";"76,0";"7,7";"978,50";"0,0"
"16/08/2026";"1600";"21,5";"21,9";"20,9";"88,0";"89,0";"84,0";"19,4";"19,5";"18,6";"1020,4";"1021,1";"1020,4";"4,0";"94,0";"8,5";"1404,90";"0,0"
"16/08/2026";"1700";"21,6";"21,9";"21,0";"84,0";"89,0";"83,0";"18,7";"19,6";"18,6";"1020,0";"1020,4";"1019,9";"3,7";"93,0";"8,2";"1263,90";"0,0"
"16/08/2026";"1800";"20,6";"21,6";"20,3";"92,0";"92,0";"84,0";"19,3";"19,3";"18,4";"1020,0";"1020,2";"1019,9";"3,1";"95,0";"7,4";"575,50";"1,0"
"16/08/2026";"1900";"21,1";"21,3";"20,5";"87,0";"92,0";"85,0";"18,9";"19,3";"18,6";"1020,1";"1020,1";"1020,0";"3,2";"97,0";"8,7";"558,20";"0,0"
"16/08/2026";"2000";"20,1";"21,1";"20,1";"90,0";"90,0";"85,0";"18,5";"18,8";"18,3";"1020,6";"1020,7";"1020,1";"2,5";"62,0";"6,5";"112,40";"0,0"
"16/08/2026";"2100";"20,1";"20,5";"20,1";"90,0";"91,0";"88,0";"18,5";"18,6";"18,4";"1020,9";"1020,9";"1020,6";"3,4";"87,0";"6,5";"26,10";"0,0"
"16/08/2026";"2200";"19,6";"20,1";"19,6";"94,0";"94,0";"90,0";"18,5";"18,6";"18,5";"1021,1";"1021,2";"1020,9";"3,0";"73,0";"7,5";"";"0,4"
"16/08/2026";"2300";"20,0";"20,1";"19,6";"92,0";"94,0";"92,0";"18,6";"18,8";"18,5";"1021,6";"1021,6";"1021,1";"3,1";"55,0";"5,6";"";"0,0"
"17/08/2026";"0000";"19,9";"20,1";"19,9";"91,0";"92,0";"91,0";"18,4";"18,6";"18,4";"1021,8";"1021,9";"1021,6";"1,4";"64,0";"5,6";"";"0,0"
"17/08/2026";"0100";"20,0";"20,0";"19,8";"92,0";"92,0";"91,0";"18,6";"18,6";"18,3";"1021,7";"1021,8";"1021,6";"0,8";"40,0";"3,0";"";"0,0"
"17/08/2026";"0200";"20,3";"20,5";"20,0";"88,0";"92,0";"88,0";"18,2";"18,8";"18,2";"1021,5";"1021,7";"1021,4";"2,0";"42,0";"4,5";"";"0,0"
"17/08/2026";"0300";"20,0";"20,4";"20,0";"90,0";"90,0";"87,0";"18,3";"18,3";"18,1";"1021,2";"1021,6";"1021,1";"2,2";"18,0";"4,5";"";"0,0"
"17/08/2026";"0400";"20,1";"20,3";"20,0";"89,0";"90,0";"88,0";"18,2";"18,4";"18,1";"1021,0";"1021,2";"1020,9";"1,3";"58,0";"5,2";"";"0,0"
"17/08/2026";"0500";"19,8";"20,1";"19,7";"92,0";"92,0";"89,0";"18,4";"18,4";"18,2";"1020,8";"1021,0";"1020,8";"1,6";"28,0";"3,7";"";"0,0"
"17/08/2026";"0600";"19,9";"19,9";"19,7";"91,0";"92,0";"91,0";"18,3";"18,5";"18,3";"1020,7";"1020,9";"1020,7";"1,8";"27,0";"4,4";"";"0,2"
"17/08/2026";"0700";"19,8";"19,9";"19,7";"91,0";"91,0";"91,0";"18,3";"18,4";"18,2";"1020,5";"1020,7";"1020,5";"0,8";"53,0";"3,6";"";"0,0"
"17/08/2026";"0800";"19,7";"19,8";"19,7";"91,0";"91,0";"91,0";"18,2";"18,3";"18,2";"1020,8";"1020,8";"1020,4";"1,0";"26,0";"2,7";"";"0,0"
"17/08/2026";"0900";"19,7";"19,8";"19,7";"91,0";"91,0";"91,0";"18,2";"18,3";"18,2";"1021,3";"1021,3";"1020,8";"1,3";"39,0";"2,9";"";"0,0"
"17/08/2026";"1000";"20,1";"20,1";"19,7";"91,0";"91,0";"91,0";"18,6";"18,6";"18,2";"1021,3";"1021,4";"1021,2";"1,8";"30,0";"3,2";"103,10";"0,0"
"17/08/2026";"1100";"21,1";"21,2";"20,1";"87,0";"91,0";"87,0";"18,8";"19,0";"18,6";"1021,9";"1021,9";"1021,3";"2,8";"32,0";"5,2";"428,60";"0,0"
"17/08/2026";"1200";"23,0";"23,1";"21,1";"79,0";"87,0";"78,0";"19,1";"19,3";"18,5";"1022,4";"1022,4";"1021,9";"3,0";"41,0";"7,7";"1019,60";"0,0"
"17/08/2026";"1300";"23,5";"23,7";"22,7";"72,0";"79,0";"71,0";"18,3";"19,2";"18,0";"1022,3";"1022,6";"1022,3";"4,1";"45,0";"7,6";"1338,20";"0,0"
"17/08/2026";"1400";"23,0";"23,5";"22,0";"74,0";"78,0";"71,0";"18,0";"18,8";"17,6";"1021,8";"1022,3";"1021,7";"3,9";"46,0";"10,8";"810,50";"0,0"
"17/08/2026";"1500";"22,9";"23,0";"21,2";"68,0";"79,0";"67,0";"16,7";"18,1";"16,4";"1021,3";"1021,8";"1021,3";"5,0";"47,0";"10,3";"645,50";"0,0"
"17/08/2026";"1600";"23,6";"23,6";"22,5";"65,0";"70,0";"63,0";"16,7";"17,2";"16,0";"1020,6";"1021,3";"1020,6";"5,4";"45,0";"10,5";"1023,50";"0,0"
"17/08/2026";"1700";"23,5";"23,6";"23,0";"62,0";"67,0";"61,0";"15,7";"16,6";"15,4";"1020,1";"1020,6";"1020,1";"4,6";"61,0";"10,1";"624,10";"0,0"
"17/08/2026";"1800";"23,9";"24,0";"23,3";"60,0";"65,0";"57,0";"15,6";"16,8";"14,5";"1019,8";"1020,1";"1019,7";"4,8";"56,0";"10,0";"879,50";"0,0"
"17/08/2026";"1900";"24,0";"24,5";"23,7";"58,0";"61,0";"54,0";"15,2";"16,0";"14,4";"1019,7";"1019,8";"1019,6";"5,7";"49,0";"11,3";"1197,70";"0,0"
"17/08/2026";"2000";"22,5";"24,1";"22,5";"65,0";"65,0";"58,0";"15,5";"15,9";"15,2";"1020,0";"1020,0";"1019,7";"4,5";"53,0";"10,2";"575,90";"0,0"
"17/08/2026";"2100";"21,4";"22,5";"21,4";"71,0";"71,0";"64,0";"15,8";"15,8";"15,3";"1020,1";"1020,2";"1020,0";"3,6";"53,0";"8,7";"36,50";"0,0"
"17/08/2026";"2200";"20,5";"21,4";"20,5";"75,0";"75,0";"71,0";"16,0";"16,1";"15,8";"1020,3";"1020,3";"1019,9";"2,9";"49,0";"6,4";"";"0,0"
"17/08/2026";"2300";"20,2";"20,7";"20,2";"77,0";"77,0";"75,0";"16,0";"16,2";"16,0";"1020,5";"1020,6";"1020,3";"2,5";"55,0";"5,5";"";"0,0"
"18/08/2026";"0000";"19,9";"20,2";"19,8";"80,0";"80,0";"77,0";"16,4";"16,4";"16,0";"1020,8";"1020,8";"1020,5";"2,4";"43,0";"4,3";"";"0,0"
"18/08/2026";"0100";"20,7";"20,7";"19,7";"78,0";"82,0";"78,0";"16,7";"16,8";"16,4";"1020,9";"1020,9";"1020,7";"2,7";"47,0";"4,6";"";"0,0"
"18/08/2026";"0200";"20,9";"21,0";"20,7";"77,0";"78,0";"77,0";"16,7";"16,7";"16,6";"1020,9";"1021,0";"1020,8";"3,1";"45,0";"5,9";"";"0,0"
"18/08/2026";"0300";"19,8";"20,9";"19,8";"81,0";"81,0";"77,0";"16,5";"16,7";"16,4";"1020,6";"1020,9";"1020,6";"2,7";"44,0";"5,9";"";"0,0"
"18/08/2026";"0400";"19,2";"19,8";"19,2";"78,0";"81,0";"78,0";"15,3";"16,4";"15,3";"1020,0";"1020,6";"1020,0";"2,6";"44,0";"5,3";"";"0,0"
"18/08/2026";"0500";"18,0";"19,2";"18,0";"80,0";"80,0";"78,0";"14,5";"15,3";"14,5";"1019,7";"1020,0";"1019,7";"2,0";"31,0";"4,4";"";"0,0"
"18/08/2026";"0600";"17,1";"18,2";"17,1";"84,0";"84,0";"80,0";"14,3";"14,7";"14,3";"1019,3";"1019,7";"1019,3";"2,0";"36,0";"3,5";"";"0,0"
"18/08/2026";"0700";"17,4";"17,6";"16,9";"82,0";"84,0";"81,0";"14,2";"14,5";"14,1";"1018,5";"1019,3";"1018,5";"2,7";"45,0";"5,2";"";"0,0"
"18/08/2026";"0800";"15,9";"17,4";"15,9";"88,0";"88,0";"82,0";"14,0";"14,2";"13,8";"1018,7";"1018,7";"1018,4";"1,6";"4,0";"4,6";"";"0,0"
"18/08/2026";"0900";"15,6";"16,1";"15,6";"90,0";"90,0";"88,0";"13,9";"14,3";"13,8";"1019,3";"1019,3";"1018,7";"1,7";"4,0";"3,4";"";"0,0"
"18/08/2026";"1000";"18,1";"18,1";"15,6";"83,0";"90,0";"83,0";"15,2";"15,3";"14,0";"1019,8";"1019,8";"1019,3";"3,1";"7,0";"4,7";"193,50";"0,0"
"18/08/2026";"1100";"21,2";"21,3";"18,1";"71,0";"83,0";"70,0";"15,8";"16,4";"15,3";"1020,3";"1020,3";"1019,8";"4,0";"18,0";"6,5";"897,80";"0,0"
"18/08/2026";"1200";"23,6";"23,7";"21,2";"60,0";"71,0";"59,0";"15,3";"16,3";"14,8";"1020,8";"1020,8";"1020,3";"5,1";"15,0";"7,6";"1675,60";"0,0"
"18/08/2026";"1300";"25,5";"25,9";"23,6";"55,0";"60,0";"53,0";"15,7";"16,2";"15,1";"1020,7";"1020,9";"1020,7";"4,7";"17,0";"7,6";"2350,60";"0,0"
"18/08/2026";"1400";"27,2";"27,2";"25,3";"49,0";"55,0";"48,0";"15,6";"16,3";"15,0";"1020,1";"1020,7";"1020,1";"4,6";"353,0";"8,0";"2819,50";"0,0"
"18/08/2026";"1500";"28,3";"28,5";"26,8";"44,0";"50,0";"43,0";"14,9";"15,9";"14,6";"1019,1";"1020,1";"1019,1";"3,8";"341,0";"8,2";"3015,90";"0,0"
"18/08/2026";"1600";"29,0";"29,7";"27,9";"42,0";"45,0";"38,0";"14,7";"15,4";"13,7";"1018,4";"1019,1";"1018,3";"4,3";"11,0";"8,4";"2940,20";"0,0"
"18/08/2026";"1700";"27,3";"29,2";"26,9";"52,0";"52,0";"38,0";"16,5";"16,6";"13,0";"1017,6";"1018,3";"1017,6";"5,8";"69,0";"9,7";"2559,30";"0,0"
"18/08/2026";"1800";"26,3";"27,4";"26,0";"56,0";"57,0";"52,0";"16,9";"17,4";"16,3";"1017,4";"1017,7";"1017,4";"6,2";"68,0";"10,1";"2103,70";"0,0"
"18/08/2026";"1900";"25,0";"26,4";"24,8";"64,0";"64,0";"56,0";"17,7";"17,7";"16,4";"1017,4";"1017,5";"1017,4";"5,5";"52,0";"12,0";"1426,00";"0,0"
"18/08/2026";"2000";"23,3";"25,0";"23,3";"71,0";"71,0";"64,0";"17,7";"17,9";"17,3";"1017,8";"1017,8";"1017,4";"5,2";"58,0";"11,0";"662,80";"0,0"
"18/08/2026";"2100";"22,0";"23,3";"21,9";"76,0";"76,0";"71,0";"17,4";"18,0";"17,4";"1018,1";"1018,1";"1017,7";"4,2";"52,0";"10,3";"58,20";"0,0"
"18/08/2026";"2200";"21,5";"22,0";"21,4";"80,0";"80,0";"76,0";"17,9";"17,9";"17,4";"1018,6";"1018,6";"1018,1";"4,3";"53,0";"7,9";"";"0,0"
"18/08/2026";"2300";"21,4";"21,5";"21,2";"83,0";"84,0";"80,0";"18,4";"18,5";"17,9";"1018,8";"1018,8";"1018,6";"3,8";"51,0";"7,4";"";"0,0"
"19/08/2026";"0000";"20,9";"21,4";"20,9";"84,0";"85,0";"83,0";"18,0";"18,6";"18,0";"1018,7";"1018,8";"1018,7";"2,7";"47,0";"7,2";"";"0,0"
"19/08/2026";"0100";"20,2";"20,9";"20,2";"88,0";"88,0";"84,0";"18,1";"18,1";"17,8";"1018,5";"1018,7";"1018,5";"2,2";"47,0";"4,7";"";"0,0"
"19/08/2026";"0200";"19,5";"20,2";"19,4";"90,0";"91,0";"88,0";"17,9";"18,1";"17,6";"1018,4";"1018,6";"1018,4";"2,3";"41,0";"4,2";"";"0,0"
"19/08/2026";"0300";"19,2";"19,5";"19,1";"91,0";"91,0";"90,0";"17,7";"17,9";"17,6";"1018,2";"1018,4";"1018,2";"2,6";"31,0";"4,4";"";"0,0"
"19/08/2026";"0400";"19,4";"19,5";"19,1";"90,0";"91,0";"90,0";"17,7";"17,8";"17,6";"1017,5";"1018,2";"1017,4";"4,3";"28,0";"7,4";"";"0,0"
"19/08/2026";"0500";"19,1";"19,4";"19,0";"90,0";"90,0";"89,0";"17,4";"17,6";"17,3";"1017,0";"1017,5";"1016,9";"4,0";"23,0";"7,4";"";"0,0"
"19/08/2026";"0600";"18,5";"19,1";"18,5";"92,0";"92,0";"90,0";"17,2";"17,5";"17,2";"1016,4";"1016,9";"1016,4";"3,3";"34,0";"6,5";"";"0,0"
"19/08/2026";"0700";"18,8";"18,8";"18,4";"92,0";"93,0";"92,0";"17,4";"17,5";"17,1";"1016,2";"1016,4";"1016,2";"2,7";"22,0";"5,7";"";"0,0"
"19/08/2026";"0800";"18,1";"19,0";"18,1";"92,0";"92,0";"90,0";"16,7";"17,6";"16,7";"1015,8";"1016,2";"1015,8";"2,5";"25,0";"5,4";"";"0,0"
"19/08/2026";"0900";"18,1";"18,2";"17,7";"93,0";"93,0";"92,0";"16,9";"16,9";"16,4";"1016,2";"1016,2";"1015,8";"2,8";"20,0";"4,4";"";"0,0"
"19/08/2026";"1000";"20,1";"20,1";"18,1";"86,0";"93,0";"86,0";"17,6";"17,6";"16,9";"1016,6";"1016,6";"1016,2";"3,0";"9,0";"5,8";"216,50";"0,0"
"19/08/2026";"1100";"22,5";"22,5";"20,1";"76,0";"86,0";"76,0";"18,2";"18,2";"17,5";"1016,9";"1016,9";"1016,6";"3,8";"352,0";"6,5";"950,60";"0,0"
"19/08/2026";"1200";"25,2";"25,2";"22,6";"65,0";"76,0";"64,0";"18,1";"18,3";"17,7";"1017,2";"1017,2";"1016,9";"4,3";"10,0";"6,7";"1713,80";"0,0"
"19/08/2026";"1300";"28,4";"28,4";"25,2";"51,0";"65,0";"50,0";"17,3";"18,3";"16,7";"1017,0";"1017,3";"1017,0";"4,4";"2,0";"7,9";"2390,10";"0,0"
"19/08/2026";"1400";"30,8";"30,9";"28,4";"40,0";"51,0";"40,0";"15,6";"17,7";"15,6";"1016,1";"1017,0";"1016,1";"4,6";"354,0";"9,6";"2863,40";"0,0"
"19/08/2026";"1500";"30,6";"31,7";"30,0";"38,0";"42,0";"34,0";"14,5";"16,1";"13,7";"1015,4";"1016,1";"1015,4";"5,3";"5,0";"10,0";"3057,80";"0,0"
"19/08/2026";"1600";"31,8";"32,6";"30,6";"33,0";"38,0";"31,0";"13,6";"15,1";"12,7";"1014,6";"1015,4";"1014,6";"5,1";"7,0";"8,4";"3016,20";"0,0"
"19/08/2026";"1700";"32,6";"32,6";"31,3";"33,0";"36,0";"31,0";"14,4";"14,7";"13,0";"1013,9";"1014,6";"1013,9";"3,4";"350,0";"8,7";"2704,70";"0,0"
"19/08/2026";"1800";"29,3";"33,2";"29,0";"47,0";"48,0";"30,0";"16,8";"17,0";"12,7";"1013,9";"1013,9";"1013,7";"4,5";"70,0";"8,1";"2154,20";"0,0"
"19/08/2026";"1900";"27,0";"29,3";"27,0";"54,0";"55,0";"47,0";"17,0";"17,6";"16,7";"1013,8";"1013,9";"1013,7";"5,1";"59,0";"8,7";"1458,00";"0,0"
"19/08/2026";"2000";"25,1";"27,1";"25,1";"61,0";"61,0";"53,0";"17,0";"17,2";"16,5";"1014,0";"1014,0";"1013,7";"4,3";"63,0";"9,2";"682,60";"0,0"
"19/08/2026";"2100";"22,8";"25,1";"22,8";"77,0";"77,0";"61,0";"18,6";"18,6";"17,0";"1014,6";"1014,6";"1014,0";"2,7";"58,0";"7,7";"58,10";"0,0"
"19/08/2026";"2200";"21,8";"22,8";"21,8";"84,0";"84,0";"77,0";"18,9";"19,0";"18,6";"1015,1";"1015,1";"1014,6";"3,1";"52,0";"5,9";"";"0,0"
"19/08/2026";"2300";"21,1";"21,9";"21,0";"88,0";"88,0";"84,0";"18,9";"19,0";"18,8";"1016,0";"1016,0";"1015,1";"2,3";"54,0";"5,7";"";"0,0"
"20/08/2026";"0000";"20,4";"21,1";"20,4";"90,0";"90,0";"88,0";"18,8";"19,0";"18,7";"1016,3";"1016,3";"1016,0";"1,7";"63,0";"3,9";"";"0,0"
"20/08/2026";"0100";"19,9";"20,5";"19,6";"93,0";"93,0";"90,0";"18,8";"19,0";"18,4";"1016,8";"1016,8";"1016,3";"0,7";"114,0";"3,3";"";"0,0"
"20/08/2026";"0200";"20,0";"20,3";"19,9";"94,0";"94,0";"93,0";"19,0";"19,2";"18,8";"1016,9";"1017,1";"1016,8";"1,3";"74,0";"2,0";"";"0,0"
"20/08/2026";"0300";"19,3";"20,1";"18,9";"95,0";"95,0";"94,0";"18,5";"19,3";"17,9";"1016,8";"1017,0";"1016,6";"0,9";"129,0";"1,9";"";"0,0"
"20/08/2026";"0400";"19,5";"19,9";"18,9";"95,0";"95,0";"95,0";"18,7";"19,1";"18,1";"1016,2";"1016,8";"1016,2";"1,2";"78,0";"1,6";"";"0,0"
"20/08/2026";"0500";"18,0";"19,8";"18,0";"96,0";"96,0";"95,0";"17,3";"19,0";"17,3";"1015,9";"1016,2";"1015,9";"0,5";"253,0";"1,5";"";"0,0"
"20/08/2026";"0600";"17,6";"18,0";"17,4";"96,0";"96,0";"95,0";"17,0";"17,2";"16,8";"1015,7";"1015,9";"1015,7";"1,0";"278,0";"2,1";"";"0,0"
"20/08/2026";"0700";"18,0";"18,2";"17,7";"96,0";"96,0";"96,0";"17,4";"17,6";"17,1";"1015,4";"1015,7";"1015,4";"0,6";"293,0";"1,6";"";"0,2"
"20/08/2026";"0800";"18,0";"18,1";"17,8";"96,0";"96,0";"96,0";"17,4";"17,5";"17,2";"1015,5";"1015,5";"1015,3";"0,8";"8,0";"1,5";"";"0,0"
"20/08/2026";"0900";"18,4";"18,4";"18,0";"96,0";"96,0";"96,0";"17,8";"17,8";"17,4";"1015,8";"1015,8";"1015,5";"0,9";"66,0";"1,5";"";"0,0"
"20/08/2026";"1000";"18,8";"18,8";"18,4";"96,0";"96,0";"96,0";"18,2";"18,2";"17,8";"1016,3";"1016,3";"1015,8";"1,2";"43,0";"2,0";"92,40";"0,2"
"20/08/2026";"1100";"19,2";"19,3";"18,5";"96,0";"96,0";"96,0";"18,6";"18,7";"17,9";"1016,8";"1016,8";"1016,3";"1,7";"48,0";"2,3";"569,70";"0,0"
"20/08/2026";"1200";"21,8";"22,1";"19,0";"96,0";"96,0";"96,0";"21,1";"21,4";"18,4";"1016,8";"1016,8";"1016,7";"3,2";"44,0";"5,0";"1359,60";"0,0"
"20/08/2026";"1300";"25,4";"25,4";"21,8";"75,0";"96,0";"75,0";"20,7";"22,4";"20,5";"1016,5";"1016,8";"1016,5";"3,3";"25,0";"5,8";"2356,90";"0,0"
"20/08/2026";"1400";"28,0";"28,0";"25,4";"58,0";"75,0";"57,0";"19,0";"20,8";"18,5";"1015,6";"1016,5";"1015,6";"2,8";"44,0";"5,6";"2844,20";"0,0"
"20/08/2026";"1500";"28,8";"29,4";"27,3";"48,0";"58,0";"48,0";"16,8";"19,0";"16,8";"1014,6";"1015,6";"1014,6";"2,6";"58,0";"6,5";"3052,60";"0,0"
"20/08/2026";"1600";"29,3";"30,3";"28,7";"52,0";"53,0";"42,0";"18,5";"18,7";"15,7";"1013,7";"1014,6";"1013,7";"3,5";"91,0";"6,5";"3023,80";"0,0"
"20/08/2026";"1700";"29,1";"29,7";"28,3";"52,0";"54,0";"51,0";"18,4";"18,9";"17,8";"1012,9";"1013,7";"1012,9";"3,9";"68,0";"8,3";"2748,80";"0,0"
"20/08/2026";"1800";"27,6";"29,1";"27,5";"55,0";"55,0";"51,0";"17,7";"18,4";"17,4";"1012,4";"1012,9";"1012,4";"5,2";"74,0";"8,7";"2227,80";"0,0"
"20/08/2026";"1900";"26,5";"27,9";"26,4";"60,0";"61,0";"54,0";"18,2";"18,4";"17,1";"1012,3";"1012,4";"1012,3";"4,7";"71,0";"9,9";"1515,70";"0,0"
"20/08/2026";"2000";"24,6";"26,5";"24,6";"68,0";"68,0";"59,0";"18,3";"18,4";"17,8";"1012,4";"1012,5";"1012,3";"3,8";"58,0";"8,8";"694,90";"0,0"
"20/08/2026";"2100";"22,7";"24,6";"22,7";"77,0";"77,0";"68,0";"18,5";"18,5";"18,3";"1012,8";"1012,8";"1012,3";"2,5";"65,0";"8,3";"57,70";"0,0"
"20/08/2026";"2200";"21,9";"22,7";"21,9";"82,0";"82,0";"77,0";"18,7";"18,8";"18,4";"1013,2";"1013,2";"1012,8";"2,6";"69,0";"4,8";"";"0,0"
"20/08/2026";"2300";"21,9";"22,0";"21,5";"82,0";"85,0";"82,0";"18,7";"19,0";"18,7";"1013,5";"1013,5";"1013,1";"2,5";"56,0";"4,9";"";"0,0"
"21/08/2026";"0000";"21,8";"22,1";"21,8";"81,0";"82,0";"81,0";"18,5";"18,9";"18,5";"1013,6";"1013,7";"1013,5";"3,6";"55,0";"6,2";"";"0,0"
"21/08/2026";"0100";"21,4";"21,8";"21,4";"84,0";"84,0";"81,0";"18,6";"18,6";"18,4";"1013,5";"1013,7";"1013,4";"3,3";"56,0";"6,2";"";"0,0"
"21/08/2026";"0200";"20,7";"21,5";"20,7";"88,0";"88,0";"84,0";"18,7";"18,8";"18,5";"1013,3";"1013,5";"1013,2";"2,1";"56,0";"5,5";"";"0,0"
"21/08/2026";"0300";"20,1";"20,7";"20,1";"90,0";"90,0";"88,0";"18,5";"18,9";"18,4";"1013,0";"1013,3";"1013,0";"2,7";"54,0";"4,0";"";"0,0"
"21/08/2026";"0400";"18,6";"20,2";"18,6";"93,0";"93,0";"90,0";"17,4";"18,5";"17,4";"1012,7";"1013,0";"1012,6";"1,9";"15,0";"3,8";"";"0,0"
"21/08/2026";"0500";"18,6";"19,1";"18,6";"93,0";"93,0";"92,0";"17,4";"18,0";"17,4";"1011,9";"1012,7";"1011,9";"2,0";"38,0";"4,0";"";"0,0"
"21/08/2026";"0600";"19,2";"19,2";"18,4";"90,0";"93,0";"90,0";"17,6";"17,9";"17,2";"1011,3";"1012,0";"1011,3";"4,5";"33,0";"7,1";"";"0,0"
"21/08/2026";"0700";"19,5";"19,7";"19,2";"87,0";"90,0";"86,0";"17,3";"17,8";"17,3";"1010,7";"1011,3";"1010,7";"4,7";"26,0";"8,4";"";"0,0"
"21/08/2026";"0800";"18,9";"19,6";"18,9";"88,0";"88,0";"87,0";"16,8";"17,4";"16,8";"1010,5";"1010,7";"1010,4";"4,1";"34,0";"7,8";"";"0,0"
"21/08/2026";"0900";"18,6";"19,0";"18,5";"89,0";"90,0";"88,0";"16,8";"17,0";"16,7";"1010,6";"1010,7";"1010,4";"3,7";"39,0";"7,4";"";"0,0"
"21/08/2026";"1000";"19,9";"19,9";"18,6";"84,0";"89,0";"84,0";"17,1";"17,1";"16,7";"1010,9";"1010,9";"1010,5";"4,5";"32,0";"8,9";"199,90";"0,0"
"21/08/2026";"1100";"22,7";"22,7";"19,9";"75,0";"84,0";"74,0";"17,9";"18,2";"17,1";"1011,3";"1011,3";"1010,9";"4,0";"33,0";"8,1";"934,40";"0,0"
"21/08/2026";"1200";"26,2";"26,2";"22,7";"60,0";"75,0";"59,0";"17,7";"18,3";"17,2";"1011,4";"1011,4";"1011,2";"5,3";"18,0";"8,8";"1701,60";"0,0"
"21/08/2026";"1300";"29,3";"29,3";"26,2";"45,0";"60,0";"45,0";"16,1";"17,8";"16,1";"1011,2";"1011,5";"1011,2";"5,2";"360,0";"10,0";"2371,70";"0,0"
"21/08/2026";"1400";"32,4";"32,8";"28,7";"35,0";"47,0";"35,0";"15,2";"16,7";"15,2";"1010,1";"1011,2";"1010,0";"5,0";"6,0";"8,9";"2835,50";"0,0"
"21/08/2026";"1500";"34,3";"34,4";"32,4";"27,0";"36,0";"27,0";"12,9";"15,3";"12,6";"1009,3";"1010,1";"1009,3";"4,9";"311,0";"9,2";"3048,10";"0,0"
"21/08/2026";"1600";"34,8";"35,2";"33,7";"27,0";"28,0";"26,0";"13,3";"13,7";"12,1";"1008,5";"1009,3";"1008,5";"3,8";"329,0";"8,6";"2997,20";"0,0"
"21/08/2026";"1700";"35,6";"35,6";"34,6";"27,0";"28,0";"26,0";"13,5";"13,9";"12,8";"1007,3";"1008,5";"1007,3";"4,5";"337,0";"8,9";"2693,10";"0,0"
"21/08/2026";"1800";"33,6";"35,9";"33,6";"35,0";"36,0";"25,0";"16,0";"16,7";"12,7";"1007,2";"1007,3";"1007,1";"3,1";"33,0";"8,9";"2137,10";"0,0"
"21/08/2026";"1900";"31,1";"33,6";"30,9";"45,0";"46,0";"35,0";"17,9";"18,0";"16,4";"1007,4";"1007,4";"1007,1";"4,2";"53,0";"6,6";"1399,90";"0,0"
"21/08/2026";"2000";"28,5";"31,1";"28,4";"53,0";"57,0";"45,0";"18,0";"18,9";"18,0";"1008,2";"1008,2";"1007,4";"3,1";"57,0";"6,6";"625,40";"0,0"
"21/08/2026";"2100";"25,7";"28,5";"25,7";"62,0";"62,0";"53,0";"17,9";"18,8";"17,7";"1010,6";"1010,6";"1008,2";"3,9";"188,0";"10,7";"48,70";"0,0"
"21/08/2026";"2200";"23,8";"25,7";"23,8";"72,0";"72,0";"61,0";"18,6";"18,6";"17,3";"1011,8";"1011,8";"1010,6";"4,7";"203,0";"10,3";"";"0,0"
"21/08/2026";"2300";"22,8";"23,8";"22,8";"75,0";"75,0";"72,0";"18,2";"18,7";"18,2";"1012,4";"1012,4";"1011,8";"5,5";"201,0";"11,8";"";"0,0"
"22/08/2026";"0000";"22,3";"22,9";"22,3";"77,0";"77,0";"75,0";"18,1";"18,4";"18,1";"1013,0";"1013,1";"1012,4";"6,2";"201,0";"14,4";"";"0,0"
"22/08/2026";"0100";"22,1";"22,3";"22,1";"79,0";"79,0";"77,0";"18,3";"18,3";"18,1";"1013,8";"1013,8";"1013,0";"5,2";"202,0";"11,6";"";"0,0"
"22/08/2026";"0200";"22,2";"22,3";"22,1";"78,0";"79,0";"78,0";"18,2";"18,4";"18,2";"1014,2";"1014,3";"1013,7";"6,7";"198,0";"13,8";"";"0,0"
"22/08/2026";"0300";"22,2";"22,4";"22,2";"76,0";"78,0";"75,0";"17,7";"18,1";"17,7";"1014,5";"1014,5";"1014,1";"6,0";"199,0";"13,8";"";"0,0"
"22/08/2026";"0400";"21,7";"22,2";"21,6";"77,0";"77,0";"76,0";"17,5";"17,8";"17,5";"1014,4";"1014,7";"1014,3";"4,8";"198,0";"11,2";"";"0,0"
"22/08/2026";"0500";"21,1";"21,7";"21,1";"82,0";"82,0";"77,0";"17,9";"17,9";"17,5";"1014,5";"1014,5";"1014,2";"4,3";"202,0";"11,1";"";"0,0"
"22/08/2026";"0600";"20,7";"21,3";"20,7";"83,0";"83,0";"81,0";"17,8";"18,2";"17,6";"1014,7";"1014,7";"1014,5";"3,6";"202,0";"10,9";"";"0,0"
"22/08/2026";"0700";"20,4";"20,8";"20,4";"84,0";"85,0";"83,0";"17,6";"18,0";"17,6";"1015,0";"1015,0";"1014,7";"3,6";"209,0";"11,3";"";"0,0"
"22/08/2026";"0800";"20,1";"20,4";"20,1";"83,0";"84,0";"82,0";"17,1";"17,6";"17,1";"1015,6";"1015,6";"1014,9";"3,6";"214,0";"8,1";"";"0,0"
"22/08/2026";"0900";"19,9";"20,1";"19,9";"84,0";"84,0";"83,0";"17,1";"17,1";"17,1";"1016,4";"1016,4";"1015,5";"2,8";"212,0";"7,7";"";"0,0"
"22/08/2026";"1000";"20,0";"20,0";"19,8";"83,0";"85,0";"83,0";"16,9";"17,2";"16,9";"1017,3";"1017,3";"1016,4";"4,2";"207,0";"8,4";"20,30";"0,0"
"22/08/2026";"1100";"19,8";"20,0";"19,8";"84,0";"84,0";"82,0";"17,0";"17,0";"16,9";"1018,2";"1018,2";"1017,3";"3,8";"212,0";"9,5";"135,40";"0,0"
"22/08/2026";"1200";"20,5";"20,5";"19,1";"79,0";"89,0";"79,0";"16,7";"17,4";"16,7";"1018,9";"1018,9";"1018,2";"3,3";"212,0";"10,1";"457,10";"0,0"
"22/08/2026";"1300";"21,5";"21,9";"20,4";"70,0";"79,0";"69,0";"15,7";"16,6";"15,7";"1018,9";"1019,1";"1018,8";"4,5";"220,0";"8,4";"784,90";"0,0"
"22/08/2026";"1400";"22,4";"22,9";"21,4";"67,0";"71,0";"66,0";"15,9";"16,2";"15,7";"1018,4";"1018,9";"1018,4";"4,3";"209,0";"9,3";"1057,10";"0,0"
"22/08/2026";"1500";"21,7";"22,6";"21,6";"67,0";"67,0";"63,0";"15,2";"16,0";"15,1";"1017,9";"1018,4";"1017,9";"4,4";"203,0";"10,8";"653,20";"0,0"
"22/08/2026";"1600";"22,9";"22,9";"21,7";"59,0";"67,0";"59,0";"14,6";"15,6";"14,2";"1017,2";"1017,9";"1017,2";"3,9";"197,0";"10,8";"951,10";"0,0"
"22/08/2026";"1700";"23,0";"23,2";"22,4";"55,0";"60,0";"55,0";"13,6";"14,8";"13,2";"1016,7";"1017,2";"1016,7";"2,9";"195,0";"8,4";"883,50";"0,0"
"22/08/2026";"1800";"22,4";"23,3";"22,3";"57,0";"57,0";"52,0";"13,4";"14,0";"12,7";"1016,5";"1016,8";"1016,4";"2,6";"175,0";"7,5";"822,80";"0,0"
"22/08/2026";"1900";"21,8";"22,5";"21,8";"61,0";"62,0";"57,0";"14,1";"14,2";"13,4";"1016,9";"1016,9";"1016,5";"2,6";"172,0";"6,5";"317,60";"0,0"
"22/08/2026";"2000";"21,4";"21,8";"21,4";"66,0";"67,0";"61,0";"14,8";"14,9";"14,0";"1017,3";"1017,3";"1016,9";"2,9";"169,0";"6,3";"121,80";"0,0"
"22/08/2026";"2100";"20,9";"21,4";"20,8";"71,0";"71,0";"66,0";"15,4";"15,5";"14,8";"1017,8";"1017,8";"1017,3";"1,6";"176,0";"6,2";"9,60";"0,0"
"22/08/2026";"2200";"20,7";"21,0";"20,6";"71,0";"73,0";"70,0";"15,3";"15,6";"15,3";"1018,4";"1018,4";"1017,8";"1,4";"190,0";"5,1";"";"0,0"
"22/08/2026";"2300";"20,2";"20,7";"20,2";"75,0";"75,0";"71,0";"15,7";"15,7";"15,3";"1019,2";"1019,2";"1018,4";"1,6";"213,0";"3,8";"";"0,0"
"23/08/2026";"0000";"19,9";"20,2";"19,9";"75,0";"76,0";"74,0";"15,2";"15,8";"15,2";"1019,6";"1019,7";"1019,3";"2,3";"223,0";"4,4";"";"0,0"
"23/08/2026";"0100";"19,7";"19,9";"19,7";"76,0";"76,0";"75,0";"15,2";"15,3";"15,2";"1019,7";"1019,8";"1019,6";"1,6";"222,0";"3,6";"";"0,0"
"23/08/2026";"0200";"19,1";"19,9";"19,1";"83,0";"83,0";"74,0";"16,1";"16,1";"15,2";"1020,0";"1020,1";"1019,7";"2,7";"155,0";"5,7";"";"0,0"
"23/08/2026";"0300";"17,9";"19,1";"17,9";"93,0";"93,0";"83,0";"16,7";"16,7";"16,1";"1019,8";"1020,2";"1019,8";"0,5";"215,0";"4,9";"";"0,0"
"23/08/2026";"0400";"18,0";"18,0";"17,9";"93,0";"93,0";"93,0";"16,9";"16,9";"16,7";"1019,0";"1019,8";"1019,0";"1,2";"334,0";"1,8";"";"0,0"
"23/08/2026";"0500";"18,0";"18,1";"18,0";"93,0";"93,0";"93,0";"16,9";"17,0";"16,9";"1018,1";"1019,0";"1018,1";"1,1";"206,0";"1,8";"";"0,0"
"23/08/2026";"0600";"18,3";"18,3";"18,0";"91,0";"93,0";"91,0";"16,8";"17,1";"16,8";"1017,8";"1018,2";"1017,8";"1,3";"253,0";"3,0";"";"0,0"
"23/08/2026";"0700";"18,4";"18,4";"18,3";"90,0";"91,0";"90,0";"16,8";"16,8";"16,7";"1017,9";"1017,9";"1017,7";"1,2";"256,0";"2,0";"";"0,0"
"23/08/2026";"0800";"18,4";"18,5";"18,3";"88,0";"90,0";"87,0";"16,3";"16,8";"16,2";"1017,9";"1018,0";"1017,8";"0,7";"144,0";"2,3";"";"0,0"
"23/08/2026";"0900";"18,6";"18,6";"18,4";"90,0";"90,0";"87,0";"16,9";"16,9";"16,3";"1018,4";"1018,5";"1017,8";"1,8";"66,0";"3,4";"";"0,0"
"23/08/2026";"1000";"18,7";"18,7";"18,6";"89,0";"90,0";"89,0";"16,9";"16,9";"16,8";"1019,3";"1019,3";"1018,4";"1,1";"30,0";"3,4";"38,90";"0,0"
"23/08/2026";"1100";"19,7";"19,7";"18,7";"85,0";"89,0";"85,0";"17,1";"17,3";"16,9";"1019,3";"1019,6";"1019,3";"1,2";"10,0";"2,3";"258,50";"0,0"
"23/08/2026";"1200";"20,5";"20,6";"19,7";"76,0";"85,0";"76,0";"16,2";"17,1";"16,2";"1019,8";"1019,8";"1019,3";"0,6";"276,0";"1,8";"507,80";"0,0"
"23/08/2026";"1300";"21,3";"21,5";"20,4";"72,0";"77,0";"72,0";"16,1";"17,1";"15,8";"1019,8";"1019,9";"1019,8";"0,5";"144,0";"1,6";"789,10";"0,0"
"23/08/2026";"1400";"22,9";"23,2";"21,3";"67,0";"73,0";"65,0";"16,4";"16,8";"16,0";"1018,9";"1019,8";"1018,9";"1,3";"118,0";"3,1";"1400,00";"0,0"
"23/08/2026";"1500";"23,2";"23,7";"22,5";"65,0";"68,0";"62,0";"16,3";"16,7";"15,9";"1018,0";"1018,9";"1018,0";"2,4";"82,0";"5,0";"1261,50";"0,0"
"23/08/2026";"1600";"23,3";"23,7";"23,0";"66,0";"67,0";"64,0";"16,6";"16,9";"16,2";"1017,5";"1018,0";"1017,5";"1,7";"94,0";"4,7";"874,60";"0,0"
"23/08/2026";"1700";"23,4";"24,0";"23,1";"66,0";"67,0";"64,0";"16,6";"17,2";"16,3";"1016,8";"1017,5";"1016,8";"2,3";"132,0";"5,1";"988,90";"0,0"
"23/08/2026";"1800";"23,5";"23,8";"23,3";"69,0";"69,0";"65,0";"17,3";"17,4";"16,6";"1016,4";"1016,8";"1016,3";"2,3";"102,0";"4,3";"675,00";"0,0"
"23/08/2026";"1900";"22,9";"23,6";"22,8";"71,0";"72,0";"68,0";"17,4";"17,6";"17,1";"1016,7";"1016,7";"1016,3";"2,3";"78,0";"5,2";"635,70";"0,0"
"23/08/2026";"2000";"22,4";"22,9";"22,4";"74,0";"74,0";"71,0";"17,5";"17,6";"17,2";"1017,1";"1017,1";"1016,7";"1,8";"104,0";"4,6";"179,20";"0,0"
"23/08/2026";"2100";"22,0";"22,4";"22,0";"75,0";"75,0";"73,0";"17,5";"17,5";"17,4";"1017,4";"1017,4";"1017,1";"1,6";"124,0";"4,0";"15,40";"0,0"
"23/08/2026";"2200";"21,6";"22,0";"21,6";"78,0";"78,0";"75,0";"17,7";"17,7";"17,5";"1018,3";"1018,3";"1017,4";"2,8";"134,0";"4,2";"";"0,0"
"23/08/2026";"2300";"21,3";"21,6";"21,3";"81,0";"81,0";"78,0";"17,9";"18,0";"17,7";"1019,1";"1019,1";"1018,3";"2,1";"143,0";"5,0";"";"0,0"
"24/08/2026";"0000";"21,3";"21,3";"21,2";"82,0";"82,0";"81,0";"18,1";"18,1";"17,9";"1019,5";"1019,5";"1019,1";"2,0";"145,0";"4,6";"";"0,0"
"24/08/2026";"0100";"21,3";"21,3";"21,2";"83,0";"83,0";"82,0";"18,3";"18,3";"18,1";"1019,6";"1019,7";"1019,5";"2,3";"152,0";"4,3";"";"0,0"
"24/08/2026";"0200";"20,5";"21,3";"20,5";"88,0";"88,0";"83,0";"18,5";"18,5";"18,3";"1019,7";"1019,8";"1019,6";"3,2";"150,0";"6,2";"";"0,0"
"24/08/2026";"0300";"20,3";"20,6";"20,3";"91,0";"91,0";"88,0";"18,8";"18,8";"18,5";"1019,3";"1019,7";"1019,3";"1,9";"140,0";"6,2";"";"0,2"
"24/08/2026";"0400";"20,4";"20,4";"20,3";"91,0";"91,0";"91,0";"18,8";"18,9";"18,7";"1018,5";"1019,3";"1018,5";"1,4";"128,0";"4,5";"";"0,2"
"24/08/2026";"0500";"20,4";"20,5";"20,3";"90,0";"91,0";"90,0";"18,7";"18,8";"18,7";"1018,1";"1018,5";"1018,1";"3,0";"151,0";"5,1";"";"0,0"
"24/08/2026";"0600";"20,3";"20,4";"20,2";"91,0";"91,0";"90,0";"18,7";"18,8";"18,7";"1018,1";"1018,2";"1017,8";"1,1";"152,0";"5,1";"";"0,0"
"24/08/2026";"0700";"20,1";"20,3";"20,1";"93,0";"93,0";"91,0";"18,9";"18,9";"18,7";"1018,1";"1018,4";"1018,0";"1,4";"161,0";"3,7";"";"0,0"
"24/08/2026";"0800";"19,9";"20,2";"19,9";"94,0";"94,0";"93,0";"18,9";"19,1";"18,9";"1018,4";"1018,4";"1017,7";"1,2";"256,0";"2,9";"";"0,0"
"24/08/2026";"0900";"19,7";"19,9";"19,7";"95,0";"95,0";"94,0";"18,9";"18,9";"18,8";"1019,0";"1019,1";"1018,4";"0,7";"249,0";"3,5";"";"3,2"
"24/08/2026";"1000";"19,9";"19,9";"19,7";"95,0";"95,0";"95,0";"19,1";"19,1";"18,8";"1019,6";"1019,6";"1019,0";"0,9";"226,0";"3,3";"27,40";"0,2"
"24/08/2026";"1100";"20,3";"20,3";"19,9";"95,0";"95,0";"95,0";"19,5";"19,5";"19,1";"1019,7";"1020,1";"1019,6";"0,7";"246,0";"3,2";"111,20";"0,2"
"24/08/2026";"1200";"20,9";"20,9";"20,2";"95,0";"95,0";"95,0";"20,1";"20,1";"19,4";"1020,4";"1020,4";"1019,8";"1,4";"210,0";"3,0";"367,50";"0,0"
"24/08/2026";"1300";"21,6";"21,9";"20,9";"94,0";"95,0";"94,0";"20,6";"20,9";"20,1";"1020,3";"1020,6";"1020,3";"0,9";"142,0";"3,0";"509,20";"0,0"
"24/08/2026";"1400";"22,0";"22,0";"21,5";"92,0";"94,0";"92,0";"20,7";"20,7";"20,2";"1019,6";"1020,3";"1019,6";"0,7";"102,0";"2,4";"428,90";"0,4"
"24/08/2026";"1500";"22,4";"23,1";"21,9";"87,0";"92,0";"85,0";"20,1";"21,2";"20,1";"1018,8";"1019,6";"1018,8";"1,6";"92,0";"2,8";"985,00";"0,0"
"24/08/2026";"1600";"22,3";"22,5";"21,8";"91,0";"92,0";"87,0";"20,7";"20,9";"19,8";"1017,9";"1018,8";"1017,9";"1,5";"212,0";"2,8";"608,90";"0,6"
"24/08/2026";"1700";"22,4";"23,4";"22,2";"89,0";"93,0";"89,0";"20,6";"21,9";"20,6";"1017,1";"1017,9";"1017,1";"2,8";"211,0";"4,4";"1049,70";"0,0"
"24/08/2026";"1800";"21,5";"22,6";"21,4";"93,0";"93,0";"89,0";"20,4";"20,9";"20,2";"1016,8";"1017,1";"1016,8";"2,3";"193,0";"5,5";"335,70";"1,4"
"24/08/2026";"1900";"21,2";"21,5";"21,1";"95,0";"95,0";"93,0";"20,3";"20,5";"20,1";"1017,0";"1017,0";"1016,8";"1,9";"169,0";"4,6";"192,90";"7,6"
"24/08/2026";"2000";"20,9";"21,3";"20,9";"95,0";"95,0";"94,0";"20,1";"20,5";"20,0";"1017,3";"1017,4";"1017,0";"2,3";"194,0";"5,6";"54,50";"0,6"
"24/08/2026";"2100";"20,3";"20,9";"20,3";"95,0";"95,0";"95,0";"19,5";"20,1";"19,5";"1017,9";"1017,9";"1017,3";"4,3";"213,0";"7,4";"4,90";"4,2"
"24/08/2026";"2200";"";"";"";"";"";"";"";"";"";"";"";"";"";"";"";"";""
"24/08/2026";"2300";"19,1";"19,7";"19,1";"96,0";"96,0";"96,0";"18,4";"18,9";"18,4";"1019,0";"1019,0";"1018,5";"5,2";"217,0";"10,1";"";"1,0"
"25/08/2026";"0000";"19,0";"19,1";"19,0";"96,0";"96,0";"96,0";"18,3";"18,4";"18,3";"1019,6";"1019,6";"1019,0";"4,4";"214,0";"10,1";"";"0,8"
"25/08/2026";"0100";"18,7";"19,0";"18,6";"96,0";"96,0";"96,0";"18,0";"18,3";"18,0";"1019,3";"1019,7";"1019,2";"3,7";"205,0";"8,6";"";"0,4"
"25/08/2026";"0200";"18,6";"18,7";"18,6";"96,0";"96,0";"96,0";"18,0";"18,1";"18,0";"1019,4";"1019,4";"1019,2";"3,9";"217,0";"8,6";"";"0,0"
"25/08/2026";"0300";"18,4";"18,6";"18,4";"96,0";"96,0";"96,0";"17,8";"18,0";"17,8";"1019,0";"1019,4";"1019,0";"4,0";"218,0";"7,3";"";"0,0"
"25/08/2026";"0400";"18,4";"18,5";"18,4";"96,0";"96,0";"96,0";"17,8";"17,8";"17,7";"1018,6";"1019,1";"1018,5";"3,9";"224,0";"7,2";"";"0,2"
"25/08/2026";"0500";"18,4";"18,4";"18,4";"96,0";"96,0";"96,0";"17,8";"17,8";"17,8";"1017,6";"1018,6";"1017,6";"4,2";"218,0";"6,6";"";"0,6"
"25/08/2026";"0600";"18,5";"18,5";"18,4";"96,0";"96,0";"96,0";"17,8";"17,9";"17,8";"1017,1";"1017,6";"1017,1";"4,1";"216,0";"8,0";"";"0,0"
"25/08/2026";"0700";"18,5";"18,5";"18,4";"96,0";"96,0";"96,0";"17,8";"17,8";"17,8";"1017,1";"1017,1";"1016,9";"4,3";"226,0";"7,4";"";"0,0"
"25/08/2026";"0800";"18,4";"18,5";"18,4";"96,0";"96,0";"96,0";"17,8";"17,9";"17,8";"1016,9";"1017,2";"1016,8";"3,2";"215,0";"7,4";"";"0,0"
"25/08/2026";"0900";"18,5";"18,5";"18,4";"96,0";"96,0";"96,0";"17,8";"17,9";"17,8";"1017,6";"1017,6";"1016,9";"4,0";"216,0";"7,1";"";"0,0"
"25/08/2026";"1000";"18,7";"18,7";"18,5";"96,0";"96,0";"96,0";"18,0";"18,0";"17,8";"1018,3";"1018,3";"1017,6";"3,7";"225,0";"7,4";"84,40";"0,2"
"25/08/2026";"1100";"19,7";"19,8";"18,7";"94,0";"96,0";"94,0";"18,8";"18,9";"18,0";"1018,5";"1018,5";"1018,3";"3,0";"221,0";"7,1";"518,40";"0,0"
"25/08/2026";"1200";"20,4";"20,6";"19,4";"91,0";"94,0";"91,0";"19,0";"19,3";"18,5";"1018,6";"1018,6";"1018,4";"4,3";"221,0";"7,1";"763,50";"0,0"
"25/08/2026";"1300";"21,4";"21,4";"20,2";"88,0";"92,0";"88,0";"19,3";"19,3";"18,5";"1018,6";"1018,6";"1018,5";"4,4";"217,0";"8,6";"1068,00";"0,0"
"25/08/2026";"1400";"22,1";"22,4";"21,1";"84,0";"88,0";"83,0";"19,2";"19,8";"18,8";"1017,7";"1018,6";"1017,7";"3,8";"212,0";"8,3";"1548,80";"0,0"
"25/08/2026";"1500";"21,3";"22,3";"21,3";"86,0";"86,0";"83,0";"18,9";"19,6";"18,8";"1017,0";"1017,7";"1017,0";"4,1";"217,0";"7,8";"1045,60";"0,0"
"25/08/2026";"1600";"22,3";"22,5";"21,3";"83,0";"87,0";"83,0";"19,3";"19,7";"18,8";"1016,2";"1017,0";"1016,1";"4,2";"212,0";"8,1";"1323,90";"0,0"
"25/08/2026";"1700";"21,9";"22,3";"21,6";"85,0";"86,0";"83,0";"19,2";"19,4";"18,9";"1015,6";"1016,2";"1015,6";"4,2";"213,0";"7,7";"952,60";"0,0"
"25/08/2026";"1800";"21,8";"22,5";"21,6";"87,0";"87,0";"83,0";"19,5";"19,8";"19,0";"1015,0";"1015,6";"1015,0";"3,4";"209,0";"7,4";"911,30";"0,0"
"25/08/2026";"1900";"20,9";"22,0";"20,9";"87,0";"87,0";"85,0";"18,6";"19,7";"18,6";"1014,9";"1015,0";"1014,7";"5,0";"215,0";"9,1";"617,10";"0,0"
"25/08/2026";"2000";"20,3";"21,0";"20,3";"89,0";"89,0";"87,0";"18,4";"18,8";"18,4";"1015,2";"1015,3";"1014,8";"4,7";"221,0";"9,3";"215,20";"0,0"
"25/08/2026";"2100";"20,1";"20,3";"20,1";"90,0";"90,0";"89,0";"18,3";"18,5";"18,3";"1015,0";"1015,3";"1015,0";"3,0";"215,0";"8,2";"28,10";"0,0"
"25/08/2026";"2200";"20,1";"20,1";"19,9";"90,0";"90,0";"90,0";"18,3";"18,3";"18,3";"1015,2";"1015,2";"1014,9";"3,1";"220,0";"5,9";"";"0,0"
"25/08/2026";"2300";"20,2";"20,2";"20,1";"89,0";"90,0";"89,0";"18,4";"18,4";"18,3";"1015,6";"1015,6";"1015,1";"2,5";"228,0";"5,1";"";"0,0"
"26/08/2026";"0000";"20,1";"20,2";"20,1";"90,0";"90,0";"89,0";"18,5";"18,5";"18,3";"1015,8";"1015,9";"1015,6";"1,0";"199,0";"4,8";"";"0,0"
"26/08/2026";"0100";"20,2";"20,2";"20,1";"91,0";"91,0";"90,0";"18,6";"18,6";"18,5";"1016,0";"1016,1";"1015,8";"1,9";"209,0";"3,8";"";"0,0"
"26/08/2026";"0200";"20,0";"20,3";"20,0";"91,0";"91,0";"90,0";"18,4";"18,7";"18,4";"1015,7";"1016,2";"1015,7";"1,2";"200,0";"4,5";"";"0,0"
"26/08/2026";"0300";"19,7";"20,0";"19,7";"92,0";"92,0";"91,0";"18,4";"18,6";"18,3";"1014,9";"1015,7";"1014,9";"0,5";"156,0";"2,7";"";"0,0"
"26/08/2026";"0400";"19,3";"19,7";"19,3";"93,0";"93,0";"92,0";"18,2";"18,5";"18,2";"1013,8";"1014,9";"1013,7";"0,4";"198,0";"1,8";"";"0,0"
"26/08/2026";"0500";"19,4";"19,4";"18,9";"95,0";"95,0";"93,0";"18,5";"18,5";"17,9";"1013,6";"1013,8";"1013,2";"1,3";"250,0";"2,1";"";"0,0"
"26/08/2026";"0600";"19,7";"19,7";"19,4";"95,0";"95,0";"95,0";"18,8";"18,8";"18,5";"1012,9";"1013,6";"1012,9";"0,5";"146,0";"2,1";"";"0,0"
"26/08/2026";"0700";"19,8";"19,8";"19,7";"94,0";"95,0";"94,0";"18,9";"18,9";"18,8";"1012,8";"1013,0";"1012,8";"1,8";"205,0";"3,7";"";"0,0"
"26/08/2026";"0800";"19,8";"19,8";"19,8";"94,0";"94,0";"94,0";"18,8";"18,9";"18,8";"1012,7";"1012,8";"1012,6";"0,5";"259,0";"3,7";"";"0,0"
"26/08/2026";"0900";"19,9";"19,9";"19,8";"94,0";"94,0";"94,0";"18,9";"18,9";"18,7";"1013,5";"1013,5";"1012,6";"0,6";"307,0";"1,6";"";"0,0"
"26/08/2026";"1000";"20,2";"20,3";"19,8";"94,0";"94,0";"94,0";"19,2";"19,2";"18,8";"1013,9";"1013,9";"1013,3";"0,8";"339,0";"1,8";"70,80";"0,0"
"26/08/2026";"1100";"20,7";"20,8";"20,2";"92,0";"94,0";"92,0";"19,4";"19,5";"19,2";"1014,5";"1014,5";"1013,9";"2,0";"219,0";"3,3";"231,70";"0,0"
"26/08/2026";"1200";"21,3";"21,3";"20,7";"90,0";"92,0";"90,0";"19,6";"19,6";"19,2";"1015,1";"1015,1";"1014,5";"2,1";"206,0";"4,1";"537,20";"0,0"
"26/08/2026";"1300";"22,0";"22,5";"21,3";"87,0";"90,0";"85,0";"19,7";"20,3";"19,5";"1015,4";"1015,5";"1014,8";"2,0";"207,0";"4,3";"774,70";"0,0"
"26/08/2026";"1400";"22,8";"23,1";"21,9";"80,0";"87,0";"80,0";"19,3";"19,8";"19,1";"1015,0";"1015,4";"1014,9";"3,2";"215,0";"6,0";"780,60";"0,0"
"26/08/2026";"1500";"23,6";"24,0";"22,8";"75,0";"81,0";"75,0";"19,0";"19,7";"19,0";"1014,5";"1015,0";"1014,5";"3,8";"217,0";"7,7";"1186,20";"0,0"
"26/08/2026";"1600";"23,9";"23,9";"23,2";"78,0";"79,0";"75,0";"19,8";"19,8";"18,9";"1013,8";"1014,5";"1013,8";"2,4";"185,0";"7,7";"925,60";"0,0"
"26/08/2026";"1700";"25,2";"25,4";"23,9";"70,0";"78,0";"70,0";"19,5";"20,2";"19,3";"1013,1";"1013,8";"1013,1";"3,3";"189,0";"7,0";"1808,70";"0,0"
"26/08/2026";"1800";"24,6";"25,5";"24,3";"74,0";"76,0";"70,0";"19,7";"20,2";"19,1";"1012,8";"1013,1";"1012,8";"2,6";"191,0";"7,0";"1132,10";"0,0"
"26/08/2026";"1900";"23,3";"24,6";"23,2";"83,0";"83,0";"74,0";"20,1";"20,2";"19,4";"1013,1";"1013,1";"1012,7";"2,4";"197,0";"7,1";"647,70";"0,0"
"26/08/2026";"2000";"22,2";"23,3";"22,0";"85,0";"88,0";"82,0";"19,6";"20,2";"19,6";"1013,5";"1013,6";"1013,1";"3,8";"139,0";"7,9";"111,40";"0,0"
"26/08/2026";"2100";"22,0";"22,2";"22,0";"85,0";"85,0";"84,0";"19,4";"19,6";"19,4";"1014,0";"1014,1";"1013,5";"2,5";"136,0";"7,2";"13,60";"0,0"
"26/08/2026";"2200";"21,8";"22,0";"21,7";"86,0";"86,0";"85,0";"19,3";"19,4";"19,2";"1014,5";"1014,5";"1014,0";"2,8";"132,0";"6,2";"";"0,0"
"26/08/2026";"2300";"21,6";"21,8";"21,6";"87,0";"87,0";"86,0";"19,4";"19,4";"19,3";"1015,3";"1015,3";"1014,5";"2,9";"130,0";"6,2";"";"0,0"
"27/08/2026";"0000";"21,6";"21,7";"21,6";"87,0";"87,0";"87,0";"19,4";"19,4";"19,4";"1015,9";"1015,9";"1015,3";"1,9";"128,0";"5,5";"";"0,0"
"27/08/2026";"0100";"21,4";"21,6";"21,4";"90,0";"90,0";"87,0";"19,6";"19,6";"19,4";"1015,8";"1016,1";"1015,8";"1,2";"135,0";"3,4";"";"0,0"
"27/08/2026";"0200";"21,4";"21,5";"21,3";"89,0";"90,0";"88,0";"19,4";"19,6";"19,4";"1015,9";"1015,9";"1015,7";"1,2";"167,0";"3,9";"";"0,0"
"27/08/2026";"0300";"21,2";"21,5";"21,2";"89,0";"89,0";"88,0";"19,2";"19,5";"19,2";"1015,2";"1016,0";"1015,2";"1,7";"159,0";"3,7";"";"0,0"
"27/08/2026";"0400";"20,6";"21,2";"20,6";"91,0";"91,0";"89,0";"19,2";"19,3";"19,1";"1015,1";"1015,4";"1015,1";"1,4";"238,0";"3,3";"";"0,0"
"27/08/2026";"0500";"20,4";"20,6";"20,4";"93,0";"93,0";"91,0";"19,2";"19,2";"19,2";"1014,7";"1015,1";"1014,5";"1,2";"222,0";"4,1";"";"0,0"
"27/08/2026";"0600";"20,4";"20,5";"20,4";"93,0";"93,0";"93,0";"19,2";"19,3";"19,2";"1014,9";"1014,9";"1014,6";"1,5";"234,0";"3,2";"";"0,0"
"27/08/2026";"0700";"20,3";"20,4";"20,2";"94,0";"94,0";"93,0";"19,3";"19,3";"19,2";"1014,5";"1014,9";"1014,4";"1,9";"224,0";"3,0";"";"0,0"
"27/08/2026";"0800";"20,1";"20,3";"20,1";"94,0";"94,0";"94,0";"19,1";"19,3";"19,1";"1014,7";"1014,8";"1014,5";"2,0";"216,0";"3,2";"";"0,0"
"27/08/2026";"0900";"20,0";"20,1";"20,0";"94,0";"94,0";"94,0";"19,1";"19,2";"19,0";"1015,2";"1015,3";"1014,7";"1,0";"240,0";"3,2";"";"0,0"
"27/08/2026";"1000";"20,5";"20,5";"20,0";"94,0";"94,0";"94,0";"19,5";"19,5";"19,1";"1015,2";"1015,3";"1015,0";"1,0";"204,0";"2,3";"81,70";"0,0"
"27/08/2026";"1100";"20,9";"20,9";"20,5";"92,0";"94,0";"92,0";"19,6";"19,6";"19,4";"1015,8";"1015,8";"1015,1";"1,4";"209,0";"3,0";"148,50";"0,0"
"27/08/2026";"1200";"22,0";"22,0";"20,9";"88,0";"92,0";"88,0";"19,9";"20,2";"19,6";"1016,4";"1016,4";"1015,8";"1,4";"199,0";"2,9";"423,60";"0,0"
"27/08/2026";"1300";"22,7";"22,8";"22,0";"84,0";"88,0";"84,0";"19,7";"20,1";"19,6";"1016,6";"1016,7";"1016,4";"0,5";"175,0";"2,9";"564,60";"0,0"
"27/08/2026";"1400";"21,9";"22,6";"21,9";"90,0";"90,0";"84,0";"20,2";"20,2";"19,5";"1016,3";"1016,6";"1016,3";"0,8";"219,0";"1,8";"282,60";"0,6"
"27/08/2026";"1500";"21,3";"21,9";"21,3";"92,0";"92,0";"90,0";"20,0";"20,5";"20,0";"1016,1";"1016,3";"1016,1";"1,4";"144,0";"2,8";"314,80";"1,6"
"27/08/2026";"1600";"20,5";"21,3";"20,5";"94,0";"94,0";"92,0";"19,6";"20,0";"19,5";"1015,5";"1016,1";"1015,5";"1,1";"229,0";"2,6";"110,70";"13,6"
"27/08/2026";"1700";"21,1";"21,1";"20,4";"95,0";"95,0";"94,0";"20,2";"20,2";"19,5";"1014,7";"1015,5";"1014,7";"2,2";"131,0";"4,2";"210,50";"6,2"
"27/08/2026";"1800";"21,3";"21,3";"21,1";"94,0";"95,0";"94,0";"20,3";"20,4";"20,1";"1014,0";"1014,7";"1013,9";"1,8";"127,0";"4,9";"251,40";"1,4"
"27/08/2026";"1900";"20,8";"21,3";"20,8";"94,0";"94,0";"94,0";"19,8";"20,3";"19,8";"1013,9";"1014,0";"1013,8";"2,5";"121,0";"6,3";"125,60";"1,0"
"27/08/2026";"2000";"20,4";"20,8";"20,4";"93,0";"94,0";"93,0";"19,4";"19,8";"19,4";"1014,1";"1014,2";"1013,8";"3,0";"143,0";"5,7";"130,70";"0,0"
"27/08/2026";"2100";"20,2";"20,4";"20,2";"94,0";"94,0";"93,0";"19,2";"19,3";"19,1";"1014,3";"1014,3";"1014,0";"1,3";"144,0";"4,9";"11,10";"0,2"
"27/08/2026";"2200";"20,5";"20,5";"20,2";"95,0";"95,0";"94,0";"19,6";"19,6";"19,2";"1014,8";"1014,8";"1014,3";"1,4";"140,0";"3,2";"";"0,6"
"27/08/2026";"2300";"20,6";"20,6";"20,5";"95,0";"95,0";"94,0";"19,7";"19,7";"19,5";"1015,1";"1015,1";"1014,8";"1,2";"125,0";"3,9";"";"1,6"
"28/08/2026";"0000";"20,6";"20,6";"20,6";"95,0";"95,0";"95,0";"19,7";"19,8";"19,7";"1014,9";"1015,1";"1014,9";"0,3";"190,0";"2,7";"";"0,0"
"28/08/2026";"0100";"20,4";"20,6";"20,3";"95,0";"95,0";"95,0";"19,6";"19,8";"19,5";"1014,6";"1014,9";"1014,6";"0,6";"240,0";"1,1";"";"0,0"
"28/08/2026";"0200";"20,4";"20,4";"20,3";"95,0";"95,0";"95,0";"19,7";"19,7";"19,6";"1014,6";"1014,7";"1014,6";"0,9";"315,0";"1,7";"";"0,0"
"28/08/2026";"0300";"20,1";"20,4";"20,1";"96,0";"96,0";"95,0";"19,4";"19,7";"19,4";"1014,3";"1014,6";"1014,3";"0,9";"265,0";"1,8";"";"0,0"
"28/08/2026";"0400";"20,1";"20,1";"20,0";"96,0";"96,0";"96,0";"19,4";"19,4";"19,3";"1013,8";"1014,3";"1013,8";"1,1";"273,0";"2,2";"";"0,2"
"28/08/2026";"0500";"20,2";"20,2";"20,0";"96,0";"96,0";"96,0";"19,5";"19,5";"19,3";"1013,3";"1013,8";"1013,3";"0,5";"310,0";"2,2";"";"0,4"
"28/08/2026";"0600";"19,9";"20,2";"19,9";"96,0";"96,0";"96,0";"19,2";"19,5";"19,2";"1012,9";"1013,4";"1012,9";"0,8";"225,0";"2,2";"";"0,0"
"28/08/2026";"0700";"19,6";"20,0";"19,6";"96,0";"96,0";"96,0";"19,0";"19,3";"19,0";"1012,6";"1012,9";"1012,6";"1,1";"75,0";"2,0";"";"0,0"
"28/08/2026";"0800";"19,4";"19,6";"18,9";"96,0";"96,0";"96,0";"18,7";"19,0";"18,3";"1013,0";"1013,0";"1012,6";"1,6";"9,0";"2,5";"";"0,0"
"28/08/2026";"0900";"19,1";"19,6";"18,9";"96,0";"96,0";"96,0";"18,5";"19,0";"18,3";"1013,3";"1013,3";"1013,0";"2,3";"357,0";"3,8";"";"0,0"
"28/08/2026";"1000";"19,7";"19,7";"19,1";"96,0";"96,0";"96,0";"19,1";"19,1";"18,5";"1013,8";"1013,8";"1013,2";"2,4";"339,0";"6,3";"117,80";"0,0"
"28/08/2026";"1100";"21,9";"21,9";"19,5";"96,0";"96,0";"96,0";"21,2";"21,2";"18,9";"1014,1";"1014,1";"1013,8";"3,3";"356,0";"5,9";"847,30";"0,0"
"28/08/2026";"1200";"24,3";"24,3";"21,9";"82,0";"96,0";"81,0";"21,0";"21,7";"20,0";"1014,2";"1014,2";"1014,1";"2,9";"348,0";"5,8";"1674,90";"0,0"
"28/08/2026";"1300";"25,5";"25,6";"23,8";"72,0";"82,0";"71,0";"20,0";"21,1";"19,7";"1013,6";"1014,2";"1013,6";"4,6";"354,0";"8,4";"2449,50";"0,0"
"28/08/2026";"1400";"26,8";"27,1";"25,5";"67,0";"72,0";"64,0";"20,3";"20,7";"19,3";"1012,7";"1013,6";"1012,7";"4,8";"355,0";"7,5";"2942,10";"0,0"
"28/08/2026";"1500";"28,3";"28,9";"26,3";"58,0";"67,0";"56,0";"19,4";"20,3";"18,3";"1012,0";"1012,7";"1012,0";"4,3";"322,0";"9,1";"2796,60";"0,0"
"28/08/2026";"1600";"28,7";"29,2";"28,2";"54,0";"58,0";"53,0";"18,3";"19,5";"18,1";"1011,1";"1012,0";"1011,1";"4,4";"333,0";"9,1";"3184,80";"0,0"
"28/08/2026";"1700";"29,1";"29,8";"27,9";"52,0";"55,0";"51,0";"18,3";"19,3";"17,6";"1010,2";"1011,1";"1010,2";"3,3";"316,0";"7,2";"2658,40";"0,2"
"28/08/2026";"1800";"29,6";"29,8";"28,8";"50,0";"53,0";"50,0";"18,1";"18,7";"17,5";"1009,4";"1010,2";"1009,4";"3,2";"332,0";"7,5";"2227,40";"0,0"
"28/08/2026";"1900";"26,9";"30,2";"26,9";"65,0";"65,0";"50,0";"19,8";"20,6";"18,0";"1009,7";"1009,7";"1009,4";"4,1";"59,0";"7,8";"1470,70";"0,0"
"28/08/2026";"2000";"25,5";"27,1";"25,5";"69,0";"70,0";"65,0";"19,4";"20,0";"19,3";"1010,0";"1010,0";"1009,7";"4,0";"56,0";"7,7";"673,10";"0,0"
"28/08/2026";"2100";"23,6";"25,5";"23,6";"83,0";"83,0";"69,0";"20,4";"20,4";"19,4";"1010,2";"1010,4";"1010,0";"3,0";"60,0";"7,2";"58,20";"0,0"
"28/08/2026";"2200";"22,7";"23,6";"22,7";"89,0";"89,0";"83,0";"20,7";"20,8";"20,4";"1010,5";"1010,5";"1010,2";"2,8";"54,0";"6,0";"";"0,0"
"28/08/2026";"2300";"22,1";"22,7";"22,1";"92,0";"92,0";"89,0";"20,7";"20,8";"20,5";"1011,3";"1011,3";"1010,5";"2,1";"52,0";"4,3";"";"0,0"
"29/08/2026";"0000";"21,9";"22,2";"21,8";"93,0";"93,0";"92,0";"20,7";"20,9";"20,5";"1011,4";"1011,4";"1011,3";"1,8";"50,0";"3,8";"";"0,0"
"29/08/2026";"0100";"21,4";"21,9";"21,4";"94,0";"94,0";"93,0";"20,4";"20,7";"20,4";"1011,8";"1011,8";"1011,4";"1,5";"66,0";"3,4";"";"0,0"
"29/08/2026";"0200";"21,1";"21,4";"21,0";"95,0";"95,0";"94,0";"20,2";"20,4";"20,1";"1011,6";"1011,8";"1011,5";"2,0";"61,0";"2,9";"";"0,0"
"29/08/2026";"0300";"21,0";"21,2";"20,9";"95,0";"95,0";"95,0";"20,2";"20,4";"20,1";"1011,3";"1011,7";"1011,3";"1,6";"48,0";"3,2";"";"0,0"
"29/08/2026";"0400";"21,0";"21,1";"20,8";"95,0";"95,0";"95,0";"20,2";"20,2";"20,0";"1011,2";"1011,4";"1011,2";"2,7";"36,0";"3,9";"";"0,0"
"29/08/2026";"0500";"20,8";"21,0";"20,6";"95,0";"95,0";"95,0";"20,0";"20,2";"19,8";"1010,5";"1011,2";"1010,5";"3,4";"43,0";"5,8";"";"0,0"
"29/08/2026";"0600";"20,8";"20,9";"20,7";"95,0";"95,0";"95,0";"20,0";"20,1";"19,8";"1009,9";"1010,5";"1009,9";"4,2";"34,0";"6,0";"";"0,0"
"29/08/2026";"0700";"20,8";"20,9";"20,6";"92,0";"95,0";"92,0";"19,5";"20,0";"19,4";"1009,8";"1010,0";"1009,8";"4,4";"24,0";"6,8";"";"0,0"
"29/08/2026";"0800";"21,0";"21,1";"20,8";"87,0";"92,0";"87,0";"18,7";"19,5";"18,6";"1009,7";"1009,9";"1009,2";"4,8";"11,0";"8,2";"";"0,0"
"29/08/2026";"0900";"21,5";"21,9";"21,0";"85,0";"87,0";"83,0";"18,8";"18,9";"18,7";"1010,2";"1010,2";"1009,7";"5,6";"10,0";"10,5";"";"0,0"
"29/08/2026";"1000";"22,2";"22,2";"21,3";"83,0";"86,0";"83,0";"19,3";"19,3";"18,8";"1010,7";"1010,7";"1010,2";"5,0";"6,0";"9,1";"170,50";"0,0"
"29/08/2026";"1100";"24,4";"24,4";"22,2";"74,0";"83,0";"74,0";"19,4";"19,7";"19,2";"1011,1";"1011,1";"1010,6";"6,8";"9,0";"9,9";"927,30";"0,0"
"29/08/2026";"1200";"27,7";"27,7";"24,4";"63,0";"74,0";"63,0";"20,0";"20,0";"19,4";"1011,2";"1011,2";"1010,9";"5,6";"13,0";"10,2";"1768,30";"0,0"
"29/08/2026";"1300";"30,1";"30,1";"27,4";"54,0";"63,0";"54,0";"19,8";"20,2";"19,3";"1010,8";"1011,2";"1010,8";"5,8";"3,0";"10,1";"2257,90";"0,0"
"29/08/2026";"1400";"31,9";"32,5";"30,1";"47,0";"54,0";"45,0";"19,0";"20,3";"18,7";"1010,2";"1010,8";"1010,2";"6,1";"357,0";"10,3";"2876,80";"0,0"
"29/08/2026";"1500";"32,6";"32,9";"31,7";"46,0";"49,0";"44,0";"19,6";"19,7";"18,7";"1009,4";"1010,2";"1009,4";"6,1";"6,0";"10,9";"3073,90";"0,0"
"29/08/2026";"1600";"34,1";"34,1";"32,5";"43,0";"47,0";"43,0";"19,6";"20,3";"19,0";"1008,4";"1009,4";"1008,4";"5,4";"10,0";"10,3";"3031,90";"0,0"
"29/08/2026";"1700";"34,5";"34,7";"33,3";"39,0";"43,0";"38,0";"18,6";"19,5";"18,1";"1007,7";"1008,4";"1007,6";"4,7";"358,0";"8,9";"2710,30";"0,0"
"29/08/2026";"1800";"30,1";"34,5";"29,9";"58,0";"58,0";"39,0";"20,9";"21,2";"18,6";"1007,5";"1007,8";"1007,4";"5,2";"71,0";"8,9";"1945,00";"0,0"
"29/08/2026";"1900";"28,1";"30,8";"28,1";"67,0";"67,0";"57,0";"21,3";"21,6";"20,8";"1007,6";"1007,6";"1007,4";"5,2";"61,0";"10,4";"1521,90";"0,0"
"29/08/2026";"2000";"26,3";"28,1";"26,3";"73,0";"73,0";"67,0";"21,1";"21,5";"20,9";"1008,1";"1008,1";"1007,6";"4,6";"62,0";"10,0";"544,20";"0,0"
"29/08/2026";"2100";"24,9";"26,3";"24,9";"79,0";"80,0";"73,0";"21,1";"21,2";"21,1";"1008,8";"1008,8";"1008,1";"3,8";"57,0";"9,0";"37,40";"0,0"
"29/08/2026";"2200";"24,1";"24,9";"24,1";"84,0";"84,0";"79,0";"21,2";"21,2";"21,0";"1009,4";"1009,4";"1008,8";"3,9";"52,0";"7,6";"";"0,0"
"29/08/2026";"2300";"23,8";"24,1";"23,7";"87,0";"87,0";"84,0";"21,4";"21,4";"21,2";"1010,2";"1010,2";"1009,4";"4,5";"51,0";"8,7";"";"0,0"
"30/08/2026";"0000";"23,5";"23,8";"23,5";"89,0";"89,0";"87,0";"21,5";"21,6";"21,4";"1010,7";"1010,8";"1010,2";"3,3";"53,0";"7,8";"";"0,0"
"30/08/2026";"0100";"23,2";"23,5";"23,2";"90,0";"90,0";"89,0";"21,4";"21,6";"21,4";"1011,1";"1011,1";"1010,6";"2,9";"51,0";"5,6";"";"0,0"
"30/08/2026";"0200";"22,9";"23,2";"22,9";"91,0";"92,0";"90,0";"21,4";"21,5";"21,3";"1011,1";"1011,1";"1010,8";"2,5";"62,0";"4,9";"";"0,0"
"30/08/2026";"0300";"22,6";"22,9";"22,6";"92,0";"92,0";"91,0";"21,3";"21,5";"21,3";"1010,8";"1011,2";"1010,5";"2,1";"47,0";"4,8";"";"0,0"
"30/08/2026";"0400";"22,4";"22,7";"22,4";"93,0";"93,0";"92,0";"21,1";"21,3";"21,1";"1010,2";"1010,8";"1010,2";"2,5";"50,0";"5,0";"";"0,0"
"30/08/2026";"0500";"22,2";"22,4";"22,2";"93,0";"93,0";"93,0";"21,0";"21,2";"20,9";"1010,1";"1010,2";"1009,8";"2,3";"53,0";"4,9";"";"0,0"
"30/08/2026";"0600";"21,9";"22,4";"21,9";"93,0";"93,0";"93,0";"20,7";"21,2";"20,7";"1010,3";"1010,5";"1010,1";"1,4";"5,0";"3,5";"";"0,0"
"30/08/2026";"0700";"22,0";"22,0";"21,6";"94,0";"94,0";"93,0";"21,0";"21,0";"20,5";"1010,1";"1010,4";"1010,1";"2,8";"51,0";"4,0";"";"0,0"
"30/08/2026";"0800";"21,9";"22,0";"21,7";"94,0";"94,0";"94,0";"20,8";"21,0";"20,6";"1010,2";"1010,4";"1010,1";"2,3";"46,0";"4,1";"";"0,0"
"30/08/2026";"0900";"21,7";"21,9";"21,7";"94,0";"94,0";"94,0";"20,7";"20,9";"20,7";"1010,9";"1010,9";"1010,1";"2,7";"12,0";"4,3";"";"0,0"
"30/08/2026";"1000";"23,3";"23,3";"21,7";"90,0";"94,0";"90,0";"21,5";"21,6";"20,7";"1011,3";"1011,3";"1010,8";"3,7";"50,0";"7,1";"285,70";"0,0"
"30/08/2026";"1100";"25,3";"25,3";"23,2";"81,0";"90,0";"81,0";"21,8";"22,2";"21,1";"1012,1";"1012,1";"1011,3";"4,2";"43,0";"7,1";"809,30";"0,0"
"30/08/2026";"1200";"28,2";"28,2";"25,3";"71,0";"81,0";"71,0";"22,4";"22,5";"21,7";"1012,8";"1012,8";"1012,1";"3,8";"44,0";"7,5";"1675,20";"0,0"
"30/08/2026";"1300";"30,5";"30,5";"28,1";"60,0";"71,0";"60,0";"21,9";"22,6";"21,6";"1012,0";"1012,8";"1012,0";"5,3";"26,0";"9,0";"2307,00";"0,0"
"30/08/2026";"1400";"32,3";"32,4";"30,5";"52,0";"60,0";"52,0";"21,2";"22,2";"21,2";"1011,9";"1012,3";"1011,9";"4,1";"45,0";"8,3";"2788,30";"0,0"
"30/08/2026";"1500";"32,3";"33,4";"31,9";"54,0";"54,0";"49,0";"21,8";"21,8";"20,6";"1011,3";"1011,9";"1011,3";"1,9";"69,0";"8,1";"2562,20";"0,0"
"30/08/2026";"1600";"31,2";"32,3";"30,9";"57,0";"59,0";"54,0";"21,7";"22,5";"21,2";"1011,1";"1011,3";"1011,1";"3,6";"93,0";"7,7";"2956,60";"0,0"
"30/08/2026";"1700";"29,7";"31,6";"29,6";"60,0";"61,0";"56,0";"21,0";"22,2";"20,9";"1010,5";"1011,1";"1010,5";"5,0";"87,0";"9,5";"2546,50";"0,0"
"30/08/2026";"1800";"28,5";"29,8";"28,5";"63,0";"63,0";"59,0";"20,9";"21,3";"20,6";"1010,1";"1010,5";"1009,9";"4,3";"66,0";"10,8";"2010,90";"0,0"
"30/08/2026";"1900";"26,2";"28,5";"26,2";"73,0";"74,0";"63,0";"21,0";"21,3";"20,7";"1010,3";"1010,3";"1010,0";"4,8";"68,0";"9,1";"799,90";"0,0"
"30/08/2026";"2000";"26,0";"26,6";"26,0";"74,0";"75,0";"72,0";"21,0";"21,6";"20,9";"1010,3";"1010,5";"1010,2";"3,9";"64,0";"9,5";"702,20";"0,0"
"30/08/2026";"2100";"24,9";"26,0";"24,9";"79,0";"79,0";"74,0";"21,0";"21,1";"21,0";"1010,2";"1010,4";"1010,1";"3,2";"52,0";"6,9";"57,50";"0,0"
"30/08/2026";"2200";"24,0";"25,0";"23,9";"83,0";"83,0";"79,0";"20,9";"21,0";"20,7";"1010,4";"1010,4";"1010,2";"2,6";"42,0";"6,6";"";"0,0"
"30/08/2026";"2300";"23,3";"24,0";"23,3";"87,0";"87,0";"83,0";"21,0";"21,0";"20,8";"1011,0";"1011,1";"1010,4";"1,6";"62,0";"4,4";"";"0,0"
"31/08/2026";"0000";"22,9";"23,3";"22,8";"90,0";"90,0";"87,0";"21,1";"21,2";"20,9";"1011,2";"1011,2";"1010,9";"2,0";"53,0";"4,4";"";"0,0"
"31/08/2026";"0100";"22,6";"22,9";"22,5";"92,0";"92,0";"90,0";"21,2";"21,3";"21,1";"1011,3";"1011,3";"1011,1";"1,9";"88,0";"3,4";"";"0,0"
"31/08/2026";"0200";"22,5";"22,6";"22,4";"93,0";"93,0";"92,0";"21,3";"21,3";"21,1";"1012,1";"1012,1";"1011,3";"1,2";"128,0";"3,5";"";"0,0"
"31/08/2026";"0300";"23,0";"23,0";"22,2";"92,0";"94,0";"92,0";"21,7";"21,7";"20,9";"1013,6";"1013,6";"1012,1";"4,4";"207,0";"8,8";"";"0,0"
"31/08/2026";"0400";"23,3";"23,3";"23,0";"90,0";"93,0";"90,0";"21,5";"21,7";"21,5";"1013,4";"1013,6";"1013,4";"3,1";"189,0";"11,9";"";"0,0"
"31/08/2026";"0500";"23,2";"23,3";"23,2";"89,0";"90,0";"89,0";"21,4";"21,5";"21,4";"1012,8";"1013,5";"1012,8";"3,0";"188,0";"8,6";"";"0,0"
"31/08/2026";"0600";"23,5";"23,6";"23,2";"87,0";"89,0";"87,0";"21,3";"21,4";"21,2";"1013,1";"1013,1";"1012,8";"3,8";"206,0";"9,2";"";"0,0"
"31/08/2026";"0700";"23,7";"23,8";"23,5";"85,0";"87,0";"85,0";"21,0";"21,3";"21,0";"1013,3";"1013,4";"1012,9";"4,4";"209,0";"9,1";"";"0,0"
"31/08/2026";"0800";"23,5";"23,7";"23,5";"85,0";"85,0";"84,0";"20,8";"21,0";"20,8";"1013,3";"1013,3";"1013,0";"2,4";"204,0";"8,7";"";"0,0"
"31/08/2026";"0900";"23,2";"23,5";"23,2";"85,0";"85,0";"85,0";"20,7";"20,8";"20,6";"1014,1";"1014,1";"1013,0";"2,9";"225,0";"5,4";"0,10";"0,0"
"31/08/2026";"1000";"23,7";"23,7";"23,2";"83,0";"86,0";"83,0";"20,6";"20,7";"20,5";"1014,8";"1014,8";"1014,1";"2,8";"214,0";"6,0";"83,70";"0,0"
"31/08/2026";"1100";"24,0";"24,0";"23,7";"82,0";"83,0";"81,0";"20,7";"20,7";"20,5";"1015,1";"1015,1";"1014,8";"1,9";"211,0";"5,7";"244,00";"0,0"
"31/08/2026";"1200";"26,8";"27,0";"24,0";"69,0";"82,0";"69,0";"20,7";"21,4";"20,6";"1015,0";"1015,1";"1014,9";"2,8";"232,0";"5,3";"1264,70";"0,0"
"31/08/2026";"1300";"27,8";"27,8";"26,7";"61,0";"70,0";"61,0";"19,5";"21,2";"19,5";"1014,4";"1015,1";"1014,4";"2,3";"250,0";"5,3";"1897,70";"0,0"
"31/08/2026";"1400";"29,6";"30,0";"27,5";"58,0";"63,0";"56,0";"20,5";"20,5";"19,2";"1013,3";"1014,4";"1013,3";"3,2";"324,0";"5,6";"1701,50";"0,0"
"31/08/2026";"1500";"31,3";"31,7";"29,6";"54,0";"58,0";"53,0";"21,0";"21,7";"20,3";"1012,0";"1013,3";"1012,0";"3,8";"17,0";"7,3";"3353,60";"0,0"
"31/08/2026";"1600";"29,0";"31,3";"29,0";"64,0";"64,0";"53,0";"21,6";"21,6";"20,1";"1011,1";"1011,9";"1011,1";"3,4";"62,0";"7,2";"1327,00";"0,0"
"31/08/2026";"1700";"28,1";"29,0";"28,0";"70,0";"71,0";"65,0";"22,2";"22,4";"21,6";"1010,1";"1011,1";"1010,1";"4,8";"77,0";"8,5";"1219,10";"0,0"
"31/08/2026";"1800";"27,5";"28,2";"27,2";"67,0";"72,0";"67,0";"20,9";"22,2";"20,9";"1010,1";"1010,2";"1010,1";"5,0";"63,0";"9,1";"1339,20";"0,0"
"31/08/2026";"1900";"26,3";"27,5";"26,3";"67,0";"69,0";"64,0";"19,8";"21,0";"19,4";"1010,1";"1010,1";"1010,0";"4,1";"63,0";"8,6";"854,60";"0,0"
"31/08/2026";"2000";"25,2";"26,5";"25,2";"74,0";"74,0";"67,0";"20,3";"20,3";"19,8";"1010,4";"1010,5";"1010,1";"4,6";"72,0";"8,1";"607,70";"0,0"
"31/08/2026";"2100";"24,1";"25,2";"24,1";"80,0";"80,0";"74,0";"20,5";"20,5";"20,3";"1010,5";"1010,6";"1010,4";"3,7";"75,0";"7,5";"53,80";"0,0"
"31/08/2026";"2200";"23,6";"24,1";"23,6";"84,0";"84,0";"80,0";"20,7";"20,7";"20,5";"1010,6";"1010,9";"1010,5";"3,8";"71,0";"7,1";"";"0,0"
"31/08/2026";"2300";"23,5";"23,6";"23,4";"85,0";"85,0";"84,0";"20,7";"20,8";"20,6";"1010,9";"1011,0";"1010,6";"3,3";"61,0";"6,8";"";"0,0"
"01/09/2026";"0000";"23,1";"23,5";"23,0";"89,0";"89,0";"85,0";"21,1";"21,1";"20,7";"1011,3";"1011,3";"1010,9";"2,3";"57,0";"6,8";"";"0,0"
"01/09/2026";"0100";"22,8";"23,1";"22,8";"91,0";"91,0";"89,0";"21,2";"21,3";"21,0";"1010,6";"1011,3";"1010,6";"3,2";"54,0";"4,9";"";"0,0"
"01/09/2026";"0200";"22,5";"22,9";"22,4";"92,0";"92,0";"91,0";"21,1";"21,3";"21,0";"1010,9";"1010,9";"1010,5";"2,5";"34,0";"4,7";"";"0,0"
"01/09/2026";"0300";"22,3";"22,5";"22,3";"92,0";"92,0";"92,0";"20,9";"21,1";"20,9";"1010,2";"1010,9";"1010,2";"3,0";"53,0";"5,0";"";"0,0"
"01/09/2026";"0400";"22,1";"22,4";"22,1";"91,0";"92,0";"91,0";"20,6";"21,1";"20,6";"1010,1";"1010,2";"1010,0";"2,4";"53,0";"5,5";"";"0,0"
"01/09/2026";"0500";"21,6";"22,1";"21,5";"92,0";"92,0";"91,0";"20,2";"20,7";"20,2";"1009,5";"1010,1";"1009,5";"2,2";"46,0";"4,3";"";"0,0"
"01/09/2026";"0600";"21,5";"21,7";"21,2";"93,0";"93,0";"92,0";"20,4";"20,4";"20,0";"1008,5";"1009,5";"1008,5";"2,9";"41,0";"5,4";"";"0,0"
"01/09/2026";"0700";"21,6";"21,6";"21,4";"93,0";"93,0";"93,0";"20,4";"20,4";"20,3";"1008,2";"1008,5";"1008,1";"3,2";"33,0";"5,6";"";"0,0"
"01/09/2026";"0800";"21,1";"21,6";"21,1";"93,0";"93,0";"93,0";"20,0";"20,4";"20,0";"1008,0";"1008,2";"1007,9";"3,0";"36,0";"5,4";"";"0,0"
"01/09/2026";"0900";"20,8";"21,2";"20,8";"93,0";"93,0";"93,0";"19,6";"20,0";"19,6";"1008,2";"1008,3";"1007,9";"2,6";"31,0";"5,9";"2,90";"0,0"
"01/09/2026";"1000";"21,4";"21,7";"20,8";"90,0";"93,0";"90,0";"19,7";"20,2";"19,7";"1008,6";"1008,7";"1008,0";"3,6";"10,0";"5,4";"219,70";"0,0"
"01/09/2026";"1100";"24,5";"24,5";"21,4";"78,0";"90,0";"78,0";"20,4";"20,8";"19,7";"1009,9";"1009,9";"1008,4";"2,4";"358,0";"6,3";"976,40";"0,0"
"01/09/2026";"1200";"26,4";"26,4";"24,4";"70,0";"79,0";"68,0";"20,4";"20,7";"19,6";"1011,0";"1011,0";"1010,0";"1,2";"357,0";"4,0";"1129,00";"0,0"
"01/09/2026";"1300";"27,0";"28,0";"26,4";"66,0";"70,0";"60,0";"20,1";"20,8";"19,5";"1011,1";"1011,3";"1010,9";"4,6";"179,0";"11,1";"2235,50";"0,0"
"01/09/2026";"1400";"26,5";"28,3";"26,5";"62,0";"67,0";"58,0";"18,5";"20,7";"18,4";"1010,2";"1011,1";"1010,1";"4,7";"185,0";"11,6";"2669,10";"0,0"
"01/09/2026";"1500";"26,0";"26,5";"25,6";"62,0";"68,0";"62,0";"18,2";"19,7";"18,2";"1009,2";"1010,2";"1009,2";"2,8";"171,0";"10,0";"956,10";"0,0"
"01/09/2026";"1600";"27,5";"27,8";"25,9";"59,0";"64,0";"58,0";"18,9";"19,5";"18,3";"1008,1";"1009,2";"1008,1";"1,2";"155,0";"7,1";"2192,60";"0,0"
"01/09/2026";"1700";"28,1";"28,1";"27,3";"57,0";"60,0";"57,0";"18,8";"19,3";"18,1";"1007,4";"1008,1";"1007,4";"1,3";"188,0";"3,2";"1096,90";"0,0"
"01/09/2026";"1800";"27,9";"28,1";"27,7";"57,0";"58,0";"55,0";"18,7";"19,0";"18,0";"1007,2";"1007,4";"1007,1";"1,7";"140,0";"3,3";"934,20";"0,0"
"01/09/2026";"1900";"27,2";"27,9";"27,2";"60,0";"61,0";"56,0";"18,7";"19,0";"18,3";"1007,5";"1007,5";"1007,1";"1,8";"103,0";"4,3";"481,50";"0,0"
"01/09/2026";"2000";"26,4";"27,2";"26,2";"67,0";"68,0";"59,0";"19,7";"19,8";"18,6";"1008,0";"1008,1";"1007,5";"2,4";"75,0";"4,7";"274,70";"0,0"
"01/09/2026";"2100";"25,5";"26,4";"25,5";"70,0";"71,0";"66,0";"19,7";"19,8";"19,5";"1008,7";"1008,7";"1008,0";"0,8";"119,0";"4,3";"67,30";"0,0"
"01/09/2026";"2200";"24,3";"25,5";"24,2";"80,0";"80,0";"70,0";"20,7";"20,7";"19,6";"1009,9";"1009,9";"1008,7";"2,2";"195,0";"6,3";"";"0,0"
"01/09/2026";"2300";"24,0";"24,3";"23,8";"78,0";"81,0";"78,0";"20,0";"20,7";"20,0";"1011,1";"1011,1";"1009,9";"3,0";"196,0";"7,7";"";"0,0"
"02/09/2026";"0000";"22,4";"24,0";"22,3";"86,0";"86,0";"78,0";"19,8";"20,1";"19,8";"1012,1";"1012,2";"1011,1";"1,9";"189,0";"8,4";"";"0,8"
"02/09/2026";"0100";"21,4";"22,4";"21,4";"91,0";"91,0";"85,0";"19,9";"20,0";"19,7";"1012,0";"1012,4";"1012,0";"0,7";"203,0";"4,3";"";"1,0"
"02/09/2026";"0200";"21,3";"21,5";"21,3";"93,0";"93,0";"90,0";"20,1";"20,1";"19,8";"1012,0";"1012,1";"1011,8";"1,7";"329,0";"2,5";"";"0,2"
"02/09/2026";"0300";"21,0";"21,3";"21,0";"94,0";"94,0";"93,0";"19,9";"20,1";"19,9";"1013,1";"1013,1";"1012,0";"2,1";"302,0";"4,2";"";"2,2"
"02/09/2026";"0400";"21,0";"21,1";"20,6";"91,0";"94,0";"91,0";"19,4";"20,0";"19,4";"1011,4";"1013,1";"1011,4";"3,4";"331,0";"7,1";"";"1,4"
"02/09/2026";"0500";"20,5";"21,0";"20,4";"86,0";"91,0";"86,0";"18,2";"19,3";"18,1";"1012,2";"1012,2";"1011,1";"3,8";"297,0";"7,1";"";"0,2"
"02/09/2026";"0600";"20,5";"20,5";"20,0";"93,0";"93,0";"86,0";"19,3";"19,4";"18,1";"1012,6";"1013,0";"1012,0";"4,3";"218,0";"7,3";"";"2,0"
"02/09/2026";"0700";"19,6";"20,5";"19,6";"92,0";"93,0";"90,0";"18,3";"19,2";"18,3";"1011,9";"1012,9";"1011,4";"2,6";"200,0";"10,7";"";"0,4"
"02/09/2026";"0800";"19,1";"19,7";"19,0";"89,0";"92,0";"88,0";"17,3";"18,2";"17,1";"1013,0";"1013,1";"1012,0";"2,1";"209,0";"6,2";"";"0,0"
"02/09/2026";"0900";"19,3";"19,4";"19,1";"87,0";"89,0";"86,0";"17,0";"17,4";"17,0";"1013,2";"1013,3";"1013,0";"2,0";"201,0";"4,2";"";"0,0"
"02/09/2026";"1000";"19,7";"19,7";"19,1";"83,0";"88,0";"83,0";"16,8";"17,2";"16,8";"1014,5";"1014,5";"1013,3";"2,3";"208,0";"4,2";"69,40";"0,0"
"02/09/2026";"1100";"21,3";"21,4";"19,7";"76,0";"83,0";"75,0";"16,8";"17,3";"16,6";"1014,9";"1015,0";"1014,5";"2,1";"213,0";"4,3";"522,40";"0,0"
"02/09/2026";"1200";"21,7";"21,7";"21,1";"72,0";"78,0";"71,0";"16,3";"17,2";"16,1";"1015,7";"1015,8";"1014,9";"2,5";"208,0";"5,9";"603,80";"0,0"
"02/09/2026";"1300";"23,0";"23,1";"21,7";"65,0";"73,0";"65,0";"16,1";"17,1";"15,9";"1016,3";"1016,4";"1015,7";"3,3";"203,0";"8,1";"1158,50";"0,0"
"02/09/2026";"1400";"24,4";"24,8";"22,9";"59,0";"67,0";"57,0";"15,8";"17,0";"15,2";"1016,1";"1016,4";"1016,0";"5,5";"211,0";"11,0";"2232,90";"0,0"
"02/09/2026";"1500";"24,7";"25,7";"24,1";"57,0";"61,0";"55,0";"15,7";"17,1";"15,2";"1016,1";"1016,2";"1016,0";"3,8";"195,0";"10,5";"2185,10";"0,0"
"02/09/2026";"1600";"26,1";"26,6";"24,4";"52,0";"60,0";"52,0";"15,5";"17,4";"14,9";"1015,6";"1016,1";"1015,6";"3,9";"188,0";"11,7";"2656,40";"0,0"
"02/09/2026";"1700";"24,1";"26,3";"24,1";"60,0";"63,0";"52,0";"16,0";"17,5";"15,6";"1015,6";"1015,8";"1015,5";"3,6";"188,0";"9,9";"2325,30";"0,0"
"02/09/2026";"1800";"24,9";"25,1";"23,4";"60,0";"67,0";"60,0";"16,7";"17,8";"15,6";"1015,3";"1015,6";"1015,3";"4,0";"183,0";"9,2";"1533,10";"0,0"
"02/09/2026";"1900";"23,1";"24,9";"22,9";"65,0";"67,0";"60,0";"16,0";"16,7";"15,0";"1015,9";"1015,9";"1015,3";"3,1";"189,0";"9,0";"773,40";"0,0"
"02/09/2026";"2000";"22,3";"23,3";"22,3";"68,0";"68,0";"62,0";"16,1";"16,3";"15,4";"1016,8";"1016,8";"1015,9";"3,0";"179,0";"7,8";"443,80";"0,0"
"02/09/2026";"2100";"21,2";"22,3";"21,1";"73,0";"73,0";"68,0";"16,1";"16,5";"15,9";"1017,3";"1017,3";"1016,8";"2,7";"164,0";"7,8";"58,80";"0,0"
"02/09/2026";"2200";"21,1";"21,4";"21,1";"70,0";"73,0";"69,0";"15,5";"16,2";"15,4";"1018,2";"1018,2";"1017,3";"1,9";"164,0";"6,7";"";"0,0"
"02/09/2026";"2300";"20,9";"21,3";"20,9";"71,0";"71,0";"68,0";"15,4";"15,5";"14,9";"1019,2";"1019,2";"1018,2";"1,5";"177,0";"5,5";"";"0,0"
"03/09/2026";"0000";"20,6";"20,9";"20,5";"75,0";"75,0";"71,0";"15,9";"15,9";"15,4";"1019,6";"1019,6";"1019,2";"0,8";"178,0";"3,4";"";"0,0"
"03/09/2026";"0100";"19,9";"20,8";"19,9";"80,0";"80,0";"73,0";"16,4";"16,5";"15,8";"1019,9";"1019,9";"1019,6";"1,1";"206,0";"3,0";"";"0,0"
"03/09/2026";"0200";"20,4";"20,6";"19,8";"76,0";"81,0";"76,0";"16,1";"16,6";"16,1";"1019,9";"1019,9";"1019,7";"1,0";"183,0";"3,4";"";"0,0"
"03/09/2026";"0300";"19,6";"20,4";"19,4";"82,0";"82,0";"76,0";"16,4";"16,4";"16,1";"1019,4";"1020,0";"1019,4";"0,9";"175,0";"3,0";"";"0,0"
"03/09/2026";"0400";"18,9";"19,7";"18,6";"84,0";"85,0";"81,0";"16,2";"16,4";"15,7";"1018,8";"1019,4";"1018,8";"0,8";"257,0";"2,8";"";"0,0"
"03/09/2026";"0500";"17,6";"18,9";"17,5";"91,0";"91,0";"84,0";"16,2";"16,2";"15,6";"1018,4";"1018,8";"1018,4";"1,6";"209,0";"2,3";"";"0,0"
"03/09/2026";"0600";"17,2";"17,8";"17,2";"93,0";"93,0";"91,0";"16,2";"16,4";"16,0";"1018,6";"1018,6";"1018,3";"1,1";"282,0";"2,3";"";"0,0"
"03/09/2026";"0700";"16,8";"17,2";"16,2";"95,0";"95,0";"93,0";"16,0";"16,2";"15,2";"1018,6";"1018,7";"1018,6";"1,9";"318,0";"2,6";"";"0,0"
"03/09/2026";"0800";"16,7";"17,0";"16,3";"95,0";"95,0";"94,0";"16,0";"16,2";"15,5";"1018,5";"1018,6";"1018,4";"1,0";"218,0";"2,2";"";"0,0"
"03/09/2026";"0900";"16,2";"17,2";"16,2";"95,0";"95,0";"95,0";"15,4";"16,5";"15,4";"1019,1";"1019,1";"1018,5";"1,4";"217,0";"2,6";"0,60";"0,0"
"03/09/2026";"1000";"18,5";"18,5";"16,2";"94,0";"95,0";"94,0";"17,4";"17,4";"15,4";"1019,5";"1019,5";"1019,1";"1,0";"240,0";"2,3";"327,90";"0,0"
"03/09/2026";"1100";"21,0";"21,2";"18,5";"76,0";"94,0";"76,0";"16,5";"17,7";"16,5";"1019,6";"1019,8";"1019,5";"1,5";"186,0";"2,9";"1105,40";"0,0"
"03/09/2026";"1200";"23,1";"23,5";"20,9";"64,0";"78,0";"64,0";"16,0";"17,5";"15,8";"1019,7";"1019,8";"1019,6";"2,0";"74,0";"4,1";"1890,30";"0,0"
"03/09/2026";"1300";"24,3";"25,0";"22,7";"59,0";"67,0";"57,0";"15,7";"17,3";"15,4";"1019,6";"1019,8";"1019,6";"2,6";"51,0";"6,3";"2285,90";"0,0"
"03/09/2026";"1400";"24,5";"25,4";"23,7";"56,0";"64,0";"54,0";"15,0";"17,3";"14,4";"1019,0";"1019,6";"1019,0";"2,8";"54,0";"5,9";"1572,30";"0,0"
"03/09/2026";"1500";"24,4";"26,8";"24,4";"53,0";"57,0";"46,0";"14,3";"16,2";"13,4";"1017,9";"1019,0";"1017,9";"4,0";"45,0";"8,5";"2421,40";"0,0"
"03/09/2026";"1600";"25,3";"25,3";"24,4";"55,0";"58,0";"52,0";"15,6";"16,3";"14,2";"1017,0";"1017,9";"1017,0";"3,5";"50,0";"8,2";"1523,00";"0,0"
"03/09/2026";"1700";"25,4";"25,5";"24,6";"54,0";"57,0";"52,0";"15,5";"15,8";"14,4";"1015,8";"1017,0";"1015,8";"5,0";"45,0";"8,4";"1624,20";"0,0"
"03/09/2026";"1800";"24,4";"26,1";"24,3";"57,0";"58,0";"53,0";"15,4";"16,0";"14,6";"1015,4";"1015,8";"1015,4";"4,9";"56,0";"9,4";"1686,50";"0,0"
"03/09/2026";"1900";"23,9";"24,7";"23,6";"63,0";"64,0";"56,0";"16,5";"16,7";"15,1";"1015,4";"1015,5";"1015,3";"5,6";"74,0";"10,4";"1320,90";"0,0"
"03/09/2026";"2000";"22,6";"24,1";"22,6";"67,0";"67,0";"62,0";"16,1";"16,7";"15,4";"1015,8";"1015,8";"1015,4";"5,8";"62,0";"10,4";"656,70";"0,0"
"03/09/2026";"2100";"21,6";"22,6";"21,6";"71,0";"71,0";"67,0";"16,0";"16,3";"16,0";"1016,1";"1016,1";"1015,8";"4,4";"56,0";"10,0";"44,60";"0,0"
"03/09/2026";"2200";"20,9";"21,6";"20,9";"74,0";"74,0";"71,0";"16,1";"16,1";"16,0";"1016,4";"1016,4";"1016,1";"3,8";"52,0";"7,7";"";"0,0"
"03/09/2026";"2300";"20,3";"20,9";"20,2";"77,0";"77,0";"74,0";"16,2";"16,2";"16,0";"1016,7";"1016,7";"1016,4";"2,9";"51,0";"6,0";"";"0,0"
"04/09/2026";"0000";"20,2";"20,5";"20,1";"79,0";"79,0";"77,0";"16,4";"16,4";"16,1";"1016,4";"1016,8";"1016,4";"3,0";"43,0";"5,4";"";"0,0"
"04/09/2026";"0100";"19,5";"20,3";"19,5";"82,0";"82,0";"78,0";"16,3";"16,5";"16,3";"1016,0";"1016,4";"1016,0";"2,3";"34,0";"5,4";"";"0,0"
"04/09/2026";"0200";"18,9";"19,5";"18,8";"87,0";"87,0";"82,0";"16,6";"16,6";"16,3";"1015,8";"1016,0";"1015,7";"1,0";"357,0";"3,6";"";"0,0"
"04/09/2026";"0300";"18,3";"18,9";"18,2";"88,0";"88,0";"87,0";"16,3";"16,7";"16,2";"1015,6";"1015,8";"1015,6";"1,7";"352,0";"2,9";"";"0,0"
"04/09/2026";"0400";"17,9";"18,3";"17,4";"89,0";"90,0";"88,0";"16,1";"16,3";"15,6";"1014,7";"1015,6";"1014,7";"2,9";"11,0";"4,4";"";"0,0"
"04/09/2026";"0500";"18,5";"18,5";"17,9";"87,0";"89,0";"86,0";"16,3";"16,3";"15,9";"1013,9";"1014,8";"1013,9";"3,8";"18,0";"6,9";"";"0,0"
"04/09/2026";"0600";"18,2";"18,8";"18,2";"86,0";"87,0";"84,0";"15,7";"16,4";"15,7";"1013,3";"1013,9";"1013,3";"3,6";"11,0";"6,9";"";"0,0"
"04/09/2026";"0700";"17,3";"18,1";"17,2";"90,0";"90,0";"86,0";"15,7";"15,7";"15,4";"1012,9";"1013,3";"1012,9";"2,9";"13,0";"5,6";"";"0,0"
"04/09/2026";"0800";"17,8";"18,1";"17,3";"90,0";"90,0";"89,0";"16,0";"16,3";"15,7";"1012,9";"1012,9";"1012,7";"3,3";"16,0";"5,3";"";"0,0"
"04/09/2026";"0900";"17,8";"17,8";"17,1";"90,0";"91,0";"89,0";"16,1";"16,1";"15,6";"1013,0";"1013,0";"1012,9";"4,1";"19,0";"6,5";"0,50";"0,0"
"04/09/2026";"1000";"19,7";"19,7";"17,7";"83,0";"90,0";"83,0";"16,7";"16,8";"15,9";"1013,4";"1013,4";"1013,0";"4,1";"350,0";"6,5";"324,60";"0,0"
"04/09/2026";"1100";"22,3";"22,3";"19,7";"74,0";"83,0";"74,0";"17,4";"17,7";"16,8";"1013,7";"1013,8";"1013,4";"4,4";"353,0";"7,5";"1102,90";"0,0"
"04/09/2026";"1200";"25,7";"25,8";"22,3";"60,0";"74,0";"60,0";"17,4";"18,3";"17,1";"1013,8";"1013,9";"1013,7";"4,5";"351,0";"7,5";"1933,00";"0,0"
"04/09/2026";"1300";"27,9";"28,5";"25,6";"49,0";"62,0";"49,0";"16,3";"18,0";"16,2";"1013,6";"1013,8";"1013,6";"4,8";"336,0";"9,6";"2619,20";"0,0"
"04/09/2026";"1400";"29,2";"29,2";"27,5";"49,0";"51,0";"47,0";"17,2";"17,4";"16,1";"1012,6";"1013,6";"1012,6";"4,3";"329,0";"9,8";"3055,60";"0,0"
"04/09/2026";"1500";"30,4";"30,4";"28,9";"46,0";"49,0";"45,0";"17,4";"17,8";"16,5";"1011,1";"1012,6";"1011,1";"4,5";"340,0";"9,8";"3245,40";"0,0"
"04/09/2026";"1600";"30,9";"31,2";"29,9";"43,0";"47,0";"42,0";"17,0";"17,8";"16,3";"1009,8";"1011,1";"1009,8";"5,0";"340,0";"9,3";"3209,20";"0,0"
"04/09/2026";"1700";"31,6";"32,1";"30,7";"42,0";"44,0";"41,0";"17,1";"17,7";"16,5";"1008,7";"1009,8";"1008,7";"4,5";"352,0";"9,3";"2883,50";"0,0"
"04/09/2026";"1800";"31,8";"32,1";"31,2";"42,0";"44,0";"40,0";"17,2";"17,5";"16,4";"1008,2";"1008,7";"1008,2";"3,7";"357,0";"8,0";"2329,80";"0,0"
"04/09/2026";"1900";"28,0";"32,1";"27,9";"55,0";"55,0";"41,0";"18,0";"18,5";"16,9";"1008,3";"1008,3";"1008,1";"4,4";"71,0";"7,0";"1588,30";"0,0"
"04/09/2026";"2000";"26,3";"28,1";"26,3";"59,0";"59,0";"53,0";"17,6";"17,8";"17,0";"1008,5";"1008,7";"1008,3";"3,9";"65,0";"7,4";"742,20";"0,0"
"04/09/2026";"2100";"23,9";"26,3";"23,9";"76,0";"76,0";"59,0";"19,5";"19,5";"17,6";"1008,9";"1008,9";"1008,5";"3,7";"71,0";"6,5";"66,60";"0,0"
"04/09/2026";"2200";"22,7";"23,9";"22,7";"85,0";"85,0";"76,0";"19,9";"20,0";"19,5";"1009,6";"1009,6";"1008,9";"2,5";"69,0";"5,8";"";"0,0"
"04/09/2026";"2300";"22,3";"22,8";"22,3";"87,0";"87,0";"84,0";"20,0";"20,1";"19,8";"1010,4";"1010,4";"1009,6";"2,9";"56,0";"4,5";"";"0,0"
"05/09/2026";"0000";"21,6";"22,3";"21,6";"91,0";"91,0";"87,0";"20,1";"20,2";"20,0";"1010,9";"1010,9";"1010,4";"1,9";"54,0";"4,4";"";"0,0"
"05/09/2026";"0100";"21,2";"21,6";"21,2";"93,0";"93,0";"91,0";"20,1";"20,2";"19,9";"1010,8";"1010,9";"1010,8";"2,0";"53,0";"2,8";"";"0,0"
"05/09/2026";"0200";"21,1";"21,4";"20,8";"94,0";"94,0";"93,0";"20,2";"20,3";"19,8";"1010,9";"1010,9";"1010,7";"1,3";"67,0";"2,8";"";"0,0"
"05/09/2026";"0300";"20,5";"21,2";"20,2";"95,0";"95,0";"94,0";"19,6";"20,4";"19,3";"1011,0";"1011,3";"1010,8";"0,9";"302,0";"1,9";"";"0,0"
"05/09/2026";"0400";"21,1";"21,1";"19,0";"96,0";"96,0";"95,0";"20,4";"20,4";"18,2";"1011,2";"1011,3";"1010,8";"2,4";"197,0";"5,5";"";"0,0"
"05/09/2026";"0500";"21,6";"21,7";"21,0";"90,0";"96,0";"90,0";"19,8";"20,6";"19,8";"1010,7";"1011,2";"1010,7";"1,8";"185,0";"7,7";"";"0,0"
"05/09/2026";"0600";"20,6";"21,6";"20,6";"87,0";"90,0";"87,0";"18,5";"19,7";"18,4";"1010,4";"1010,7";"1010,2";"1,7";"226,0";"6,0";"";"0,0"
"05/09/2026";"0700";"20,4";"20,7";"19,9";"89,0";"90,0";"87,0";"18,4";"18,7";"18,1";"1010,0";"1010,4";"1010,0";"1,1";"179,0";"3,0";"";"0,0"
"05/09/2026";"0800";"20,3";"20,4";"19,7";"88,0";"90,0";"88,0";"18,1";"18,4";"17,8";"1010,3";"1010,3";"1009,9";"1,0";"192,0";"3,0";"";"0,0"
"05/09/2026";"0900";"19,8";"20,2";"18,9";"90,0";"92,0";"87,0";"18,2";"18,4";"17,2";"1010,7";"1010,9";"1010,3";"0,7";"239,0";"2,2";"0,90";"0,0"
"05/09/2026";"1000";"22,0";"22,0";"19,2";"84,0";"91,0";"84,0";"19,2";"19,8";"17,5";"1011,4";"1011,4";"1010,7";"0,6";"340,0";"1,2";"347,30";"0,0"
"05/09/2026";"1100";"22,7";"23,1";"22,0";"82,0";"84,0";"79,0";"19,5";"19,7";"18,8";"1012,8";"1012,8";"1011,4";"2,9";"219,0";"5,3";"664,60";"0,0"
"05/09/2026";"1200";"25,2";"25,2";"22,7";"75,0";"83,0";"73,0";"20,6";"20,6";"19,5";"1012,7";"1013,0";"1012,7";"4,6";"207,0";"9,9";"1637,40";"0,0"
"05/09/2026";"1300";"25,0";"25,7";"24,3";"77,0";"78,0";"70,0";"20,6";"20,7";"19,4";"1011,9";"1012,7";"1011,9";"1,8";"186,0";"9,9";"1276,00";"0,0"
"05/09/2026";"1400";"25,4";"25,8";"24,8";"71,0";"77,0";"70,0";"19,7";"20,7";"19,6";"1010,5";"1012,0";"1010,5";"1,0";"165,0";"6,4";"1666,90";"0,0"
"05/09/2026";"1500";"27,1";"27,6";"25,3";"62,0";"71,0";"60,0";"19,2";"20,2";"18,8";"1009,2";"1010,5";"1009,2";"1,4";"93,0";"3,1";"2828,40";"0,0"
"05/09/2026";"1600";"29,6";"29,7";"27,1";"54,0";"63,0";"54,0";"19,3";"20,3";"18,9";"1008,0";"1009,2";"1008,0";"2,1";"19,0";"5,1";"3058,20";"0,0"
"05/09/2026";"1700";"30,1";"30,7";"28,7";"50,0";"57,0";"47,0";"18,5";"19,9";"17,7";"1006,7";"1008,0";"1006,6";"1,9";"53,0";"5,8";"2749,80";"0,0"
"05/09/2026";"1800";"29,7";"31,0";"29,6";"58,0";"58,0";"47,0";"20,5";"20,5";"17,8";"1006,0";"1006,7";"1005,9";"3,1";"79,0";"6,5";"2220,60";"0,0"
"05/09/2026";"1900";"27,6";"29,6";"27,6";"63,0";"64,0";"58,0";"19,9";"20,7";"19,5";"1006,9";"1006,9";"1006,0";"2,0";"88,0";"6,9";"954,00";"0,0"
"05/09/2026";"2000";"23,6";"27,6";"23,6";"83,0";"83,0";"63,0";"20,5";"21,2";"19,6";"1008,8";"1008,8";"1006,9";"6,1";"202,0";"13,3";"178,20";"0,0"
"05/09/2026";"2100";"23,0";"23,6";"23,0";"83,0";"84,0";"82,0";"19,9";"20,6";"19,8";"1010,1";"1010,1";"1008,8";"5,1";"205,0";"11,8";"4,20";"0,0"
"05/09/2026";"2200";"22,0";"23,0";"22,0";"90,0";"91,0";"83,0";"20,3";"20,6";"19,9";"1010,9";"1010,9";"1009,4";"4,7";"205,0";"10,8";"";"0,0"
"05/09/2026";"2300";"21,0";"22,0";"21,0";"94,0";"94,0";"90,0";"20,0";"20,3";"19,9";"1011,8";"1011,8";"1010,0";"3,8";"229,0";"10,8";"";"1,8"
"06/09/2026";"0000";"21,0";"21,0";"20,8";"95,0";"95,0";"94,0";"20,2";"20,2";"19,9";"1011,9";"1011,9";"1010,7";"3,0";"308,0";"6,3";"";"3,2"
"06/09/2026";"0100";"20,8";"21,1";"20,7";"95,0";"95,0";"95,0";"20,0";"20,3";"19,9";"1010,3";"1011,9";"1010,1";"2,1";"48,0";"5,1";"";"1,2"
"06/09/2026";"0200";"21,0";"21,0";"20,8";"95,0";"95,0";"95,0";"20,2";"20,2";"20,0";"1012,4";"1012,4";"1010,3";"3,2";"288,0";"6,0";"";"0,2"
"06/09/2026";"0300";"21,3";"21,5";"21,0";"95,0";"95,0";"94,0";"20,4";"20,6";"20,3";"1011,0";"1012,6";"1011,0";"2,3";"49,0";"6,0";"";"1,6"
"06/09/2026";"0400";"21,6";"21,6";"21,3";"95,0";"95,0";"95,0";"20,6";"20,7";"20,4";"1010,4";"1011,3";"1010,3";"3,4";"356,0";"6,5";"";"1,6"
"06/09/2026";"0500";"21,4";"21,6";"21,4";"95,0";"95,0";"94,0";"20,5";"20,7";"20,4";"1009,9";"1010,5";"1009,9";"1,9";"346,0";"4,9";"";"0,0"
"06/09/2026";"0600";"21,5";"21,5";"21,3";"94,0";"95,0";"94,0";"20,6";"20,6";"20,4";"1009,8";"1009,9";"1009,2";"1,9";"319,0";"4,6";"";"0,0"
"06/09/2026";"0700";"21,3";"21,5";"21,3";"94,0";"94,0";"94,0";"20,3";"20,6";"20,3";"1009,5";"1009,8";"1009,2";"1,9";"291,0";"4,0";"";"0,2"
"06/09/2026";"0800";"21,2";"21,3";"21,1";"95,0";"95,0";"94,0";"20,4";"20,4";"20,2";"1009,7";"1009,7";"1009,1";"1,9";"230,0";"4,0";"";"0,0"
"06/09/2026";"0900";"21,1";"21,2";"21,0";"94,0";"95,0";"94,0";"20,1";"20,3";"20,1";"1010,9";"1010,9";"1009,7";"3,1";"213,0";"6,0";"1,10";"0,0"
"06/09/2026";"1000";"21,1";"21,2";"21,1";"92,0";"94,0";"92,0";"19,8";"20,1";"19,8";"1012,2";"1012,2";"1010,9";"3,0";"209,0";"7,2";"93,90";"0,0"
"06/09/2026";"1100";"22,3";"22,3";"21,1";"91,0";"92,0";"91,0";"20,8";"20,8";"19,8";"1012,9";"1012,9";"1012,2";"3,0";"200,0";"7,2";"454,00";"0,0"
"06/09/2026";"1200";"22,3";"22,4";"22,2";"89,0";"91,0";"89,0";"20,4";"20,9";"20,4";"1013,6";"1013,6";"1012,9";"3,4";"203,0";"7,6";"490,00";"0,0"
"06/09/2026";"1300";"19,1";"22,4";"19,1";"93,0";"93,0";"87,0";"18,0";"20,5";"18,0";"1015,1";"1015,1";"1013,7";"8,0";"211,0";"15,0";"224,40";"0,6"
"06/09/2026";"1400";"19,4";"19,4";"19,0";"90,0";"93,0";"90,0";"17,7";"18,0";"17,7";"1015,5";"1015,7";"1015,1";"7,0";"210,0";"14,6";"361,50";"0,2"
"06/09/2026";"1500";"20,3";"20,3";"19,4";"87,0";"90,0";"87,0";"18,1";"18,1";"17,6";"1014,8";"1015,6";"1014,8";"4,3";"202,0";"11,6";"647,50";"0,0"
"06/09/2026";"1600";"20,1";"20,5";"20,0";"86,0";"87,0";"84,0";"17,6";"18,1";"17,4";"1014,5";"1015,0";"1014,5";"4,6";"197,0";"11,1";"740,00";"0,0"
"06/09/2026";"1700";"20,3";"20,7";"20,1";"84,0";"86,0";"83,0";"17,5";"18,1";"17,4";"1014,1";"1014,6";"1014,0";"3,9";"190,0";"10,3";"620,10";"0,0"
"06/09/2026";"1800";"18,2";"20,3";"18,2";"92,0";"92,0";"84,0";"16,8";"18,1";"16,8";"1014,4";"1014,4";"1014,0";"5,9";"198,0";"11,0";"341,90";"0,2"
"06/09/2026";"1900";"18,8";"18,8";"18,2";"90,0";"93,0";"89,0";"17,0";"17,2";"16,9";"1014,7";"1014,7";"1014,3";"4,2";"206,0";"11,2";"338,40";"0,0"
"06/09/2026";"2000";"18,9";"19,1";"18,7";"83,0";"90,0";"83,0";"16,0";"17,0";"16,0";"1015,2";"1015,2";"1014,7";"3,4";"208,0";"8,8";"145,60";"0,0"
"06/09/2026";"2100";"17,6";"18,9";"17,6";"91,0";"91,0";"83,0";"16,0";"16,4";"16,0";"1016,0";"1016,0";"1015,2";"4,6";"215,0";"7,9";"15,10";"0,0"
"06/09/2026";"2200";"17,2";"17,6";"17,2";"94,0";"94,0";"91,0";"16,2";"16,2";"16,0";"1017,0";"1017,0";"1016,0";"5,6";"220,0";"9,3";"";"0,0"
"06/09/2026";"2300";"16,7";"17,2";"16,7";"94,0";"94,0";"94,0";"15,7";"16,2";"15,7";"1018,0";"1018,0";"1017,0";"5,1";"220,0";"10,9";"";"0,4"
"07/09/2026";"0000";"16,4";"16,7";"16,4";"93,0";"94,0";"93,0";"15,3";"15,6";"15,3";"1018,7";"1018,8";"1018,0";"4,8";"221,0";"9,9";"";"0,0"
"07/09/2026";"0100";"16,9";"17,0";"16,4";"87,0";"93,0";"87,0";"14,8";"15,4";"14,8";"1018,6";"1018,9";"1018,6";"3,4";"213,0";"9,9";"";"0,0"
"07/09/2026";"0200";"16,6";"17,1";"16,6";"87,0";"87,0";"84,0";"14,4";"14,8";"14,3";"1018,8";"1018,9";"1018,6";"4,9";"219,0";"9,6";"";"0,0"
"07/09/2026";"0300";"15,8";"16,6";"15,8";"92,0";"92,0";"87,0";"14,5";"14,6";"14,4";"1019,1";"1019,1";"1018,7";"4,2";"228,0";"8,1";"";"1,6"
"07/09/2026";"0400";"15,6";"15,8";"15,5";"94,0";"94,0";"92,0";"14,6";"14,7";"14,4";"1018,4";"1019,1";"1018,4";"3,8";"222,0";"6,5";"";"3,6"
"07/09/2026";"0500";"15,7";"15,7";"15,5";"94,0";"94,0";"94,0";"14,8";"14,8";"14,5";"1018,1";"1018,4";"1018,1";"3,5";"214,0";"6,3";"";"1,2"
"07/09/2026";"0600";"15,9";"16,0";"15,7";"94,0";"94,0";"94,0";"15,0";"15,0";"14,8";"1018,4";"1018,4";"1018,1";"4,5";"219,0";"10,0";"";"0,0"
"07/09/2026";"0700";"15,9";"16,0";"15,9";"94,0";"94,0";"94,0";"15,0";"15,1";"15,0";"1018,7";"1018,8";"1018,2";"4,4";"219,0";"8,3";"";"0,2"
"07/09/2026";"0800";"15,9";"15,9";"15,8";"95,0";"95,0";"95,0";"15,1";"15,2";"15,0";"1019,1";"1019,1";"1018,7";"4,0";"216,0";"9,0";"";"0,8"
"07/09/2026";"0900";"15,5";"15,9";"15,5";"94,0";"95,0";"94,0";"14,5";"15,1";"14,5";"1019,9";"1019,9";"1019,1";"3,6";"220,0";"8,4";"1,70";"0,2"
"07/09/2026";"1000";"15,5";"15,6";"15,4";"90,0";"94,0";"90,0";"13,9";"14,5";"13,7";"1020,6";"1020,6";"1019,9";"2,7";"232,0";"5,7";"65,10";"0,0"
"07/09/2026";"1100";"16,1";"16,1";"15,5";"89,0";"90,0";"87,0";"14,2";"14,3";"13,8";"1021,3";"1021,3";"1020,6";"3,7";"216,0";"6,8";"232,90";"0,0"
"07/09/2026";"1200";"16,4";"16,4";"16,0";"90,0";"91,0";"88,0";"14,8";"14,9";"14,2";"1021,9";"1021,9";"1021,3";"3,1";"211,0";"7,4";"346,90";"0,2"
"07/09/2026";"1300";"17,8";"17,9";"16,3";"86,0";"91,0";"85,0";"15,4";"15,7";"14,7";"1021,8";"1022,2";"1021,8";"2,7";"217,0";"6,3";"738,60";"0,0"
"07/09/2026";"1400";"18,7";"18,7";"17,8";"79,0";"86,0";"79,0";"15,1";"15,7";"14,8";"1021,5";"1021,8";"1021,5";"4,0";"213,0";"6,6";"1026,00";"0,0"
"07/09/2026";"1500";"18,7";"19,2";"18,6";"79,0";"80,0";"76,0";"15,0";"15,6";"14,4";"1020,9";"1021,5";"1020,9";"4,0";"219,0";"8,5";"1060,20";"0,0"
"07/09/2026";"1600";"18,8";"19,0";"18,5";"76,0";"80,0";"75,0";"14,4";"15,2";"14,3";"1020,4";"1021,0";"1020,3";"4,1";"218,0";"7,3";"674,30";"0,0"
"07/09/2026";"1700";"18,9";"19,1";"18,8";"77,0";"78,0";"73,0";"14,9";"15,2";"14,2";"1019,7";"1020,4";"1019,7";"2,1";"210,0";"6,7";"572,40";"0,0"
"07/09/2026";"1800";"17,9";"18,9";"17,5";"83,0";"85,0";"76,0";"15,0";"15,0";"14,5";"1019,9";"1019,9";"1019,7";"1,8";"194,0";"6,5";"240,10";"0,0"
"07/09/2026";"1900";"17,8";"17,9";"17,7";"85,0";"86,0";"83,0";"15,2";"15,5";"15,0";"1020,3";"1020,3";"1019,9";"3,1";"215,0";"5,4";"224,60";"0,0"
"07/09/2026";"2000";"16,6";"17,8";"16,5";"91,0";"91,0";"84,0";"15,1";"15,2";"14,4";"1020,7";"1020,7";"1020,3";"1,6";"179,0";"5,6";"78,00";"0,0"
"07/09/2026";"2100";"16,1";"16,6";"16,1";"94,0";"94,0";"91,0";"15,2";"15,2";"15,0";"1020,9";"1021,0";"1020,6";"2,1";"219,0";"4,8";"8,90";"1,2"
"07/09/2026";"2200";"16,2";"16,2";"16,0";"95,0";"95,0";"94,0";"15,4";"15,4";"15,2";"1021,5";"1021,5";"1020,8";"2,0";"214,0";"4,5";"";"0,0"
"07/09/2026";"2300";"16,3";"16,3";"16,2";"95,0";"95,0";"95,0";"15,5";"15,5";"15,4";"1021,9";"1022,1";"1021,2";"1,8";"221,0";"3,7";"";"0,2"
"08/09/2026";"0000";"16,3";"16,3";"16,2";"95,0";"95,0";"95,0";"15,6";"15,6";"15,5";"1021,8";"1022,1";"1021,8";"0,8";"252,0";"3,3";"";"0,0"
"08/09/2026";"0100";"16,4";"16,4";"16,3";"95,0";"95,0";"95,0";"15,6";"15,7";"15,5";"1021,9";"1021,9";"1021,7";"0,7";"189,0";"2,2";"";"0,0"
"08/09/2026";"0200";"16,4";"16,4";"16,3";"95,0";"95,0";"95,0";"15,6";"15,7";"15,6";"1021,8";"1022,0";"1021,7";"1,4";"231,0";"3,1";"";"0,0"
"08/09/2026";"0300";"16,4";"16,5";"16,4";"95,0";"95,0";"95,0";"15,7";"15,7";"15,6";"1021,5";"1021,8";"1021,4";"0,8";"244,0";"2,1";"";"0,2"
"08/09/2026";"0400";"16,6";"16,6";"16,4";"95,0";"95,0";"95,0";"15,8";"15,8";"15,6";"1020,7";"1021,5";"1020,7";"0,7";"222,0";"1,2";"";"0,0"
"08/09/2026";"0500";"16,2";"16,6";"16,2";"95,0";"95,0";"95,0";"15,5";"15,8";"15,5";"1020,1";"1020,7";"1020,1";"0,7";"265,0";"2,7";"";"2,2"
"08/09/2026";"0600";"16,3";"16,3";"16,2";"96,0";"96,0";"95,0";"15,6";"15,6";"15,5";"1019,5";"1020,2";"1019,5";"0,3";"313,0";"1,6";"";"0,0"
"08/09/2026";"0700";"16,4";"16,4";"16,2";"96,0";"96,0";"96,0";"15,7";"15,7";"15,5";"1019,6";"1019,6";"1019,1";"0,9";"304,0";"2,1";"";"0,0"
"08/09/2026";"0800";"16,7";"16,7";"16,4";"96,0";"96,0";"96,0";"16,0";"16,0";"15,7";"1019,6";"1020,0";"1019,5";"1,5";"5,0";"2,6";"";"0,2"
"08/09/2026";"0900";"16,8";"16,8";"16,7";"96,0";"96,0";"96,0";"16,1";"16,1";"16,0";"1020,2";"1020,2";"1019,3";"0,8";"293,0";"3,6";"";"0,0"
"08/09/2026";"1000";"17,1";"17,1";"16,8";"96,0";"96,0";"95,0";"16,3";"16,3";"16,1";"1020,9";"1021,1";"1020,2";"0,5";"24,0";"1,9";"43,60";"0,0"
"08/09/2026";"1100";"18,0";"18,0";"17,1";"95,0";"96,0";"95,0";"17,1";"17,1";"16,3";"1021,4";"1021,4";"1020,8";"0,5";"5,0";"1,7";"230,00";"0,0"
"08/09/2026";"1200";"18,6";"18,7";"18,0";"92,0";"95,0";"91,0";"17,2";"17,4";"16,9";"1021,7";"1021,8";"1021,4";"1,1";"61,0";"1,8";"444,70";"0,0"
"08/09/2026";"1300";"19,4";"19,4";"18,6";"88,0";"92,0";"88,0";"17,4";"17,7";"17,0";"1021,4";"1021,9";"1021,4";"1,4";"61,0";"2,8";"632,70";"0,0"
"08/09/2026";"1400";"20,9";"21,1";"19,3";"76,0";"88,0";"76,0";"16,5";"17,8";"16,5";"1020,9";"1021,7";"1020,9";"1,2";"17,0";"3,6";"1012,20";"0,2"
"08/09/2026";"1500";"21,7";"21,7";"20,9";"76,0";"78,0";"74,0";"17,3";"17,4";"16,4";"1020,1";"1020,9";"1020,1";"1,3";"358,0";"3,0";"1241,40";"0,0"
"08/09/2026";"1600";"22,1";"22,5";"21,5";"75,0";"77,0";"73,0";"17,5";"18,0";"16,8";"1019,1";"1020,1";"1019,1";"2,0";"80,0";"3,6";"1287,30";"0,0"
"08/09/2026";"1700";"22,3";"22,7";"22,1";"75,0";"77,0";"73,0";"17,6";"18,4";"17,2";"1018,2";"1019,1";"1018,2";"2,9";"67,0";"6,7";"1210,90";"0,0"
"08/09/2026";"1800";"21,6";"22,3";"21,6";"78,0";"79,0";"74,0";"17,6";"17,8";"17,3";"1018,2";"1018,3";"1018,0";"2,3";"67,0";"6,5";"489,10";"0,0"
"08/09/2026";"1900";"20,9";"21,6";"20,9";"82,0";"82,0";"78,0";"17,8";"17,8";"17,5";"1018,4";"1018,5";"1018,1";"2,1";"71,0";"6,4";"222,40";"0,0"
"08/09/2026";"2000";"20,6";"20,9";"20,6";"85,0";"85,0";"82,0";"17,9";"17,9";"17,6";"1018,7";"1018,8";"1018,4";"1,5";"76,0";"3,8";"108,90";"0,0"
"08/09/2026";"2100";"20,3";"20,6";"20,3";"88,0";"88,0";"85,0";"18,2";"18,3";"17,9";"1019,0";"1019,0";"1018,6";"1,1";"78,0";"3,0";"21,60";"0,0"
"08/09/2026";"2200";"20,4";"20,4";"20,3";"89,0";"89,0";"88,0";"18,6";"18,6";"18,3";"1019,1";"1019,2";"1018,8";"0,8";"143,0";"2,7";"";"0,0"
"08/09/2026";"2300";"20,5";"20,5";"20,3";"90,0";"90,0";"89,0";"18,8";"18,8";"18,6";"1019,5";"1019,5";"1019,0";"0,4";"130,0";"2,4";"";"0,0"
"09/09/2026";"0000";"20,3";"20,5";"20,3";"92,0";"92,0";"90,0";"19,0";"19,0";"18,8";"1019,6";"1019,6";"1019,4";"0,8";"184,0";"1,6";"";"0,0"
"09/09/2026";"0100";"20,3";"20,5";"20,3";"93,0";"93,0";"92,0";"19,1";"19,2";"19,0";"1019,6";"1019,7";"1019,5";"0,7";"231,0";"1,3";"";"0,0"
"09/09/2026";"0200";"20,1";"20,4";"20,1";"93,0";"93,0";"93,0";"19,0";"19,2";"19,0";"1019,3";"1019,6";"1019,3";"0,4";"343,0";"1,8";"";"0,0"
"09/09/2026";"0300";"19,8";"20,2";"19,8";"94,0";"94,0";"93,0";"18,9";"19,1";"18,9";"1018,5";"1019,4";"1018,5";"1,2";"11,0";"2,3";"";"0,0"
"09/09/2026";"0400";"19,9";"19,9";"19,7";"95,0";"95,0";"94,0";"19,1";"19,1";"18,7";"1018,1";"1018,5";"1018,1";"1,2";"310,0";"2,7";"";"0,0"
"09/09/2026";"0500";"19,8";"20,0";"19,7";"95,0";"95,0";"95,0";"18,9";"19,1";"18,8";"1017,2";"1018,1";"1017,2";"0,5";"338,0";"2,7";"";"0,0"
"09/09/2026";"0600";"20,0";"20,1";"19,8";"95,0";"95,0";"95,0";"19,1";"19,3";"18,9";"1017,0";"1017,3";"1016,8";"0,2";"147,0";"1,2";"";"0,0"
"09/09/2026";"0700";"20,2";"20,2";"20,0";"95,0";"95,0";"95,0";"19,4";"19,4";"19,1";"1016,7";"1017,0";"1016,7";"1,1";"73,0";"1,6";"";"0,0"
"09/09/2026";"0800";"20,3";"20,3";"20,2";"95,0";"95,0";"95,0";"19,5";"19,5";"19,3";"1017,0";"1017,0";"1016,6";"1,7";"57,0";"2,4";"";"0,0"
"09/09/2026";"0900";"20,3";"20,3";"20,2";"95,0";"95,0";"95,0";"19,5";"19,5";"19,4";"1017,4";"1017,4";"1016,9";"1,8";"42,0";"3,6";"3,50";"0,0"
"09/09/2026";"1000";"21,1";"21,1";"20,3";"93,0";"95,0";"93,0";"20,0";"20,0";"19,5";"1018,1";"1018,1";"1017,3";"3,3";"360,0";"6,3";"176,60";"0,0"
"09/09/2026";"1100";"22,5";"22,5";"21,1";"86,0";"93,0";"86,0";"20,0";"20,4";"19,9";"1018,6";"1018,6";"1018,1";"3,2";"6,0";"5,5";"427,70";"0,0"
"09/09/2026";"1200";"23,7";"23,7";"22,5";"80,0";"86,0";"79,0";"19,9";"20,1";"19,7";"1018,1";"1018,6";"1018,1";"4,8";"21,0";"7,6";"867,60";"0,0"
"09/09/2026";"1300";"25,6";"26,1";"23,7";"69,0";"80,0";"69,0";"19,5";"20,9";"19,4";"1018,1";"1018,5";"1018,0";"4,0";"9,0";"7,6";"1723,60";"0,0"
"09/09/2026";"1400";"26,1";"26,4";"25,1";"68,0";"73,0";"67,0";"19,7";"20,5";"19,3";"1017,7";"1018,2";"1017,7";"3,6";"14,0";"6,3";"1490,30";"0,0"
"09/09/2026";"1500";"26,3";"26,5";"25,8";"67,0";"69,0";"64,0";"19,7";"20,0";"18,7";"1016,9";"1017,8";"1016,9";"2,3";"58,0";"5,8";"1142,10";"0,0"
"09/09/2026";"1600";"27,4";"27,6";"25,7";"64,0";"74,0";"64,0";"19,9";"21,2";"19,9";"1016,0";"1016,9";"1016,0";"3,1";"69,0";"6,4";"2520,10";"0,0"
"09/09/2026";"1700";"26,2";"27,3";"26,2";"72,0";"72,0";"63,0";"20,7";"20,8";"19,4";"1015,5";"1016,0";"1015,5";"3,9";"76,0";"8,4";"1806,30";"0,0"
"09/09/2026";"1800";"25,5";"26,5";"25,5";"77,0";"77,0";"70,0";"21,1";"21,2";"20,5";"1015,2";"1015,5";"1015,2";"4,4";"68,0";"8,5";"1371,00";"0,0"
"09/09/2026";"1900";"24,5";"25,6";"24,5";"80,0";"80,0";"76,0";"20,8";"21,4";"20,6";"1015,3";"1015,3";"1015,1";"5,4";"70,0";"9,9";"1007,40";"0,0"
"09/09/2026";"2000";"24,0";"24,6";"24,0";"83,0";"83,0";"80,0";"20,8";"21,1";"20,7";"1015,6";"1015,7";"1015,3";"4,9";"67,0";"9,7";"355,90";"0,0"
"09/09/2026";"2100";"23,6";"24,0";"23,6";"85,0";"85,0";"83,0";"21,0";"21,0";"20,8";"1015,7";"1015,7";"1015,5";"3,9";"67,0";"8,8";"54,50";"0,0"
"09/09/2026";"2200";"23,4";"23,6";"23,4";"87,0";"87,0";"85,0";"21,2";"21,2";"21,0";"1015,9";"1015,9";"1015,7";"3,6";"55,0";"7,1";"";"0,0"
"09/09/2026";"2300";"23,3";"23,5";"23,3";"88,0";"88,0";"87,0";"21,2";"21,3";"21,2";"1016,2";"1016,3";"1015,9";"3,6";"57,0";"7,1";"";"0,0"
"10/09/2026";"0000";"23,2";"23,3";"23,2";"88,0";"88,0";"88,0";"21,1";"21,2";"21,1";"1016,5";"1016,6";"1016,2";"3,0";"49,0";"6,9";"";"0,0"
"10/09/2026";"0100";"23,0";"23,2";"22,9";"90,0";"90,0";"88,0";"21,2";"21,2";"21,0";"1016,5";"1016,6";"1016,4";"2,2";"44,0";"6,1";"";"0,0"
"10/09/2026";"0200";"22,7";"23,0";"22,7";"91,0";"91,0";"90,0";"21,1";"21,2";"21,1";"1016,5";"1016,5";"1016,3";"2,4";"45,0";"5,4";"";"0,0"
"10/09/2026";"0300";"22,4";"22,7";"22,3";"92,0";"92,0";"91,0";"21,1";"21,2";"20,9";"1016,0";"1016,5";"1016,0";"2,3";"46,0";"4,4";"";"0,0"
"10/09/2026";"0400";"22,1";"22,4";"22,1";"93,0";"93,0";"92,0";"21,0";"21,2";"20,9";"1014,9";"1016,0";"1014,9";"2,4";"42,0";"4,5";"";"0,0"
"10/09/2026";"0500";"22,0";"22,2";"22,0";"93,0";"93,0";"93,0";"20,9";"21,0";"20,9";"1014,3";"1014,9";"1014,3";"2,2";"37,0";"4,6";"";"0,0"
"10/09/2026";"0600";"22,0";"22,0";"22,0";"94,0";"94,0";"93,0";"21,0";"21,0";"20,9";"1013,7";"1014,3";"1013,6";"3,1";"23,0";"4,8";"";"0,0"
"10/09/2026";"0700";"22,1";"22,1";"22,0";"94,0";"94,0";"94,0";"21,0";"21,1";"20,9";"1013,3";"1013,7";"1013,1";"2,5";"30,0";"5,8";"";"0,0"
"10/09/2026";"0800";"21,9";"22,1";"21,8";"94,0";"94,0";"94,0";"20,9";"21,0";"20,7";"1013,4";"1013,4";"1013,1";"2,6";"25,0";"4,2";"";"0,0"
"10/09/2026";"0900";"21,9";"21,9";"21,8";"94,0";"94,0";"94,0";"21,0";"21,0";"20,8";"1013,8";"1013,8";"1013,0";"2,2";"22,0";"3,9";"3,00";"0,0"
"10/09/2026";"1000";"23,1";"23,2";"21,9";"93,0";"94,0";"93,0";"22,0";"22,1";"21,0";"1013,9";"1014,2";"1013,8";"2,9";"25,0";"5,2";"310,50";"0,0"
"10/09/2026";"1100";"24,3";"24,3";"23,1";"87,0";"93,0";"87,0";"22,0";"22,4";"21,7";"1014,1";"1014,3";"1013,9";"3,6";"32,0";"6,3";"769,90";"0,0"
"10/09/2026";"1200";"27,3";"27,4";"24,3";"72,0";"87,0";"72,0";"21,9";"22,6";"21,6";"1014,3";"1014,5";"1014,1";"4,5";"27,0";"6,9";"1635,50";"0,0"
"10/09/2026";"1300";"29,3";"29,8";"27,3";"62,0";"73,0";"60,0";"21,3";"22,5";"21,1";"1014,0";"1014,3";"1014,0";"4,1";"357,0";"7,2";"2722,20";"0,0"
"10/09/2026";"1400";"30,5";"30,5";"29,0";"59,0";"64,0";"59,0";"21,6";"21,9";"20,6";"1013,4";"1014,0";"1013,4";"4,1";"345,0";"7,7";"1842,50";"0,0"
"10/09/2026";"1500";"30,9";"32,6";"29,9";"56,0";"59,0";"50,0";"21,0";"21,5";"19,7";"1012,8";"1013,4";"1012,7";"2,9";"334,0";"9,7";"2294,70";"0,0"
"10/09/2026";"1600";"29,9";"32,0";"29,9";"62,0";"62,0";"51,0";"21,8";"21,8";"20,4";"1012,1";"1012,8";"1012,1";"1,9";"53,0";"5,9";"2321,10";"0,0"
"10/09/2026";"1700";"29,3";"30,2";"28,6";"65,0";"67,0";"62,0";"22,0";"22,7";"21,6";"1011,1";"1012,1";"1011,1";"4,4";"68,0";"8,0";"2231,80";"0,0"
"10/09/2026";"1800";"27,8";"29,6";"27,8";"69,0";"69,0";"62,0";"21,7";"22,0";"21,0";"1010,4";"1011,1";"1010,4";"5,0";"61,0";"10,5";"2373,80";"0,0"
"10/09/2026";"1900";"26,8";"28,2";"26,8";"73,0";"74,0";"69,0";"21,6";"22,2";"21,6";"1009,9";"1010,4";"1009,8";"4,6";"66,0";"9,3";"1060,80";"0,0"
"10/09/2026";"2000";"25,8";"27,1";"25,8";"79,0";"79,0";"73,0";"21,9";"22,0";"21,6";"1010,5";"1010,5";"1009,8";"3,5";"69,0";"8,8";"432,40";"0,0"
"10/09/2026";"2100";"24,3";"25,8";"24,3";"85,0";"85,0";"79,0";"21,7";"22,0";"21,7";"1010,7";"1010,8";"1010,4";"3,2";"69,0";"7,0";"80,30";"0,0"
"10/09/2026";"2200";"24,1";"24,4";"24,1";"86,0";"87,0";"85,0";"21,7";"21,8";"21,6";"1010,9";"1010,9";"1010,7";"3,4";"50,0";"8,2";"";"0,0"
"10/09/2026";"2300";"23,8";"24,1";"23,8";"88,0";"88,0";"86,0";"21,7";"21,8";"21,6";"1011,4";"1011,4";"1010,7";"1,4";"20,0";"6,7";"";"0,0"
"11/09/2026";"0000";"23,6";"23,8";"23,4";"90,0";"90,0";"88,0";"21,8";"21,8";"21,6";"1012,3";"1012,4";"1011,4";"0,7";"69,0";"3,6";"";"0,0"
"11/09/2026";"0100";"23,5";"23,6";"23,1";"91,0";"91,0";"90,0";"22,0";"22,0";"21,4";"1012,6";"1012,7";"1012,3";"1,1";"97,0";"2,0";"";"0,0"
"11/09/2026";"0200";"23,3";"23,7";"23,1";"91,0";"91,0";"90,0";"21,8";"22,1";"21,5";"1013,4";"1013,4";"1012,6";"0,7";"214,0";"1,9";"";"0,0"
"11/09/2026";"0300";"23,4";"23,4";"23,1";"92,0";"92,0";"91,0";"22,0";"22,0";"21,7";"1013,5";"1013,8";"1013,4";"2,1";"198,0";"5,4";"";"0,0"
"11/09/2026";"0400";"23,3";"23,6";"23,2";"86,0";"92,0";"85,0";"20,8";"22,1";"20,8";"1012,8";"1013,7";"1012,8";"1,2";"166,0";"5,4";"";"0,0"
"11/09/2026";"0500";"22,2";"23,3";"22,1";"92,0";"92,0";"86,0";"20,8";"20,9";"20,5";"1013,1";"1013,1";"1012,5";"2,2";"298,0";"3,6";"";"0,0"
"11/09/2026";"0600";"22,1";"22,4";"22,0";"93,0";"93,0";"92,0";"21,0";"21,1";"20,8";"1011,2";"1013,3";"1011,2";"2,3";"26,0";"4,7";"";"0,4"
"11/09/2026";"0700";"22,6";"22,6";"22,1";"93,0";"94,0";"93,0";"21,5";"21,5";"21,0";"1010,5";"1011,2";"1010,5";"3,1";"9,0";"5,1";"";"0,2"
"11/09/2026";"0800";"22,6";"22,8";"22,5";"90,0";"93,0";"90,0";"20,9";"21,5";"20,9";"1010,9";"1010,9";"1010,5";"4,0";"353,0";"6,8";"";"0,0"
"11/09/2026";"0900";"22,9";"22,9";"22,4";"87,0";"90,0";"87,0";"20,5";"20,9";"20,5";"1010,9";"1010,9";"1010,6";"3,2";"23,0";"6,7";"4,00";"0,0"
"11/09/2026";"1000";"23,4";"23,4";"22,8";"86,0";"87,0";"86,0";"20,9";"20,9";"20,5";"1012,5";"1012,5";"1010,9";"2,2";"10,0";"5,9";"102,30";"0,0"
"11/09/2026";"1100";"24,6";"24,6";"23,4";"82,0";"86,0";"82,0";"21,4";"21,7";"20,9";"1013,4";"1013,4";"1012,5";"2,4";"5,0";"4,9";"523,70";"0,0"
"11/09/2026";"1200";"26,1";"26,2";"24,6";"76,0";"83,0";"75,0";"21,4";"21,9";"21,3";"1014,6";"1014,6";"1013,4";"1,9";"324,0";"4,4";"1037,80";"0,0"
"11/09/2026";"1300";"27,1";"27,1";"26,0";"73,0";"78,0";"72,0";"21,9";"22,4";"21,0";"1015,7";"1015,7";"1014,6";"2,2";"183,0";"6,0";"939,80";"0,0"
"11/09/2026";"1400";"26,6";"27,5";"25,5";"74,0";"77,0";"69,0";"21,7";"22,3";"20,4";"1015,4";"1015,7";"1015,3";"3,4";"180,0";"10,5";"2480,50";"0,0"
"11/09/2026";"1500";"25,5";"27,3";"25,5";"74,0";"75,0";"71,0";"20,6";"22,1";"20,5";"1014,6";"1015,4";"1014,6";"3,5";"169,0";"9,4";"2922,20";"0,0"
"11/09/2026";"1600";"26,5";"27,3";"25,5";"70,0";"75,0";"68,0";"20,6";"21,5";"20,3";"1012,9";"1014,6";"1012,9";"4,1";"166,0";"8,4";"2318,60";"0,0"
"11/09/2026";"1700";"28,2";"28,3";"26,5";"64,0";"70,0";"62,0";"20,7";"21,3";"19,9";"1011,7";"1012,9";"1011,7";"2,7";"128,0";"8,0";"2836,60";"0,0"
"11/09/2026";"1800";"28,0";"28,5";"27,6";"63,0";"67,0";"62,0";"20,4";"21,3";"20,1";"1010,9";"1011,7";"1010,9";"2,3";"87,0";"5,3";"1716,50";"0,0"
"11/09/2026";"1900";"26,9";"28,3";"26,9";"70,0";"70,0";"63,0";"20,8";"21,3";"20,1";"1010,7";"1011,0";"1010,7";"3,7";"69,0";"6,1";"1039,80";"0,0"
"11/09/2026";"2000";"25,7";"26,9";"25,5";"70,0";"73,0";"70,0";"19,9";"21,2";"19,9";"1010,7";"1010,8";"1010,6";"3,2";"57,0";"6,6";"493,00";"0,0"
"11/09/2026";"2100";"24,4";"25,7";"24,4";"74,0";"74,0";"70,0";"19,5";"20,0";"19,2";"1010,6";"1010,7";"1010,5";"2,2";"49,0";"5,8";"85,40";"0,0"
"11/09/2026";"2200";"23,6";"24,4";"23,5";"84,0";"84,0";"74,0";"20,7";"20,7";"19,5";"1010,9";"1010,9";"1010,5";"2,3";"50,0";"4,6";"";"0,0"
"11/09/2026";"2300";"23,4";"23,6";"23,0";"88,0";"89,0";"84,0";"21,3";"21,3";"20,6";"1011,1";"1011,1";"1010,9";"2,3";"50,0";"4,1";"";"0,0"
"12/09/2026";"0000";"23,4";"23,4";"23,2";"92,0";"92,0";"88,0";"21,9";"21,9";"21,2";"1010,7";"1011,2";"1010,7";"2,6";"44,0";"5,3";"";"0,0"
"12/09/2026";"0100";"22,9";"23,4";"22,9";"93,0";"93,0";"91,0";"21,7";"22,0";"21,6";"1010,3";"1010,7";"1010,3";"3,2";"38,0";"5,2";"";"0,0"
"12/09/2026";"0200";"22,5";"22,9";"22,4";"94,0";"94,0";"93,0";"21,4";"21,7";"21,4";"1010,3";"1010,4";"1010,1";"1,4";"42,0";"5,2";"";"0,0"
"12/09/2026";"0300";"22,2";"22,5";"22,2";"94,0";"94,0";"94,0";"21,3";"21,4";"21,3";"1009,8";"1010,3";"1009,8";"2,3";"36,0";"3,9";"";"0,0"
"12/09/2026";"0400";"22,2";"22,3";"22,0";"95,0";"95,0";"94,0";"21,3";"21,4";"21,1";"1009,2";"1009,8";"1009,2";"2,8";"72,0";"4,1";"";"0,0"
"12/09/2026";"0500";"21,8";"22,2";"21,8";"95,0";"95,0";"95,0";"21,0";"21,4";"21,0";"1008,6";"1009,2";"1008,5";"2,1";"65,0";"4,9";"";"0,0"
"12/09/2026";"0600";"21,9";"22,0";"21,7";"95,0";"95,0";"95,0";"21,1";"21,2";"20,9";"1008,2";"1008,6";"1008,2";"2,8";"53,0";"4,1";"";"0,0"
"12/09/2026";"0700";"21,9";"22,1";"21,7";"95,0";"95,0";"95,0";"21,0";"21,3";"20,8";"1008,0";"1008,3";"1008,0";"3,5";"36,0";"5,8";"";"0,0"
"12/09/2026";"0800";"21,9";"21,9";"21,7";"95,0";"95,0";"95,0";"21,0";"21,1";"20,9";"1008,3";"1008,4";"1007,9";"3,3";"34,0";"6,9";"";"0,0"
"12/09/2026";"0900";"21,8";"22,0";"21,7";"92,0";"95,0";"92,0";"20,5";"21,0";"20,5";"1009,2";"1009,2";"1008,3";"3,5";"28,0";"5,4";"8,80";"0,0"
"12/09/2026";"1000";"23,7";"23,7";"21,8";"86,0";"92,0";"86,0";"21,3";"21,3";"20,5";"1011,2";"1011,3";"1009,2";"2,5";"256,0";"5,9";"381,80";"0,0"
"12/09/2026";"1100";"26,3";"26,4";"23,7";"75,0";"86,0";"75,0";"21,5";"22,0";"21,2";"1012,6";"1012,6";"1011,2";"1,7";"178,0";"6,0";"1182,70";"0,0"
"12/09/2026";"1200";"27,5";"27,8";"26,2";"70,0";"76,0";"69,0";"21,5";"22,3";"21,0";"1013,4";"1013,4";"1012,6";"3,9";"168,0";"8,3";"1983,20";"0,0"
"12/09/2026";"1300";"29,4";"29,6";"27,2";"66,0";"71,0";"64,0";"22,3";"22,7";"21,2";"1013,6";"1013,6";"1013,3";"2,9";"182,0";"8,6";"2678,00";"0,0"
"12/09/2026";"1400";"28,2";"30,1";"28,1";"65,0";"66,0";"62,0";"21,1";"22,4";"20,9";"1014,0";"1014,0";"1013,5";"5,2";"203,0";"12,2";"2214,70";"0,0"
"12/09/2026";"1500";"29,6";"29,8";"27,7";"56,0";"66,0";"55,0";"19,7";"20,9";"19,4";"1013,5";"1014,0";"1013,5";"6,0";"208,0";"12,6";"2910,70";"0,0"
"12/09/2026";"1600";"29,2";"30,4";"29,1";"54,0";"56,0";"50,0";"19,0";"19,9";"18,4";"1013,2";"1013,5";"1013,1";"6,4";"217,0";"12,3";"3047,50";"0,0"
"12/09/2026";"1700";"28,1";"29,5";"27,9";"55,0";"57,0";"52,0";"18,2";"19,0";"17,9";"1012,9";"1013,2";"1012,9";"3,9";"192,0";"12,3";"1363,40";"0,0"
"12/09/2026";"1800";"28,1";"29,3";"27,8";"53,0";"55,0";"50,0";"17,7";"18,5";"17,5";"1012,4";"1012,9";"1012,4";"2,8";"192,0";"9,2";"1522,20";"0,0"
"12/09/2026";"1900";"28,7";"28,9";"27,9";"51,0";"55,0";"49,0";"17,4";"18,1";"16,9";"1012,2";"1012,4";"1012,1";"2,7";"182,0";"7,2";"1500,10";"0,0"
"12/09/2026";"2000";"27,8";"28,7";"27,8";"53,0";"54,0";"49,0";"17,3";"18,0";"16,7";"1012,7";"1012,7";"1012,2";"1,5";"165,0";"5,8";"709,20";"0,0"
"12/09/2026";"2100";"26,4";"27,8";"26,4";"60,0";"60,0";"52,0";"17,9";"17,9";"16,6";"1013,2";"1013,2";"1012,7";"1,5";"98,0";"3,9";"67,60";"0,0"
"12/09/2026";"2200";"24,0";"26,4";"23,9";"71,0";"71,0";"60,0";"18,4";"18,4";"17,7";"1013,6";"1013,6";"1013,2";"2,5";"36,0";"3,3";"";"0,0"
"12/09/2026";"2300";"23,5";"24,2";"23,5";"79,0";"79,0";"71,0";"19,6";"19,6";"18,5";"1014,2";"1014,2";"1013,5";"2,8";"40,0";"5,4";"";"0,0"
"13/09/2026";"0000";"23,0";"23,6";"23,0";"81,0";"81,0";"79,0";"19,5";"19,7";"19,4";"1014,3";"1014,3";"1014,0";"2,9";"38,0";"5,6";"";"0,0"
"13/09/2026";"0100";"22,4";"23,0";"22,1";"84,0";"84,0";"81,0";"19,5";"19,6";"19,2";"1014,6";"1014,6";"1014,3";"1,0";"79,0";"4,8";"";"0,0"
"13/09/2026";"0200";"22,3";"22,4";"21,9";"85,0";"86,0";"84,0";"19,7";"19,8";"19,2";"1014,8";"1014,9";"1014,5";"1,4";"106,0";"2,3";"";"0,0"
"13/09/2026";"0300";"22,4";"22,6";"22,3";"85,0";"85,0";"83,0";"19,7";"19,8";"19,4";"1015,4";"1015,4";"1014,8";"1,7";"137,0";"3,4";"";"0,0"
"13/09/2026";"0400";"21,7";"22,4";"21,2";"91,0";"91,0";"85,0";"20,2";"20,2";"19,4";"1016,1";"1016,2";"1015,4";"4,6";"218,0";"9,0";"";"0,0"
"13/09/2026";"0500";"21,6";"21,9";"21,6";"92,0";"92,0";"91,0";"20,3";"20,5";"20,2";"1015,7";"1016,1";"1015,7";"3,1";"205,0";"9,0";"";"0,0"
"13/09/2026";"0600";"21,1";"21,6";"21,1";"92,0";"93,0";"92,0";"19,8";"20,3";"19,8";"1015,6";"1015,8";"1015,6";"2,3";"215,0";"5,8";"";"0,0"
"13/09/2026";"0700";"21,4";"21,4";"21,0";"91,0";"92,0";"91,0";"19,8";"19,9";"19,6";"1015,8";"1015,8";"1015,6";"1,7";"214,0";"4,4";"";"0,0"
"13/09/2026";"0800";"21,5";"21,6";"21,3";"91,0";"91,0";"90,0";"19,9";"19,9";"19,8";"1016,1";"1016,1";"1015,7";"1,4";"204,0";"4,9";"";"0,0"
"13/09/2026";"0900";"21,6";"21,6";"21,4";"92,0";"92,0";"91,0";"20,2";"20,2";"19,9";"1016,7";"1016,7";"1016,1";"1,0";"176,0";"3,0";"9,00";"0,0"
"13/09/2026";"1000";"22,4";"22,4";"21,6";"91,0";"92,0";"90,0";"20,8";"20,8";"20,1";"1017,6";"1017,6";"1016,7";"1,5";"193,0";"3,6";"242,40";"0,0"
"13/09/2026";"1100";"23,2";"23,2";"22,3";"84,0";"91,0";"84,0";"20,4";"21,1";"20,2";"1018,0";"1018,0";"1017,6";"3,3";"202,0";"7,2";"597,50";"0,0"
"13/09/2026";"1200";"23,4";"23,4";"22,8";"81,0";"85,0";"81,0";"19,9";"20,4";"19,8";"1018,6";"1018,6";"1018,0";"3,2";"205,0";"7,5";"630,00";"0,0"
"13/09/2026";"1300";"24,4";"24,5";"23,3";"73,0";"81,0";"73,0";"19,3";"20,0";"19,1";"1018,4";"1018,7";"1018,4";"2,6";"194,0";"6,6";"1116,70";"0,0"
"13/09/2026";"1400";"26,0";"26,3";"24,4";"67,0";"75,0";"64,0";"19,4";"20,2";"18,6";"1018,0";"1018,4";"1017,9";"3,1";"201,0";"6,1";"1996,50";"0,0"
"13/09/2026";"1500";"26,1";"26,9";"25,8";"66,0";"67,0";"63,0";"19,1";"19,6";"18,6";"1017,4";"1018,0";"1017,3";"2,5";"178,0";"6,6";"2299,60";"0,0"
"13/09/2026";"1600";"25,0";"26,1";"25,0";"66,0";"69,0";"64,0";"18,3";"19,5";"18,3";"1016,7";"1017,4";"1016,7";"2,8";"185,0";"7,2";"1334,50";"0,0"
"13/09/2026";"1700";"24,1";"25,1";"24,1";"70,0";"72,0";"66,0";"18,4";"19,0";"18,1";"1016,1";"1016,7";"1016,1";"2,6";"186,0";"7,6";"750,50";"0,0"
"13/09/2026";"1800";"23,8";"24,3";"23,5";"75,0";"75,0";"70,0";"19,2";"19,2";"18,1";"1015,5";"1016,1";"1015,5";"2,3";"193,0";"7,9";"634,80";"0,0"
"13/09/2026";"1900";"23,0";"23,9";"23,0";"78,0";"78,0";"74,0";"19,0";"19,2";"18,7";"1015,6";"1015,7";"1015,2";"3,4";"211,0";"7,2";"456,00";"0,0"
"13/09/2026";"2000";"22,6";"23,0";"22,6";"80,0";"80,0";"77,0";"18,9";"19,1";"18,5";"1016,1";"1016,1";"1015,6";"2,3";"191,0";"7,2";"82,20";"0,0"
"13/09/2026";"2100";"22,0";"22,6";"21,6";"84,0";"86,0";"80,0";"19,1";"19,2";"18,9";"1016,3";"1016,3";"1016,1";"3,0";"164,0";"5,7";"";"0,0"
"13/09/2026";"2200";"21,4";"22,0";"21,4";"88,0";"88,0";"84,0";"19,4";"19,5";"19,1";"1016,9";"1016,9";"1016,3";"2,2";"206,0";"5,7";"";"0,0"
"13/09/2026";"2300";"20,8";"21,4";"20,6";"94,0";"94,0";"88,0";"19,7";"19,7";"19,4";"1017,4";"1017,4";"1016,8";"1,8";"203,0";"5,0";"";"0,2"
"14/09/2026";"0000";"20,2";"20,8";"20,1";"94,0";"94,0";"94,0";"19,2";"19,7";"19,2";"1017,7";"1017,7";"1017,4";"1,8";"176,0";"5,4";"";"1,6"
"14/09/2026";"0100";"19,7";"20,2";"19,7";"94,0";"95,0";"94,0";"18,8";"19,3";"18,8";"1018,4";"1018,4";"1017,7";"2,0";"177,0";"7,5";"";"0,6"
"14/09/2026";"0200";"19,7";"19,8";"19,6";"94,0";"95,0";"94,0";"18,7";"18,9";"18,6";"1018,0";"1018,5";"1018,0";"1,6";"175,0";"5,1";"";"0,4"
"14/09/2026";"0300";"19,3";"19,7";"19,3";"95,0";"95,0";"94,0";"18,4";"18,7";"18,4";"1017,6";"1018,0";"1017,4";"2,3";"166,0";"5,4";"";"0,2"
"14/09/2026";"0400";"19,1";"19,4";"19,1";"95,0";"95,0";"94,0";"18,3";"18,5";"18,3";"1016,6";"1017,6";"1016,6";"1,7";"173,0";"5,4";"";"0,4"
"14/09/2026";"0500";"19,2";"19,2";"19,1";"94,0";"95,0";"94,0";"18,2";"18,3";"18,2";"1016,4";"1016,6";"1016,3";"1,5";"207,0";"4,3";"";"0,0"
"14/09/2026";"0600";"19,2";"19,3";"19,1";"94,0";"95,0";"94,0";"18,3";"18,4";"18,2";"1016,0";"1016,4";"1015,9";"1,1";"226,0";"3,4";"";"0,0"
"14/09/2026";"0700";"19,2";"19,3";"19,1";"95,0";"95,0";"94,0";"18,3";"18,4";"18,3";"1015,9";"1016,1";"1015,8";"1,3";"214,0";"2,5";"";"0,0"
"14/09/2026";"0800";"19,2";"19,2";"19,1";"94,0";"95,0";"94,0";"18,2";"18,4";"18,2";"1016,4";"1016,4";"1015,8";"2,2";"214,0";"3,6";"";"0,0"
"14/09/2026";"0900";"19,2";"19,2";"19,1";"94,0";"94,0";"93,0";"18,2";"18,2";"18,0";"1016,6";"1016,7";"1016,3";"1,8";"192,0";"5,3";"0,70";"0,0"
"14/09/2026";"1000";"19,2";"19,3";"19,2";"92,0";"94,0";"92,0";"17,8";"18,2";"17,8";"1017,8";"1017,8";"1016,6";"3,9";"215,0";"6,2";"26,80";"0,0"
"14/09/2026";"1100";"18,9";"19,2";"18,9";"94,0";"94,0";"92,0";"18,0";"18,0";"17,8";"1018,4";"1018,5";"1017,3";"2,4";"204,0";"7,6";"112,10";"0,4"
"14/09/2026";"1200";"19,4";"19,4";"18,8";"95,0";"95,0";"94,0";"18,5";"18,5";"17,8";"1018,6";"1018,7";"1018,1";"2,0";"211,0";"5,1";"244,70";"1,0"
"14/09/2026";"1300";"19,5";"19,6";"19,3";"95,0";"95,0";"95,0";"18,6";"18,8";"18,4";"1018,9";"1019,0";"1018,6";"1,7";"199,0";"4,6";"148,90";"0,6"
"14/09/2026";"1400";"19,7";"19,8";"19,4";"95,0";"95,0";"95,0";"18,8";"19,0";"18,5";"1018,7";"1018,9";"1018,6";"1,3";"199,0";"4,5";"228,70";"1,6"
"14/09/2026";"1500";"19,7";"19,7";"19,4";"95,0";"95,0";"95,0";"18,9";"18,9";"18,6";"1017,6";"1018,7";"1017,6";"0,7";"205,0";"5,1";"310,30";"1,8"
"14/09/2026";"1600";"20,2";"20,4";"19,6";"94,0";"95,0";"94,0";"19,1";"19,6";"18,7";"1016,0";"1017,6";"1016,0";"3,1";"356,0";"4,8";"661,20";"0,2"
"14/09/2026";"1700";"20,4";"20,4";"19,9";"94,0";"94,0";"92,0";"19,4";"19,4";"18,7";"1014,9";"1016,3";"1014,7";"1,6";"24,0";"4,8";"410,70";"1,8"
"14/09/2026";"1800";"21,1";"21,3";"20,3";"90,0";"94,0";"90,0";"19,3";"19,7";"19,2";"1014,1";"1014,9";"1014,1";"2,2";"34,0";"6,2";"758,10";"0,0"
"14/09/2026";"1900";"21,0";"21,2";"20,9";"89,0";"90,0";"89,0";"19,1";"19,5";"19,1";"1014,0";"1014,1";"1013,8";"2,9";"49,0";"5,1";"316,10";"0,0"
"14/09/2026";"2000";"21,0";"21,0";"20,9";"90,0";"90,0";"88,0";"19,3";"19,3";"18,9";"1014,0";"1014,2";"1013,8";"2,7";"46,0";"5,1";"181,00";"0,0"
"14/09/2026";"2100";"20,6";"21,0";"20,6";"90,0";"90,0";"90,0";"19,0";"19,4";"19,0";"1014,0";"1014,2";"1013,8";"2,7";"25,0";"5,6";"18,00";"0,0"
"14/09/2026";"2200";"20,4";"20,6";"20,4";"92,0";"92,0";"90,0";"19,0";"19,0";"18,9";"1014,3";"1014,4";"1013,9";"2,7";"9,0";"4,4";"";"0,0"
"14/09/2026";"2300";"20,1";"20,4";"20,0";"93,0";"93,0";"92,0";"18,8";"19,0";"18,8";"1014,9";"1014,9";"1014,3";"1,8";"354,0";"4,3";"";"0,0"
"15/09/2026";"0000";"20,3";"20,3";"20,1";"92,0";"93,0";"92,0";"19,1";"19,1";"18,8";"1015,7";"1015,7";"1014,9";"1,7";"336,0";"4,1";"";"0,0"
"15/09/2026";"0100";"20,4";"20,5";"20,3";"92,0";"92,0";"92,0";"19,1";"19,2";"19,1";"1015,7";"1015,9";"1015,6";"1,2";"301,0";"3,8";"";"0,0"
"15/09/2026";"0200";"20,4";"20,5";"20,4";"92,0";"92,0";"92,0";"19,1";"19,2";"19,1";"1015,4";"1015,7";"1015,3";"0,9";"305,0";"2,1";"";"0,0"
"15/09/2026";"0300";"20,4";"20,6";"20,4";"92,0";"92,0";"91,0";"19,1";"19,2";"19,0";"1015,0";"1015,5";"1014,7";"0,9";"289,0";"2,3";"";"0,0"
"15/09/2026";"0400";"19,8";"20,5";"19,8";"94,0";"94,0";"92,0";"18,9";"19,2";"18,8";"1015,0";"1015,6";"1014,7";"2,7";"217,0";"7,5";"";"1,8"
"15/09/2026";"0500";"19,5";"19,8";"19,4";"95,0";"95,0";"94,0";"18,6";"18,9";"18,6";"1012,2";"1015,0";"1012,2";"1,8";"77,0";"7,6";"";"1,8"
"15/09/2026";"0600";"19,2";"19,5";"19,2";"95,0";"95,0";"95,0";"18,5";"18,7";"18,5";"1012,7";"1013,1";"1011,5";"1,6";"210,0";"7,0";"";"1,2"
"15/09/2026";"0700";"19,2";"19,3";"19,2";"96,0";"96,0";"95,0";"18,5";"18,5";"18,4";"1013,0";"1013,1";"1012,6";"0,9";"284,0";"2,9";"";"0,0"
"15/09/2026";"0800";"19,4";"19,4";"19,2";"96,0";"96,0";"96,0";"18,7";"18,7";"18,5";"1014,4";"1014,4";"1013,0";"2,1";"254,0";"3,8";"";"0,2"
"15/09/2026";"0900";"19,5";"19,5";"19,3";"96,0";"96,0";"96,0";"18,8";"18,8";"18,6";"1012,7";"1014,4";"1012,5";"4,0";"42,0";"6,0";"2,20";"1,2"
"15/09/2026";"1000";"19,9";"20,0";"19,5";"96,0";"96,0";"96,0";"19,2";"19,2";"18,8";"1013,3";"1013,4";"1012,7";"3,2";"28,0";"6,0";"70,60";"0,0"
"15/09/2026";"1100";"20,8";"20,9";"19,9";"95,0";"96,0";"95,0";"20,0";"20,1";"19,2";"1014,1";"1014,6";"1012,8";"1,9";"353,0";"7,8";"331,70";"0,0"
"15/09/2026";"1200";"21,9";"21,9";"20,8";"90,0";"95,0";"90,0";"20,3";"20,6";"19,9";"1014,0";"1014,4";"1013,8";"3,4";"22,0";"5,8";"553,90";"0,0"
"15/09/2026";"1300";"22,8";"22,8";"21,7";"87,0";"90,0";"86,0";"20,6";"20,6";"19,7";"1013,6";"1014,2";"1013,1";"1,4";"134,0";"6,9";"793,60";"0,0"
"15/09/2026";"1400";"24,8";"24,8";"22,8";"78,0";"87,0";"76,0";"20,6";"20,9";"19,6";"1013,4";"1013,9";"1013,2";"1,4";"256,0";"3,3";"1729,20";"0,0"
"15/09/2026";"1500";"26,4";"26,8";"24,7";"70,0";"79,0";"69,0";"20,6";"21,3";"19,9";"1013,0";"1013,4";"1013,0";"3,1";"208,0";"5,9";"2996,30";"0,0"
"15/09/2026";"1600";"26,8";"27,0";"26,0";"67,0";"72,0";"66,0";"20,1";"21,1";"19,8";"1012,9";"1013,1";"1012,6";"2,9";"192,0";"7,4";"3290,20";"0,0"
"15/09/2026";"1700";"25,8";"26,9";"25,5";"71,0";"73,0";"66,0";"20,2";"20,7";"19,6";"1012,0";"1012,9";"1011,9";"2,0";"191,0";"7,4";"1647,30";"0,0"
"15/09/2026";"1800";"24,1";"26,4";"24,1";"76,0";"77,0";"70,0";"19,5";"20,9";"19,5";"1012,1";"1012,2";"1011,9";"3,8";"181,0";"8,9";"1196,40";"0,0"
"15/09/2026";"1900";"23,7";"24,3";"23,7";"76,0";"79,0";"75,0";"19,2";"20,3";"19,0";"1012,7";"1012,7";"1012,0";"3,1";"194,0";"8,8";"769,80";"0,0"
"15/09/2026";"2000";"22,8";"23,7";"22,8";"76,0";"77,0";"75,0";"18,3";"19,1";"18,2";"1013,0";"1013,1";"1012,7";"2,9";"184,0";"9,0";"375,10";"0,0"
"15/09/2026";"2100";"21,9";"22,8";"21,9";"80,0";"80,0";"76,0";"18,2";"18,3";"18,1";"1013,5";"1013,6";"1013,0";"2,8";"195,0";"8,4";"39,40";"0,0"
"15/09/2026";"2200";"21,7";"21,9";"21,5";"80,0";"81,0";"79,0";"18,0";"18,2";"18,0";"1013,8";"1014,0";"1013,5";"2,0";"194,0";"6,3";"";"0,0"
"15/09/2026";"2300";"21,5";"21,7";"21,4";"81,0";"82,0";"80,0";"18,1";"18,2";"18,0";"1014,8";"1014,8";"1013,8";"2,7";"205,0";"6,4";"";"0,0"
"16/09/2026";"0000";"21,0";"21,5";"21,0";"83,0";"83,0";"81,0";"18,0";"18,2";"18,0";"1015,8";"1015,9";"1014,7";"3,2";"216,0";"6,8";"";"0,0"
"16/09/2026";"0100";"19,7";"21,0";"19,6";"93,0";"93,0";"83,0";"18,5";"18,6";"18,0";"1015,8";"1015,9";"1015,1";"2,0";"193,0";"6,3";"";"2,8"
"16/09/2026";"0200";"19,6";"19,8";"19,5";"94,0";"94,0";"93,0";"18,7";"18,7";"18,5";"1015,9";"1016,5";"1015,7";"2,0";"181,0";"5,8";"";"3,8"
"16/09/2026";"0300";"19,6";"19,6";"19,5";"93,0";"94,0";"93,0";"18,4";"18,7";"18,4";"1016,9";"1016,9";"1015,9";"2,6";"209,0";"5,8";"";"0,0"
"16/09/2026";"0400";"19,0";"19,6";"19,0";"94,0";"94,0";"93,0";"18,0";"18,4";"18,0";"1015,2";"1016,9";"1015,2";"1,7";"130,0";"4,9";"";"2,4"
"16/09/2026";"0500";"18,9";"19,2";"18,9";"95,0";"95,0";"94,0";"18,0";"18,3";"18,0";"1015,3";"1016,4";"1014,9";"1,0";"22,0";"3,4";"";"3,0"
"16/09/2026";"0600";"18,5";"19,0";"18,5";"95,0";"95,0";"95,0";"17,7";"18,1";"17,7";"1014,8";"1015,4";"1014,6";"1,1";"18,0";"1,9";"";"0,0"
"16/09/2026";"0700";"18,9";"18,9";"18,3";"96,0";"96,0";"95,0";"18,2";"18,2";"17,5";"1015,4";"1015,5";"1014,8";"2,2";"208,0";"3,6";"";"0,0"
"16/09/2026";"0800";"19,3";"19,3";"18,9";"94,0";"96,0";"94,0";"18,3";"18,4";"18,2";"1016,0";"1016,0";"1015,1";"3,3";"217,0";"6,1";"0,10";"0,0"
"16/09/2026";"0900";"19,2";"19,3";"19,1";"94,0";"94,0";"94,0";"18,2";"18,3";"18,2";"1017,0";"1017,2";"1016,0";"1,8";"230,0";"6,1";"1,90";"0,0"
"16/09/2026";"1000";"19,3";"19,4";"19,2";"93,0";"94,0";"93,0";"18,1";"18,3";"18,0";"1017,7";"1017,8";"1016,9";"2,1";"202,0";"4,2";"61,10";"0,2"
"16/09/2026";"1100";"19,8";"19,8";"19,3";"91,0";"93,0";"91,0";"18,4";"18,5";"18,1";"1018,8";"1018,9";"1017,6";"2,3";"209,0";"4,6";"231,40";"0,0"
"16/09/2026";"1200";"20,4";"20,7";"19,8";"84,0";"92,0";"83,0";"17,7";"18,4";"17,5";"1018,8";"1018,9";"1018,5";"2,4";"207,0";"6,0";"637,60";"0,0"
"16/09/2026";"1300";"20,9";"20,9";"20,2";"86,0";"87,0";"84,0";"18,4";"18,4";"17,5";"1018,7";"1018,9";"1018,6";"1,9";"191,0";"5,2";"467,70";"0,0"
"16/09/2026";"1400";"21,4";"21,7";"20,9";"79,0";"86,0";"78,0";"17,6";"18,9";"17,5";"1018,8";"1019,0";"1018,7";"3,4";"198,0";"7,4";"893,20";"0,0"
"16/09/2026";"1500";"21,9";"21,9";"21,4";"76,0";"80,0";"73,0";"17,4";"17,9";"16,7";"1018,7";"1018,8";"1018,7";"2,6";"200,0";"6,8";"671,70";"0,0"
"16/09/2026";"1600";"22,1";"22,2";"21,9";"71,0";"76,0";"70,0";"16,6";"17,5";"16,3";"1018,4";"1018,7";"1018,4";"4,0";"199,0";"8,0";"811,60";"0,0"
"16/09/2026";"1700";"22,5";"22,5";"22,1";"74,0";"75,0";"70,0";"17,5";"17,7";"16,5";"1018,0";"1018,4";"1018,0";"2,7";"180,0";"7,5";"784,70";"0,0"
"16/09/2026";"1800";"22,3";"22,6";"22,2";"78,0";"78,0";"73,0";"18,3";"18,3";"17,4";"1017,8";"1018,0";"1017,7";"2,9";"178,0";"7,8";"628,50";"0,0"
"16/09/2026";"1900";"21,7";"22,4";"21,7";"79,0";"79,0";"76,0";"17,9";"18,3";"17,8";"1018,8";"1018,8";"1017,7";"2,2";"185,0";"8,4";"351,00";"0,0"
"16/09/2026";"2000";"21,4";"21,8";"21,4";"81,0";"81,0";"78,0";"18,0";"18,0";"17,7";"1019,1";"1019,1";"1018,7";"2,1";"178,0";"6,4";"150,40";"0,0"
"16/09/2026";"2100";"21,1";"21,4";"21,0";"81,0";"82,0";"80,0";"17,7";"18,0";"17,7";"1020,2";"1020,2";"1019,1";"2,0";"190,0";"7,0";"13,30";"0,0"
"16/09/2026";"2200";"20,9";"21,1";"20,9";"83,0";"83,0";"80,0";"17,9";"17,9";"17,5";"1021,0";"1021,0";"1020,2";"1,9";"185,0";"5,4";"";"0,0"
"16/09/2026";"2300";"19,6";"20,9";"19,6";"89,0";"89,0";"83,0";"17,6";"17,9";"17,6";"1021,8";"1021,8";"1021,0";"3,1";"214,0";"5,8";"";"0,0"
"17/09/2026";"0000";"19,2";"19,6";"19,2";"89,0";"89,0";"87,0";"17,4";"17,6";"17,3";"1022,7";"1022,7";"1021,8";"3,1";"219,0";"6,2";"";"0,0"
"17/09/2026";"0100";"18,6";"19,3";"18,6";"92,0";"92,0";"89,0";"17,4";"17,5";"17,3";"1023,5";"1023,5";"1022,7";"3,3";"206,0";"6,9";"";"0,0"
"17/09/2026";"0200";"18,5";"18,6";"18,4";"95,0";"95,0";"92,0";"17,6";"17,6";"17,3";"1023,8";"1023,9";"1023,5";"2,3";"210,0";"6,6";"";"0,6"
"17/09/2026";"0300";"18,4";"18,5";"18,2";"95,0";"95,0";"95,0";"17,6";"17,6";"17,3";"1023,7";"1023,9";"1023,6";"1,7";"196,0";"5,2";"";"0,2"
"17/09/2026";"0400";"18,3";"18,6";"18,2";"95,0";"95,0";"95,0";"17,5";"17,8";"17,4";"1023,3";"1023,8";"1023,3";"1,8";"189,0";"5,3";"";"0,2"
"17/09/2026";"0500";"18,5";"18,5";"18,3";"95,0";"95,0";"95,0";"17,7";"17,7";"17,5";"1023,0";"1023,3";"1022,9";"1,1";"183,0";"5,0";"";"0,0"
"17/09/2026";"0600";"18,3";"18,5";"18,3";"95,0";"95,0";"95,0";"17,5";"17,7";"17,5";"1022,5";"1023,0";"1022,5";"1,6";"201,0";"3,1";"";"0,0"
"17/09/2026";"0700";"18,0";"18,3";"18,0";"95,0";"95,0";"95,0";"17,3";"17,5";"17,3";"1022,6";"1022,7";"1022,5";"1,8";"218,0";"4,4";"";"0,0"
"17/09/2026";"0800";"18,0";"18,1";"18,0";"95,0";"95,0";"95,0";"17,2";"17,3";"17,2";"1023,0";"1023,0";"1022,5";"2,1";"221,0";"4,7";"";"0,0"
"17/09/2026";"0900";"18,0";"18,0";"18,0";"95,0";"95,0";"95,0";"17,2";"17,2";"17,2";"1023,5";"1023,5";"1023,0";"1,9";"216,0";"3,0";"3,40";"0,0"
"17/09/2026";"1000";"18,3";"18,3";"18,0";"94,0";"95,0";"94,0";"17,3";"17,4";"17,2";"1024,2";"1024,2";"1023,5";"1,7";"220,0";"3,2";"56,50";"0,0"
"17/09/2026";"1100";"18,9";"18,9";"18,2";"92,0";"94,0";"92,0";"17,6";"17,7";"17,3";"1024,7";"1024,7";"1024,2";"2,0";"214,0";"3,0";"218,00";"0,0"
"17/09/2026";"1200";"20,3";"20,4";"18,9";"85,0";"92,0";"85,0";"17,6";"18,4";"17,6";"1025,2";"1025,2";"1024,7";"2,2";"215,0";"3,9";"608,70";"0,0"
"17/09/2026";"1300";"20,6";"20,7";"20,1";"83,0";"85,0";"82,0";"17,6";"17,8";"17,1";"1025,2";"1025,2";"1025,0";"2,3";"222,0";"4,6";"649,70";"0,2"
"17/09/2026";"1400";"21,2";"21,3";"20,5";"78,0";"84,0";"78,0";"17,1";"17,7";"17,0";"1025,0";"1025,3";"1024,9";"1,6";"194,0";"4,0";"633,20";"0,0"
"17/09/2026";"1500";"21,3";"21,5";"21,0";"78,0";"80,0";"77,0";"17,4";"17,8";"17,0";"1024,3";"1025,0";"1024,3";"1,9";"204,0";"4,6";"722,50";"0,0"
"17/09/2026";"1600";"21,4";"21,8";"21,3";"78,0";"80,0";"76,0";"17,5";"17,9";"17,2";"1023,6";"1024,3";"1023,6";"1,7";"200,0";"4,2";"813,10";"0,0"
"17/09/2026";"1700";"20,7";"21,4";"19,9";"82,0";"86,0";"78,0";"17,5";"18,0";"16,9";"1023,2";"1023,7";"1023,2";"2,9";"214,0";"6,1";"591,20";"0,0"
"17/09/2026";"1800";"20,5";"20,7";"20,5";"83,0";"83,0";"82,0";"17,6";"17,6";"17,3";"1023,0";"1023,2";"1023,0";"2,2";"208,0";"5,3";"333,70";"0,0"
"17/09/2026";"1900";"20,7";"20,7";"20,0";"76,0";"83,0";"75,0";"16,2";"17,6";"16,1";"1023,4";"1023,4";"1023,0";"2,2";"165,0";"4,9";"192,10";"0,0"
"17/09/2026";"2000";"20,0";"20,7";"20,0";"82,0";"82,0";"75,0";"16,9";"16,9";"16,2";"1023,8";"1023,8";"1023,4";"0,9";"230,0";"6,2";"79,40";"0,0"
"17/09/2026";"2100";"19,3";"20,0";"19,3";"85,0";"85,0";"82,0";"16,7";"16,9";"16,5";"1023,9";"1023,9";"1023,7";"1,8";"213,0";"4,4";"8,60";"0,0"
"17/09/2026";"2200";"19,6";"19,6";"19,2";"84,0";"86,0";"84,0";"16,8";"16,9";"16,7";"1024,3";"1024,3";"1023,9";"1,1";"172,0";"2,8";"";"0,0"
"17/09/2026";"2300";"18,8";"19,6";"18,8";"88,0";"88,0";"83,0";"16,7";"16,8";"16,4";"1025,0";"1025,0";"1024,3";"1,3";"197,0";"3,5";"";"0,0"
"18/09/2026";"0000";"18,9";"18,9";"18,8";"89,0";"89,0";"87,0";"17,1";"17,1";"16,8";"1025,3";"1025,3";"1025,0";"1,4";"212,0";"3,0";"";"0,0"
"18/09/2026";"0100";"18,7";"18,9";"18,7";"90,0";"90,0";"89,0";"17,0";"17,1";"16,9";"1025,3";"1025,5";"1025,3";"1,4";"188,0";"3,7";"";"0,0"
"18/09/2026";"0200";"18,7";"18,8";"18,6";"90,0";"90,0";"89,0";"17,0";"17,1";"16,9";"1025,1";"1025,4";"1025,1";"2,2";"193,0";"4,4";"";"0,0"
"18/09/2026";"0300";"18,8";"18,8";"18,7";"91,0";"91,0";"90,0";"17,3";"17,3";"17,0";"1024,9";"1025,2";"1024,9";"1,2";"182,0";"4,4";"";"0,0"
"18/09/2026";"0400";"18,5";"18,9";"18,5";"93,0";"93,0";"91,0";"17,4";"17,4";"17,2";"1024,3";"1024,9";"1024,3";"1,7";"226,0";"3,0";"";"0,0"
"18/09/2026";"0500";"18,4";"18,5";"18,2";"95,0";"95,0";"93,0";"17,5";"17,5";"17,3";"1023,6";"1024,3";"1023,6";"1,1";"196,0";"3,6";"";"1,8"
"18/09/2026";"0600";"18,3";"18,4";"18,3";"95,0";"95,0";"95,0";"17,6";"17,6";"17,5";"1023,3";"1023,6";"1023,2";"1,5";"179,0";"3,3";"";"0,2"
"18/09/2026";"0700";"18,4";"18,4";"18,3";"95,0";"95,0";"95,0";"17,6";"17,6";"17,5";"1023,0";"1023,3";"1023,0";"1,7";"158,0";"4,5";"";"0,2"
"18/09/2026";"0800";"18,3";"18,4";"18,3";"95,0";"95,0";"95,0";"17,5";"17,7";"17,5";"1023,3";"1023,3";"1022,9";"2,6";"110,0";"5,4";"";"0,0"
"18/09/2026";"0900";"18,5";"18,5";"18,2";"95,0";"95,0";"95,0";"17,6";"17,6";"17,5";"1023,8";"1023,8";"1023,3";"1,0";"91,0";"6,1";"7,10";"0,2"
"18/09/2026";"1000";"19,1";"19,2";"18,4";"94,0";"95,0";"94,0";"18,2";"18,3";"17,6";"1024,3";"1024,3";"1023,8";"1,2";"47,0";"2,2";"191,50";"0,0"
"18/09/2026";"1100";"20,0";"20,0";"19,1";"91,0";"94,0";"91,0";"18,4";"18,6";"18,2";"1024,6";"1024,6";"1024,3";"0,4";"81,0";"2,0";"295,90";"0,0"
"18/09/2026";"1200";"19,4";"20,0";"19,3";"94,0";"94,0";"91,0";"18,4";"18,5";"18,2";"1024,9";"1025,0";"1024,6";"2,0";"220,0";"3,5";"324,40";"0,0"
"18/09/2026";"1300";"19,6";"19,7";"19,3";"94,0";"95,0";"94,0";"18,6";"18,8";"18,3";"1024,9";"1025,0";"1024,8";"1,6";"38,0";"3,1";"430,30";"3,4"
"18/09/2026";"1400";"19,7";"19,8";"19,3";"94,0";"94,0";"94,0";"18,7";"18,8";"18,3";"1024,6";"1025,0";"1024,6";"2,7";"119,0";"5,1";"719,10";"1,4"
"18/09/2026";"1500";"19,6";"20,2";"19,4";"93,0";"94,0";"92,0";"18,4";"19,1";"18,3";"1024,1";"1024,6";"1024,1";"3,0";"117,0";"6,4";"888,50";"0,2"
"18/09/2026";"1600";"20,6";"20,6";"19,3";"87,0";"93,0";"87,0";"18,3";"19,2";"18,1";"1023,5";"1024,1";"1023,5";"3,7";"82,0";"7,0";"1200,20";"0,0"
"18/09/2026";"1700";"20,0";"20,7";"19,6";"91,0";"91,0";"87,0";"18,4";"18,6";"17,9";"1023,0";"1023,5";"1023,0";"2,6";"107,0";"6,2";"698,90";"0,2"
"18/09/2026";"1800";"20,1";"20,1";"19,6";"89,0";"92,0";"89,0";"18,3";"18,7";"18,2";"1022,6";"1023,0";"1022,6";"3,1";"101,0";"6,3";"473,00";"0,0"
"18/09/2026";"1900";"20,0";"20,4";"19,6";"89,0";"90,0";"87,0";"18,0";"18,5";"17,8";"1022,7";"1022,7";"1022,6";"2,2";"112,0";"6,1";"285,70";"0,0"
"18/09/2026";"2000";"19,3";"20,0";"19,3";"88,0";"90,0";"87,0";"17,3";"18,1";"17,2";"1022,9";"1023,0";"1022,7";"2,9";"89,0";"6,8";"95,60";"0,0"
"18/09/2026";"2100";"19,5";"19,6";"19,2";"85,0";"90,0";"85,0";"16,9";"17,5";"16,9";"1023,3";"1023,3";"1022,9";"2,2";"88,0";"5,7";"23,80";"0,0"
"18/09/2026";"2200";"19,2";"19,5";"19,2";"87,0";"87,0";"85,0";"17,1";"17,1";"16,9";"1023,5";"1023,5";"1023,3";"0,4";"36,0";"4,5";"";"0,0"
"18/09/2026";"2300";"18,9";"19,2";"18,9";"92,0";"92,0";"87,0";"17,5";"17,6";"17,0";"1023,8";"1023,8";"1023,5";"1,5";"295,0";"2,5";"";"0,0"
"19/09/2026";"0000";"18,9";"18,9";"18,7";"93,0";"93,0";"92,0";"17,7";"17,8";"17,5";"1023,9";"1023,9";"1023,8";"0,6";"182,0";"3,4";"";"0,0"
"19/09/2026";"0100";"18,8";"19,1";"18,8";"92,0";"93,0";"91,0";"17,5";"17,8";"17,4";"1024,0";"1024,1";"1023,9";"1,1";"144,0";"2,8";"";"0,0"
"19/09/2026";"0200";"18,3";"18,8";"18,3";"94,0";"94,0";"92,0";"17,4";"17,6";"17,3";"1023,6";"1024,0";"1023,6";"2,0";"107,0";"5,1";"";"0,4"
"19/09/2026";"0300";"18,3";"18,3";"18,2";"95,0";"95,0";"94,0";"17,5";"17,5";"17,4";"1023,4";"1023,6";"1023,4";"1,0";"72,0";"4,0";"";"0,2"
"19/09/2026";"0400";"18,3";"18,5";"18,3";"94,0";"95,0";"94,0";"17,4";"17,6";"17,4";"1023,1";"1023,4";"1023,1";"1,3";"163,0";"3,4";"";"0,0"
"19/09/2026";"0500";"18,4";"18,4";"18,3";"95,0";"95,0";"94,0";"17,5";"17,5";"17,4";"1022,3";"1023,1";"1022,3";"0,7";"208,0";"2,1";"";"0,0"
"19/09/2026";"0600";"18,2";"18,5";"18,2";"95,0";"95,0";"95,0";"17,4";"17,6";"17,4";"1021,9";"1022,3";"1021,9";"1,1";"237,0";"1,9";"";"0,0"
"19/09/2026";"0700";"18,2";"18,2";"18,1";"95,0";"95,0";"95,0";"17,5";"17,5";"17,4";"1021,6";"1021,9";"1021,5";"0,8";"178,0";"2,1";"";"0,0"
"19/09/2026";"0800";"18,4";"18,4";"18,2";"96,0";"96,0";"95,0";"17,6";"17,6";"17,5";"1021,7";"1021,7";"1021,6";"0,9";"171,0";"1,8";"";"0,2"
"19/09/2026";"0900";"18,5";"18,6";"18,4";"96,0";"96,0";"96,0";"17,8";"17,8";"17,6";"1022,1";"1022,1";"1021,7";"1,4";"71,0";"2,4";"9,10";"0,0"
"19/09/2026";"1000";"19,1";"19,1";"18,5";"95,0";"96,0";"95,0";"18,3";"18,3";"17,8";"1022,4";"1022,4";"1022,1";"0,9";"76,0";"3,5";"178,80";"0,0"
"19/09/2026";"1100";"19,8";"19,8";"19,1";"93,0";"95,0";"92,0";"18,5";"18,7";"18,3";"1022,9";"1022,9";"1022,4";"1,0";"59,0";"2,9";"298,70";"0,2"
"19/09/2026";"1200";"19,4";"20,4";"19,2";"93,0";"93,0";"89,0";"18,2";"18,7";"17,7";"1022,9";"1023,1";"1022,9";"2,7";"65,0";"6,3";"506,70";"0,4"
"19/09/2026";"1300";"22,9";"22,9";"19,4";"77,0";"93,0";"76,0";"18,6";"19,5";"18,0";"1022,3";"1022,9";"1022,3";"3,5";"45,0";"7,1";"1797,00";"0,0"
"19/09/2026";"1400";"22,2";"23,1";"22,2";"79,0";"79,0";"70,0";"18,4";"18,5";"17,0";"1022,0";"1022,3";"1022,0";"3,5";"87,0";"7,5";"1250,90";"0,0"
"19/09/2026";"1500";"22,9";"22,9";"20,6";"74,0";"87,0";"74,0";"18,1";"19,1";"17,6";"1021,0";"1022,0";"1021,0";"4,2";"65,0";"8,8";"1487,70";"1,2"
"19/09/2026";"1600";"23,1";"24,3";"22,3";"72,0";"77,0";"69,0";"17,8";"19,1";"17,5";"1020,3";"1021,0";"1020,3";"3,6";"67,0";"8,0";"1798,90";"0,0"
"19/09/2026";"1700";"21,9";"23,1";"21,9";"78,0";"79,0";"72,0";"17,9";"18,2";"17,2";"1019,7";"1020,3";"1019,7";"5,5";"83,0";"10,7";"958,40";"0,0"
"19/09/2026";"1800";"22,0";"22,5";"21,9";"79,0";"80,0";"76,0";"18,2";"18,4";"17,7";"1019,0";"1019,7";"1018,9";"4,9";"79,0";"10,7";"1421,70";"0,0"
"19/09/2026";"1900";"21,9";"22,7";"21,8";"75,0";"79,0";"73,0";"17,2";"18,3";"17,1";"1019,1";"1019,1";"1018,9";"4,4";"73,0";"9,8";"1123,30";"0,0"
"19/09/2026";"2000";"21,6";"21,9";"21,6";"74,0";"78,0";"73,0";"16,9";"17,5";"16,8";"1019,4";"1019,5";"1019,1";"3,6";"68,0";"8,6";"165,30";"0,0"
"19/09/2026";"2100";"21,3";"21,7";"21,3";"76,0";"76,0";"73,0";"16,9";"16,9";"16,5";"1019,7";"1019,7";"1019,4";"2,7";"73,0";"7,7";"21,20";"0,0"
"19/09/2026";"2200";"20,7";"21,3";"20,7";"80,0";"80,0";"76,0";"17,2";"17,2";"16,8";"1020,3";"1020,3";"1019,7";"2,1";"72,0";"5,2";"";"0,0"
"19/09/2026";"2300";"20,1";"20,8";"20,0";"84,0";"84,0";"80,0";"17,3";"17,3";"17,1";"1020,6";"1020,6";"1020,3";"1,7";"77,0";"3,7";"";"0,0"
"20/09/2026";"0000";"20,5";"20,6";"20,1";"80,0";"84,0";"80,0";"17,0";"17,4";"17,0";"1020,6";"1020,7";"1020,6";"2,0";"80,0";"4,5";"";"0,0"
"20/09/2026";"0100";"20,8";"20,9";"20,5";"78,0";"80,0";"78,0";"16,8";"17,0";"16,8";"1020,6";"1020,7";"1020,6";"2,6";"75,0";"4,7";"";"0,0"
"20/09/2026";"0200";"20,8";"21,0";"20,8";"76,0";"78,0";"75,0";"16,4";"16,9";"16,4";"1020,0";"1020,6";"1020,0";"2,8";"64,0";"6,4";"";"0,0"
"20/09/2026";"0300";"20,9";"21,1";"20,7";"71,0";"76,0";"71,0";"15,5";"16,4";"15,5";"1019,7";"1020,0";"1019,7";"2,9";"59,0";"6,2";"";"0,0"
"20/09/2026";"0400";"20,8";"20,9";"20,6";"74,0";"74,0";"71,0";"15,9";"15,9";"15,4";"1019,2";"1019,7";"1019,2";"3,2";"51,0";"5,8";"";"0,0"
"20/09/2026";"0500";"20,2";"20,8";"20,2";"78,0";"78,0";"74,0";"16,2";"16,3";"15,9";"1018,6";"1019,2";"1018,6";"2,8";"46,0";"5,3";"";"0,0"
"20/09/2026";"0600";"20,0";"20,3";"19,7";"78,0";"79,0";"78,0";"16,1";"16,3";"16,0";"1018,0";"1018,6";"1018,0";"2,8";"56,0";"4,9";"";"0,0"
"20/09/2026";"0700";"19,1";"20,1";"19,0";"84,0";"84,0";"78,0";"16,2";"16,2";"16,0";"1017,9";"1018,0";"1017,8";"1,6";"49,0";"5,0";"";"0,0"
"20/09/2026";"0800";"19,1";"19,3";"18,9";"85,0";"86,0";"83,0";"16,6";"16,7";"16,2";"1018,1";"1018,1";"1017,9";"2,3";"46,0";"4,1";"";"0,0"
"20/09/2026";"0900";"18,6";"19,1";"18,5";"87,0";"87,0";"85,0";"16,4";"16,6";"16,3";"1018,6";"1018,6";"1018,1";"2,7";"54,0";"4,0";"15,70";"0,0"
"20/09/2026";"1000";"20,9";"20,9";"18,6";"77,0";"87,0";"77,0";"16,6";"17,0";"16,4";"1019,1";"1019,1";"1018,6";"3,6";"47,0";"6,5";"405,40";"0,0"
"20/09/2026";"1100";"23,1";"23,2";"20,9";"66,0";"77,0";"66,0";"16,5";"17,4";"16,5";"1019,2";"1019,3";"1019,2";"5,7";"54,0";"11,0";"1356,60";"0,0"
"20/09/2026";"1200";"24,6";"24,8";"22,9";"58,0";"68,0";"57,0";"15,7";"17,0";"15,5";"1018,9";"1019,2";"1018,9";"6,2";"42,0";"13,5";"2169,20";"0,0"
"20/09/2026";"1300";"25,8";"26,5";"24,6";"51,0";"59,0";"50,0";"14,7";"16,4";"14,7";"1018,6";"1019,0";"1018,5";"5,9";"40,0";"12,0";"2893,00";"0,0"
"20/09/2026";"1400";"26,3";"27,0";"25,7";"54,0";"56,0";"51,0";"16,3";"16,9";"15,1";"1017,9";"1018,6";"1017,9";"6,2";"59,0";"11,0";"3286,80";"0,0"
"20/09/2026";"1500";"26,6";"26,7";"25,8";"56,0";"59,0";"51,0";"17,1";"17,6";"15,7";"1016,9";"1017,9";"1016,8";"5,5";"64,0";"11,4";"3346,20";"0,0"
"20/09/2026";"1600";"26,5";"26,8";"26,0";"56,0";"59,0";"54,0";"17,0";"17,5";"16,2";"1015,9";"1016,9";"1015,9";"5,5";"60,0";"10,8";"3333,70";"0,0"
"20/09/2026";"1700";"25,5";"26,5";"25,5";"60,0";"61,0";"55,0";"17,2";"17,7";"16,4";"1015,3";"1015,9";"1015,3";"5,8";"72,0";"10,7";"2930,80";"0,0"
"20/09/2026";"1800";"25,6";"26,1";"25,3";"60,0";"61,0";"58,0";"17,3";"17,9";"16,9";"1014,9";"1015,4";"1014,9";"5,3";"60,0";"10,9";"2412,30";"0,0"
"20/09/2026";"1900";"24,7";"25,9";"24,7";"64,0";"64,0";"59,0";"17,4";"17,6";"16,7";"1014,7";"1014,9";"1014,7";"5,5";"53,0";"11,7";"1696,60";"0,0"
"20/09/2026";"2000";"23,3";"24,7";"23,3";"71,0";"71,0";"64,0";"17,8";"17,9";"17,3";"1015,0";"1015,0";"1014,7";"5,9";"54,0";"11,3";"811,70";"0,0"
"20/09/2026";"2100";"22,2";"23,3";"22,2";"77,0";"77,0";"71,0";"17,9";"18,1";"17,8";"1015,7";"1015,7";"1015,0";"4,7";"56,0";"11,2";"94,10";"0,0"
"20/09/2026";"2200";"21,9";"22,2";"21,8";"81,0";"81,0";"77,0";"18,5";"18,5";"17,9";"1016,2";"1016,2";"1015,7";"4,0";"57,0";"8,4";"";"0,0"
"20/09/2026";"2300";"21,7";"22,0";"21,6";"81,0";"82,0";"81,0";"18,3";"18,6";"18,2";"1016,8";"1016,8";"1016,2";"4,0";"51,0";"8,4";"";"0,0"
"21/09/2026";"0000";"21,7";"21,9";"21,7";"83,0";"83,0";"81,0";"18,7";"18,7";"18,3";"1017,1";"1017,2";"1016,8";"3,5";"48,0";"7,6";"";"0,0"
"21/09/2026";"0100";"21,6";"21,8";"21,5";"84,0";"85,0";"83,0";"18,8";"19,0";"18,7";"1017,1";"1017,2";"1017,0";"3,5";"49,0";"6,9";"";"0,0"
"21/09/2026";"0200";"20,8";"21,6";"20,8";"87,0";"87,0";"84,0";"18,7";"18,9";"18,6";"1016,8";"1017,2";"1016,8";"2,3";"41,0";"6,2";"";"0,0"
"21/09/2026";"0300";"20,6";"21,0";"20,5";"90,0";"90,0";"87,0";"18,8";"19,0";"18,7";"1016,3";"1016,8";"1016,3";"2,2";"27,0";"4,5";"";"0,0"
"21/09/2026";"0400";"19,6";"20,6";"19,6";"92,0";"92,0";"90,0";"18,2";"18,8";"18,1";"1015,5";"1016,4";"1015,5";"1,7";"5,0";"3,7";"";"0,0"
"21/09/2026";"0500";"19,6";"19,7";"19,3";"91,0";"92,0";"91,0";"18,1";"18,2";"17,9";"1014,9";"1015,5";"1014,9";"2,6";"18,0";"4,1";"";"0,0"
"21/09/2026";"0600";"19,4";"19,6";"19,2";"91,0";"91,0";"90,0";"17,8";"18,0";"17,7";"1014,8";"1015,1";"1014,7";"2,6";"16,0";"4,0";"";"0,0"
"21/09/2026";"0700";"19,2";"19,4";"19,1";"90,0";"91,0";"90,0";"17,6";"17,8";"17,3";"1014,3";"1014,8";"1014,3";"2,5";"23,0";"4,3";"";"0,0"
"21/09/2026";"0800";"19,6";"19,6";"19,2";"90,0";"91,0";"90,0";"18,0";"18,0";"17,6";"1014,0";"1014,4";"1013,9";"3,3";"15,0";"5,7";"";"0,0"
"21/09/2026";"0900";"19,7";"19,8";"19,3";"90,0";"91,0";"89,0";"18,0";"18,1";"17,6";"1013,9";"1014,1";"1013,9";"3,9";"8,0";"7,0";"7,30";"0,0"
"21/09/2026";"1000";"21,6";"21,9";"19,5";"82,0";"90,0";"82,0";"18,4";"18,8";"17,8";"1014,0";"1014,0";"1013,9";"5,5";"358,0";"9,1";"460,20";"0,0"
"21/09/2026";"1100";"23,5";"24,1";"21,6";"73,0";"82,0";"72,0";"18,3";"19,1";"18,1";"1014,4";"1014,4";"1014,0";"7,1";"4,0";"11,3";"1296,10";"0,0"
"21/09/2026";"1200";"25,5";"25,5";"23,5";"67,0";"73,0";"67,0";"19,0";"19,1";"18,2";"1014,4";"1014,5";"1014,3";"6,0";"354,0";"11,2";"1445,10";"0,0"
"21/09/2026";"1300";"27,1";"27,2";"25,0";"62,0";"68,0";"61,0";"19,2";"19,8";"18,2";"1013,8";"1014,5";"1013,8";"4,9";"356,0";"10,8";"1971,70";"0,0"
"21/09/2026";"1400";"27,1";"27,9";"26,3";"57,0";"64,0";"55,0";"17,9";"19,2";"17,6";"1013,5";"1013,8";"1013,4";"5,8";"343,0";"10,6";"2253,50";"0,0"
"21/09/2026";"1500";"27,7";"28,6";"27,1";"57,0";"58,0";"53,0";"18,3";"18,9";"17,6";"1012,9";"1013,5";"1012,9";"5,4";"326,0";"10,6";"2092,60";"0,0"
"21/09/2026";"1600";"28,5";"29,2";"27,5";"55,0";"58,0";"52,0";"18,7";"19,6";"17,9";"1011,7";"1012,9";"1011,7";"3,8";"343,0";"9,7";"1951,10";"0,0"
"21/09/2026";"1700";"29,6";"30,3";"28,1";"55,0";"57,0";"51,0";"19,5";"19,9";"18,4";"1011,2";"1011,7";"1011,0";"5,5";"347,0";"10,1";"2103,00";"0,0"
"21/09/2026";"1800";"28,7";"29,9";"28,3";"55,0";"58,0";"52,0";"18,7";"19,9";"18,3";"1010,8";"1011,2";"1010,7";"4,6";"349,0";"9,7";"1314,60";"0,0"
"21/09/2026";"1900";"29,5";"29,8";"28,6";"54,0";"58,0";"53,0";"19,2";"20,1";"18,7";"1010,8";"1010,8";"1010,6";"3,0";"340,0";"8,3";"1071,20";"0,0"
"21/09/2026";"2000";"27,2";"29,5";"27,2";"63,0";"63,0";"54,0";"19,5";"20,0";"18,9";"1010,7";"1010,8";"1010,5";"3,7";"31,0";"6,2";"548,30";"0,0"
"21/09/2026";"2100";"25,0";"27,2";"25,0";"74,0";"74,0";"63,0";"20,1";"20,2";"19,5";"1010,7";"1010,9";"1010,5";"3,5";"49,0";"7,1";"70,60";"0,0"
"21/09/2026";"2200";"23,9";"25,0";"23,9";"81,0";"81,0";"74,0";"20,4";"20,4";"20,1";"1011,0";"1011,2";"1010,6";"4,1";"46,0";"7,0";"";"0,0"
"21/09/2026";"2300";"23,0";"23,9";"23,0";"85,0";"85,0";"81,0";"20,4";"20,6";"20,4";"1011,5";"1011,5";"1011,0";"3,5";"43,0";"6,9";"";"0,0"